step,Z_site1,Z_site3,Z_site6
0,1.0,1.0,-1.0
1,0.8467955130066315,0.8467955130066315,-0.8467955130066314
2,0.4768593752306722,0.47685937523067246,-0.47685937523067223
