step,Z_site1,Z_site4,Z_site5,Z_site6
0,1.0,-1.0,1.0,-1.0
1,0.8467955130066298,-0.8467955130066303,0.8467955130066291,-0.8467955130066284
2,0.47708324643865685,-0.47771217255387405,0.4770832464386636,-0.4777121725538766
3,0.09092410990811245,-0.09254463746558794,0.09092410990812694,-0.09254463746558633
4,-0.1442426017806402,0.1432484933938909,-0.1442426017806226,0.14324849339388623
5,-0.1867420730192338,0.1877171167549435,-0.18674207301921253,0.18771711675494362
6,-0.10711872645202292,0.1083176426447573,-0.10711872645201348,0.1083176426447624
7,-0.008317443323716645,0.0072906594071323605,-0.00831744332371226,0.007290659407136968
8,0.04334133732960688,-0.04608789716880435,0.0433413373296081,-0.04608789716879669
