step,Z_site1,Z_site4,Z_site5,Z_site6
0.0,1.0,-1.0,1.0,-1.0
1.0,0.9218477562685515,-0.84679551300663,0.8467955130066332,-0.8467955130066295
2.0,0.6594047114578857,-0.4777189593413797,0.47708320032053153,-0.4777120601047026
3.0,0.2934308016773123,-0.09240470832218653,0.09093137808285673,-0.09255080699865065
4.0,0.0018400568202470505,0.14479070996099402,-0.1441163346495681,0.14312018430568946
5.0,-0.1262457421851232,0.1941331392697726,-0.185957255146911,0.18692337144792143
6.0,-0.11368699152889605,0.12476144812458981,-0.10422334518902049,0.10552498982049532
7.0,-0.04260472805655245,0.03756781841590007,-0.0007726972996226766,0.0003555254999173252
8.0,0.013467060676101095,-0.0034180165692630493,0.0581262035554731,-0.059291607710051986
