t,z_ref_qutip,DOUBLEADAPTIVE,DOUBLEFIXED,SINGLE_SITE_TDVP,TWO_SITE_TDVP
0,1,1,1,1,1
0.05,0.9605294178826009,0.9606963940749431,0.960589240285754,0.9605294422737293,0.9605294419524184
0.1,0.8482878460629037,0.848968843967624,0.8483921177442568,0.8482880138961792,0.8482880130773538
0.15,0.6804737075672248,0.6818637113028663,0.6806257581672374,0.680474216005323,0.6804742148655994
0.2,0.4817313321400347,0.4837993791694155,0.481917193929867,0.4817326759890228,0.4817326746472139
0.25,0.2792439909143638,0.2817098041367959,0.2791835208873114,0.2792464421176536,0.279246440741925
0.3,0.09772616120668559,0.1002088431101324,0.09739967816334938,0.09772993365800936,0.09772993245519801
0.35,-0.04454641685378249,-0.04245133485709646,-0.045266219962943,-0.04454131892866148,-0.04454131977851117
0.4,-0.1379248645274738,-0.1365569253124234,-0.1390988079440471,-0.1379186939270537,-0.1379186940327763
0.45,-0.1815802380978883,-0.1811407107748723,-0.1831206827664916,-0.1815732900544856,-0.1815732875458161
0.5,-0.1819890034631264,-0.1825018353303076,-0.1836991036459169,-0.1819817323938525,-0.181981714111308
0.55,-0.1503418579812812,-0.1516601850709646,-0.1519507211686809,-0.1503349042724035,-0.1503348011590578
0.6,-0.09963078961307491,-0.1014820942494987,-0.1008506166100253,-0.09962487780477958,-0.09962442752959055
0.65,-0.04208883958931398,-0.04414313524964358,-0.04268696636850072,-0.04208511270140436,-0.04208356871577468
0.7,0.01256757197087108,0.01062823004115065,0.01270370279599725,0.01256725931305791,0.01257145212822186
0.75,0.05793269851142357,0.05636161180463539,0.05876540963481497,0.05792639871282734,0.05793510740096575
0.8,0.09084491441159555,0.08980442708565312,0.09221410064499613,0.09083454610804581,0.09084596002361711
0.85,0.1107385409840325,0.1102995409848163,0.1124492947524539,0.1107421902005978,0.1107384931156308
0.9,0.1187538431649087,0.1189117517442225,0.1206892987251903,0.1188287256630838,0.1187530913933087
0.95,0.116897964000539,0.1175925832504632,0.119093567677646,0.1171691266301161,0.1168969254320013
1,0.1074340154912134,0.1085651947969781,0.1100616125938477,0.1081220904723278,0.1074330565229283
1.05,0.09254302976953685,0.09398201471603562,0.09581930622536677,0.0939828565002977,0.09254238736854947
1.1,0.07419966203591391,0.07579986454225618,0.07829888763365572,0.07684197934890713,0.07419939982883117
1.15,0.05415523811942075,0.05576467044148242,0.05919367430371519,0.0585513633265119,0.05415526704335394
1.2,0.03393270470906821,0.03540877085210287,0.04001803008948368,0.04070732745611028,0.03393283549866222
1.25,0.01478656025860801,0.01601421049126323,0.02207110488192665,0.02458897352783213,0.01478659536030541
1.3,-0.002364306775120717,-0.001452727081180827,0.006290087757843177,0.01102211242914219,-0.002364471575242444
1.35,-0.01698940440930949,-0.01640056847972449,-0.006921897566376956,0.0002225191976704677,-0.01698970478738981
1.4,-0.02894280224137702,-0.02862415754052822,-0.01768761076156955,-0.008195034612425656,-0.0289429828020612
1.45,-0.03838609250133059,-0.03824390753259183,-0.02639654783107459,-0.01492314955960405,-0.03838574716266968
1.5,-0.04565652397824426,-0.04558558057196838,-0.03337813710113147,-0.02055499465898325,-0.04565520842530735
1.55,-0.05112556678201415,-0.05104152490064512,-0.03882395107392739,-0.02534451712637781,-0.05112295427852009
1.6,-0.05510132324726197,-0.05495993190062043,-0.04379496537966876,-0.02967974063488643,-0.05509736263859705
1.65,-0.05781550778817664,-0.05761619505160176,-0.04923191354239964,-0.03468783113836393,-0.05781056485654507
1.7,-0.05950641813254134,-0.05928313755812908,-0.05516187159292252,-0.04095181393941,-0.05950131992930996
1.75,-0.06057144932231805,-0.06036362574214388,-0.06137648043305127,-0.04892875105306244,-0.06056742422380279
1.8,-0.06172828096415015,-0.06154565347159924,-0.06784185014994282,-0.05922583283565613,-0.06172683225919007
1.85,-0.0641060263004951,-0.06390306600816786,-0.07477563717537011,-0.0724218422177263,-0.06410870804102609
1.9,-0.06919668944452832,-0.06886299777348115,-0.08260929064361955,-0.08875214057715752,-0.06920487305386874
1.95,-0.07863660271745229,-0.0780097765853367,-0.09144645552126202,-0.1078560182547134,-0.07865126309171477
2,-0.09384736625416802,-0.09275195220394139,-0.1014105468047322,-0.1288019343415984,-0.09386891208013842
2.05,-0.1156262249452507,-0.1139313108612678,-0.1128347518092869,-0.1506186885886269,-0.1156545408713693
2.1,-0.1438128870043401,-0.1414858990706185,-0.1260564974133672,-0.1724741335553236,-0.1438473266134682
2.15,-0.1771520941954265,-0.1742849620763622,-0.141168124928683,-0.1934718155355002,-0.1771915297456242
2.2,-0.2134170753724,-0.2102165853280465,-0.1583269004928224,-0.2129362205968908,-0.2134602102792149
2.25,-0.2497737652632767,-0.2465207593399749,-0.1777117415030768,-0.2305318045962411,-0.249819209935711
2.3,-0.2832788585805645,-0.2802697527876307,-0.1992791062109663,-0.2462877422548109,-0.2833251543240496
2.35,-0.3113563693299073,-0.3088478229781664,-0.2225808415606243,-0.2604956260141743,-0.3114022428008551
2.4,-0.3321083009402795,-0.3302844128849841,-0.246641276231832,-0.2733984616936932,-0.3321527191169971
2.45,-0.3443806912224446,-0.3433549384576332,-0.2699875140111327,-0.284776413564885,-0.344422820962637
2.5,-0.3476031451148568,-0.3474512466727215,-0.2906022809236625,-0.2937356194331565,-0.3476425277299629
2.55,-0.341507508415105,-0.3423114030894848,-0.3057221154087136,-0.2987759126098317,-0.3415441914658694
2.6,-0.3258739267862977,-0.3277511699982523,-0.3118431178387286,-0.2978801765698088,-0.3259084031561361
2.65,-0.3004371711414372,-0.3035340418875082,-0.3053761293332167,-0.2886391060994139,-0.3004703892427715
2.7,-0.265020796342248,-0.2694631349880326,-0.2834870260825093,-0.2685779061697389,-0.2650541493318253
2.75,-0.2198733431794782,-0.2256895388096239,-0.2445379870899271,-0.2357091314707289,-0.2199083570224529
2.8,-0.1660912252177149,-0.1731345365929146,-0.1885100749520752,-0.1891852571086439,-0.1661292370992368
2.85,-0.1059595086737425,-0.1138567808677211,-0.1174996804458279,-0.1298511827408899,-0.1060014712279188
2.9,-0.04304374059280779,-0.05119214572943243,-0.03588602899195148,-0.06052522075875899,-0.0430898878356708
2.95,0.01807223162121594,0.01044707819431145,0.05009166956625066,0.01412514061804149,0.01802257915150018
3,0.07239831926571753,0.06612516757834397,0.1333211551752654,0.08808353717145617,0.07234656199016987
3.05,0.1153743088565647,0.1111806489260102,0.2068608609378339,0.1547188392501379,0.1153223937671169
3.1,0.1437137819631949,0.1420747531123535,0.2645219549090995,0.2077724850325954,0.1436639484880485
3.15,0.1560126665069378,0.157054730815509,0.301107712799409,0.2423823095470277,0.1559669516197458
3.2,0.1529327768184888,0.1564130577468587,0.3128522614510181,0.2555379789665544,0.1528927134353716
3.25,0.1368947279398971,0.1422695237844661,0.2983252156307106,0.2462000923830986,0.1368612608615879
3.3,0.1113688555152259,0.1179350149934423,0.2588450275965488,0.2154404132746224,0.1113422752423674
3.35,0.07998560599999049,0.08705084323595103,0.1981034259601687,0.166348293008211,0.0799656576467257
3.4,0.0457495419102903,0.05277665947499188,0.1214174756280726,0.1035360213186389,0.04573570459943388
3.45,0.01060342426688961,0.01728232933433438,0.03488654701300853,0.03247919084029405,0.01059510839810229
3.5,-0.0245419794848294,-0.01831452869717576,-0.05499518711011686,-0.04099860032688857,-0.02454529153851104
3.55,-0.05937381702537063,-0.05359150471403773,-0.1412123703729731,-0.1109577010155118,-0.059372472470826
3.6,-0.09355592460335926,-0.08822656391797368,-0.2163538839573785,-0.1714943141373297,-0.09355013349296665
3.65,-0.1262073249394477,-0.1214455383058161,-0.273621264835762,-0.217138232112986,-0.1261972260628869
3.7,-0.1557182953139536,-0.151768893540678,-0.3080276503542763,-0.2436542430596247,-0.1557040431969647
3.75,-0.17999227370726,-0.1771739582136663,-0.3174083829786666,-0.249027706389917,-0.1799741200455481
3.8,-0.1970131925945084,-0.1956063228218634,-0.3031173552272129,-0.2341128214256507,-0.1969914533543893
3.85,-0.2054911190510731,-0.2056195911354517,-0.269459492472353,-0.2025077066086163,-0.205466126871942
3.9,-0.2053006251584501,-0.2068622988611487,-0.2226401620419102,-0.1597084484387137,-0.2052726720701697
3.95,-0.197513995029606,-0.2001946761270146,-0.1698664086643809,-0.111896877381866,-0.1974831895632021
4,-0.1840069316407847,-0.1873762568983808,-0.1181508814454492,-0.06471710430315492,-0.1839731262139577
4.05,-0.1667997800462732,-0.1704527701396835,-0.07320537509642366,-0.02235507239401896,-0.1667626204585637
4.1,-0.1474086806898605,-0.1510990913119258,-0.03870512160978551,0.01287599726073463,-0.1473676458937246
4.15,-0.126471066576275,-0.1301820292966926,-0.01610139579505598,0.04043636173143544,-0.1264255413705966
4.2,-0.1037888752490359,-0.1077063087778234,-0.00490562558690022,0.0610954448334845,-0.1037383640914129
4.25,-0.07875868319956367,-0.0831544851936124,-0.003256615371833194,0.07629195730476768,-0.07870292473533297
4.3,-0.05100498963673626,-0.05607559578429977,-0.008659118118490516,0.08749270180431712,-0.05094389328827797
4.35,-0.0209598136240819,-0.02668358347085087,-0.01869646073376852,0.09572371107717248,-0.02089350592419797
4.4,0.009842089753015135,0.003769918781406978,-0.03113613428669748,0.1013997215383213,0.00991334971911606
4.45,0.03888023710589013,0.03300508733524699,-0.04407643646685216,0.1044320679586412,0.03895636011799614
4.5,0.06316621604852662,0.05813361037501069,-0.0560497525987681,0.1044992370644947,0.06324732410221356
4.55,0.08001933698977808,0.07637943853488044,-0.06592564845940518,0.1013712406402929,0.08010572980949904
4.6,0.08787311932813037,0.08589085339566405,-0.0728562020967416,0.09520026019366501,0.08796534940106965
4.65,0.08686805411316635,0.08639653282169807,-0.07625120648365025,0.08670293920899258,0.08696668644303551
4.7,0.07903764174115423,0.07950377999287123,-0.07557079458662957,0.07721335447274807,0.07914286414967731
4.75,0.06800557347318903,0.06852202318597461,-0.07000077861273202,0.06862285102860577,0.06811704429825771
4.8,0.05825147448343401,0.05782654028242412,-0.05846692573783169,0.06318099990304948,0.05836815874982193
4.85,0.05412813065856285,0.05191707272683044,-0.04007815793667074,0.06313005675283923,0.05424807771966494
4.9,0.0588864818146109,0.05441611734937168,-0.01439991060092244,0.07025998457520571,0.05900698528471582
4.95,0.07396099976084827,0.06726684019205897,0.01851853457321506,0.08549985110017289,0.07407900523572336
5,0.09868541377010404,0.09032488747089484,0.05803245113763378,0.1085575447514806,0.09879770418383826
5.05,0.1304766064752964,0.1214182175184625,0.1026577488999197,0.1377578292728305,0.1305802154353038
5.1,0.1653939090809831,0.1568172957184846,0.1499284602347711,0.1702405888414219,0.1654866756751865
5.15,0.1988935985099119,0.1919594694816588,0.1964916711389463,0.2024190734887132,0.1989742624082046
5.2,0.226579065304973,0.222231872236242,0.2383849769967405,0.2305221102257806,0.2266473441343453
5.25,0.2447954404976735,0.2436377054603189,0.2713990813665002,0.2510393496256927,0.2448521070346887
5.3,0.2509993884343071,0.2532482411329998,0.29154946456132,0.2610703360229322,0.2510459977633874
5.35,0.2439129804437267,0.2494259742967148,0.2957214656903472,0.2588474294151159,0.2439515790045906
5.4,0.2235193222099722,0.2318593181176888,0.2822347270513805,0.2442232314365497,0.2235522375611134
5.45,0.1909647582660527,0.2014780848320847,0.2510184317111046,0.2185903135439942,0.1909943304237813
5.5,0.1484085206573663,0.1603017035558583,0.203459658634999,0.1843417081435507,0.1484368740972823
5.55,0.09882830978756565,0.1112387805130575,0.1421334472172664,0.1443190731891004,0.09885722975707079
5.6,0.04577028775421654,0.05783315471066508,0.07054324049988758,0.1014260747223965,0.04580112555828292
5.65,-0.006963695357899426,0.00395049928865987,-0.007070455718382218,0.05832017481784835,-0.006930140911829252
5.7,-0.05567275566433924,-0.04658062489624204,-0.0858587609072915,0.01715134654430533,-0.05563629893768562
5.75,-0.09710697847573098,-0.09032722499114498,-0.1605332180757408,-0.02050942230969716,-0.09706803140706699
5.8,-0.1287446090058412,-0.1245505913546007,-0.2256321250376083,-0.053458899488533,-0.1287042050475469
5.85,-0.1489445462601472,-0.1473962408626323,-0.2758984120791566,-0.08050803784273958,-0.148904270401781
5.9,-0.1569622209784571,-0.1579472490680211,-0.306797010351877,-0.1002401228996954,-0.1569240006764216
5.95,-0.1528644674921978,-0.1561569500412407,-0.3150859075980204,-0.1110353692764791,-0.1528304159430604
6,-0.1374102953595496,-0.1427211136972264,-0.2993296101130057,-0.1113433864696197,-0.137382488177592
6.05,-0.1119624405537072,-0.1189590761818785,-0.2603095674134348,-0.1000799073384568,-0.1119426223114096
6.1,-0.07846223758891013,-0.08674995143436803,-0.2012841349708438,-0.07706929861781775,-0.07845163088799634
6.15,-0.03945397244515137,-0.04852783154466184,-0.1279092763517358,-0.04349719644324712,-0.03945310788467832
6.2,0.00189649006718944,-0.007293249831560433,-0.0476255182925131,-0.002234474898850536,0.001887887818681211
6.25,0.04186432806064082,0.0334248020110956,0.03132767759805932,0.04219369848187349,0.04184732290094584
6.3,0.07637887067042992,0.0697218440218173,0.1009720394459855,0.08412972589653744,0.07635520967532622
6.35,0.1014244439328132,0.09763701661730917,0.1545914509346731,0.1177292134104892,0.1013963119454497
6.4,0.1136117898127225,0.1136420507868041,0.1875660218347136,0.1380824635974559,0.1135814557190975
6.45,0.1108353055012443,0.1152486218458835,0.1979469284679697,0.1421894484094343,0.1108047695239046
6.5,0.09286728303570907,0.1016208319420494,0.1865810528972515,0.1295357270481418,0.09283790960811367
6.55,0.06170375267736515,0.07401297092438452,0.1567257031280149,0.1021203676494917,0.06167597702352484
6.6,0.02149302642135107,0.03585400071636757,0.1133868263004013,0.06382104782029929,0.02146627872930573
6.65,-0.02204037421957297,-0.007641216468801892,0.06254907510445079,0.01924010821753408,-0.02206761328390938
6.7,-0.06262961505550114,-0.05033720515690165,0.01038060637672522,-0.02731248517998353,-0.06265964419200165
6.75,-0.09475984429610435,-0.08637710201094534,-0.03744633398424502,-0.07233070515124662,-0.09479541843465356
6.8,-0.1149096845288965,-0.1114485812878958,-0.07618630604844501,-0.1133142476607064,-0.114953684268624
6.85,-0.1223935745540101,-0.1237817411289649,-0.1022526701606857,-0.148771187864835,-0.1224487807947368
6.9,-0.1195317914841597,-0.1245761605282668,-0.1133861872827135,-0.1779958024921441,-0.1196006631531626
6.95,-0.1110437977436375,-0.1176844932884564,-0.1087839574265052,-0.2006840878536388,-0.1111282793631848
7,-0.1027812694572156,-0.1085846217346307,-0.08906133153111034,-0.2165605910137401,-0.1028827442041186
7.05,-0.1001225884095168,-0.102890491323529,-0.05603834229099325,-0.2252024353769074,-0.1002417489156706
7.1,-0.1064707374710592,-0.1048046034909816,-0.01267586823719796,-0.2261451097777195,-0.1066073060734756
7.15,-0.1222867441627899,-0.1159472073319029,0.03699592802507301,-0.2192101463717505,-0.1224393261952994
7.2,-0.1449471255667521,-0.1349002116218909,0.08810385375082541,-0.2048901649272676,-0.1451131266845694
7.25,-0.1694759520192864,-0.157608311706228,0.1352097432665941,-0.1845468120852263,-0.1696513895016369
7.3,-0.1899453168357916,-0.1785372572469871,0.1727784054734145,-0.1603436894171281,-0.1901249938332123
7.35,-0.2011455218822069,-0.1922581655458675,0.1958580831316271,-0.1351063420731743,-0.2013236181806025
7.4,-0.200053950470637,-0.1949979403273877,0.2007605947587413,-0.1121105096549188,-0.200224448487751
7.45,-0.1866954704469068,-0.1857242707492252,0.1854866316493612,-0.09466551764085873,-0.1868528367978595
7.5,-0.1641665081508535,-0.1664709302230818,0.1498718574604548,-0.08551091549749701,-0.1643065858730322
7.55,-0.137829868690179,-0.1418239666042255,0.09559839166738832,-0.08622088339801592,-0.1379502620933185
7.6,-0.11391125662662,-0.1177251143090614,0.02607082064750749,-0.09685567212523988,-0.1140115367450215
7.65,-0.09788667662481854,-0.0999241678898099,-0.05389940052212655,-0.1159859833053293,-0.09796842992593591
7.7,-0.09309736924632903,-0.09249483810163911,-0.1385872477864731,-0.1410417569077846,-0.09316371101010823
7.75,-0.09995295064831836,-0.09680633516415305,-0.2219326953646542,-0.1688188949342115,-0.1000077884174946
7.8,-0.1159079718467526,-0.1112137590129427,-0.2980365081141978,-0.1959954447108883,-0.1159552267330767
7.85,-0.1361729558330217,-0.1315185259404359,-0.3614381542994974,-0.2195507698895343,-0.1362157423668318
7.9,-0.154919333028937,-0.1520329285349891,-0.4074262531071731,-0.2370055871434759,-0.1549593161445762
7.95,-0.1666236708240678,-0.1669252979126453,-0.4324724970519357,-0.2465372143308533,-0.1666608219659231
8,-0.1672004605881701,-0.1714796032051228,-0.4345471435297557,-0.2470531163661718,-0.1672332233609151
8.050000000000001,-0.1546800949874381,-0.1629695304863292,-0.4133316161973025,-0.2382194283118042,-0.1547058782350109
8.1,-0.1293499677488031,-0.1409899855198347,-0.3703117977165678,-0.220464658884365,-0.1293659242623332
8.15,-0.09343129768125191,-0.1072799343509563,-0.3086698098488032,-0.1949471647460085,-0.09343517885837127
8.199999999999999,-0.05046558755687002,-0.06517469433007761,-0.2330385963299013,-0.1634558143355573,-0.05045642422880908
8.25,-0.004615288419251025,-0.01888114163065152,-0.1491881410250524,-0.1282562575536071,-0.004593795491265262
8.300000000000001,0.03994762747669824,0.02722156163824407,-0.06359171607680902,-0.09191887997858056,0.03997906000746587
8.35,0.07946151583502073,0.06911002566401914,0.01717757797675978,-0.05717744713204942,0.07949917367389669
8.4,0.1107821857139568,0.103412379453267,0.08708655600593324,-0.02683180616102465,0.1108216372523226
8.449999999999999,0.1314295485877311,0.1274991879929402,0.1410622190888827,-0.003638672283556355,0.1314664185394762
8.5,0.1395728917127475,0.1394612682010246,0.1753784236588225,0.009893804539408468,0.1396035138425306
8.550000000000001,0.1340611787723357,0.1380810625103364,0.1880903783933424,0.01184836889310792,0.1340830489804478
8.6,0.1145694361537476,0.122891914585775,0.1793328830984606,0.001343517839552333,0.1145814476044484
8.65,0.0818618690714074,0.09436313645354949,0.1513185341806106,-0.02103118636457868,0.08186427514190503
8.699999999999999,0.03808947345129968,0.05416711469098745,0.1080946507732657,-0.05298547082027455,0.03808368476447704
8.75,-0.01302180190844197,0.005415288363257886,0.05517781300414049,-0.09064429296142135,-0.01303346740293704
8.800000000000001,-0.06624635547392238,-0.04729225246807534,-0.001028565679969673,-0.1289460222630315,-0.06626089765157056
8.85,-0.1152965136844431,-0.09814080444179829,-0.05390002922339904,-0.1622435898753208,-0.1153103871010637
8.9,-0.1536137068520995,-0.1407381569226794,-0.09723154599143591,-0.1850757727417237,-0.1536229177357868
8.949999999999999,-0.1753821498579866,-0.1690238459231015,-0.1259065605282188,-0.1929838678117966,-0.1753823800654881
9,-0.1765422288189856,-0.1782721197601687,-0.1364879528094911,-0.1831531903700591,-0.1765290361448839
9.050000000000001,-0.1555550436086712,-0.1659584285335117,-0.127597808284077,-0.1547062936338813,-0.1555242258129738
9.1,-0.1137211904348199,-0.1322671252023121,-0.1000446791388978,-0.1086681196744183,-0.113669244845961
9.15,-0.0549695267042213,-0.08010352294768025,-0.05669173245163339,-0.04778002497006884,-0.05489418751788988
9.199999999999999,0.01482933556578324,-0.01460006814742609,-0.002077042707584242,0.02372534910371626,0.01492861098557502
9.25,0.08884836892661176,0.05776022338897363,0.05817136670809819,0.1004215067736739,0.08897024770768996
9.300000000000001,0.1603456783368598,0.1301808572987327,0.1179846477526897,0.1761294563423105,0.1604870337289709
9.35,0.2235274356376853,0.1965035326079594,0.1714327504775787,0.2445160868283729,0.2236837132200187
9.4,0.2740752559448923,0.2518793745439635,0.2132453423316224,0.2997754450599417,0.2742412913234733
9.449999999999999,0.3092985207116635,0.2930658252498611,0.2392668540204076,0.3373043790469415,0.3094694353099187
9.5,0.3279836141003113,0.3183717774219249,0.2467835943532586,0.3543572301778114,0.3281555083909017
9.550000000000001,0.3300812642890982,0.3273738775422391,0.2347109411340758,0.3505904685974472,0.3302518228841888
9.6,0.3163842778259767,0.3205638522502793,0.2036194494619079,0.3282405513693448,0.3165530804889644
9.65,0.2883068706374601,0.2990638686775265,0.1556291414704544,0.2917644886180608,0.2884750828678707
9.699999999999999,0.247806780590503,0.2644883002084537,0.09414487744576061,0.2469955283388003,0.2479766590807309
9.75,0.1974199919710057,0.2189514477328967,0.02347201709790731,0.200031372772054,0.1975943955833723
9.800000000000001,0.1403221296834199,0.1651526265900599,-0.05153264617326847,0.1561456793985573,0.1405037734885461
9.85,0.08030407413420243,0.1064326482035552,-0.1257673316074763,0.1189681339808727,0.08049497496326297
9.9,0.02156586956302111,0.04669206287733957,-0.1942280583492517,0.09006756196786991,0.02176721456062686
9.949999999999999,-0.03170737345814045,-0.009903368439481586,-0.2524099376947115,0.06896027304602204,-0.03149543252564352
10,-0.07593544270979868,-0.05942745991548731,-0.2966876780635291,0.05347863267663944,-0.07571392746621519
10.05,-0.1087569537047077,-0.09880939242508568,-0.3246168822467665,0.04042287387049293,-0.1085279396374972
10.1,-0.1294766456124835,-0.1263900099761128,-0.3350941833737827,0.02643127189830685,-0.1292433912404349
10.15,-0.1391800014144427,-0.1422339471719886,-0.3283961567181025,0.008906524839698504,-0.138947234237422
10.2,-0.1404437658209708,-0.1480672062445982,-0.3060457338606553,-0.0133036231670553,-0.1402176652576002
10.25,-0.1367021661781783,-0.1468243686638186,-0.2704824780220546,-0.03969636924123504,-0.13649018907393
10.3,-0.1314443311980047,-0.1419236668251043,-0.2248583488474188,-0.06827381373293784,-0.1312548778647402
10.35,-0.1274678090238815,-0.1364825101818127,-0.1728643065233431,-0.0958734788763651,-0.1273092803793789
10.4,-0.1263769350855414,-0.1326919965114108,-0.1183751611136963,-0.1186846448832997,-0.1262563967902164
10.45,-0.1284164914247115,-0.131492896438868,-0.0651074678219995,-0.1329478364180008,-0.1283384724383274
10.5,-0.1326175386122928,-0.1325835364534613,-0.01631290254556961,-0.1356671612556131,-0.132582911229324
10.55,-0.1371509140789615,-0.1346888458277347,0.02548741463748105,-0.1251503550108964,-0.1371562941981504
10.6,-0.1397651189415304,-0.13596361317469,0.05862247797046222,-0.1012550538918637,-0.1398030992618934
10.65,-0.1382192375132741,-0.1344115637714662,0.08224259601713008,-0.06530976324276755,-0.1382792878272026
10.7,-0.1306728594791858,-0.1282536571806104,0.09625221268129064,-0.01979455058144358,-0.1307428576006416
10.75,-0.1160273754674672,-0.1162342545073843,0.1011646286790496,0.03204155368653172,-0.1160953318199151
10.8,-0.09420580079499531,-0.09787804951722379,0.09791730144484317,0.08648357277230323,-0.09426144447899953
10.85,-0.06632469277356114,-0.07368793588423628,0.08778532522268451,0.1395947715360271,-0.06636072253511394
10.9,-0.03468450261480603,-0.04523057119390228,0.07232379449390541,0.1874806342758029,-0.03469719555704176
10.95,-0.002514790412047392,-0.01503858697811578,0.0532954327185029,0.2265602733597522,-0.002504005967418677
11,0.02653064264576915,0.01371732757092442,0.03264324521623985,0.2538127383072835,0.026561923689017
11.05,0.04904670326097606,0.03776318123503208,0.012439017847722,0.267029146861115,0.04909316697722271
11.1,0.06255926062179128,0.05435464961056435,-0.005275624920589417,0.2650909975851366,0.06261411067616818
11.15,0.06602794913972747,0.06184868510225011,-0.01867131362503383,0.2482002515736914,0.0660836900570495
11.2,0.06001622602999202,0.0600526522053253,-0.02631919525505205,0.2178402722221146,0.0600653108851914
11.25,0.04646726246939292,0.05022919097621775,-0.02732028997575076,0.176332663311069,0.04650248020427583
11.3,0.02814144988555937,0.03472697947338921,-0.02134537767937217,0.1264277817100722,0.02815620902858806
11.35,0.007875184298459178,0.01633505449027078,-0.008680482782568166,0.07126010916156517,0.007863760134672382
11.4,-0.01212478548424786,-0.002449753774371732,0.009731167061754309,0.01431917770571101,-0.01216702790358776
11.45,-0.03074993557722021,-0.02003149437918228,0.032308171910582,-0.0407805882560488,-0.030826234284547
11.5,-0.04809560006955733,-0.03602745565565335,0.05694731710515649,-0.09062674249158825,-0.04820753346440809
11.55,-0.06519218009702459,-0.05119909508623449,0.08119747182645054,-0.1323176573284296,-0.06533940851408337
11.6,-0.08346378480430354,-0.06703442194371068,0.102471229272706,-0.1637041495870705,-0.08364387485555269
11.65,-0.1040917257159591,-0.08511907876311253,0.1182672758524384,-0.1835452021134448,-0.104300352465125
11.7,-0.1274761386199791,-0.106492817528616,0.1264668887729192,-0.1915702497220816,-0.1277074745914743
11.75,-0.1529437235887116,-0.1311742957712176,0.1256221482536681,-0.1884672730014167,-0.1531909460541311
11.8,-0.1787667016879113,-0.1579787525575831,0.1151524266420151,-0.1758166626542556,-0.1790228496818593
11.85,-0.202469644925486,-0.1846705963046639,0.09546420202963513,-0.1559538319359129,-0.2027285265893032
11.9,-0.2213315190111766,-0.2083901047556505,0.06794050014417047,-0.1317322386286116,-0.2215882559679362
11.95,-0.2329541191322653,-0.2262302581849059,0.03475294055410749,-0.1061784865397323,-0.2332055915614671
12,-0.2357666135374289,-0.235835131292587,-0.001430463474494714,-0.0820736187303438,-0.2360116938414292
12.05,-0.2293585261502298,-0.2358869057273125,-0.0377290573692145,-0.06154873620231716,-0.2295976122402572
12.1,-0.2145721819855024,-0.2263741978143248,-0.07128698202097938,-0.04580169448132887,-0.2148065419128233
12.15,-0.193338664185941,-0.2085863367385549,-0.09945576899750463,-0.03500716375101781,-0.1935698268485457
12.2,-0.1682978566769545,-0.1848589283188192,-0.1199611061453427,-0.02844253155638243,-0.1685267313954438
12.25,-0.1422906403462185,-0.1581077067784794,-0.1311004809384236,-0.0247991572604358,-0.1425168800835752
12.3,-0.1178392230912022,-0.131267942287047,-0.1318893055805916,-0.02257725176712955,-0.1180611376763748
12.35,-0.09672694054975295,-0.1067731520016376,-0.1220738792663312,-0.0204129279791101,-0.09694155249215397
12.4,-0.07975241168158982,-0.08617387633658724,-0.1020920586372569,-0.01723150741589896,-0.07995577939332521
12.45,-0.06668305990651439,-0.06995487931325861,-0.07308769841016399,-0.01224780318852009,-0.06687098270978681
12.5,-0.05638836557693441,-0.05755786043545041,-0.03689612991637004,-0.004920602969123222,-0.05655701900862775
12.55,-0.0471073341664556,-0.04758098533848559,0.00408150682243924,0.005065131279603563,-0.04725371612235763
12.6,-0.03680202626062375,-0.03810187920350833,0.0470059285377703,0.01778801868669877,-0.036924357623211
12.65,-0.02355870440237291,-0.02706793811742508,0.0887763402463756,0.03304741216859775,-0.02365660975645528
12.7,-0.006003333969545803,-0.01271451767815124,0.1263163565876946,0.05023212321393355,-0.006077704121639382
12.75,0.01631047903090992,0.006027391143433869,0.1568958073558627,0.06812300645883207,0.0162576849339407
12.8,0.04260321789263806,0.02918112801123762,0.1783983103513818,0.0847930661544567,0.0425692213520395
12.85,0.07074248454521875,0.05549330280357234,0.1894867057480366,0.09772316031770334,0.07072402396020899
12.9,0.09736753130170846,0.08239964546816059,0.1896311717291712,0.1041067926806665,0.09736114175220179
12.95,0.1183085562663069,0.1062522054834414,0.1790419001735136,0.1013001814414812,0.1183108311369618
13,0.1292743419812567,0.1228339769977248,0.1585870913955466,0.08736449600177743,0.1292822139118486
13.05,0.1266986174264079,0.1281081007846687,0.1297349998937254,0.06151810626686138,0.126709640184433
13.1,0.1085695065735733,0.1190606748997541,0.09450175224285279,0.02434714725941867,0.1085821284827944
13.15,0.07504526766332953,0.09445777101579178,0.05537983436424193,-0.02223823297702143,0.07505901041625906
13.2,0.02869439246149099,0.05533833833331103,0.01525421592088044,-0.07523273671357045,0.0287098484803186
13.25,-0.02571945386269427,0.005100111675784169,-0.02273749985170931,-0.130847918387811,-0.02570083553239533
13.3,-0.08188087310465778,-0.0508675192857832,-0.05541116360120657,-0.1848531418944588,-0.08185719794053326
13.35,-0.132866986284179,-0.1059358294291473,-0.07983016734229859,-0.2329016527005677,-0.1328364530480221
13.4,-0.1721962876899202,-0.1532257574428282,-0.0936603629902989,-0.2707890613030577,-0.17215768379879
13.45,-0.194767637898654,-0.186635201749857,-0.09546145599249833,-0.2946946949109571,-0.1947206465275195
13.5,-0.1975130660731139,-0.2017022282512272,-0.08487301470703762,-0.3014733080111954,-0.1974583676055381
13.55,-0.1796719934379623,-0.1961523960053876,-0.06271212739843396,-0.2889409418207575,-0.1796110822353475
13.6,-0.1426961009327018,-0.1700628794339227,-0.03097057489066168,-0.2560945922426663,-0.1426308355730129
13.65,-0.08987788439706622,-0.1256741080395893,0.007331175494207642,-0.20332532815867,-0.08980997266682172
13.7,-0.02583379076128456,-0.06694710020510419,0.04841844772369341,-0.1326478799652092,-0.02576420648375366
13.75,0.04404295419862551,0.00100733035563183,0.0880860874326172,-0.0478342372940313,0.04411455423088417
13.8,0.1140943749035759,0.07250420939318003,0.1220678220850405,0.04566821471495375,0.1141699898488216
13.85,0.1788596307074032,0.1418036779216291,0.146436692754301,0.1410884492020702,0.1789430169695089
13.9,0.233497264175701,0.2035669198945032,0.1579894822273062,0.2309672339596353,0.2335937853676853
13.95,0.2741712997692954,0.253262383713596,0.1546100349426665,0.3080238329169674,0.2742873707691955
14,0.2983786531688572,0.2875201644153843,0.1355932828929124,0.3660946187846935,0.2985208674450212
14.05,0.3051736332273804,0.3044153428955587,0.10183193036576,0.4009083112226548,0.3053478188830309
14.1,0.2952437286837769,0.3036414076970182,0.05576170326871527,0.4104878740212438,0.2954540288245194
14.15,0.2708104681612952,0.2865327387388846,0.00109484745889582,0.3951519663870169,0.271058547946025
14.2,0.2353601508756313,0.2559120439763978,-0.05756558608648171,0.3573308713515083,0.2356448934573664
14.25,0.1932388762369786,0.2157676752886289,-0.1151670040204682,0.3013613083375661,0.1935566530234214
14.3,0.1491642856561361,0.1708006393574407,-0.1666473503682173,0.2331293462707306,0.1495093441228106
14.35,0.1077103175306743,0.1258986027548598,-0.2073663093574982,0.1594113026157257,0.1080754735096644
14.4,0.07281964405220565,0.08559578753727887,-0.2335081485927719,0.08700198984697977,0.07319722241635251
14.45,0.04739537931669108,0.05358410615911724,-0.2424346391700547,0.0218390743958411,0.04777756922714171
14.5,0.03301951653425204,0.03233169212830683,-0.2329864171938671,-0.03169720631293171,0.03339850495895458
14.55,0.02984198249714699,0.0228559846827463,-0.2056679662080881,-0.07118719563135883,0.0302101488284181
14.6,0.03666888817173071,0.02469296210591199,-0.1626324476868469,-0.09621733665303034,0.03701852480494749
14.65,0.0512436177406363,0.03607325922272442,-0.1074382700388469,-0.1080859938602253,0.05156676097882945
14.7,0.07067016104300508,0.05428179574071512,-0.04463679295245798,-0.1092651925817346,0.07095900874173611
14.75,0.0918872891007519,0.07613410627470502,0.02073076257645085,-0.1027343933439102,0.0921347945940969
14.8,0.1120839334103438,0.09846508721153813,0.08361247718577014,-0.09126417832602979,0.1122847076741668
14.85,0.1289675974891568,0.118524071239924,0.1393323819061199,-0.07678254929063627,0.1291191848976872
14.9,0.1408523324544437,0.1342005195178816,0.1839960894971284,-0.06013801711870342,0.1409562751008486
14.95,0.1465982787680894,0.1440565706011644,0.2148695146495049,-0.04144426044234845,0.1466606084917882
15,0.1454859074609645,0.1472143495496361,0.2305712445141219,-0.02068899608599689,0.1455169637166778
15.05,0.1371237323906656,0.143195047108009,0.2310625532930798,0.001819313798924693,0.1371370645886278
15.1,0.1214613992629239,0.1318202512709983,0.2175060362254275,0.02528197010099031,0.1214718394118719
15.15,0.09892227836185288,0.1132457008683295,0.1920574477483898,0.04846807948040693,0.09894358187133911
15.2,0.07060235369495081,0.08811771792646139,0.1576238370637791,0.06994045220807332,0.07064487994975666
15.25,0.03843080917172147,0.057778875020431,0.1175967339888352,0.08835843333410498,0.03849976268363686
15.3,0.005174823273781855,0.02441399437388897,0.07556678234801328,0.1027115532583749,0.005269446616682716
15.35,-0.02579340836916797,-0.008981652233632786,0.03502805806832915,0.1123851063593512,-0.02567941974716198
15.4,-0.05097254332110319,-0.03888717605576819,-0.0009475291020944465,0.1171367826046398,-0.05084961674777466
15.45,-0.06736402740578659,-0.06178462263257667,-0.0300043646412107,0.1171087315768717,-0.06724462452305674
15.5,-0.07309981020134183,-0.07482519203347382,-0.05066299711964539,0.112848176611511,-0.07299605738714521
15.55,-0.06788103294550359,-0.07645455490579622,-0.06234370347705215,0.105256764089833,-0.06780274109622991
15.6,-0.0530825725286334,-0.06680818450443687,-0.06529995666206678,0.0954582169804572,-0.05303600179845358
15.65,-0.03147225996104117,-0.04774221864379891,-0.0604921044458363,0.08462312755814361,-0.03145970746191867
15.7,-0.006613138385369369,-0.02246992034134643,-0.04943998601884642,0.07379173961792407,-0.006633376728000628
15.75,0.01787790617406011,0.005103280117949305,-0.03407806624131837,0.0637264768325867,0.01782863008201169
15.8,0.03899174402901648,0.0311569664344975,-0.01659629745485436,0.05483496084722161,0.03891852411728813
15.85,0.05471263387627961,0.0526177314480728,0.0007138919465825566,0.04716921924551032,0.05462079444189594
15.9,0.06403079648976681,0.06751398966761074,0.01558670523059008,0.04040669398617985,0.06392519637689897
15.95,0.06662220950747655,0.07494309723629539,0.02592464571804287,0.03375856507098363,0.06650695996222966
16,0.0623578416962899,0.07471335443149058,0.02997641915616245,0.02594144358436834,0.0622362870912111
16.05,0.05086328926430654,0.06683851217447923,0.02651689934654022,0.01534199579167933,0.05073826381962065
16.1,0.03132391080569439,0.05110481024564717,0.01496908827546817,0.0003284815364152371,0.03119794205328519
16.15,0.002631405320735506,0.02689367523310476,-0.004544197431907038,-0.02040836986134109,0.002506626909422272
16.2,-0.03616267532462061,-0.006646337502703603,-0.03116718902254922,-0.04758586422650124,-0.03628473610659566
16.25,-0.08523291980427156,-0.05012263358385272,-0.06335253925432738,-0.08118065802202201,-0.08535169298718714
16.3,-0.1434105075627716,-0.1032899359718458,-0.09902134712963495,-0.1203963414644386,-0.1435267913794281
16.35,-0.2078544756296976,-0.1645222627321493,-0.1357405598872024,-0.1637371905822372,-0.2079705523870204
16.4,-0.274094290182664,-0.2305496554176337,-0.1708800373980123,-0.2091765824723936,-0.2742136619000837
16.45,-0.3364768911780071,-0.2965773752160001,-0.201786222212625,-0.2543724069068289,-0.3366037662650843
16.5,-0.3889497532507665,-0.3568098211945314,-0.2259846522376204,-0.2968782371211607,-0.3890883582614816
16.55,-0.4260278913506525,-0.4052844948749534,-0.2413872419341394,-0.3343186703135149,-0.426181759873938
16.6,-0.4437433358744557,-0.4368458282338243,-0.2464683968446808,-0.3645059090687857,-0.4439149197150757
16.65,-0.4403700493921243,-0.4480574852895278,-0.2403983683265336,-0.3854946595018024,-0.4405607730252203
16.7,-0.4167576717755523,-0.4378526194162309,-0.2231349977593108,-0.3956117622721405,-0.4169681539653007
16.75,-0.3761883083277869,-0.4077664918899846,-0.1954638790541239,-0.3935488528669857,-0.3764187508389261
16.8,-0.3237784629583281,-0.3616790743876597,-0.1589874755226049,-0.3785922560012019,-0.3240291069537868
16.85,-0.265556738009381,-0.3051241356455627,-0.1160461325880301,-0.3509385361962177,-0.2658278707072032
16.9,-0.2074260090180345,-0.2443272955625061,-0.06956314591908214,-0.3119304310445649,-0.2077176367720617
16.95,-0.1542451742988131,-0.1851824123398008,-0.0228156590750993,-0.2640503547365451,-0.1545566510342217
17,-0.1092299617338845,-0.1323918036517183,0.02086231440685943,-0.210632301922747,-0.1095593750028886
17.05,-0.07378264375223052,-0.08894263196129804,0.05840305081766883,-0.1554068397131364,-0.07412628414534272
17.1,-0.04774482446236394,-0.05599664323508313,0.08728916440066403,-0.1020265637594107,-0.04809723319355508
17.15,-0.02995643638944229,-0.03317672278277689,0.1057648732178109,-0.05367854952327394,-0.03031082434074023
17.2,-0.01892525890841857,-0.01913087150779585,0.11297202720227,-0.01285942493724407,-0.01927419589512042
17.25,-0.01338871075564343,-0.01217854739785351,0.1090165376605763,0.01867889307520998,-0.01372525791202123
17.3,-0.01259292968656866,-0.01083224253808857,0.0949614414204184,0.03987575552610884,-0.01291178521364417
17.35,-0.01621320198079517,-0.01404324684606145,0.07271362936156267,0.05028373177611611,-0.01651124384956915
17.4,-0.02396862672446061,-0.0211184043180247,0.04479405991927454,0.05001529582683628,-0.02424500431961057
17.45,-0.03510309634766558,-0.0313719836381936,0.01404857981614582,0.03968923364203825,-0.03535877274591004
17.5,-0.04796678213248404,-0.04368134465031426,-0.01663246807781604,0.02031777438380017,-0.04820329343804713
17.55,-0.05990895058617211,-0.05616313566944486,-0.04456184166257504,-0.006838128965573897,-0.06012708717308202
17.6,-0.06758945666447565,-0.06615227383648054,-0.0674843009484063,-0.04033409222526363,-0.06778836982119341
17.65,-0.06766487930745978,-0.07055971582641374,-0.0837583109418924,-0.07847445739719217,-0.0678416854852168
17.7,-0.05766132276342031,-0.06654317932943632,-0.09246554205513169,-0.1191575776239032,-0.0578116250864088
17.75,-0.03676483186882416,-0.0522966583010398,-0.09345954259250566,-0.159725499694938,-0.03688414243047355
17.8,-0.006269143044153844,-0.02770835379986708,-0.0873510548913371,-0.1969333702662716,-0.006354617049135647
17.85,0.0304853706645126,0.005337053186496965,-0.0754200958973858,-0.227141740393607,0.03043332592357578
17.9,0.06869972227602548,0.04313652375422422,-0.05948643486041555,-0.2467351975747801,0.06867645336195538
17.95,0.1030967209873266,0.08081515681875528,-0.0417574298760427,-0.2526719915338785,0.1030934193195782
18,0.1290471923868167,0.1132961176767706,-0.02467285983745299,-0.2430675373904437,0.1290521483197868
18.05,0.1435534885923859,0.1363571022965534,-0.01074934496829028,-0.2177239200472161,0.1435542878124927
18.1,0.1458388850692577,0.1475081928659318,-0.002384248691291113,-0.1784647013078926,0.1458250862193667
18.15,0.1373949510347863,0.1464680823425328,-0.00162034058814825,-0.1291263148271512,0.1373606147014049
18.2,0.1214801271144116,0.1351163795911878,-0.009901576814101198,-0.07514599495294727,0.1214255917088815
18.25,0.1022050734551195,0.1169321351832242,-0.02784108406157215,-0.02277920046193871,0.1021374753825495
18.3,0.08344748269016031,0.09606750996504443,-0.0550728311038774,0.02194820110919221,0.08337990589520078
18.35,0.06788439057842074,0.07630388093456347,-0.09022162011585799,0.05435791567259984,0.06783375793053326
18.4,0.05640062602067838,0.06016174975055194,-0.1309495224957948,0.07201100956731399,0.05638473038400232
18.45,0.04803397773643132,0.04838110512847643,-0.1740784456046444,0.07508883220706519,0.0480683741082884
18.5,0.0404747017598116,0.03991208941993779,-0.2158405380251767,0.0661740662806502,0.0405700204456485
18.55,0.03098417584701622,0.0324429992762425,-0.2522774069361262,0.04954554747108758,0.03114443782861837
18.6,0.01747713385094324,0.02330849771945553,-0.2796869874240356,0.03020986509821383,0.01769931663250413
18.65,-0.0005413824371749195,0.01052958803495491,-0.2950296704167386,0.01292595345438846,-0.0002666394432881969
18.7,-0.02146055952016964,-0.0063043637853476,-0.2962701078342722,0.001445924195362547,-0.02114720305518275
18.75,-0.04163189874188718,-0.02556305843882667,-0.2826272070490518,-0.001869652022751467,-0.04129620335213352
18.8,-0.05602065339304295,-0.04366249707048631,-0.2546829389704642,0.00396230022016103,-0.05567908143040867
18.85,-0.05927893728415812,-0.0557114550801327,-0.2143123702787304,0.01881081919120586,-0.05894617542430897
18.9,-0.04696691485449905,-0.05655711172178235,-0.1644520004403936,0.04175513941262765,-0.04665431934443132
18.95,-0.01662077751512632,-0.04196665344488293,-0.1087749260085796,0.07136969270066296,-0.01633561713899695
19,0.03157484338584247,-0.009665576991044811,-0.05132307940307779,0.1059374083700512,0.03182980501794247
19.05,0.09463708137311821,0.04000491267518741,0.003882113577405366,0.1435694540685901,0.09486374935176711
19.1,0.1671523915996483,0.1039408613496091,0.05319817862010412,0.1822194345607843,0.1673569419062926
19.15,0.2420468007406842,0.1766371886812763,0.09363939917804442,0.2196523945941961,0.2422390612996909
19.2,0.3115838576562462,0.250958210920294,0.1230706664538945,0.2534733765627449,0.3117764967455448
19.25,0.3684039017402684,0.3191472987284399,0.1403012291934176,0.2812487615171712,0.3686111602915054
19.3,0.4064442182718168,0.3738850449392802,0.1450891059180619,0.3006739114145395,0.4066804061206057
19.35,0.4216274894736126,0.4092300351012844,0.138098756424092,0.3097460128516453,0.421905472553197
19.4,0.4122586231294875,0.4213154726663838,0.1208109872680939,0.3069495523521029,0.412588235565931
19.45,0.3791168844148078,0.4087288928132129,0.09538220994064411,0.2914841535193606,0.3795034247802576
19.5,0.3252683644856717,0.3725656312697572,0.06446089656185006,0.2635121048548257,0.3257115873537959
19.55,0.2556526155209972,0.3161947802214565,0.03095201811626414,0.2243264126451056,0.2561462516602627
19.6,0.1765148209456325,0.2448009882821091,-0.002223672822339928,0.1763547051407968,0.1770464800262015
19.65,0.09475960597006065,0.1647860299404327,-0.03235095522637066,0.122984654256271,0.09531150907079988
19.7,0.01729556869817395,0.08311174843492569,-0.0571406840489288,0.0682281762157943,0.01784614754847713
19.75,-0.04957830369530517,0.006651375443040952,-0.07493377278114566,0.01626614779155056,-0.04905267654063861
19.8,-0.1007137892387931,-0.05840364360593747,-0.08485314884441064,-0.02902637898646404,-0.1002365960721159
19.85,-0.1325575046040059,-0.1070582846998337,-0.08686513582638811,-0.06445344497219974,-0.1321495767384185
19.9,-0.1434647691798513,-0.1359340460515401,-0.08175931412405074,-0.08771417788946462,-0.1431424546748518
19.95,-0.1338379738798715,-0.1435652027390545,-0.07105250589589118,-0.0974744323570727,-0.1336117086058988
20,-0.1060422685811648,-0.1305315340063518,-0.05679278490145573,-0.09333007144641015,-0.1059156524427938
20.05,-0.06408106417795975,-0.09938142870536382,-0.04131485259666612,-0.07573312597934151,-0.06405084963782459
20.1,-0.01307165187152114,-0.05431925273996852,-0.0270130363094564,-0.04597599927197887,-0.01312826097971853
20.15,0.04138058016520555,-0.0006871786132380819,-0.01612636788742727,-0.006224898701221837,0.04125208140039516
20.2,0.09378163913261854,0.0556681206473697,-0.01052305693609046,0.04054395092056945,0.09360015912890018
20.25,0.1392157028512665,0.1090201188286237,-0.0115181045641326,0.09076068529681125,0.1390025574610453
20.3,0.1736377964341022,0.15426872962955,-0.01976739533311178,0.140547859580822,0.1734148679752902
20.35,0.1940261875242605,0.1872801775242789,-0.03524949989277631,0.1860293827463514,0.1938139322166246
20.4,0.1984763888731925,0.2050810312451106,-0.05731312258172189,0.2236679230574601,0.198292004264725
20.45,0.1863152042346613,0.2059689246600135,-0.0847390111180607,0.2505992367345751,0.1861709482294339
20.5,0.1582593367699725,0.1896155154214959,-0.1158355805472731,0.2648519031807926,0.1581612996931369
20.55,0.1165684101552665,0.157178684315661,-0.1485916201967011,0.2653672841902919,0.1165161480528992
20.6,0.06508526481897002,0.1113851780723057,-0.1808175419695721,0.2519377171186667,0.06507221858148893
20.65,0.009047105178870057,0.05650691130066698,-0.2102672286830756,0.2252651550007383,0.00906187887847909
20.7,-0.04539862467222214,-0.001892306923643561,-0.2347774748375049,0.1871068917565338,-0.0453702669830231
20.75,-0.09194834238181371,-0.05748114846544827,-0.2524201359080565,0.1402970727252286,-0.09192117425608759
20.8,-0.1250452757492114,-0.1039206490480018,-0.2616533100966542,0.0885291892081681,-0.1250323670980837
20.85,-0.1407482608384838,-0.1357452157190379,-0.2614625785318031,0.03594885872918285,-0.1407592749119397
20.9,-0.13737999863861,-0.1491991062689867,-0.2514783246162086,-0.01333718950925444,-0.1374203390738218
20.95,-0.1158208237066345,-0.1428550237613452,-0.232034501559288,-0.05576036661794359,-0.1158917560901178
21,-0.0793988865882724,-0.1178819850761715,-0.2041418002287163,-0.08873791235848277,-0.0794985407088401
21.05,-0.03341381085245046,-0.07791727877939836,-0.1694039128447585,-0.1109863016668394,-0.03353869702789336
21.1,0.01560538660909152,-0.02857446444166389,-0.1298882230379541,-0.1226196033276892,0.01545871998038278
21.15,0.06077424442721036,0.02332457307880864,-0.08795291995535387,-0.125008414498968,0.06060781705113005
21.2,0.09572017036503627,0.07065520045436041,-0.0460622961363546,-0.1204517572879902,0.09553384607619059
21.25,0.1153223138365478,0.1068816699107853,-0.006583191267639177,-0.1117547129693645,0.1151137234213944
21.3,0.1162363563438822,0.1268080780095236,0.02843239174674522,-0.1018044449079124,0.1160013426712289
21.35,0.09716048940859626,0.1271124455121592,0.05740777645914652,-0.09322282928814785,0.096894115118629
21.4,0.05884653283343146,0.1066199591665394,0.07929374801118955,-0.08815216918352081,0.05854422693169437
21.45,0.003899545769798602,0.06630740431337201,0.09353317713513631,-0.08817783179231348,0.003558032429646696
21.5,-0.06356722131945759,0.009076536850204597,0.09998605780601633,-0.09431533694200656,-0.06394904778433042
21.55,-0.1383502328033787,-0.06063306484193287,0.09888115909957518,-0.106959307462322,-0.1387708215572818
21.6,-0.2145893213872341,-0.1373114774861734,0.09081309248625929,-0.1257640677681465,-0.215044665265068
21.65,-0.2861863908058489,-0.2148609459451262,0.07673039277017946,-0.1495352373474255,-0.2866704632431013
21.7,-0.3472052349774213,-0.2870534095674094,0.05788213914799878,-0.1762305325460863,-0.3477106715683731
21.75,-0.3922686771280012,-0.3479509597567694,0.03575127025908487,-0.2031077854931822,-0.3927878021361234
21.8,-0.4169723148168638,-0.3922987964950629,0.01199294062283257,-0.227009164591882,-0.41749788967549
21.85,-0.4183137886370546,-0.4159035907161399,-0.01164801443421115,-0.2447509578469882,-0.4188391768974388
21.9,-0.3951003805089239,-0.4160074343405943,-0.03345582621511423,-0.2535733984400014,-0.3956194107230748
21.95,-0.3482608390304346,-0.3916374745952405,-0.05187760133313135,-0.2515710651541294,-0.3487673223543842
22,-0.2809660830419457,-0.3438782669202819,-0.06565653929187998,-0.2380007741797019,-0.2814528744151765
22.05,-0.198472923836979,-0.2759822301793123,-0.07396762563938597,-0.2133921371649802,-0.1989313668055883
22.1,-0.1076519407407969,-0.1932295236769911,-0.07652027135120609,-0.1794471659564222,-0.1080720861834098
22.15,-0.01623203558577054,-0.1024868245099401,-0.07361700749376099,-0.1387856021118719,-0.01660330132746513
22.2,0.06813038595570071,-0.01148132592534351,-0.06617832347470781,-0.0946298336273641,0.06781776633059977
22.25,0.138789977872009,0.0721161903190406,-0.05569452590701407,-0.05051475204418526,0.1385429963742527
22.3,0.1908725297237158,0.1416367890026787,-0.04408579707006377,-0.01007370799854379,0.1906938775216137
22.35,0.2217041330177779,0.1921964593925218,-0.03349165475653987,0.02311923865955312,0.2215913675914386
22.4,0.2308353428329376,0.2211552324813367,-0.02601332905629344,0.04574226632207712,0.2307810649807384
22.45,0.2196910075167091,0.2281673151403751,-0.0234492790010794,0.055013646545225,0.2196842647238705
22.5,0.1909751530624104,0.2148384182315151,-0.02706009946701371,0.0490442159974222,0.1910036407897751
22.55,0.1480194084274998,0.1841104962073343,-0.03739680354730512,0.02718402736526082,0.1480719057292242
22.6,0.09426368264408992,0.1395647625385865,-0.05422013119311458,-0.009686913925805729,0.09433210844069778
22.65,0.03299683149758055,0.08483996184157211,-0.07649924920958262,-0.05898916915285191,0.03307733195439788
22.7,-0.03261920729047928,0.02331384193468544,-0.1024795190752158,-0.1165511976028464,-0.03252634503628149
22.75,-0.09933136794562905,-0.04190764398565577,-0.1298290401830251,-0.177100578456983,-0.09922284874823456
22.8,-0.16355507774573,-0.1077719132867705,-0.1558550192406014,-0.2350260522350235,-0.1634264775657569
22.85,-0.221301149470376,-0.1709961240719273,-0.1777652023069733,-0.2851694561307012,-0.221148922949544
22.9,-0.2684000223808292,-0.2279131917883058,-0.1929522440633248,-0.3234533600599458,-0.2682230510998445
22.95,-0.3010336207137467,-0.2745998267131429,-0.1992711473095322,-0.3472555628048087,-0.3008341168602722
23,-0.3164496412683565,-0.3073278719367182,-0.1952825917909451,-0.3555376325267032,-0.3162332000316426
23.05,-0.3136352156701798,-0.3232479918189869,-0.180435291795486,-0.348770669973319,-0.3134100122378216
23.1,-0.2937091352486607,-0.3210956200048442,-0.1551451757921284,-0.3286705022117129,-0.2934847536928797
23.15,-0.2598652602261751,-0.3016679194059364,-0.120758376387019,-0.2977845273754786,-0.2596513331936862
23.2,-0.2168356545676206,-0.2678748567583707,-0.07945077583778321,-0.2590226555796935,-0.2166404397021945
23.25,-0.1699907524128158,-0.2242971558790372,-0.03407745789791322,-0.215203515679525,-0.169820038647153
23.3,-0.1243039467772343,-0.1763418836888168,0.01208963327945584,-0.1686849325253577,-0.1241603085670681
23.35,-0.08344347314462053,-0.1291989187605863,0.05571612637218215,-0.1211562817634771,-0.08332579423607539
23.4,-0.04921068610442524,-0.0868715569441636,0.09376278733092258,-0.07362309429638442,-0.04911408359748748
23.45,-0.02144193369236218,-0.05152383790666143,0.123793415005338,-0.02654816268047921,-0.02135806153879594
23.5,0.001634453631356114,-0.02328693152210415,0.1442123611027481,0.01990162358124248,0.001716849749098803
23.55,0.02270679743343982,-0.0005479130790832509,0.1544015345252595,0.06555449801412155,0.02280107342879845
23.6,0.04454534340420483,0.01938101330219921,0.1547258294218301,0.1099667006047536,0.04466590139328813
23.65,0.06923061580788803,0.03940804047171043,0.1464037707080866,0.1522936063258031,0.06939174171700613
23.7,0.0976146377417426,0.06184645886074447,0.1312820235492385,0.1913402601332958,0.09782934270426968
23.75,0.1291111025055993,0.08782516776303273,0.1115743504457474,0.2257259146878687,0.1293899054871444
23.8,0.161822467195811,0.1170311900302724,0.08961759219506038,0.254056975728674,0.1621723104400805
23.85,0.1929349673588383,0.1478021786218388,0.06766222461848498,0.2750575616406177,0.1933585669660658
23.9,0.2192655506498021,0.1775071506183954,0.04767745556393926,0.2876695137648653,0.2197610082491112
23.95,0.2378339646260178,0.2030994552414461,0.03116139155968783,0.2911406519805422,0.2383948263530357
24,0.2463563101665706,0.2217026305259955,0.01899266160143132,0.2850996327858192,0.2469723805185955
24.05,0.2435973612285705,0.2311038754904043,0.01140070834367501,0.2696222196240446,0.2442557570602411
24.1,0.2295559100376559,0.2300854640918997,0.008046206662569055,0.2453050980414416,0.2302420964943029
24.15,0.2054797575687844,0.2185712285768191,0.008129615504824272,0.2133281176314392,0.2061786961107293
24.2,0.1737142279029996,0.197600974327108,0.01056245762109831,0.1754604497780588,0.1744111463873759
24.25,0.1373896302924655,0.1691646491845905,0.01418159279328102,0.1339998086986446,0.1380700177455868
24.3,0.09996690490762021,0.1359293538414145,0.01791042465105613,0.09167086931145441,0.1006163686306282
24.35,0.06469662732873172,0.1008759327755334,0.02083892678337196,0.05149197733267097,0.06530087329478695
24.4,0.03408979548331304,0.06687451985787324,0.02226173579098434,0.01657423602495778,0.03463451233975945
24.45,0.009522654113687239,0.03626218026751449,0.02167883315138475,-0.01019052479520977,0.00999418728474416
24.5,-0.008918003213349634,0.01050486048243965,0.01876152515593221,-0.02653445072410232,-0.008531032648151582
24.55,-0.02230814825799233,-0.009975264211461998,0.01334284276876818,-0.03120915237855626,-0.02201298691777659
24.6,-0.03252893117899804,-0.02576116079213497,0.005448659131571387,-0.02423316041638218,-0.03232659574465113
24.65,-0.04179935934284466,-0.03820824520410965,-0.004686123239110829,-0.006877959353895846,-0.04168288567150502
24.7,-0.05223902827297974,-0.0490960340314015,-0.01663045459545121,0.01857545046179571,-0.05219295948427194
24.75,-0.06555861945713068,-0.06026777470268352,-0.02976809151062842,0.04913491750019972,-0.06555996613167592
24.8,-0.08289602994828621,-0.07334109473185579,-0.04331067585471471,0.08139038750773547,-0.08291682642298981
24.85,-0.1047435081535953,-0.08951816882722663,-0.05633065749269212,0.1118707082051567,-0.1047546856912392
24.9,-0.130881384078236,-0.1094672513084723,-0.06780088236432885,0.1374550317684259,-0.130857220003256
24.95,-0.1602593116351213,-0.1332154984802522,-0.07663265516417328,0.1557092835936397,-0.1601815559899815
25,-0.1908329153609845,-0.1600043570436733,-0.08173824859575707,0.1650560262192046,-0.1906936296452493
25.05,-0.2194405206126151,-0.1881133952097456,-0.08214180275607419,0.1649031642357566,-0.219243021766917
25.1,-0.24185647231466,-0.21472064043449,-0.07712779770760386,0.1558630331094336,-0.241614140523156
25.15,-0.2531551756221141,-0.2359284386935544,-0.06638355824974584,0.1399163192796037,-0.2528883287881747
25.2,-0.248450248572707,-0.2470850513045429,-0.05008884011937037,0.1202677552183353,-0.2481820484882178
25.25,-0.2239481104607969,-0.2434511897333523,-0.0289284353384579,0.100791276524805,-0.2237003127865891
25.3,-0.1781100858886273,-0.2211641297343901,-0.004035730052329933,0.08520297678442273,-0.1778994997013428
25.35,-0.1126095266925039,-0.1783370830857775,0.02311303500585865,0.07624530027309084,-0.1124461482540202
25.4,-0.03275552137482474,-0.1160184593118962,0.0508422152519592,0.07513956876555672,-0.0326423759431026
25.45,0.05284595901701256,-0.03870592668450867,0.07744411073559254,0.08144443595820805,0.05291148512284588
25.5,0.1334292011617767,0.04581979789395496,0.1013426086677902,0.09330110869973157,0.1334529265748078
25.55,0.1978158331429514,0.1274215109943699,0.1212307549286641,0.1079137876823033,0.1978041031822951
25.6,0.236406950316506,0.1951667641802731,0.1361632633517831,0.1220796158212504,0.2363643932002204
25.65,0.2429814514633008,0.2392150650422696,0.145607019606756,0.132633759152968,0.2429096483709851
25.7,0.215906642597678,0.2526285546632585,0.1494676751658466,0.1367629450101812,0.2158039778811875
25.75,0.1585065677057636,0.2327152157674781,0.1480899992430392,0.132224089400394,0.1583690878239638
25.8,0.07852005556745222,0.181612755732839,0.1422186978071915,0.1175210500568412,0.0783429606478549
25.85,-0.01323314663779768,0.1059877349285472,0.132910860062051,0.09204270236208478,-0.01345382614924961
25.9,-0.1047095107759681,0.01591578155673279,0.1214082843012584,0.05613937936119384,-0.1049756738503366
25.95,-0.1846621439909922,-0.07683012696655522,0.1089877087787908,0.01114096823870336,-0.1849732014768324
26,-0.2444425156742446,-0.1607490360336729,0.09681015806798043,-0.04068024917599672,-0.2447956542513612
26.05,-0.2792503134850319,-0.2264669414753085,0.08579871117753562,-0.09623554951047608,-0.2796414301612283
26.1,-0.288612135101924,-0.2681373152283154,0.07656693211873705,-0.1518683234460579,-0.2890371961876071
26.15,-0.2760282410740184,-0.284133670232576,0.06939337621332409,-0.2037157172911482,-0.2764842823250511
26.2,-0.2478978522416607,-0.2769276667345574,0.06423590769380105,-0.248129468396406,-0.2483834691596515
26.25,-0.2119837945651538,-0.2522114473976009,0.0607858535049951,-0.28207392678137,-0.2124991645451145
26.3,-0.175770237486032,-0.2174840533739268,0.05855136985366483,-0.3034093887329322,-0.1763163107464781
26.35,-0.145076792571218,-0.1804215158093013,0.05696059095030204,-0.3110054599193154,-0.1456539274300689
26.4,-0.123215341070793,-0.1473830958603947,0.05547001927512296,-0.3046998761625667,-0.123821985972647
26.45,-0.1108281781315434,-0.122382791942994,0.05365557055851972,-0.2851812949454895,-0.1114596451489661
26.5,-0.1063626386637501,-0.1067281224189475,0.0512683800983843,-0.2538992500375038,-0.1070101506316387
26.55,-0.1069708842925444,-0.09932926637302547,0.04824255852700243,-0.2130268918835215,-0.1076215263128668
26.6,-0.1095247233070447,-0.09751886493823314,0.04465975731851812,-0.165402588735651,-0.1101623279316112
26.65,-0.1114337268602551,-0.09811375555767071,0.04067692042193111,-0.1143730886483457,-0.1120402315559937
26.7,-0.1110514461708671,-0.09838591206576708,0.03643764934240346,-0.06349832171907011,-0.11160903016271
26.75,-0.1076195987624099,-0.0966463906512024,0.03202682944556501,-0.0161855188171528,-0.1081132792614195
26.8,-0.1008718839925328,-0.09230722655774748,0.02748227324378977,0.02456648664946454,-0.1012915905053247
26.85,-0.0905356792774533,-0.0854882402325568,0.02283336846912298,0.05623925744631686,-0.09087782008369372
26.9,-0.07599357620350097,-0.0764099247526141,0.01816686042390608,0.07676675572661873,-0.07626177345372431
26.95,-0.0562862394159877,-0.06485702080335715,0.01371347649012311,0.08453665560404577,-0.05649069924797046
27,-0.03048559202857971,-0.04995971931126003,0.009905602773859157,0.07851532331552658,-0.03064146983296079
27.05,0.001695416300024637,-0.03041513627874531,0.007358745328504335,0.05849739778395702,0.001570294061056576
27.1,0.03930234469004636,-0.005081197820703154,0.006781544229641834,0.02536220798030631,0.03919006728458324
27.15,0.07981108470250028,0.0262814644205055,0.008854965017113137,-0.01880495579842706,0.07969598482558043
27.2,0.1192499136386817,0.06240812626800585,0.01411118925918214,-0.07077120199318115,0.1191202103862654
27.25,0.1527973733390495,0.1003312508737545,0.02282850416535881,-0.126371360433736,0.1526459974486146
27.3,0.1757209841492564,0.1357163150311094,0.03496104424939817,-0.1808813395088743,0.1755456698771628
27.35,0.1844110724721836,0.1636709632728344,0.05011460481808938,-0.2295747302148242,0.1842138187465368
27.4,0.1772363652126853,0.1798137289869831,0.06757040405159553,-0.2683883978180737,0.1770224757831874
27.45,0.1550033332175405,0.1813076026577854,0.08636194279256437,-0.294390577538663,0.1547803684564626
27.5,0.1209123434931201,0.1675779823464388,0.1053770110292628,-0.3058365783769497,0.1206889705056019
27.55,0.08003074872995333,0.1405331540929251,0.1234426861878368,-0.302163636922091,0.07981553648213879
27.6,0.03841268885873488,0.1042476007952801,0.1394005288867413,-0.2841881880922575,0.03821315130755354
27.65,0.002064727346391924,0.06420587892426577,0.1521886039844775,-0.2541829027006345,0.001886585015371312
27.7,-0.02402746764509755,0.02629746539137923,0.1609184817767258,-0.2155623474622252,-0.02418068526135841
27.75,-0.0366305778325915,-0.004206618188578815,0.1649458673482907,-0.1722884841620979,-0.03675729862289345
27.8,-0.03464355349777572,-0.02348312874974684,0.1639305132330062,-0.1282147716174042,-0.03474341116743646
27.85,-0.0191024575682209,-0.02964827750015592,0.1578707093807363,-0.08652654186441194,-0.01917521225031349
27.9,0.007138717099207396,-0.02286477988821722,0.147106361132881,-0.04938222487135063,0.007094360820843582
27.95,0.03995468789463782,-0.005104700033284004,0.1322959705224719,-0.01781102008986196,0.03994196401695099
28,0.07461317811702113,0.02033402663742606,0.1143734572037066,0.008148398538262436,0.07463752497863868
28.05,0.1064581413099869,0.04944333448804789,0.0944798467183407,0.02916167504909561,0.1065267353590356
28.1,0.1315349572136729,0.07814102649849625,0.07386837867485763,0.04628559139164579,0.1316555751870193
28.15,0.1471016327776022,0.1028369359163503,0.0537922531582451,0.06069959923279955,0.1472811149854441
28.2,0.15198509019362,0.120876836946917,0.03539254614969184,0.07349302027454679,0.1522278136299884
28.25,0.1467509854592267,0.1308384926064758,0.01960443837745096,0.08550031774561917,0.1470575968518082
28.3,0.1336620440574141,0.1326759046839114,0.007083194558548001,0.09719030197856432,0.1340288120318822
28.35,0.1164099838717131,0.1277162487984397,-0.001847083770804836,0.1086273170596208,0.1168290246932088
28.4,0.09962476405204322,0.1185014860769018,-0.007210769412809515,0.1195067811829664,0.1000847998941224
28.45,0.08819348946472426,0.1084679147234855,-0.009355602849827727,0.1292315138464013,0.08868112361381225
28.5,0.08646108504259106,0.1014737569709736,-0.008883741416462976,0.1369849593696875,0.086962517838161
28.55,0.09742741580370735,0.1012021615060331,-0.00655668996010228,0.1418077226188412,0.09792988798875052
28.6,0.1220859750992769,0.1105025989404058,-0.003201377109732062,0.1427327800562798,0.1225788473492053
28.65,0.1590552826893504,0.1307814299984726,0.0003682342287599227,0.1390011327265863,0.1595308282025788
28.7,0.2046207773049861,0.1615728425561336,0.003414632205574586,0.1302990694767049,0.2050742993287322
28.75,0.2532272746785142,0.2004001826581834,0.005339921446411267,0.1169168991736259,0.2536566870916219
28.8,0.2983566237610017,0.2430055037720006,0.005754114282867429,0.09976785340473282,0.2987619330523311
28.85,0.333622057264834,0.2839524956349325,0.00452646142778812,0.08027707160367026,0.3340047732537519
28.9,0.3538456895857711,0.317511708957103,0.001801366958929629,0.06018373800333265,0.3542082150609364
28.95,0.3558867732287298,0.3386514351408431,-0.002027726389773665,0.0413008996568438,0.3562321353476019
29,0.3390584651272368,0.3439090271488355,-0.006375622497888478,0.02526640386310774,0.3393903412210738
29.05,0.3050833844734661,0.331943687475752,-0.01053803046027096,0.0132988111909263,0.3054060600877889
29.1,0.2576539279546223,0.3036650941773135,-0.0137749347565756,0.005996149556447117,0.257972272694473
29.15,0.201747850446586,0.2619524372761256,-0.01539873374578365,0.003276729640366127,0.2020671955542713
29.2,0.1428802618577774,0.2110780491614063,-0.01485435231288018,0.004550631331811661,0.1432057816679131
29.25,0.08644746573380538,0.1560026903152765,-0.01178812273013929,0.009073364650264204,0.08678321301889114
29.3,0.03725157215543988,0.101709474706601,-0.006101146420162573,0.01629386765543295,0.03759940395445704
29.35,-0.0007890999633357203,0.05270324584207609,0.002037127542542649,0.0260420272567114,-0.0004307146286958718
29.4,-0.02480964842252307,0.01271948881152735,0.0122248925990977,0.03853213897330077,-0.02444650785428226
29.45,-0.0331405202269094,-0.01539883505573314,0.02389470982852948,0.05422236828279281,-0.03278272296944856
29.5,-0.02548315581774242,-0.02975030224214148,0.03638695653163004,0.07357351490772318,-0.02514426452817808
29.55,-0.003106800524001768,-0.02945548877757226,0.04900369945083027,0.0967915149849643,-0.002802152420818882
29.6,0.03102652593143744,-0.0148219890122791,0.06103343796236516,0.1236708135215158,0.03128227590913341
29.65,0.07234281659823812,0.01244451263988555,0.07177408408569746,0.1535937746784063,0.07253826920596823
29.7,0.1150474482366868,0.049109197580683,0.08057440186901044,0.1856332871255227,0.1151764281519811
29.75,0.1528390665206092,0.09050964085085456,0.08686880014377996,0.218648875484768,0.15290165323571
29.8,0.1798397579338488,0.1309852583190146,0.09019705960452606,0.2512913230680848,0.1798420442896901
29.85,0.1915415955069686,0.1646117920408562,0.09023097401784103,0.281911089198523,0.1914942530082706
29.9,0.1855420071923477,0.1861041427000022,0.0868035815122345,0.3084552517451904,0.1854581814290996
29.95,0.1618907729697416,0.1916942979162058,0.07992992941201782,0.3284817265672928,0.1617838087754817
30,0.1229787120302308,0.1797584993798863,0.06981279616613811,0.3393856583670129,0.1228603215089539
30.05,0.0730221115721523,0.1510400464245238,0.05682696677921406,0.3388312573028139,0.07290126130744579
30.1,0.01729244898006517,0.1084312507662645,0.04149283193876929,0.3252725705760436,0.01717493933932329
30.15,-0.03872029635888687,0.05639364242355777,0.02444425186188015,0.2984030528627208,-0.03883161767801496
30.2,-0.09004255186382919,0.0001791794907802791,0.006386534202393324,0.2594004570091519,-0.09014727157844243
30.25,-0.1327424444178465,-0.0549580708537134,-0.01194896381993826,0.2108779576627117,-0.1328420496268391
30.3,-0.1642091010342775,-0.1044087090618331,-0.02984880101606469,0.1565170907885137,-0.1643064865622086
30.35,-0.183209420482547,-0.1446378560159607,-0.04666099933763751,0.1004621626524068,-0.1833084864073896
30.4,-0.1897844744797554,-0.1733858216322133,-0.06183601066697403,0.04664303480659016,-0.1898898165607774
30.45,-0.1850629739267011,-0.1896726145929321,-0.07495729169306331,-0.001792576248149547,-0.1851795679009283
30.5,-0.1710604328333749,-0.193673862196337,-0.08575821692665037,-0.04281208273917669,-0.1711932157515968
30.55,-0.1505008504272724,-0.1865531137574219,-0.09412864864550841,-0.07555737987516919,-0.1506542479369207
30.6,-0.1266522253580519,-0.170320183316055,-0.1001057415104495,-0.1001880574820735,-0.1268297004039862
30.65,-0.1031286193016901,-0.1477216343983716,-0.1038573245330492,-0.1176355434240103,-0.1033322257576054
30.7,-0.0836039804772607,-0.1221212378775521,-0.1056676243713364,-0.129361777629181,-0.08383410245642098
30.75,-0.07141842793188552,-0.09730672966368503,-0.1059191998095736,-0.137117108883023,-0.07167387492435318
30.8,-0.06912107507691606,-0.07716866202525619,-0.1050586416750661,-0.1426637946019033,-0.06939938234783094
30.85,-0.07804921984970488,-0.06525109853910105,-0.103539578932916,-0.1474794106504889,-0.07834718753470726
30.9,-0.09806068402315767,-0.06423894088764026,-0.1017659209304536,-0.1524855659646764,-0.09837514820513488
30.95,-0.1275040766454907,-0.07549342854644747,-0.1000597863238514,-0.1578619721995358,-0.1278325055293849
31,-0.1634473979421933,-0.0987584499757358,-0.09865046940201855,-0.1630218167557998,-0.1637881640108315
31.05,-0.2021208000170614,-0.1321207975644384,-0.09766395541658046,-0.1667746259195835,-0.2024731588229929
31.1,-0.2394867563913404,-0.1722463363614509,-0.09711258288097885,-0.1676307210670661,-0.2398503735288412
31.15,-0.2718345108060551,-0.2148580592104452,-0.09690328407214871,-0.1641815086293734,-0.2722086469456005
31.2,-0.2962996097166686,-0.2553752827387325,-0.09686085864065469,-0.1554884037044041,-0.2966824368406555
31.25,-0.3112260637441615,-0.2895987184068756,-0.09675219462934248,-0.1414013565932638,-0.3116143677523442
31.3,-0.3163147582859615,-0.3143177903947714,-0.09631113139890313,-0.122723508673158,-0.3167040296183538
31.35,-0.3125376199095629,-0.3277420632177076,-0.0952719908300676,-0.1011621440401924,-0.3129228186741484
31.4,-0.3018412557641029,-0.3296866605154906,-0.09340022237514661,-0.07910139234817415,-0.3022181358269765
31.45,-0.2867048785062333,-0.3214762872181796,-0.0905122295130048,-0.05931930450197259,-0.2870712503261016
31.5,-0.2696428564645105,-0.305589808963985,-0.08648985084092542,-0.04468480849211121,-0.2699996383117207
31.55,-0.2527473571436828,-0.285119998486669,-0.08129390431782313,-0.0377864829543339,-0.2530991371794642
31.6,-0.2373502517888119,-0.2631593913828079,-0.07498382830597161,-0.04053437831325124,-0.2377048199516426
31.65,-0.2238531988854903,-0.24223837875784,-0.06772640496901228,-0.05385912403285298,-0.224220152632936
31.7,-0.2117429149850402,-0.2239232405755975,-0.05978200097821862,-0.07756796991900727,-0.2121316500581865
31.75,-0.1997801809100918,-0.2086383306304589,-0.05148075706568594,-0.1103229951308243,-0.2001974271945761
31.8,-0.1863265700168393,-0.1957257278542189,-0.04320531394126742,-0.1497187936173429,-0.1867740366155822
31.85,-0.1697522548206472,-0.1837129383894352,-0.03538601256354235,-0.1924801796576181,-0.1702251354718036
31.9,-0.1488511947731166,-0.1707246152640728,-0.02850132159729823,-0.2347646832031782,-0.149337825254417
31.95,-0.1231800230179357,-0.1549480508875739,-0.0230681508798467,-0.2725166614464969,-0.1236627234146097
32,-0.0932430009166733,-0.1350705084681864,-0.01961279308168107,-0.3018653032597693,-0.09370018341647529
32.05,-0.06047460604409721,-0.1106110411289838,-0.01862344590704357,-0.3195984448227955,-0.06088364367064641
32.1,-0.02701965837435125,-0.08207496803109088,-0.02049275761111852,-0.32366847038546,-0.02735957016462309
32.15,0.004634476303041526,-0.05089931189234664,-0.02546699179188761,-0.3135959551478661,0.004380840309311185
32.2,0.03207447454010661,-0.01921363056440428,-0.03361093664102116,-0.2906495035863376,0.03191915397470557
32.25,0.05331279896383539,0.01051030705307499,-0.04478730668549924,-0.2577569181957535,0.053262617528817
32.3,0.06698399310806995,0.03582595467536498,-0.05865077687133735,-0.219169619667225,0.06704111232282495
32.35,0.07234849662926048,0.05460993975797068,-0.07465578334159717,-0.1799257437296716,0.07251121901865909
32.4,0.06913675403528333,0.06523839192928693,-0.09208288139301163,-0.1451578769354784,0.06940011981946403
32.45,0.05732743161670917,0.06663268395363342,-0.1100969954907626,-0.1193143389202651,0.0576832656283966
32.5,0.03698295748613405,0.05820670467136801,-0.1278316835436888,-0.1054205144906252,0.03741956486742781
32.55,0.008250551266363428,0.03979336643559706,-0.1444726786188739,-0.1045545820152312,0.008752232915333114
32.6,-0.02842349817237026,0.01162948681061748,-0.1593222556716555,-0.1156903230908721,-0.02787672508293598
32.65,-0.07190615765111701,-0.02554531099285684,-0.1718378658887519,-0.1359514746910002,-0.07133798561500637
32.7,-0.1199420056300802,-0.07027338519685622,-0.1816489743862318,-0.1611757118879977,-0.1193783071445578
32.75,-0.1688497405351242,-0.1201079110677057,-0.1885587580984969,-0.1866097040143606,-0.1683163310617775
32.8,-0.2135312429238256,-0.1713969089888682,-0.1925369986723817,-0.2075976517891936,-0.2130509294825405
32.85,-0.2479098237024348,-0.2192690562698682,-0.1937084666889105,-0.2201934972924003,-0.2474992908436109
32.9,-0.2657996583298101,-0.2579390154546869,-0.1923370995998678,-0.2216507719733293,-0.2654671446042308
32.95,-0.2620717459894633,-0.2813753119438377,-0.1888035829838879,-0.2107271206347665,-0.2618157361233933
33,-0.2338614994874428,-0.2842750172711745,-0.1835708718267682,-0.1877291843366677,-0.2336708362627064
33.05,-0.1815052900604925,-0.2631685206835755,-0.1771374549204419,-0.1542786401535491,-0.1813609928764187
33.1,-0.1089255193542438,-0.2173965272303108,-0.1699869560971539,-0.1128836726497084,-0.1088037655966076
33.15,-0.02330397769485207,-0.1496865379893668,-0.162549131643058,-0.0664711649633869,-0.02317962849869543
33.2,0.06593933323540992,-0.06612185478801957,-0.1551794577656052,-0.01804407768783839,0.06608932224192327
33.25,0.1486656222995564,0.02456632930632241,-0.1481512114370693,0.0294397128211048,0.1488596832418573
33.3,0.215713712012581,0.1122887568522097,-0.1416469329733649,0.07305215577541518,0.2159645178016244
33.35,0.2604145243420928,0.187221898470681,-0.1357405322168357,0.1099669171403436,0.260729187674951
33.4,0.279616710791558,0.2414522015216907,-0.1303804545541619,0.1377339194317013,0.2799980301743687
33.45,0.2740347597373493,0.2702639579170267,-0.1253938996036034,0.1546591342724851,0.2744831148295671
33.5,0.247880396934866,0.2728279136499516,-0.1205203326041009,0.1601106041514341,0.2483956420035908
33.55,0.2078847871849134,0.2521662186508852,-0.1154549583721929,0.1546268051165988,0.2084674093577603
33.6,0.1619371181207807,0.2144189720361195,-0.1098845938109069,0.1397957403170799,0.162588515814725
33.65,0.1176368310396221,0.1675849077043217,-0.1035290407861463,0.117948770157312,0.1183586852603632
33.7,0.0810655943896765,0.1200128694134071,-0.09619655901098667,0.09177269259827497,0.08185806845896382
33.75,0.05602168610559273,0.07896024901663445,-0.08783847964838642,0.06396688863685807,0.05688123012393237
33.8,0.04383500802036257,0.04951352114467295,-0.0785805618378404,0.03702616219430355,0.044752600973477
33.85,0.04372199503423104,0.03406737145817923,-0.06872127488570534,0.01314283381082859,0.04468181371700952
33.9,0.0534908393376135,0.03241848670338532,-0.05870317612009807,-0.005835750239492399,0.05447020113333295
33.95,0.07032447021093109,0.04237620381539275,-0.04906743163035704,-0.01846814535831076,0.07129557132898329
34,0.09138043559746588,0.06064846248408595,-0.04039390848369384,-0.02382753898301465,0.09231301630185007
34.05,0.1140472418495501,0.08370281711556393,-0.03323363488352837,-0.02159652628620845,0.114911921965252
34.1,0.1358524418584683,0.1083465557938754,-0.02805153970344815,-0.01208223091766791,0.1366243984909739
34.15,0.1541667797718457,0.1319029281004549,-0.02518040531448196,0.0038307508119379,0.1548285780974856
34.2,0.1659334706291785,0.1520261479212629,-0.02478931623482816,0.02477138806078261,0.1664765713527241
34.25,0.1676466021839512,0.1663359854589637,-0.02687620252991074,0.04903739781078303,0.1680716825408176
34.3,0.1557108353667321,0.1721205825116777,-0.03128143148829832,0.07479942194163236,0.1560268150458095
34.35,0.1271666715023444,0.1663317163394312,-0.03771255074632129,0.1002782386111134,0.127388659857771
34.4,0.08061249386936227,0.1459877890487396,-0.04577461771625246,0.1238320204435612,0.08075938943090427
34.45,0.0170484111629586,0.1089298421719768,-0.05500754178499356,0.1439945992453088,0.01714050144143098
34.5,-0.0596549121807536,0.05472449934447088,-0.06493469491412973,0.1595735217395506,-0.05959813407438308
34.55,-0.1428805792641679,-0.01458133129158867,-0.07511316587966999,0.1698173862161285,-0.1428421370214578
34.6,-0.2240404080059382,-0.09414404891647499,-0.0851631362126557,0.1745454277514257,-0.2240071140567714
34.65,-0.2938671586349414,-0.1766301952024074,-0.09477228229311868,0.1741853839305535,-0.2938304975475404
34.7,-0.34393535895372,-0.2531565068697802,-0.1036836906876273,0.1697477605844337,-0.3438919914957038
34.75,-0.3680568435435211,-0.3146775408552139,-0.1116783403692502,0.1627415826177566,-0.3680086267515499
34.8,-0.3632414879149508,-0.3535122173399377,-0.1185628693466769,0.1550047073725993,-0.3631948935884952
34.85,-0.33004546715129,-0.3646566333055406,-0.1241666097021624,0.1484537995519207,-0.3300102882451341
34.9,-0.2722972510812548,-0.3465806393234577,-0.1283441949162714,0.1447735494681813,-0.2722845736993568
34.95,-0.1963387835514362,-0.3013555001060152,-0.1309830580993444,0.1450611010218089,-0.1963584979391212
35,-0.1100055560709094,-0.2341481990178272,-0.1320152075345567,0.1494953293255918,-0.1100638331151648
35.05,-0.02157943608933815,-0.1522619397564735,-0.1314231347924723,0.157164805217525,-0.02167673761326744
35.1,0.06110664996074706,-0.06398372858906776,-0.1292344444383641,0.1661719345140513,0.06097640475340876
35.15,0.1313231394811104,0.02249599141470765,-0.1255122636207476,0.1740040228412095,0.1311719600134792
35.2,0.1838576395545878,0.09991047236932271,-0.1203570562926317,0.1780244955413696,0.1837013402549668
35.25,0.2152449125742297,0.16242788910661,-0.113913809377799,0.1759434765170605,0.2150997829570021
35.3,0.223879587147452,0.2058873073904361,-0.1063672793307481,0.1662166306815416,0.2237586794670743
35.35,0.2100496052403937,0.2278517367564555,-0.09792495172835047,0.1483211385032712,0.2099594165907416
35.4,0.1758842046130204,0.227582643329262,-0.08879140435165478,0.1228163939885406,0.1758225583220772
35.45,0.1251779750064853,0.205999139738488,-0.07914500892715992,0.09116730823158165,0.1251337450343674
35.5,0.06304885117491212,0.1656054736429755,-0.06912723371828139,0.05542652788385904,0.06300354854182399
35.55,-0.004586366284664659,0.1103438430018311,-0.05883688499711714,0.017896245904226,-0.004655538502385037
35.6,-0.07168866399241801,0.04531748553175907,-0.04833101887059088,-0.01916313708545175,-0.07180504492826617
35.65,-0.1328417077941191,-0.02366582462701916,-0.03764213236513314,-0.05375443190717377,-0.1330257062968596
35.7,-0.1839356946321296,-0.09071945208896293,-0.02680648410031772,-0.0842675678722512,-0.1842025043508327
35.75,-0.2226397880899121,-0.150594045723778,-0.01588927295111608,-0.1094956788962091,-0.2229987280276359
35.8,-0.2485313371876526,-0.1993502553114481,-0.004995679081215232,-0.128602850344868,-0.2489866970962087
35.85,-0.2628165378156815,-0.2348235182986926,0.00572840013729875,-0.1411146490039873,-0.2633695014888427
35.9,-0.2676839547790109,-0.2567397434808423,0.01610023612958689,-0.1469262361543412,-0.2683347990353859
35.95,-0.2654499598250612,-0.2664196492306984,0.02591070653529537,-0.1462772722015708,-0.2661993730211758
36,-0.2577397963880425,-0.2661223443979266,0.0349384383542477,-0.1396768157321532,-0.2585889635453413
36.05,-0.2449628852373038,-0.2582023465918384,0.04296017052713219,-0.127807554284758,-0.2459123337908244
36.1,-0.2262676589947577,-0.2443342299490032,0.04976144416199069,-0.1114350683287807,-0.2273145983595766
36.15,-0.2000138730467787,-0.2250535508651738,0.05514984535380613,-0.09131527271883766,-0.2011490937325873
36.2,-0.1646306611647678,-0.1997739239308597,0.05896278210160455,-0.06811345237183491,-0.165836249237142
36.25,-0.1195938351537851,-0.1672933350271353,0.06107485528809359,-0.042404060906514,-0.1208418405610675
36.3,-0.06620215407676285,-0.1266375818970092,0.0614136162219765,-0.01479553862620092,-0.06745513267848063
36.35,-0.007885205594606691,-0.07796723436042163,0.05997960688311821,0.01389547764617494,-0.009099234703180525
36.4,0.05008540815172115,-0.02324170093239614,0.05686053427391335,0.04256744200242746,0.04895630720403854
36.45,0.1014355891512577,0.0336046350065432,0.05223516262927813,0.06990833769918792,0.1004343157535515
36.5,0.1400754338073345,0.08707758292059836,0.04636768040576728,0.09454442676771241,0.1392365011088714
36.55,0.1613368040210666,0.1310542604141872,0.03958984789233366,0.1151853622575562,0.1606822719825472
36.6,0.1629615870773198,0.1600029404093909,0.03227075527205708,0.1307312607366087,0.1624991028551881
36.65,0.1456142278269456,0.170179392196267,0.02477993393452743,0.1403008976194353,0.1453370284081882
36.7,0.1128141961135286,0.1605009252294527,0.01745294376395551,0.1431700602639716,0.1127031085524052
36.75,0.07032113887188902,0.132888182856731,0.01057002864233847,0.1386866804418417,0.07034815225590774
36.8,0.02512180625730503,0.0920043885004217,0.004352812734819633,0.1262418237667807,0.02525415392232588
36.85,-0.01576062489028669,0.0444606458298944,-0.001024398371947288,0.1053037788173592,-0.01555652928201434
36.9,-0.04639561039978558,-0.002326173021460154,-0.005418517330719075,0.07549432966360792,-0.04615111119525483
36.95,-0.06280883394121677,-0.04137805478212681,-0.008705547604686281,0.0367221752314405,-0.06255117525698173
37,-0.06345191803714997,-0.06725911608859575,-0.01077617602715752,-0.01062457459034588,-0.06320342047688543
37.05,-0.0492436599105316,-0.07683925573000855,-0.01154391308063407,-0.06548264428103456,-0.04902178352421227
37.1,-0.02323639876305095,-0.06961464976802367,-0.0109608742332834,-0.1259831297887792,-0.0230541567448862
37.15,0.009980669955722251,-0.04759581479918851,-0.009030518278133282,-0.1894067648690665,0.01011440952680642
37.2,0.04501197887354464,-0.01484111843202807,-0.00581205803065199,-0.252213984028589,0.04509233319474482
37.25,0.07640932251153329,0.02325019492447,-0.001416802746899704,-0.3101852944054171,0.07643534607186708
37.3,0.09937595486075307,0.06074990668294122,0.004001825975596729,-0.3587518288033919,0.09935050099165121
37.35,0.1103797556828524,0.09200568831878614,0.01026207789792122,-0.3935330366429953,0.1103089418885154
37.4,0.1076418350266647,0.1123631852121961,0.01716977966559741,-0.4109881965102971,0.1075340659849612
37.45,0.0914507993142735,0.1187558016592546,0.02453994062482862,-0.4090503443253763,0.09131550465726357
37.5,0.06423098392621607,0.1101280074386277,0.03222472023933137,-0.3875973371569725,0.06407739784078881
37.55,0.03029338108207291,0.0876519289027094,0.04013447097574607,-0.3485866705636942,0.03012986414713131
37.6,-0.004758051053634929,0.05467821524754957,0.04823811513195148,-0.2957672328650813,-0.004923928187714199
37.65,-0.03490756076693668,0.01636075566535883,0.05654609523641663,-0.2340522857620636,-0.03506820330890592
37.7,-0.0547422984770642,-0.02105684236960897,0.06509006472480106,-0.1687287180510005,-0.05488873908907854
37.75,-0.06037995334785691,-0.05121525172714081,0.07390820505774792,-0.1046743440658893,-0.06050056975959817
37.8,-0.05008850742910157,-0.06870399405273481,0.08303114638153408,-0.04573383052852409,-0.05016838807830942
37.85,-0.02445051786362899,-0.06998328098566264,0.09246160098432032,0.005618579902093135,-0.02447178359208113
37.9,0.01395351072457633,-0.05393485600433084,0.1021526606127683,0.04826524887771166,0.01401027527037657
37.95,0.06124039552104246,-0.02191375936254802,0.1119943127963295,0.08212524086224138,0.06139382455587972
38,0.1131052819555139,0.02270050341866497,0.1218131230454588,0.1076631560822549,0.1133705062581517
38.05,0.1656639454347108,0.07532964452799473,0.1313840272925094,0.1254006562910475,0.1660500047881205
38.1,0.2160581676591614,0.1311771905637899,0.1404474370190526,0.1356020307119601,0.2165662028503492
38.15,0.2626951992792352,0.1861162360997619,0.148724017663777,0.138236527692932,0.2633178143931519
38.2,0.3050858773009225,0.237277815744937,0.1559269649854559,0.1331979533638445,0.3058075929268248
38.25,0.3433469562396229,0.2832180658910926,0.1617769029912278,0.1206641872717238,0.3441458120072035
38.3,0.3775257663813055,0.3236547863296827,0.1660202337286476,0.1014575077175638,0.378375781085171
38.35,0.4069648177911495,0.3588814743931491,0.1684462459092296,0.07730158691747574,0.4078383434082222
38.4,0.4299240923668049,0.3890497974626654,0.1689003795486441,0.05088787650835658,0.4307940356348971
38.45,0.4436116679823118,0.4135465249505985,0.1672946593968849,0.02562201583274076,0.4444535245327633
38.5,0.4446491475764592,0.4306751972988845,0.1636173630466111,0.004953475027288268,0.4454422471793119
38.55,0.4298553180920977,0.4377668881577786,0.1579448141499731,-0.008443485092499536,0.4305837979646231
38.6,0.3971262755400969,0.4317161204777631,0.150454536119938,-0.01318518069883717,0.3977801162996907
38.65,0.3461587073569394,0.4097935829481099,0.1414309626012794,-0.00935061849574309,0.3467343897487908
38.7,0.2788129985897503,0.3704957361629047,0.131259780977346,0.00155912071897274,0.2793138309008734
38.75,0.1990243245989981,0.3141728621786012,0.1204113604980745,0.01687866679092459,0.1994603559977228
38.8,0.1122976310770841,0.2432580547749549,0.1094074179894466,0.03327668998053579,0.1126846543817493
38.85,0.02492358684009955,0.1620447891894798,0.09877270888322753,0.04743518799504337,0.02528112212560518
38.9,-0.05689623275036663,0.07608562117514539,0.08898549773681619,0.0567455279736081,-0.05654765411265655
38.95,-0.1278294473885218,-0.008616038545067595,0.08043874288197483,0.05982114179904513,-0.1274713611707974
39,-0.1839577740249809,-0.08641688449140128,0.07341564810246687,0.0567114204813029,-0.1835768481483364
39.05,-0.2230145891308781,-0.1526758439843052,0.06807800236891143,0.04881007063949216,-0.2226049918853998
39.1,-0.2443169167328159,-0.2041260373831881,0.06446725866869363,0.03851467882393883,-0.2438815526625286
39.15,-0.2484615770448884,-0.2389587596004448,0.06251686819137087,0.0287380949138154,-0.2480122447571808
39.2,-0.2369065728254075,-0.2566700652083019,0.06207211039338478,0.02238214727299304,-0.2364628219523298
39.25,-0.2115786294484166,-0.2577617078216842,0.06291489136085038,0.02187175004025321,-0.211165297957389
39.3,-0.1746266908580459,-0.2434037718159195,0.06479206436866902,0.02882401631304865,-0.174270620328748
39.35,-0.1283794397721442,-0.2151617604584843,0.06743983761803451,0.04388332846258836,-0.1281055045038972
39.4,-0.07547666279354916,-0.1748762670604895,0.07060245947637789,0.06671681732715551,-0.07530354145307727
39.45,-0.0190639795127539,-0.1247282948073148,0.07405008752577519,0.09614433701940961,-0.01900055731829442
39.5,0.03709686100723691,-0.06743111335055307,0.07759507446912012,0.1303585885592875,0.03705386242422332
39.55,0.08872740189028465,-0.006429422371416804,0.08110181426677254,0.1671790923532032,0.08859394710107066
39.6,0.1313907236562939,0.05403436472967504,0.08448670154115123,0.2042725113149751,0.1311937597493663
39.65,0.161059053718464,0.1091018565834158,0.08771113625100579,0.2392780568947298,0.1608328393728612
39.7,0.1747596970181498,0.1537636442726122,0.09077192363561282,0.2698372345759301,0.1745407131843368
39.75,0.171131186596226,0.1835365289239058,0.09369669430491945,0.2935973960187692,0.170952566591274
39.8,0.1507386156392238,0.1952012562854775,0.09654374502599061,0.3082682486374129,0.1506252585516969
39.85,0.1160578530100261,0.187415601353595,0.09939348248724994,0.3117737750136445,0.1160229306843907
39.9,0.07111869469087792,0.1610395661760077,0.1023266468007439,0.3024961163145357,0.07116209107596649
39.95,0.02087405585391063,0.1190887084831701,0.1053969177853356,0.2795537562735225,0.02098284586954913
40,-0.02958254394940306,0.06632019948573342,0.1086096048355643,0.2430286672396424,-0.02943199949438735
40.05,-0.07580353949153347,0.008528033245507272,0.1119124189807911,0.1940840603145292,-0.07564235703564937
40.1,-0.1146317594951584,-0.04832437274827939,0.1151968391097304,0.1349565722883461,-0.1144948735326706
40.15,-0.1445813251418133,-0.09898186519439733,0.1183085450773917,0.06883195128358599,-0.1445039670736118
40.2,-0.1658777234820188,-0.1396381788157699,0.1210647889960879,-0.0003819760693494212,-0.1658923690787862
40.25,-0.1801428599010103,-0.1684051934533149,0.1232741508315758,-0.06838007136543162,-0.1802768812689026
40.3,-0.1897894225130283,-0.1854218781803182,0.1247543425575248,-0.1308577780250151,-0.1900633542326446
40.35,-0.1972673538254306,-0.1925890948255259,0.1253444332182721,-0.1839108822346901,-0.1976936648414118
40.4,-0.2043588476254067,-0.1929784133086935,0.1249115414307052,-0.2243734697206511,-0.2049410813984923
40.45,-0.2117198025266328,-0.1900360304681273,0.1233571175988154,-0.2500676844263315,-0.2124518938772579
40.5,-0.2188017848110992,-0.1867655745982241,0.1206255460296481,-0.2599424591069281,-0.2196678328188711
40.55,-0.2241738302185778,-0.185096321241941,0.1167098263728052,-0.2540889979637425,-0.2251486446724602
40.6,-0.2261347775852385,-0.1856016878984541,0.111649895151877,-0.2336720193302565,-0.227185030357508
40.65,-0.2234104698001347,-0.1876287786475499,0.1055273049900588,-0.2008347296560488,-0.2244970003243004
40.7,-0.2157072715560807,-0.1897758922737046,0.09846072794993743,-0.1585688673988719,-0.2167886743292748
40.75,-0.2039503314499001,-0.1905522083513892,0.09060252939277147,-0.1105063384468729,-0.2049867949178588
40.8,-0.1901459846791202,-0.1889986936427482,0.0821337064929003,-0.0606371159960335,-0.1911032701851844
40.85,-0.1769330831231392,-0.1850748426484824,0.0732585402945865,-0.01298662858424077,-0.1777861421958478
40.9,-0.1669760337488839,-0.1797106246207342,0.06420574005552132,0.02872094328608954,-0.1677109998311341
40.95,-0.1623734208245741,-0.1745404189229316,0.05522452228122143,0.06137413914291201,-0.1629879808508711
41,-0.1642184600665163,-0.1714260783992454,0.04656735672660506,0.08270600933550259,-0.1647208230538103
41.05,-0.1723764207434423,-0.1719293720804276,0.03846879349171417,0.09143286353530222,-0.1727828977058838
41.1,-0.1854765715663449,-0.1768795404793849,0.03112987117520238,0.08732089399268606,-0.1858085075039381
41.15,-0.2010810314742775,-0.1861146716779964,0.02471180562422504,0.07116995640523932,-0.2013618769480154
41.2,-0.2159906600384709,-0.1984179826444821,0.01933455285589109,0.04469725157334015,-0.2162434976675461
41.25,-0.2266598335564327,-0.2116346846150805,0.01507562442778831,0.0103463528233731,-0.2269055344240954
41.3,-0.2296948266201159,-0.2229376344119813,0.01197199283472472,-0.02894304730435449,-0.2299509211103549
41.35,-0.2223918810242161,-0.2292083073528065,0.01002422819651727,-0.06999405960034988,-0.2226719256163628
41.4,-0.203237450086786,-0.2275043341564897,0.009198474396367506,-0.1096706852181321,-0.2035505387945494
41.45,-0.1722672561800147,-0.2155645895731132,0.009425939874494638,-0.1451553078882843,-0.1726176250802608
41.5,-0.1311871627259355,-0.1922676498100356,0.01060092224311193,-0.1742050745600349,-0.1315739192492087
41.55,-0.08320573613113649,-0.1579542827901187,0.01257806685713198,-0.1953649191549588,-0.08362261401993354
41.6,-0.03260187527071704,-0.1145335748386682,0.01516973161024904,-0.208109029524857,-0.03303731623301898
41.65,0.01587722456798542,-0.06531908403929787,0.0181503421427211,-0.212863859512864,0.01543930998427301
41.7,0.057653983713004,-0.01461206661645259,0.02127350074526713,-0.2108637032906603,0.05723284504014697
41.75,0.08887159468899082,0.0328740824279532,0.02429682939383893,-0.2038587184946022,0.0884875626467726
41.8,0.106785558419922,0.07262106164719401,0.02700722857010152,-0.1937843910797085,0.1064573369153615
41.85,0.1099841744882288,0.1008372916289964,0.02924270711683502,-0.1824982423480742,0.1097261573923597
41.9,0.09847024116215362,0.1148491659739203,0.03090860096280518,-0.171608494111822,0.09829045213663856
41.95,0.07364409081716948,0.113336000045472,0.03198381121761396,-0.1623720218403912,0.07354324782274269
42,0.03820586213463393,0.09643306829027321,0.03251203729288582,-0.1556492937606151,0.03817805103579619
42.05,-0.004035103646499517,0.06574108018137864,0.03258102068347746,-0.1518893398023468,-0.004000188476391664
42.1,-0.04847070144099588,0.02425684309394682,0.03229844350163358,-0.1510822576293129,-0.04838451992210552
42.15,-0.09013779919388319,-0.02380193922673507,0.03176927188610867,-0.1526717947826777,-0.09000952956116037
42.2,-0.1242702318233281,-0.07331804920431051,0.03107504649021831,-0.1555085835524252,-0.1241041643810835
42.25,-0.1468885153423567,-0.118759607000006,0.03025774887210886,-0.1579307959194685,-0.1466830005607725
42.3,-0.1553242560244591,-0.1548050523353779,0.02931120721566921,-0.1579965184187196,-0.1550724220989835
42.35,-0.1485716517104591,-0.1770359503716173,0.02818020023068324,-0.1538175225699264,-0.1482637468033721
42.4,-0.1273862674992041,-0.1825726240719428,0.02676582816059669,-0.1438959690443299,-0.1270128410454461
42.45,-0.09410292541544731,-0.1705179254104235,0.02493622845649934,-0.1273532565554815,-0.09365780822176512
42.5,-0.0522061475839731,-0.1420976646538267,0.02254132251161295,-0.1040257426978211,-0.0516885735394722
42.55,-0.005743134510244613,-0.1004540057308321,0.0194290950348342,-0.07451538478562147,-0.00515845604009646
42.6,0.04129475067594645,-0.05012916803098355,0.01546130574004445,-0.04022095686007443,0.04193597536973198
42.65,0.08549022738711182,0.003667110031670362,0.01052802091313731,-0.003258708020103418,0.08617417317405135
42.7,0.1243132975871844,0.05585858339554856,0.004562707846758995,0.03379726855636367,0.1250251091742265
42.75,0.1561822332485101,0.1022024218304888,-0.002442466639013818,0.06832951185775948,0.1569080852281749
42.8,0.1803007330666052,0.1397477151129077,-0.01042752013951814,0.09815041267869606,0.181029083978855
42.85,0.1963698233127377,0.1669850842881352,-0.01926719483000683,0.1218796763557044,0.1970914572534608
42.9,0.2043134482031479,0.1836992887015506,-0.02878143625302187,0.1390641141028127,0.2050208758754233
42.95,0.2041505201768886,0.1906130289054847,-0.03874723538771724,0.1500073752414909,0.2048372920876165
43,0.1960872771033648,0.1889686554409031,-0.04891220108255179,0.1554442957430263,0.1967474358800044
43.05,0.1808073507251558,0.1802033258623872,-0.05901223076003176,0.1562308920154774,0.1814358175592509
43.1,0.1598386326646703,0.1658216179815477,-0.06878902777547002,0.1531327051507196,0.160432705008126
43.15,0.1358120499654375,0.147478672810302,-0.07799951717859499,0.1467107876362623,0.1363732753942717
43.2,0.1124289781172758,0.1271834862665351,-0.08641766009294438,0.1373062816905742,0.1129649467076835
43.25,0.09403454009553129,0.1074637733868462,-0.09383867761287068,0.1251292312391463,0.0945598511300344
43.3,0.08483064962769453,0.09133427017468854,-0.1000911336443808,0.1104071436287151,0.08536600243841852
43.35,0.087906678561226,0.08197522864348605,-0.1050516955018754,0.09353032742810008,0.08847585622860565
43.4,0.1043613062383498,0.0821371846580069,-0.1086520328143495,0.07516526512843646,0.1049865223974419
43.45,0.1327934319057241,0.09341546440017889,-0.1108759529526732,0.05631784650027949,0.1334897974821212
43.5,0.1693470079689144,0.1156264238080078,-0.1117546711478333,0.03831447869490223,0.1701174400603792
43.55,0.2083398658833884,0.1465139230549995,-0.1113654118255155,0.0226804280892518,0.2091721515185934
43.6,0.2433458736474346,0.1819356339497794,-0.1098312144332838,0.01092829036606191,0.2442129219553012
43.65,0.2684807979694088,0.2165422824454785,-0.10731650121007,0.00430512746849715,0.2693440674458232
43.7,0.2795901735085935,0.2448042455015965,-0.1040193875531932,0.003576484460795726,0.280406068991523
43.75,0.275057886498083,0.2621354405198973,-0.1001657067112278,0.008927634287640152,0.2757858337519782
43.8,0.2560356002807858,0.2658331793113828,-0.09599858638763387,0.02001594040424365,0.2566455568464987
43.85,0.2260227335681713,0.2555991383619121,-0.0917561150010332,0.0361343180156084,0.2265008126810243
43.9,0.1898893723680027,0.2335074923997696,-0.08764583669401693,0.05640418908487932,0.1902403292624231
43.95,0.1525911388654561,0.2034198658577197,-0.08382898799306937,0.0799151981259793,0.1528368571744178
44,0.1179268877938579,0.1699844178699643,-0.08041808165519476,0.1057638043844342,0.118101432419556
44.05,0.08769499591544061,0.1374618113510798,-0.07748577868308171,0.1330202438946657,0.08783733469368549
44.1,0.06149423602081092,0.1086935615215004,-0.07507961778948241,0.1606969516002579,0.06164013563707271
44.15,0.03722047798894072,0.08450245006510543,-0.07323334840334184,0.1877575552673684,0.03739537584826613
44.2,0.01209566327800573,0.06369265228877197,-0.07196926746856203,0.2131285876414671,0.0123100362277816
44.25,-0.01609692389294104,0.04366556538797228,-0.07129411519341322,0.2356650549974764,-0.01584884009795906
44.3,-0.04795477117644896,0.02148312139444564,-0.07119447414185426,0.2541146116075716,-0.04769290665449738
44.35,-0.08189818949598804,-0.004937756042821873,-0.07163766624098328,0.2671694377109153,-0.08165186730557783
44.4,-0.1142788410467785,-0.03586006990693336,-0.07258032567706252,0.2736307369243238,-0.1140805933127877
44.45,-0.1401224119419751,-0.06928909814762457,-0.07397956305376835,0.2726255083177176,-0.1400019920358201
44.5,-0.1542930080032249,-0.1012014255585308,-0.07579814273856866,0.2637805343819498,-0.1542727534528946
44.55,-0.1527573420750419,-0.1263751047053407,-0.0780008498577146,0.2472886845301318,-0.1528496774441894
44.6,-0.1336180829059607,-0.1395960799234987,-0.08054910803413362,0.2238668152801113,-0.133825305413146
44.65,-0.09767302551516172,-0.1369235952261958,-0.08340235397735302,0.1946558849932611,-0.09798880710562047
44.7,-0.04840404698335082,-0.1166914670263689,-0.08652450378752818,0.1611324646120101,-0.0488159259578097
44.75,0.008544751557143937,-0.08001267695407288,-0.08988531472787797,0.1250838055767395,0.008052918801078335
44.8,0.06622848522400472,-0.03069687222952361,-0.0934556003952568,0.08861796381697418,0.06567479194243525
44.85,0.1173906902117586,0.02535154951066765,-0.09720166692265186,0.05410435631648797,0.116794268307357
44.9,0.1553975101234052,0.08106553996322152,-0.1010803308398038,0.02397606837074961,0.1547784840288873
44.95,0.1750067024661318,0.1292494199369428,-0.1050355096939456,0.0004287303761962846,0.174386508019482
45,0.1729352936293401,0.1635215720807218,-0.10899945434685,-0.01488453609765295,0.1723365040342599
45.05,0.1482301111892007,0.1790489514243945,-0.1128978862438885,-0.02108263641601171,0.1476754237684235
45.1,0.1024408528211256,0.1730386564300135,-0.1166545881873121,-0.01819311162292858,0.1019511840573691
45.15,0.03956037920777451,0.1450066677158285,-0.1201946428355971,-0.007215481144277058,0.03915208492377614
45.2,-0.03433204388182492,0.09684642619674633,-0.1234472741771287,0.009879304484840257,-0.03465011290033654
45.25,-0.1117714661210557,0.03269157806344059,-0.1263461622061092,0.03025506352671109,-0.1120001342296002
45.3,-0.1849210388768944,-0.04145773432661171,-0.1288267655844501,0.05049400417621508,-0.1850718215101834
45.35,-0.2467540889752999,-0.1183787236152683,-0.1308260341797776,0.0670625358485154,-0.2468487108436187
45.4,-0.292160574325538,-0.1905324989500866,-0.132287079636529,0.07685460251555887,-0.2922290310634246
45.45,-0.3187066237629319,-0.2511383804942152,-0.1331650947868098,0.07768262448803998,-0.3187843374483768
45.5,-0.326847272594716,-0.2952161431686923,-0.1334340650215693,0.06864216377615551,-0.3269718251837216
45.55,-0.3195417025567565,-0.3203488468064921,-0.1330930570863022,0.05029624574098418,-0.3197495288796399
45.6,-0.3013906804601283,-0.3269547328366429,-0.1321686703571679,0.02460889660786503,-0.3017139511340503
45.65,-0.2775420641658886,-0.3179729950621613,-0.1307140373831747,-0.005379586820781324,-0.2780059080832156
45.7,-0.2526504136365649,-0.2980341876531679,-0.128805062022303,-0.03605160738197433,-0.2532704753945932
45.75,-0.230127232036176,-0.2723621179131753,-0.1265320019678124,-0.06379765445280006,-0.230907630175699
45.8,-0.2118090227609439,-0.2457068983552508,-0.123986642521828,-0.08561036885534801,-0.2127411691267143
45.85,-0.19804518855331,-0.2215614332147114,-0.12124876807247,-0.0995631486172085,-0.1991077425487975
45.9,-0.1881025072888819,-0.2018063835352641,-0.1183765722012045,-0.1050449898263979,-0.1892624496475003
45.95,-0.1807188247833281,-0.1867973336828346,-0.1154028972617274,-0.1027206589675931,-0.1819340970660427
46,-0.1746253858496574,-0.1757914736784251,-0.1123367239003824,-0.09428404378626259,-0.1758490059656302
46.05,-0.1688897966303548,-0.1675281313151538,-0.1091689339782399,-0.08209267667918418,-0.1700744083837681
46.1,-0.1629985786366034,-0.1607721979665112,-0.1058806790814985,-0.06876247105434596,-0.1641013053350471
46.15,-0.1566884414278623,-0.1546708353728485,-0.1024540939607497,-0.05680113347738097,-0.1576754159323487
46.2,-0.1496208214330152,-0.1488420252888701,-0.09888725185475955,-0.04834056039479756,-0.1504700409885678
46.25,-0.1410481228274247,-0.1431997024771096,-0.09521367105663081,-0.0450042614276534,-0.1417506277322444
46.3,-0.1296291672284213,-0.1376074577728276,-0.09151984156661686,-0.04791805404319804,-0.1301884993860031
46.35,-0.1135069607724861,-0.1315146486191039,-0.08794904583061564,-0.05779605164793861,-0.1139366799518173
46.4,-0.09067775637301922,-0.1237266825423988,-0.08468532480622243,-0.0749674970447578,-0.09099775921558462
46.45,-0.05958579183858827,-0.1124220572376682,-0.08192400035826114,-0.09927599903066586,-0.05981818265924888
46.5,-0.01979788890942194,-0.09546241412417389,-0.07984205534364819,-0.12993223688964,-0.01996294432568591
46.55,0.02743259442210734,-0.07094495933682687,-0.0785732462805982,-0.1654595335995377,0.02731967492861309
46.6,0.07889995525555278,-0.03786250255691248,-0.0781866684981305,-0.2037883251981722,0.07883095949233176
46.65,0.1296140072281315,0.003307597974487042,-0.07867508692421232,-0.2424261981351122,0.129588013307153
46.7,0.1734426018420702,0.05025853406908609,-0.07996231557561506,-0.2786032369392016,0.173464635461602
46.75,0.2041491606448364,0.09887918109158728,-0.08192503521398725,-0.3094171926546421,0.2042274144001984
46.8,0.2166273996082969,0.1437017817090757,-0.08441725528778277,-0.3321033406388768,0.2167695717907652
46.85,0.2080557965538365,0.1787365081616616,-0.08729146321148173,-0.3444626452808409,0.2082652948664981
46.9,0.1786833880332736,0.1985610074012045,-0.09040795508464761,-0.3452954815417835,0.1789562552049838
46.95,0.1320272730695765,0.1994410813695083,-0.09362695648394936,-0.3346248573306867,0.1323506651970145
47,0.07439544384162987,0.1802239152728641,-0.09679115667932381,-0.3136208635619379,0.07474801550549071
47.05,0.01380865444594052,0.1427734899073291,-0.09971938003666464,-0.2842922980714655,0.0141629504040367
47.1,-0.04146030859535694,0.09181176179286976,-0.1022197120882365,-0.2490766461431362,-0.04113373093688111
47.15,-0.08441813677654095,0.03416920115997168,-0.1041092339198056,-0.2104883447341866,-0.08414578196509359
47.2,-0.1106205369021811,-0.02241713015033248,-0.1052292413435459,-0.1709253289054127,-0.1104211735219724
47.25,-0.1189012942519564,-0.07071348624027979,-0.1054539640095418,-0.1325909110819823,-0.1187821751345107
47.3,-0.1114020860354481,-0.1053076060101452,-0.1046959825755795,-0.09742532086467071,-0.1113570451289879
47.35,-0.09290573366138986,-0.1235471251681158,-0.1029125427155195,-0.06698711978430349,-0.09291545944293372
47.4,-0.06964032500303947,-0.1258905859421253,-0.1001122428630893,-0.04228739429791784,-0.06967461687869125
47.45,-0.04784602498230019,-0.1155938465154193,-0.09635607192665085,-0.02363163134469376,-0.04786752646944403
47.5,-0.03244312746778886,-0.09781028562112137,-0.09174796147794345,-0.01056183492872975,-0.03241173806592973
47.55,-0.02609325204770519,-0.07832562481154931,-0.08641969502504371,-0.001973386365187457,-0.0259705078363987
47.6,-0.02882265730750348,-0.06223592491882951,-0.0805195199182186,0.003597401316630333,-0.02857555799559425
47.65,-0.03822083012620643,-0.05287672005666144,-0.0742044507218696,0.007598639329321644,-0.0378249131613167
47.7,-0.05009224292028372,-0.0512245971135008,-0.06763130226760139,0.01111425761853652,-0.04953387038351498
47.75,-0.05936401668030012,-0.05585498920988063,-0.06094553641167411,0.01462288196092443,-0.0586416880275753
47.8,-0.06104692208955465,-0.06340377325698959,-0.05426912867004813,0.01789747960938104,-0.06017170716979325
47.85,-0.05109471891210204,-0.06937008207069445,-0.04769066384621956,0.02008714137136108,-0.0500894735409147
47.9,-0.02707072731250838,-0.06905046523976127,-0.04126344138657057,0.02001752187002853,-0.02596754439056637
47.95,0.01141987345043659,-0.05842173089846869,-0.03501369984881286,0.0166398732048274,0.01258359206337289
48,0.06254813340366945,-0.03485528686328843,-0.02894872759377842,0.009464741946813848,0.06373468353048789
48.05,0.1223416580166912,0.002394041383795842,-0.0230617852616502,-0.001164998825955166,0.1235186812316907
48.1,0.1850379867302415,0.05194698381896062,-0.01734311311841219,-0.01402645657908341,0.1861832926938261
48.15,0.2437051088285301,0.110315410785611,-0.01179675553661669,-0.0271869900335352,0.2448094733015579
48.2,0.2910875586250617,0.1721830797114983,-0.006452671546970157,-0.03834625127853053,0.2921551565226315
48.25,0.3205887098127156,0.2309542648758828,-0.001367654172670707,-0.04528113770422948,0.3216348544777344
48.3,0.3272522079418979,0.2795409501059117,0.003381750527913674,-0.04629457744712695,0.3282984729473969
48.35,0.3085768187280072,0.3113118625920839,0.00771076867695597,-0.04055692867216742,0.3096449448267526
48.4,0.2650071292769052,0.321075289591078,0.01154024186210628,-0.0282533653064504,0.2661129782140708
48.45,0.1999899572202666,0.3059306052144635,0.01480907404053089,-0.01050832193619877,0.2011381632542234
48.5,0.1195654786108509,0.2658251825264139,0.0174827977387163,0.01088403003020805,0.1207460863852563
48.55,0.03155819233230109,0.2036954503517582,0.01955889851787551,0.03385962306032919,0.0327460040722562
48.6,-0.05548294194508543,0.1251517351216653,0.02106995100019637,0.05652760518558997,-0.0543268344371437
48.65,-0.133399624899071,0.03775343422751593,0.02208369323792625,0.07755978133474573,-0.1323241457649142
48.7,-0.1953997130158797,-0.04999372736973962,0.02269784361339694,0.09643032887537495,-0.194458231242145
48.75,-0.2367466071616892,-0.1297348719136792,0.02302747749481282,0.1134381947450209,-0.2359907254984174
48.8,-0.2550969040133421,-0.1942670061974783,0.02318517538797166,0.1295273492477526,-0.2545702648159153
48.85,-0.2505025111048364,-0.2382936945901475,0.02325890179579015,0.1459786783701226,-0.2502351422149839
48.9,-0.2251511854425348,-0.2588617716709449,0.02329546006525074,0.1640229780406117,-0.225155325088599
48.95,-0.1829394985498358,-0.2554626804622214,0.02329507074199033,0.1844278306419005,-0.1832073226502177
49,-0.1289556318953926,-0.2298527871749785,0.02321879285737233,0.2071845196044706,-0.1294590071362255
49.05,-0.06891786992636829,-0.185678479361485,0.02300713973474672,0.2314180803459206,-0.0696103075739507
49.1,-0.008595075871559664,-0.127986965490902,0.02260265111352411,0.2555515448982119,-0.009415394182204273
49.15,0.04676025498541796,-0.06268214334133904,0.02196998047175663,0.277677536644084,0.04588284711080337
49.2,0.09291119066464955,0.004049254588778695,0.02111132354146639,0.2960064830912804,0.09205085400130275
49.25,0.126991388892915,0.06631886796945941,0.02007447117307104,0.3091997992118903,0.1262192011212241
49.3,0.1476482130951067,0.1190787469373927,0.01895217118923453,0.316461766153849,0.1470256457198356
49.35,0.154947878117425,0.1585602832338837,0.01787496105872871,0.3174073563581866,0.1545205920129319
49.4,0.1500801273918452,0.1825439564095239,0.01700013307560166,0.3118236493768974,0.149873109110656
49.45,0.1349583749301972,0.1904190906311344,0.01649781704080805,0.2994739447713094,0.1349728592550179
49.5,0.111835226558176,0.183037201928258,0.01653615543837694,0.2800529787727845,0.1120481026260273
49.55,0.08303508473392784,0.1624115467662778,0.01726606902249894,0.2533080870088046,0.08340134894113643
49.6,0.05085086577932016,0.1313514026391589,0.01880440427646624,0.2192681417320327,0.05130894076185616
49.65,0.01757938933760683,0.09312093371352975,0.02121838754784933,0.1785049223647139,0.01805879429470358
49.7,-0.01439239023708241,0.05118383457018638,0.02451782692808541,0.1323506099345,-0.01396221930192781
49.75,-0.04256685423947219,0.009043908282798441,0.02865788494218824,0.08297045114228896,-0.04224823282517159
49.8,-0.06447699178639039,-0.0298540097140686,0.0335476509127236,0.03320647047152964,-0.06431742994066075
49.85,-0.0780171877155844,-0.06223837907932062,0.03906132938818396,-0.01377748437974774,-0.07804575925930263
49.9,-0.08190092496760916,-0.08521964418616201,0.04505148073089749,-0.054922375197549,-0.08212809571860152
49.95,-0.07610777940569678,-0.09662530821644916,0.05136170355806041,-0.08767022657173007,-0.07652823036804157
50,-0.06215536857841136,-0.09542211207496559,0.0578352627884568,-0.1102894606997413,-0.06275299801820189
