step,Z_site1,Z_site8,Z_site16
0,1.0,-1.0,-1.0
1,1.0,-0.9999999999999998,-0.9999999999999998
