step,Z_site1,Z_site4,Z_site5,Z_site6
0,1.0,-1.0,1.0,-1.0
1,0.846795513006629,-0.8467955130066295,0.846795513006627,-0.8467955130066271
2,0.4770832461393343,-0.47771217236606744,0.4770832444466021,-0.4777121790151452
3,0.09092411260891446,-0.09254463712041228,0.09092410252033367,-0.09254466744090584
4,-0.14424259242776216,0.14324849364962472,-0.14424261698681384,0.14324842315863634
5,-0.18674205988550022,0.1877171161120319,-0.18674209857921892,0.18771700788961432
6,-0.10711872218339721,0.10831763949473255,-0.10711877020898153,0.10831752159476216
7,-0.00831746534859975,0.007290654594945156,-0.008317518803474977,0.007290567015718896
8,0.04334128277341321,-0.046087897074156614,0.04334122342291297,-0.04608792654910837
