step,Z_site1,Z_site4,Z_site5,Z_site6,Z_site20
0,1.0,-1.0,1.0,-1.0,-1.0
1,0.8467955130066276,-0.8467955130066288,0.8467955130066307,-0.8467955130066307,-0.8467955130066317
2,0.47708325914726274,-0.4777121843070099,0.4770832591472472,-0.4777121843070145,-0.4777121843070373
3,0.0909281162302357,-0.0925475310713404,0.09092811623013275,-0.09254753107136848,-0.09254753107144083
4,-0.1441671310148843,0.1431981820844882,-0.1441671310150009,0.14319818208462276,0.1431981820863818
5,-0.18619216530266186,0.18736713810917982,-0.18619216533003013,0.18736713894053386,0.18736713859158843
6,-0.10472679368234042,0.10676150045219929,-0.10472681018369273,0.10676152293187269,0.10676149998969876
7,-0.0010032542579027752,0.0021474540312972357,-0.0010038606305957098,0.002147625758423921,0.0021469869323526365
8,0.060001231336844485,-0.05890127668811096,0.059993679887322016,-0.058900492929369275,-0.05890811277807164
