t,z_ref_qutip,ADAPTIVE,DOUBLEADAPTIVE,DOUBLEFIXED,FIXED,SINGLE_SITE_TDVP,TWO_SITE_TDVP
0,1,1,1,1,1,1,1
0.01,0.998350933857533,0.9999085029170601,0.9995068277283018,0.9983510820441382,0.9983514477677512,0.9983509334564201,0.9983509334215777
0.02,0.9934149181036025,0.9980298683372067,0.9960968897628141,0.9934156731876158,0.9934172907882558,0.9934149212231069,0.9934149209021553
0.03,0.9852254090535876,0.9928694198423971,0.9894160605914643,0.9852274609480338,0.9852314384044596,0.9852254201007795,0.9852254189856
0.04,0.9738378252983421,0.9844621743201147,0.979509638685192,0.9738420767739404,0.9738497274255076,0.973837841394565,0.9738378387268061
0.05,0.9593290065026266,0.9728650613063204,0.9664445971577924,0.9593365718550217,0.9593493945875308,0.959329030317088,0.9593290250858247
0.06,0.9417965013486623,0.9581561938359848,0.950308958762813,0.9418086937013815,0.9418283500248305,0.9417965459825605,0.9417965369028348
0.07000000000000001,0.9213576864690142,0.9404343149798352,0.9312110240004471,0.9213759722119795,0.9214042605050764,0.921357750671506,0.9213577361082984
0.08,0.8981486222683847,0.9198181582516397,0.9092783344166184,0.8981746262175375,0.8982134534457529,0.8981487193139246,0.8981486970738569
0.09,0.8723228558723238,0.8964450111515949,0.8846564632771865,0.8723583035932813,0.8724096548378563,0.8723229822516978,0.872322949093198
0.1,0.8440499430550982,0.870469489623488,0.8575076986178086,0.8440966699623534,0.8441625761271641,0.8440501162698704,0.8440500668718072
0.11,0.8135139828089449,0.8420621032042537,0.8280095512576979,0.8135738627243073,0.8136563668158439,0.8135142006031848,0.8135141255743356
0.12,0.7809118818155679,0.8114076896243627,0.7963531455189722,0.7809868286210979,0.7810879510238511,0.7809121561054994,0.7809120384057346
0.13,0.7464515892646999,0.7787037617469317,0.762741505372493,0.7465435642746844,0.7466652674696341,0.746451986994574,0.746451795869841
0.14,0.7103503554683835,0.744158757697523,0.7273877474998882,0.7104612800793979,0.7106054332765001,0.7103509455367403,0.7103506267433739
0.15,0.6728327347485888,0.7079902055163341,0.6905132062020058,0.6729645084957714,0.673132852671586,0.672833640702535,0.672833101416345
0.16,0.634128732095898,0.6704228224577621,0.652345514087323,0.6342831781626652,0.6344772920106247,0.6341301121975029,0.6341291985780078
0.17,0.5944717812368173,0.6316865735463362,0.6131166613791298,0.5946506753175179,0.5948719426295483,0.594473891348491,0.5944723562722163
0.18,0.5540968385786564,0.592014718852977,0.5730610532009579,0.554301913791463,0.5545514927945281,0.5541000701062295,0.554097528113408
0.19,0.5132384516407416,0.5516418782256483,0.5324135804722147,0.5134714343329426,0.5137502295010203,0.5132433989156808,0.5132392649546044
0.2,0.4721288939881791,0.5108021317076425,0.4914077223070584,0.4723915532205617,0.4727001900701797,0.4721364334174779,0.4721298415463581
0.21,0.4309963535392841,0.4697271649125056,0.4502737025959825,0.4312905790687723,0.4316293824230218,0.4310077488918962,0.4309974467383171
0.22,0.390063203782939,0.4286444716853383,0.4092367210785371,0.3903911154279349,0.3907600915986614,0.3900802400611858,0.3900644545742357
0.23,0.3495443718546652,0.3877756336122827,0.3685152746517018,0.3499084652573777,0.3503072885468558,0.3495695223503109,0.3495457922405953
0.24,0.3096458177735007,0.3473346967540822,0.3283195833310292,0.3100491516335356,0.3104771554949484,0.3096824489979065,0.309647419274249
0.25,0.2705631381967559,0.3075266612511787,0.2888501345081889,0.2710095671761602,0.2714657402963584,0.2706157565391845,0.2705649307433008
0.26,0.232480314634183,0.2685460949972484,0.2502963574575747,0.2329747626674069,0.2334577501463944,0.2325548491838734,0.2324822953160762
0.27,0.1955685724295805,0.2305758808103703,0.212835437938299,0.1961173832369487,0.1966254929374431,0.1956727305204875,0.1955707372542413
0.28,0.1599854211578096,0.1937861061083328,0.1766312806530048,0.1605967583282222,0.1611279723575826,0.1601290888298867,0.1599877694372481
0.29,0.1258738490731282,0.1583331031554249,0.1418336254504207,0.126558149484101,0.1271101406526043,0.1260695401231008,0.1258763825739496
0.3,0.09336167172230027,0.12435864598253,0.108577321477477,0.0941321578320799,0.09470231080944258,0.09362503086802176,0.09336439381135753
0.31,0.06256104119445471,0.0919893076233459,0.07698176172390375,0.06343429104587739,0.06401972781621329,0.06291140027214726,0.06256395603568815
0.32,0.03356811548021154,0.06133597894122711,0.04715047843692322,0.03456468754663977,0.03516229664530085,0.03402909997834791,0.03357122730172823
0.33,0.006462885596098917,0.03249354825490114,0.01917089786608317,0.007607993814540026,0.00821446272327514,0.007063067138792012,0.006466198044886129
0.34,-0.01869084355138245,0.005540739167911424,-0.006885749097202298,-0.01736661106120391,-0.01675476107659324,-0.01791725491335933,-0.01868732795306172
0.35,-0.04184532118042934,-0.01945989762680544,-0.03096436550950049,-0.0403052510347105,-0.0396916284329546,-0.04085775574995515,-0.04184160444158036
0.36,-0.06296857303544756,-0.04246184433312128,-0.05302578276178094,-0.06116905777437287,-0.06055736343178031,-0.06171936543230888,-0.06296467245647785
0.37,-0.08204402703186923,-0.06343433508715146,-0.0730464185287879,-0.0799337543358522,-0.07932774428462847,-0.08047764051553224,-0.08203995728020941
0.38,-0.09906997047801153,-0.08236194277476661,-0.09101780706968848,-0.0965891287708292,-0.09599257783690129,-0.09712223936097369,-0.09906574207512509
0.39,-0.1140589080390887,-0.09924404374622259,-0.1069460116270585,-0.111138409334579,-0.1105550764923514,-0.1116562983934639,-0.1140545286362871
0.4,-0.1270368210152455,-0.1140941715660038,-0.1208509296180328,-0.1235975534656749,-0.1230311496602078,-0.1240957214712645,-0.1270322965232423
0.41,-0.138042336913552,-0.1269392713219416,-0.1327655021738032,-0.1339944630088695,-0.1334486221007105,-0.1344683948563115,-0.1380376724742403
0.42,-0.1471258216869185,-0.1378188659280309,-0.1427348402582345,-0.1423681382489228,-0.1418463916161317,-0.1428133403908416,-0.1471210224813101
0.43,-0.1543484073213296,-0.1467841458960317,-0.1508152800398444,-0.1487677832340191,-0.1482735384241688,-0.1491798194178852,-0.1543434792125554
0.44,-0.1597809675978969,-0.1538969945738252,-0.1570733804108952,-0.1532518746108886,-0.1527883982784026,-0.1536263997449006,-0.1597759176124671
0.45,-0.1635030491226667,-0.15922896154579,-0.161584875567572,-0.1558872057906872,-0.1554576109879289,-0.1562199975615347,-0.1634978914982188
0.46,-0.1656017835358367,-0.1628601972652431,-0.1644335954214302,-0.1567479177368928,-0.1563551554578455,-0.1570349057053216,-0.1655965438065126
0.47,-0.1661708042844551,-0.1648783618875178,-0.1657103663396605,-0.1559145270365428,-0.1555613817466068,-0.1561518190448328,-0.1661655028412526
0.48,-0.1653091234893204,-0.1653775208479281,-0.1655119043280825,-0.1534729612056975,-0.1531620499370149,-0.1536568670395259,-0.1653037764367041
0.49,-0.1631200348733002,-0.164457039158728,-0.1639397122770627,-0.1495136104095339,-0.1492473848645817,-0.1496406627598162,-0.1631146553953808
0.5,-0.1597100374050844,-0.1622204857598333,-0.1610989922851114,-0.1441304039650692,-0.1439111549577775,-0.1441973768280373,-0.1597046368972558
0.51,-0.1551877888447094,-0.1587745585563009,-0.1570975833648249,-0.1374199191560925,-0.1372497826336535,-0.1374238438872797,-0.1551823778193737
0.52,-0.1496630982879448,-0.1542280400023646,-0.1520449340358592,-0.1294805290380954,-0.1293614928710622,-0.1294187083344809,-0.1496576870668511
0.53,-0.143245965901888,-0.148690792245356,-0.1460511184355997,-0.1204115950558595,-0.120345505760539,-0.1202816151776163,-0.1432405651109515
0.54,-0.1360456770867279,-0.1422727999320431,-0.1392259036439766,-0.1103127094453652,-0.1103012780105552,-0.1101124510033501,-0.1360402979721084
0.55,-0.1281699501098236,-0.1350832678208048,-0.1316778749364456,-0.09928299154976811,-0.09932779757769161,-0.09901063917751179,-0.1281646118892558
0.5600000000000001,-0.1197241681384973,-0.1272297793538448,-0.1235136246614532,-0.0874204413498515,-0.08752293478541584,-0.08707449255142413,-0.1197188938959722
0.57,-0.1108106749288365,-0.1188175213376308,-0.1148370094032204,-0.07482135269521933,-0.07498285250383813,-0.07440062611612352,-0.1108054824925326
0.58,-0.1015281281895659,-0.1099485788647678,-0.1057484790569188,-0.06157978792557456,-0.06180147718275641,-0.06108343123726812,-0.1015230315741946
0.59,-0.09197093919020163,-0.1007213035927352,-0.09634448042915972,-0.04778711479437925,-0.04807003176511548,-0.04721461231927937,-0.09196594976292072
0.6,-0.08222878891574847,-0.0912297574837328,-0.08671693699204219,-0.03353160585355536,-0.03387663076187752,-0.03288278599165151,-0.08222391630411763
0.61,-0.07238622097604418,-0.08156323311953639,-0.07695280546601785,-0.01889809973218431,-0.01930593704839945,-0.01817314218794819,-0.07238147374315163
0.62,-0.06252231058463203,-0.07180585075095736,-0.06713370898828769,-0.003967723050687599,-0.004438879254489936,-0.003167165803866001,-0.06251769669852192
0.63,-0.05271040808289923,-0.06203623133776293,-0.05733564574783778,0.0111823289382047,0.01064757202512867,0.01205758301865811,-0.05270593520880423
0.64,-0.04301795448573913,-0.05232724399516531,-0.04762877114955422,0.02647895549071982,0.02588057156675028,0.02742763252253189,-0.04301363035676053
0.65,-0.03350636142400246,-0.04274582550144618,-0.03807725081988933,0.04185326034658826,0.04119151329846837,0.04287370995258921,-0.0335021991732341
0.66,-0.02423097379786853,-0.03335286884912725,-0.02873918109673451,0.05724061206285191,0.05651609388631262,0.05833080269350127,-0.02422698520080158
0.67,-0.01524107765654762,-0.02420317723717469,-0.01966657306454067,0.0725806586331349,0.07179432987261691,0.0737381738553175,-0.01523727055716795
0.68,-0.006579965500110249,-0.01534547938556208,-0.0109053957056458,0.08781730063774712,0.08697053242107805,0.08903933654775958,-0.006576344883535423
0.6899999999999999,0.001714942616063839,-0.006822501586839169,-0.002495673338135551,0.1028986274037319,0.1019932439520052,0.1041819913171916,0.001718373804658002
0.7,0.009611931372023607,0.001328908502452875,0.005528367804855716,0.1177768208003698,0.116815141104375,0.1191179313690079,0.009615171627928798
0.71,0.0170847813270869,0.009077611652481887,0.01313810923115266,0.1324080313553167,0.1313929085436943,0.1338029202629593,0.01708783017166204
0.72,0.02411252448439996,0.01639796596258802,0.02031031160648544,0.1467522313526021,0.1456870881526334,0.1481965467514375,0.02411538220206716
0.73,0.03067916987274659,0.02326958049479405,0.02702685352475509,0.1607730494717799,0.1596619081015861,0.1622620613349605,0.03068183736706398
0.74,0.03677340509840867,0.02967703925176485,0.03327444321185113,0.1744375913552667,0.1732850962047968,0.1759661989410112,0.03677588343330268
0.75,0.04238827980807949,0.03560960103604238,0.03904430865716157,0.1877162502573133,0.1865276818290766,0.1892789918996742,0.04239056849191897
0.76,0.04752086866318594,0.04106088059235707,0.04433187151259765,0.2005825116437429,0.1993637904396662,0.2021735771011591,0.04752296938202866
0.77,0.05217193474240118,0.0460285162450465,0.04913640988312939,0.2130127552869322,0.2117704346428049,0.2146260008866863,0.05217385133797703
0.78,0.0563455857493109,0.05051382899873319,0.05346071486172244,0.2249860580464966,0.2237273053180473,0.2266150248557078,0.05634732357171923
0.79,0.06004892972224589,0.05452147777590255,0.05731074534255809,0.2364840001529067,0.2352165661253762,0.2381219353806142,0.06005049516253924
0.8,0.06329173508356427,0.05805911512558887,0.06069528528644313,0.2474904774282884,0.2462226543244086,0.2491303592152164,0.06329313525062413
0.8100000000000001,0.06608609861739839,0.06113704736118047,0.0636256072201663,0.257991521494411,0.2567320904581541,0.2596260871762737,0.06608734112636078
0.82,0.0684461245388714,0.06376790268061622,0.0661151453341362,0.2679751296395901,0.2667332990375845,0.2695969074773732,0.06844721738179804
0.83,0.07038761737879823,0.06596631039754841,0.06817918110888921,0.2774311056502658,0.2762164419237654,0.2790324499102197,0.0703885688521434
0.84,0.0719277911014909,0.06774859397512173,0.06983454395819561,0.2863509125643521,0.2851732656523873,0.2879240417070893,0.07192860963090092
0.85,0.07308499577568321,0.06913248011221351,0.07109932893207327,0.2947275379764519,0.2935969634943493,0.2962645755856226,0.073085689999693
0.86,0.0738784633460243,0.07013682569205981,0.07199263308406145,0.3025553722230174,0.3014820526095366,0.3040483901779146,0.07387904267958217
0.87,0.07432807510331504,0.07078136397180068,0.07253431167996971,0.3098300995012089,0.3088242662435861,0.311271162782773,0.0743285493910576
0.88,0.07445414907149639,0.07108647097434895,0.0727447550161564,0.3165486017304245,0.3156204605520193,0.3179298141549444,0.0744545283105999
0.89,0.07427724848030949,0.07107295264709484,0.07264468622926118,0.3227088747516225,0.3218685353234212,0.3240224248581923,0.0742775426376755
0.9,0.07381801124393415,0.07076185298008331,0.07225498012116216,0.3283099562771888,0.3275673676207496,0.3295481625596905,0.07381823014174382
0.91,0.07309699999953215,0.07017428293404271,0.07159650269646245,0.3333518648532446,0.3327167571711986,0.3345072195294508,0.07309715324761112
0.92,0.07213457198465742,0.06933126971970149,0.07068997081833184,0.337835548976158,0.3373173822102681,0.3389007595276914,0.07213466894246368
0.93,0.07095076779575016,0.0682536256971954,0.06955583113463254,0.3417628454147529,0.3413707644215316,0.3427308732121385,0.07095081755089444
0.9399999999999999,0.06956521767670475,0.06696183593036187,0.06821415721125296,0.3451364457275394,0.3448792416038707,0.3460005411722402,0.06956522922654096
0.95,0.06799706455987603,0.06547596323662797,0.06668456363475006,0.3479598699285894,0.3478459467345174,0.3487136036944143,0.06799704685139263
0.96,0.06626490237833456,0.06381556941980349,0.06498613571163003,0.3502374462444804,0.3502747921698761,0.3508747363774238,0.06626486391568354
0.97,0.06438672709903742,0.06199965126018325,0.06313737329631558,0.3519742959160146,0.3521704578270933,0.3524894307459187,0.0643866758721624
0.98,0.06237989995609249,0.06004658976292004,0.06115614722292789,0.3531763220300724,0.3535383823083636,0.3535639790490249,0.06237984341650415
0.99,0.06026112107346803,0.05797411113013429,0.05905966679526586,0.3538502014167051,0.3543847560583096,0.3541054624762803,0.06026106613878035
1,0.05804641194118469,0.05579925792220736,0.05686445680244306,0.3540033787119064,0.3547165157748482,0.3541217420719334,0.05804636501638494
1.01,0.05575110526673327,0.05353836890629454,0.05458634257155676,0.3536440617644262,0.3545413394194954,0.3536214516780872,0.05575107227360176
1.02,0.05338984080451933,0.05120706615186521,0.05224044163983188,0.3527812176524078,0.3538676412889166,0.352613992285382,0.0533898272134925
1.03,0.05097656586673943,0.04882024802018081,0.04984116072337619,0.3514245686686563,0.3527045667122364,0.3511095272153129,0.05097657673016487
1.04,0.04852453922492048,0.0463920868029028,0.04740219677381069,0.3495845877282122,0.3510619860258344,0.3491189776000894,0.04852457932982485
1.05,0.04604633792117829,0.04393602989026468,0.04493654104340994,0.3472724927445754,0.3489504875482196,0.3466540176638049,0.04604641162294643
1.06,0.04355386523665524,0.04146480348696324,0.04245648521977391,0.3445002396076596,0.3463813693323666,0.3437270693427369,0.04355397639350334
1.07,0.04105835945189362,0.03899041803981557,0.03997362883824873,0.3412805134742014,0.3433666295129278,0.3403512958134536,0.04105851150013617
1.08,0.03857040298634254,0.03652417469102531,0.03749888733013129,0.3376267181474253,0.3399189550933058,0.3365405935258938,0.03857059901453919
1.09,0.0360999313324973,0.03407667222054761,0.03504250021328409,0.333552963375853,0.3360517090352446,0.3323095823656214,0.03610017415038819
1.1,0.03365624147850958,0.03165781408671114,0.032614039075543,0.3290740499408514,0.3317789155245873,0.3276735935961687,0.03365653367842325
1.11,0.03124799964692328,0.02927681531259646,0.03022241513689566,0.3242054524293989,0.3271152432938497,0.3226486552594243,0.031248343656608
1.12,0.02888324829932338,0.0269422090934292,0.02787588630100568,0.318963299604084,0.3220759868879611,0.3172514747402664,0.02888364642603181
1.13,0.02656941249280526,0.02466185311503483,0.02558206371782434,0.3133643522883906,0.3166770457656123,0.3114994182309953,0.02656986693106345
1.14,0.02431330595359653,0.02244293567287725,0.02334791797497976,0.3074259786843736,0.3109349011361851,0.3054104868618088,0.02431381851452097
1.15,0.02212113605151277,0.02029198176393704,0.02117978511473734,0.3011661270337986,0.3048665904412587,0.299003289294813,0.02212170841391159
1.16,0.01999850938130318,0.01821485938860518,0.01908337273503496,0.2946032955249706,0.2984896793992347,0.2922970106101523,0.01999914324254437
1.17,0.01795043765171024,0.01621678634641571,0.01706376647682412,0.2877564993371039,0.2918222315402465,0.2853113773426219,0.01795113477905763
1.18,0.01598134414480791,0.01430233783803875,0.01512543722595616,0.2806452347033279,0.2848827751640782,0.2780666185545769,0.01598210641107051
1.19,0.01409507117962917,0.01247545519712967,0.01327224936687105,0.2732894398627398,0.2776902676543146,0.2705834228548932,0.01409590058373694
1.2,0.01229488891981971,0.01073945607062698,0.01150747041821965,0.265709452761614,0.2702640570754842,0.2628828912935043,0.01229578759325667
1.21,0.0105835058398876,0.009097046346372983,0.009833782358810439,0.2579259653539928,0.2626238409656424,0.2549864860762994,0.01058447604007229
1.22,0.008963081126682405,0.00755033409443806,0.008253294917605847,0.2499599743426983,0.2547896222144803,0.2469159750562147,0.008964125218531072
1.23,0.007435239448233924,0.006100845745228733,0.006767561055748328,0.2418327281938164,0.2467816618879812,0.2386933719640032,0.007436359671037618
1.24,0.006001088233457953,0.004749544675326289,0.005377594813848308,0.2335656702520772,0.2386204288274174,0.2303408723480672,0.006002286077384011
1.25,0.004661235529322401,0.00349685231341812,0.004083891636318171,0.2251803777827058,0.2303265458168443,0.2218807851989272,0.004662512586306233
1.26,0.003415812584118295,0.002342671815309727,0.002886451218449382,0.2166984967697465,0.2219207320840766,0.2133354602429068,0.003417170628578547
1.27,0.002264498230734669,0.001286414291351012,0.001784802853630585,0.2081416723139188,0.2134237418808383,0.2047272109042477,0.002265939181566035
1.28,0.001206545517656849,0.0003270275033375736,0.000778033189683669,0.1995314744979433,0.2048562988840222,0.1960782329578417,0.001208071386115228
1.29,0.0002408105250674959,-0.0005369731166423031,-0.0001351837630607089,0.1908893196265818,0.1962390261770798,0.187410518928687,0.0002424233502177353
1.3,-0.0006342168619167183,-0.001307471334291377,-0.0009565545916583873,0.1822363868052003,0.1875923716129078,0.1787457683411213,-0.0006325150882059427
1.31,-0.001420380506886506,-0.001986715133143191,-0.001688132684748711,0.1735935298961011,0.1789365284303704,0.1701052939823735,-0.00141858792306665
1.32,-0.002119824235171305,-0.002577280201657595,-0.002332283006776958,0.1649811849873783,0.1702913510972533,0.161509924421694,-0.002117939198549967
1.33,-0.002734956436231948,-0.003082032244791755,-0.002891645808970611,0.1564192736242724,0.1616762664825369,0.1529799031182725,-0.002732978256313856
1.34,-0.00326841503570618,-0.00350408851123396,-0.00336909967547977,0.1479271021865953,0.1531101806179084,0.1445347845572401,-0.003266344413752398
1.35,-0.003723033792785558,-0.003846778950806207,-0.00376772432502348,0.1395232579451724,0.1446113814879397,0.1361933279716813,-0.003720871495951239
1.36,-0.004101805750815121,-0.00411360742802841,-0.004090763600417158,0.1312255024916519,0.1361974384833854,0.1279733893371654,-0.004099552653681671
1.37,-0.004407848731142769,-0.004308213417272944,-0.004341589081242825,0.1230506634051987,0.1278850993525043,0.1198918124607746,-0.004405505899157391
1.38,-0.004644372001543816,-0.004434334594627887,-0.004523664749557677,0.1150145251912876,0.1196901856758874,0.1119643201253919,-0.004641940780248877
1.39,-0.004814644486675393,-0.004495770727618809,-0.004640513125758972,0.1071317206961407,0.1116274880465736,0.1042054063881604,-0.004812126593139177
1.4,-0.004921964890966401,-0.004496349254186904,-0.004695683271328632,0.09941562435612511,0.1037106622237163,0.0966282312652344,-0.004919362503331137
1.41,-0.004969634065787666,-0.004439892941074053,-0.004692721025417956,0.09187824876902462,0.09595212750840298,0.0892445191590292,-0.004966949906644591
1.42,-0.004960929903251457,-0.004330190013354773,-0.004635141800734988,0.08453014614828691,0.0883629684781575,0.08206446249458488,-0.004958167315979478
1.43,-0.004899083646173036,-0.004170967131812975,-0.004526406209539091,0.07738031622179642,0.08095284118406915,0.07509663212408701,-0.004896248007554227
1.44,-0.004787262604503581,-0.003965865538540392,-0.004369898723995791,0.07043612209508388,0.07372988534439828,0.06834789612876391,-0.004784360603095839
1.45,-0.004628554361260522,-0.003718420581426629,-0.004168909500825213,0.06370321564348491,0.06670064521620961,0.06182334869111877,-0.00462559270324947
1.46,-0.004425952160874995,-0.003432044682020574,-0.003926619424584554,0.05718547424762283,0.0598700030481748,0.05552625072411155,-0.00442293762372381
1.47,-0.004182344736027481,-0.003110013671679401,-0.00364608835349578,0.05088495099079837,0.05324112882273679,0.04945798392377554,-0.004179284220580337
1.48,-0.003900509150383362,-0.002755456332705131,-0.003330246490412136,0.0448018404108092,0.04681544797233295,0.04361801985508373,-0.003897409725929113
1.49,-0.003583106514390329,-0.002371346959981313,-0.002981888748761263,0.03893446144700013,0.04059262670170882,0.03800390558525751,-0.003579975451409201
1.5,-0.003232680369550201,-0.001960500779599694,-0.002603671933823437,0.03327925871883819,0.03457057420278031,0.0326112672425613,-0.003229525155423629
1.51,-0.002851657478552415,-0.001525572077447579,-0.00219811450824442,0.02783082302272633,0.02874546197774297,0.02743383270137079,-0.002848485812347035
1.52,-0.002442350592379814,-0.00106905486692177,-0.001767598656818747,0.02258193186572693,0.02311176130436626,0.02246347437640395,-0.002439170469020036
1.53,-0.002006961544662555,-0.0005932858570267818,-0.00131437431447845,0.01752361076587067,0.01766229999338031,0.01769027285209368,-0.00200378282664937
1.54,-0.001547590667690374,-0.0001004493941786366,-0.0008405647787379511,0.01264521585086265,0.01238833921595522,0.01310260178002082,-0.001544423145976248
1.55,-0.001066242452019987,0.0004074160257687698,-0.0003481734943010517,0.007934537996017732,0.007279670663231819,0.008687234152456424,-0.001063095040890027
1.56,-0.0005648319454818248,0.0009284101255350174,0.0001609084304148856,0.003377928395313035,0.002324733814699498,0.004429469708799649,-0.0005617127013860523
1.57,-4.519194505128623e-05,0.001460762563793794,0.0006848944386942946,-0.001039554919366137,-0.002489247322296995,0.0003132828608509719,-4.210807161997288e-05
1.58,0.0004909203320092193,0.002002824479316656,0.001222094953328923,-0.005333980494754698,-0.007176108991188812,-0.003678509859812551,0.0004939624968857692
1.59,0.001041817574992892,0.002553060352982306,0.00177091050360495,-0.009522358104973483,-0.01175057527135581,-0.00756406421469924,0.001044812592417843
1.6,0.001605878167392677,0.003110040701146899,0.002329826032930749,-0.01362243634851001,-0.01622807000707904,-0.01136230629318885,0.001608821551735029
1.61,0.0021815438733385,0.003672436131870627,0.002897406850652318,-0.01765248533023533,-0.02062451481435823,-0.01509271629404463,0.002184432166501937
1.62,0.002767320132938821,0.004239013286651494,0.003472296659656371,-0.02163106698593259,-0.0249561150492465,-0.01877510051561937,0.002770150688866824
1.63,0.003361779515051613,0.00480863313625346,0.004053218044602902,-0.02557679603642327,-0.02923913575465475,-0.02242935431833443,0.00336454949270254
1.64,0.00396356430809919,0.005380252000005026,0.004638975745642371,-0.02950809502421536,-0.03348966980872192,-0.02607521908008059,0.003966272692707051
1.65,0.004571397099037113,0.005952925535883669,0.005228462974008696,-0.03344294743262494,-0.03772340097419741,-0.0297320363698621,0.004574044960400536
1.66,0.005184093256495962,0.006525815836854243,0.005820670954230722,-0.03739865354865834,-0.04195536564916491,-0.03341850271035546,0.005186683704890116
1.67,0.005800576547795748,0.00709820168959846,0.006414701805707301,-0.04139159443254659,-0.04619971932708572,-0.03715242838106136,0.005803114708014201
1.68,0.006419898218540783,0.007669492004908962,0.007009784803591657,-0.04543700975018772,-0.05046951737960076,-0.040950503726772,0.006422391219393531
1.69,0.007041259453375258,0.008239242396329338,0.007605295982875238,-0.04954879460459399,-0.05477652394952459,-0.04482807637952607,0.007043716428283442
1.7,0.007664037044329323,0.008807174843833809,0.008200780967746235,-0.05373931823403283,-0.05913106406602509,-0.04879894267633467,0.007666469137462217
1.71,0.008287811999557972,0.009373200319769293,0.008795980820351768,-0.05801926405623709,-0.06354192639814532,-0.05287515636172174,0.008290232371325923
1.72,0.00891240124707836,0.009937444174287657,0.009390860610596463,-0.06239748805582906,-0.06801630362319189,-0.05706685740733708,0.008914824557565704
1.73,0.009537890980074177,0.01050027398396297,0.009985640314362776,-0.06688089226491323,-0.07255973346208333,-0.06138212346575772,0.009540332831268927
1.74,0.01016466962695591,0.01106232946909275,0.01058082755504275,-0.07147431108221003,-0.077175999329541,-0.0658268461088245,0.01016714792371076
1.75,0.01079346513326742,0.011624553989389,0.01117725161553756,-0.0761804101640014,-0.08186697867507908,-0.07040463359020216,0.01079600001746422
1.76,0.01142538114740699,0.01218822703863498,0.01177609806788715,-0.08099960192463723,-0.08663246887330139,-0.07511674142624059,0.01142799487674384
1.77,0.01206193266717647,0.01275499707820293,0.0123789432978304,-0.085929986119052,-0.09147003957223482,-0.07996203161860843,0.01206464949867597
1.78,0.01270508041001946,0.013326913978289,0.01298778814365792,-0.09096732400660135,-0.09637494715461387,-0.08493696085733626,0.01270792647956237
1.79,0.01335726306163624,0.01390646027568027,0.01360508982420344,-0.09610505015036835,-0.1013401210443415,-0.09003559755532325,0.01336026625146081
1.8,0.01402142653274601,0.01449658041009516,0.01423379130080527,-0.1013343208953251,-0.1063562132277481,-0.09524966708632338,0.01402461632009305
1.81,0.0147010493446358,0.01510070707070754,0.01487734720337863,-0.1066440956291309,-0.1114116963151777,-0.1005686241386967,0.0147044566265665
1.82,0.01540016448469698,0.01572278377284569,0.01553974545232051,-0.1120212460006311,-0.1164929967337883,-0.1059797506657603,0.01540382016335173
1.83,0.01612337329332173,0.01636728279379657,0.01622552372622821,-0.1174506883245183,-0.121584652845061,-0.1114682775172703,0.01612730800034262
1.84,0.0168758525873024,0.01703921762603244,0.01693977996115137,-0.1229155347381961,-0.1266694904848022,-0.1170175274797769,0.01688009791990375
1.85,0.01766335754953247,0.01774414915524947,0.01768817612019186,-0.1283972590794898,-0.1317288102923069,-0.1226090771387678,0.01766794592067183
1.86,0.0184922154553925,0.01848818483776238,0.01847693454286475,-0.1338758739135101,-0.1367425825745717,-0.1282229347035363,0.01849717992818789
1.87,0.01936931104737402,0.01927797023535283,0.0193128262710649,-0.1393301156562783,-0.1416896466340681,-0.1338377307074483,0.01937468514564067
1.88,0.02030206310020994,0.02012067236435006,0.02020315085177393,-0.1447376352731924,-0.1465479125481928,-0.1394309183130659,0.02030788058902333
1.89,0.02129839184292725,0.02102395442783511,0.02115570723483151,-0.1500751924897393,-0.1512945642507733,-0.1449789798162394,0.02130468647646433
1.9,0.02236667704240337,0.02199594162431434,0.02217875551515663,-0.155318851762113,-0.1559062633199764,-0.1504576358604507,0.02237348227974378
1.91,0.02351570680642597,0.02304517786133442,0.02328096941143526,-0.1604441783731735,-0.1603593530551859,-0.1558420538492222,0.02352305539495353
1.92,0.02475462010793328,0.02418057334689028,0.02447137952505862,-0.1654264329489746,-0.1646300622372622,-0.1611070520887738,0.02476254054656268
1.93,0.02609283189993493,0.0254113431833477,0.02575930758194267,-0.1702407624816137,-0.1686947074952277,-0.1662272963152651,0.02610135020223814
1.94,0.02753995513355818,0.02674693724627353,0.02715429202321079,-0.1748623856743234,-0.1725298925792501,-0.1711774854708486,0.02754909644166353
1.95,0.0291057163894817,0.02819696179153186,0.02866600547572967,-0.1792667701842853,-0.1761127022114306,-0.1759325238991656,0.02911550488856113
1.96,0.0307998626984091,0.02977109339613959,0.03030416479724757,-0.1834297992095577,-0.1794208876836763,-0.1804676775390983,0.0308103214775558
1.97,0.03263206212257801,0.03147898599841997,0.03207843454998127,-0.1873279249089096,-0.1824330410903958,-0.1847587122052966,0.03264321298367312
1.98,0.03461179916802559,0.03333017195781995,0.03399832490783655,-0.1909383063866475,-0.1851287550704904,-0.188782012646754,0.03462366238848186
1.99,0.03674826623132611,0.03533395820083346,0.03607308514229601,-0.1942389304158378,-0.1874887651883204,-0.1925146817525238,0.03676086029038705
2,0.03905025240269519,0.03749931865304212,0.03831159395737727,-0.1972087136798624,-0.1894950725673749,-0.1959346199979287,0.03906359368382495
2.01,0.04152603189353583,0.03983478427491244,0.04072224805149149,-0.1998275860288989,-0.1911310450351312,-0.1990205859569349,0.04154013353078467
2.02,0.0441832564513646,0.04234833211717864,0.04331285037081223,-0.2020765550063518,-0.1923814957609096,-0.2017522394020262,0.04419812262515332
2.03,0.04702883325884014,0.04504727488755966,0.04609049958229505,-0.203937752628874,-0.1932327390862421,-0.2041101691243055,0.04704446530368722
2.04,0.05006882260877843,0.04793815257195067,0.0490614823331173,-0.2053944660371417,-0.1936726238860418,-0.2060759080904677,0.05008522058526638
2.05,0.05330833767854817,0.05102662767868649,0.05223116987562837,-0.2064311541204092,-0.1936905453033003,-0.2076319388757869,0.05332550032073219
2.06,0.0567514493232587,0.05431738567396671,0.05560392062278657,-0.2070334525188615,-0.1932774360372579,-0.2087616924548359,0.05676937390827747
2.07,0.06040109891611125,0.05781404215093711,0.05918299015820672,-0.2071881694975202,-0.1924257385202972,-0.2094495433937342,0.06041978107363233
2.08,0.06425902064884004,0.06151905822535342,0.06297045015731217,-0.2068832750338575,-0.1911293592792698,-0.209680804286982,0.06427845413018479
2.09,0.06832567459464139,0.06543366557675551,0.06696711758090679,-0.2061078850036349,-0.1893836064945917,-0.2094417219517882,0.06834585102252949
2.1,0.07260019169922076,0.06955780245209842,0.0711724953784344,-0.2048522414344695,-0.1871851110976205,-0.2087194774768771,0.07262110031900376
2.11,0.07708033452724686,0.073890061812934,0.07558472578522141,-0.2031076881150513,-0.184531730350838,-0.2075021917690008,0.07710195915640339
2.12,0.08176247112733576,0.07842765263390955,0.08020055711835494,-0.2008666379231925,-0.1814224301642667,-0.2057789377947544,0.08178478495582953
2.13,0.08664154575634278,0.08316637515364567,0.08501532477440416,-0.1981225238700093,-0.1778571377712163,-0.2035397603171468,0.08666452152525722
2.14,0.09171108924744517,0.08810061065122804,0.09002294691516738,-0.194869722462172,-0.1738365500608439,-0.2007757036057304,0.09173469994567901
2.15,0.09696323573251876,0.09322332608780232,0.09521593510026088,-0.1911034478416901,-0.1693618793141449,-0.1974788473758773,0.09698745440707257
2.16,0.1023887534197293,0.09852609372266208,0.1005854198914292,-0.1868196686699377,-0.1644345351370736,-0.1936423510974235,0.1024135529225805
2.17,0.107977089907825,0.1039991255884498,0.1061211912157197,-0.1820151999321691,-0.1590558265250713,-0.1892605068073877,0.1080024426081561
2.18,0.1137164314868135,0.1096313224870534,0.1118117530361756,-0.1766880780445609,-0.1532269886920976,-0.1843288006592735,0.1137423089757135
2.19,0.1195937756426105,0.1154103369433271,0.1176443916434572,-0.1708379655285066,-0.1469500901873038,-0.1788439836267857,0.1196201484546949
2.2,0.1255950157620312,0.1213226493287821,0.1236052566541418,-0.1644662975549499,-0.1402299146210758,-0.1728041520239355,0.1256218531350011
2.21,0.1317050428111045,0.1273536561455881,0.129679453586329,-0.1575762756766246,-0.1330751143559786,-0.16620883876196,0.1317323065177075
2.22,0.1379078447759932,0.1334877692491673,0.1358511466851953,-0.1501727463848399,-0.1254967302893262,-0.1590591164715392,0.1379354888734495
2.23,0.1441866093283336,0.1397085245924548,0.1421036704949603,-0.1422620366419417,-0.1175060523003825,-0.1513577136913991,0.144214590645418
2.24,0.1505238543898885,0.1459986989034928,0.1484196485235084,-0.1338519087966428,-0.1091145215166115,-0.1431091451599318,0.1505521321984634
2.25,0.1569015525591787,0.1523404325672058,0.1547811172254107,-0.1249516491863694,-0.1003346236321657,-0.1343198567386157,0.1569300881106088
2.26,0.1633012580746808,0.1587153568764771,0.1611696534415297,-0.1155722240419444,-0.09118029491606089,-0.1249983845539859,0.1633300141307448
2.27,0.1697042345011443,0.1651047237492606,0.1675665033805305,-0.10572645613127,-0.08166691989677677,-0.1151555265221736,0.1697331748884011
2.28,0.1760915812274081,0.1714895359771207,0.1739527112104357,-0.0954292036329395,-0.07181130952510861,-0.1048045225461635,0.1761206704389446
2.29,0.1824443568977857,0.1778506760740326,0.1803092453468939,-0.08469753449646433,-0.06163177034270045,-0.09396123748468282,0.1824735597610819
2.3,0.1887436980954281,0.1841690318305775,0.1866171205782868,-0.07355089133973808,-0.05114823136142788,-0.08264433873259863,0.1887729793924389
2.31,0.1949709401014069,0.190425616746458,0.1928575142552521,-0.06201124037162775,-0.04038238174455266,-0.07087545827484065,0.195000255492203
2.32,0.2011077044039126,0.1966016836136459,0.1990118748926076,-0.05010319597289481,-0.02935778947999373,-0.05867932777728679,0.2011370077556972
2.33,0.2071359938152747,0.202678829653366,0.2050620216830955,-0.03785411158904639,-0.01809998484323316,-0.04608387502326844,0.2071652437713678
2.34,0.2130382833458598,0.2086390917721603,0.2109902336024953,-0.02529412788111085,-0.006636499774416271,-0.03312027102929221,0.2130674426034285
2.35,0.2187975919645561,0.2144650306936344,0.2167793269915609,-0.01245617068166233,0.005003141651745535,-0.01982291950461401,0.2188266265991771
2.36,0.2243975417934182,0.2201398029395905,0.2224127207277026,0.000624105991651358,0.0167874835353416,-0.006229383737802741,0.2244264206550138
2.37,0.2298224042264577,0.2256472198730719,0.227874488344259,0.01390843319232682,0.02868324838283082,0.00761974993606368,0.2298510984246846
2.38,0.2350571327217303,0.2309717932708126,0.2331493967127291,0.02735609425334373,0.04065549373648697,0.02168106877484655,0.2350856152127287
2.39,0.2400873822797936,0.2360987671584087,0.2382229311682642,0.04092414025407454,0.05266780920120823,0.03590858338318814,0.2401156275604017
2.4,0.2448995168230471,0.2410141359125526,0.2430813072264139,0.05456764534357122,0.06468254575975296,0.05025402084122699,0.2449274997955133
2.41,0.2494806104138024,0.245704648905534,0.2477114693038263,0.06823999171746409,0.07666106764935193,0.06466714991086853,0.2495082980768238
2.42,0.2538184101990085,0.2501578022326052,0.2521010771130028,0.08189317322721973,0.08856401600367658,0.07909612669178717,0.2538457727128095
2.43,0.2579013164075084,0.2543618183178232,0.2562384806457897,0.09547810671543366,0.1003515729953994,0.09348784984592828,0.257928329769299
2.44,0.2617183479778886,0.2583056144336126,0.2601126848878431,0.1089449411265498,0.1119837154805087,0.1077883160599419,0.2617449931963122
2.45,0.2652590965119274,0.2619787613891318,0.2637133056124591,0.1222433561853163,0.1234204484438512,0.1219429684481813,0.265285358897438
2.46,0.268513673753384,0.2653714338380827,0.267030517783033,0.1353228449860456,0.134622011321227,0.1358970328083055,0.2685395423318819
2.47,0.2714726543257311,0.2684743538247676,0.2700549982461723,0.1481329782252048,0.1455490549114257,0.1495958387760811,0.2714981213766939
2.48,0.2741270155673712,0.271278729324824,0.2727778645191534,0.1606236518779989,0.156162792975871,0.1629851248077123,0.2741520762824575
2.49,0.276468076374084,0.2737761896428252,0.2751906115646261,0.1727453242498673,0.1664251396374421,0.1760113274399757,0.2764927286277569
2.5,0.2784874390661655,0.2759587196016584,0.2772850485004738,0.184449251345387,0.1762988490922461,0.1886218563922983,0.2785116812149058
2.51,0.2801769348226663,0.2778185944980506,0.279053237213061,0.1956877299957428,0.1857476752969909,0.2007653577728739,0.2802007608507882
2.52,0.2815285561147721,0.2793483178044315,0.2804874348271958,0.2064143554010482,0.1947365646532183,0.2123919679479537,0.2815519659223913
2.53,0.2825344209361442,0.2805405635691911,0.2815800419359614,0.2165842943196378,0.20323188518892,0.2234535605530474,0.2825574206068154
2.54,0.2831867364708705,0.2813881254048639,0.2823235584085024,0.2261545690852531,0.2112016846537167,0.2339039886936914,0.2832093374514524
2.55,0.2834777715099625,0.2818838738566167,0.2827105484747707,0.2350843432448219,0.2186159613278164,0.2436993236312722,0.2834999899230912
2.56,0.2833998402775212,0.282020723811978,0.2827336166343831,0.2433351981268312,0.2254469277910749,0.2527980902150609,0.2834216963568378
2.57,0.2829452989048589,0.2817916134484297,0.2823853957544752,0.2508713907622886,0.231669249506618,0.2611614980581858,0.2829668165396382
2.58,0.282106555568099,0.2811894960204997,0.2816585485111854,0.2576600859792999,0.2372602450036614,0.2687536660354978,0.2821277619414711
2.59,0.2808760950600068,0.2802073455656149,0.2805457830946115,0.2636715578425831,0.2422000403145037,0.275541836201573,0.2808970203634967
2.6,0.2792465215231758,0.2788381773618842,0.2790398838411883,0.2688793571870286,0.2464716753678972,0.281496571810777,0.2792671955099943
2.61,0.2772106107843198,0.2770750837052199,0.2771337571843595,0.2732604427758476,0.2500611635326407,0.2865919329193037,0.2772310617137955
2.62,0.2747613718870084,0.2749112852921051,0.2748204930280662,0.2767952740222838,0.2529575075458286,0.290805622232353,0.2747816337572212
2.63,0.271892139686058,0.2723401982022085,0.2720934413521972,0.2794678638064562,0.2551526761810416,0.2941190936040149,0.2719122514366621
2.64,0.2685966735816973,0.269355516176691,0.2689463035590045,0.2812657911588133,0.2566415468210956,0.2965176160570403,0.2686166782232408
2.65,0.2648692692298909,0.2659513075876693,0.2653732377693433,0.2821801757071882,0.2574218200728753,0.2979902874638302,0.2648892130791583
2.66,0.2607048822000567,0.262122126196323,0.261368976982201,0.282205618739999,0.25749391392434,0.2985299941287278,0.2607248142038585
2.67,0.2560992620806085,0.2578631345048664,0.2569289587251981,0.2813401191483892,0.2568608465971681,0.2981333153302633,0.2561192332107458
2.68,0.2510490952749249,0.2531702382238322,0.2520494645525196,0.2795849757071531,0.2555281187354296,0.2968003751932679,0.251069157978182
2.69,0.2455521545033113,0.2480402301041313,0.2467277674943034,0.2769446892912369,0.2535036061528966,0.2945346477331934,0.2455723621825228
2.7,0.2396074576242203,0.2424709411266481,0.2409622853325553,0.2734268788877994,0.250797473278029,0.2913427241576546,0.2396278593098757
2.71,0.2332154157953204,0.2364613968064587,0.2347527373768651,0.2690422231557283,0.247422114293521,0.2872340541358431,0.233236058761392
2.72,0.2263779875850832,0.2300119761614309,0.2281003022428723,0.2638044348706069,0.243392124075044,0.2822206744390116,0.2263989215174751
2.73,0.219098836731781,0.2231245707235887,0.2210077740011795,0.257730269588218,0.2387242954221913,0.2763169389249938,0.2191201127127959
2.74,0.2113834788130107,0.2158027408442362,0.2134797139677163,0.2508395634657235,0.2334376341229684,0.2695392632509065,0.2114051483991863
2.75,0.2032394193609387,0.2080518664650453,0.2055225953514523,0.2431552897123458,0.2275533802470639,0.2619058960639603,0.2032615337394537
2.76,0.1946762806723234,0.1998792895001243,0.1971449379636971,0.2347036196067456,0.2210950231938299,0.2534367259699409,0.1946988898840397
2.77,0.1857059146146575,0.1912944449970361,0.1883574302262954,0.2255139728308351,0.2140882991563671,0.2441531306069131,0.1857290668348626
2.78,0.1763424988265155,0.1823089783148058,0.1791730357938456,0.2156190428252692,0.2065611620626271,0.2340778709646791,0.1763662396976307
2.79,0.1666026142796017,0.1729368456692164,0.1696070822270473,0.2050547853414766,0.1985437218956013,0.2232350309639638,0.1666269858648661
2.8,0.1565053072065446,0.1631943955461252,0.1596773293192553,0.1938603615819134,0.1900681469593455,0.2116499994599479,0.1565303408560517
2.81,0.1460721078245428,0.1531004286695851,0.1494040148848322,0.1820780306209676,0.1811685288295858,0.1993494894109463,0.1460978307671801
2.82,0.135327041780948,0.1426762344329529,0.1388098760644164,0.1697529887483618,0.1718807103459385,0.1863615870388494,0.1353534795471124
2.83,0.1242966140449772,0.1319456019590379,0.1279201444868288,0.1569331557784899,0.1622420781559489,0.1727158224353019,0.1243237896195776
2.84,0.1130097616479451,0.1209348042504008,0.1167625139470705,0.1436689102097952,0.1522913221490877,0.1584432522311929,0.1130376947037125
2.85,0.1014977778399297,0.1096725542224639,0.1053670796117082,0.1300127764920277,0.1420681647493962,0.1435765446179768,0.1015264840483561
2.86,0.08979420726065239,0.09818993177707691,0.09376624814168133,0.116019068704912,0.131613063551052,0.1281500571448361,0.08982369768099996
2.87,0.07793471212664921,0.08652028146729596,0.08199461852344597,0.1017434958059165,0.1209668912061519,0.1121998982649082,0.07796499267597762
2.88,0.0659569098533548,0.07469908071839315,0.07008883381591591,0.08724273435879148,0.1101705967718251,0.09576396451064595,0.06598798086219149
2.89,0.05390018470842479,0.06276377899793512,0.05808740444657035,0.07257397529147935,0.09926485280691688,0.07888194638191265,0.05393203881237257
2.9,0.04180547638385606,0.05075360876104007,0.04603050411870668,0.05779445153393103,0.08828969227541805,0.06159529746553161,0.04183809137685468
2.91,0.02971502072029065,0.03870936942819753,0.03395973981607658,0.04296095287884238,0.07728413873444384,0.04394716290178285,0.02974837043884687
2.92,0.01767209534328734,0.026673186075514,0.02191789780451298,0.02812933257541772,0.0662858325323134,0.02598226499979905,0.01770615096815936
2.93,0.005720737291221353,0.0146882449256992,0.009948667926109045,0.01335400728401126,0.05533065532169523,0.007746745507343777,0.005755466830098921
2.94,-0.006094558695101503,0.00279850811810789,-0.001903651146283769,-0.001312549590186451,0.04445235591554519,-0.01071203430920803,-0.006059190840897122
2.95,-0.01772915619624552,-0.008951589395894244,-0.01359446268365028,-0.01582031733937406,0.03368218315884175,-0.0293457330855994,-0.01769318957332999
2.96,-0.02913860404021635,-0.02051745764639834,-0.02507919538702641,-0.03012222533087316,0.02304853613589275,-0.04810530423203829,-0.02910208238532996
2.97,-0.04027897048104893,-0.03185468064118219,-0.03631363600342175,-0.04417461188333849,0.01257664744260534,-0.06694130106707286,-0.04024194185729552
2.98,-0.05110718078996758,-0.04291935283583365,-0.04725426727577503,-0.0579376181196492,0.002288318960474656,-0.08580420613681883,-0.05106969761245794
2.99,-0.06158135016688546,-0.05366841918209675,-0.0578586072755401,-0.07137550518650682,-0.007798270952225683,-0.104644778039635,-0.06154347323026566
3,-0.07166111660120376,-0.06406001477253043,-0.068085546072014,-0.08445690076012657,-0.01766867561368968,-0.1234144087776566,-0.07162291853591551
3.01,-0.0813079805275055,-0.07405380006768342,-0.0778956756547638,-0.09715498625734531,-0.02731219957349862,-0.1420654846871257,-0.08126953318555136
3.02,-0.09048560321087833,-0.08361128766777137,-0.08725160903382118,-0.1094476287501587,-0.03672183528954587,-0.160551744394696,-0.09044697750193098
3.03,-0.09916010035613436,-0.09269615655423652,-0.0961182844909142,-0.1213174512990614,-0.04589412953752353,-0.1788286280677037,-0.09912136661080345
3.04,-0.1073003158434051,-0.1012745497212267,-0.1044632510522734,-0.1327518304661465,-0.05482899477318864,-0.1968536135821419,-0.1072615440828645
3.05,-0.1148780713944482,-0.1093153512120739,-0.1122569314151938,-0.1437428112002641,-0.06352947943377607,-0.2145865373143752,-0.1148393314991933
3.06,-0.1218683888527645,-0.1167904387880858,-0.1194728587962507,-0.1542869342938877,-0.07200150774874314,-0.2319899003953841,-0.1218297506269761
3.07,-0.1282496820822392,-0.1236749087475765,-0.1260878844780841,-0.1643849775043973,-0.08025359590064773,-0.2490291659641682,-0.1282112152143317
3.08,-0.1340039158598585,-0.1299472697572823,-0.1320823532080021,-0.1740416168702315,-0.08829654867898334,-0.2656730599373918,-0.1339656897837509
3.09,-0.1391167229282207,-0.1355896029806372,-0.1374402440364985,-0.1832650192886592,-0.09614313963606758,-0.2818938977260348,-0.1390788132186284
3.1,-0.1435775002100211,-0.1405876863108323,-0.1421492746601916,-0.1920663808896392,-0.1038077779873843,-0.2976679713607018,-0.1435399853908408
3.11,-0.1473794632784133,-0.1449310811019781,-0.1462009678278378,-0.2004594279914954,-0.1113061664702447,-0.3129760381853109,-0.147342415562976
3.12,-0.1505196458267909,-0.1486131803514026,-0.1495906788639359,-0.2084598983446818,-0.1186549553818518,-0.3278039240846603,-0.1504831318099006
3.13,-0.1529988699829112,-0.1516312177636486,-0.152317583861363,-0.2160850199649014,-0.1258713985598119,-0.3421431069445394,-0.1529629512333585
3.14,-0.1548216777413235,-0.1539862375446998,-0.1543846286030065,-0.2233530033018466,-0.1329730169558605,-0.3559907367831925,-0.1547864112823316
3.15,-0.1559962243526258,-0.1556830252021033,-0.1557984387988489,-0.2302825601069739,-0.1399772747679951,-0.3693479649630277,-0.1559616630330395
3.16,-0.1565341350536908,-0.1567300001077442,-0.1565691927632179,-0.2368924595487483,-0.146901272064964,-0.3822157881763859,-0.1565003278169358
3.17,-0.1564503270435875,-0.1571390711117653,-0.1567104581939136,-0.2432011292568973,-0.1537614567099553,-0.3945901936839715,-0.1564173191051341
3.18,-0.1557627988624108,-0.1569254570458073,-0.156238995235282,-0.2492263063511371,-0.1605733573612205,-0.4064606513109942,-0.1557306320542463
3.19,-0.1544923839269116,-0.1561074744901885,-0.1551745285000133,-0.2549847412926782,-0.1673513385062212,-0.4178130046310564,-0.1544611035842461
3.2,-0.1526624989282858,-0.1547062956835836,-0.1535394911807623,-0.2604919556324893,-0.174108377907173,-0.4286330595808039,-0.1526321462853192
3.21,-0.1502988513119914,-0.1527456799172617,-0.1513587447956822,-0.2657620533650651,-0.1808558664827294,-0.4389081644653154,-0.1502694598307825
3.22,-0.1474291274606734,-0.1502516821737382,-0.1486592784747222,-0.2708075845224084,-0.1876034304799373,-0.4486272186633501,-0.1474007239001351
3.23,-0.1440826715517276,-0.1472523431339912,-0.1454698919977339,-0.2756394587419604,-0.1943587757547245,-0.4577801634099976,-0.1440552768842026
3.24,-0.1402901546613248,-0.1437773649724791,-0.1418208670316981,-0.280266905723209,-0.2011275540384007,-0.4663574451208277,-0.1402637848480775
3.25,-0.1360832387231442,-0.1398577775645934,-0.1377436311747029,-0.2846974787087596,-0.2079132511953741,-0.4743495655450904,-0.1360579053628955
3.26,-0.1314942400149723,-0.1355255998306141,-0.1332704194945359,-0.2889370963993051,-0.2147170976572497,-0.4817467135628818,-0.1314699508813773
3.27,-0.1265557968377333,-0.1308135009361853,-0.1284339382531294,-0.292990118092561,-0.2215380014336641,-0.4885384575312569,-0.1265325563225381
3.28,-0.1213005452195741,-0.125754465986932,-0.1232670354420973,-0.296859446393222,-0.2283725043209985,-0.4947134883758985,-0.1212783554472506
3.29,-0.1157608053112859,-0.1203814707272588,-0.1178023826256184,-0.3005466516298296,-0.2352147621049226,-0.5002594128774178,-0.1157396704488962
3.3,-0.1099682992307639,-0.1147271695973439,-0.1120721723955548,-0.3040521121503501,-0.2420565496122382,-0.5051625964446368,-0.1099482189541228
3.31,-0.1039538732168181,-0.1088236013074323,-0.1061078354856714,-0.3073751649213856,-0.2488872913430263,-0.5094080521851029,-0.1039348423305538
3.32,-0.09774724933817719,-0.1027019158305735,-0.09993978126466585,-0.3105142612597082,-0.2556941180679167,-0.5129793762305679,-0.09772925883565697
3.33,-0.09137680677265589,-0.09639212637622291,-0.09359716493272424,-0.3134671230040791,-0.2624619492279957,-0.5158587362041887,-0.09135984471934605
3.34,-0.08486939365763235,-0.08992288948800498,-0.08710768429138244,-0.3162308949305729,-0.269173600315427,-0.5180269234432703,-0.08485344591894928
3.35,-0.0782501716322641,-0.0833213159217242,-0.08049740845091569,-0.31880228969929,-0.2758099137799144,-0.519463477226169,-0.07823522246650072
3.36,-0.07154249463786404,-0.07661281442109602,-0.07379064029391597,-0.321177722098456,-0.2823499115448797,-0.5201468832049307,-0.07152852717376906
3.37,-0.06476782296200503,-0.06982096993395448,-0.06700981393809902,-0.3233534298438194,-0.2887709670306329,-0.5200548420421249,-0.06475481957909557
3.38,-0.05794567202877884,-0.06296745721368913,-0.0601754278461637,-0.3253255787148628,-0.2950489946933917,-0.519164599759639,-0.05793361554224363
3.39,-0.05109359736809131,-0.05607199014235786,-0.05330601362557963,-0.3270903503674594,-0.3011586554359245,-0.5174533287373695,-0.05108247226931428
3.4,-0.04422721887865808,-0.04915230650583335,-0.046418139957913,-0.328644011742586,-0.3070735766979866,-0.5148985471572957,-0.04421700795018585
3.41,-0.0373602697940827,-0.04222418735997796,-0.03952645050583647,-0.3299829655734384,-0.3127665864329026,-0.5114785644451246,-0.0373509546064657
3.42,-0.03050468065383887,-0.03530150956025602,-0.03264373407682764,-0.3311037820675283,-0.3182099603724535,-0.5071729405694677,-0.03049624218925395
3.43,-0.02367069231749393,-0.02839632949157933,-0.02578102478530919,-0.332003212413391,-0.3233756818775376,-0.5019629477316185,-0.02366311144331862
3.44,-0.0168669947620557,-0.02151899553393477,-0.01894772945826606,-0.332678185362715,-0.3282357132529485,-0.4958320239228852,-0.01686025257712603
3.45,-0.01010088828134512,-0.01467828633464263,-0.01215177908212434,-0.3331257888117656,-0.3327622767700461,-0.4887662089811445,-0.01009496635549745
3.46,-0.003378463346015638,-0.007881571534917864,-0.005399800698743018,-0.3333432390925216,-0.336928143010231,-0.4807545550885748,-0.003373343871322765
3.47,0.003295204908404358,-0.001134991226120929,0.00130269416611356,-0.3333278416023585,-0.3407069238145373,-0.4717895050578792,0.003299539038392307
3.48,0.009915852203716175,0.00555634989755871,0.007951108710773203,-0.3330769474252867,-0.3440733673610228,-0.4618672331894051,0.009919416983236617
3.49,0.01647981348527,0.01218817795473931,0.01454155204568497,-0.3325879116436807,-0.3470036537166415,-0.4509879448808699,0.01648262420556251
3.5,0.0229838101954066,0.01875683927038518,0.02107062679802474,-0.3318580599609316,-0.349475690213398,-0.4391561324758024,0.02298588220669817
3.51,0.02942474177265618,0.02525908821082418,0.02753521757901811,-0.330884670850318,-0.3514694062932362,-0.4263807859975726,0.02942609023092724
3.52,0.03579948320470919,0.03169187788874783,0.0339322846860724,-0.3296649804705071,-0.3529670459970065,-0.4126755583988701,0.03580012291594742
3.53,0.04210469387799587,0.03805215804723899,0.04025866725581811,-0.3281962167850747,-0.3539534524937744,-0.3980588857428515,0.04210463922888386
3.54,0.04833664158372445,0.04433668423408649,0.04651089984952805,-0.3264756674660433,-0.3544163336488689,-0.3825540633184563,0.04833590654078135
3.55,0.05449104519319477,0.05054184210635049,0.05268504614383929,-0.3245007831413788,-0.3543464926850359,-0.3661892790883157,0.05448964335455331
3.56,0.06056293911218533,0.05666349036518659,0.05877655302344553,-0.3222693134995139,-0.3537380060587716,-0.3489976060941926,0.06056088379803459
3.57,0.06654656215556022,0.06269682541724475,0.06478012793566224,-0.3197794691977356,-0.3525883332033956,-0.3310169555301054,0.06654386653322186
3.58,0.07243527226355563,0.06863627039787301,0.07068964187759419,-0.3170300983451654,-0.3508983489980203,-0.3122899921698702,0.07243195022324733
3.59,0.07822149112283772,0.07447539068141618,0.07649805985461433,-0.3140208636731231,-0.3486722970629983,-0.2928640137376406,0.07821755715067569
3.6,0.08389667731940474,0.08020683745486379,0.08219740008340387,-0.3107524062863638,-0.3459176674376759,-0.2727907956695118,0.08389214600440575
3.61,0.08945132822041382,0.08582232035345605,0.0877787226251201,-0.3072264843142903,-0.3426450045553489,-0.2521264025604948,0.08944621425936783
3.62,0.09487501173103549,0.09131260956088671,0.09323214753505993,-0.3034460790866864,-0.3388676513853567,-0.2309309674485477,0.09486932997476788
3.63,0.1001564267164296,0.0966675671716975,0.09854690201655925,-0.2994154661648168,-0.3346014350723353,-0.20926843997482,0.1001501922446315
3.64,0.1052834907468529,0.1018762070090684,0.1037113954808885,-0.2951402521817916,-0.3298643002366375,-0.1872063043903546,0.1052767189602517
3.65,0.1102434532791926,0.1069267815001828,0.1087133208549584,-0.2906273802239877,-0.3246758992188681,-0.1648152683628134,0.110236159999441
3.66,0.1150230318834796,0.1118068936538777,0.1135397799583792,-0.2858851066473805,-0.3190571536218944,-0.1421689235768651,0.1150152334524572
3.67,0.1196085684882632,0.1165036316878131,0.1181774303030861,-0.2809229516602013,-0.313029807163989,-0.119343379220368,0.1196002820395131
3.68,0.1239862011513008,0.1210037234382378,0.1226126502607904,-0.2757516256416763,-0.3066159942126281,-0.09641686960549412,0.1239774464783587
3.69,0.1281420546064779,0.1252937073585387,0.1268317191977508,-0.2703829334752537,-0.2998378496118012,-0.07346933738939265,0.1281328522306315
3.7,0.1320624352889736,0.1293601166493252,0.1308210088927743,-0.2648296600676303,-0.2927171824488081,-0.05058199413406334,0.1320528057985848
3.71,0.1357340324695018,0.1331896728304593,0.1345671823339272,-0.2591054412851532,-0.2852752293166458,-0.02783686028356258,0.135723996564762
3.72,0.1391441215242719,0.1367694848529638,0.1380573958404768,-0.2532246253399932,-0.2775324928070023,-0.005316287047214097,0.1391337000690303
3.73,0.1422807645285057,0.1400872496823957,0.1412795003894269,-0.2472021299750874,-0.269508660736341,0.01689753682237577,0.1422699786022948
3.74,0.1451330041194041,0.1431314502088817,0.14422223804935,-0.2410533006376885,-0.2612225934006996,0.03872308974339428,0.145121875063941
3.75,0.147691046723374,0.1458915463843737,0.1468754295386089,-0.234793774336443,-0.252692361622546,0.06008002907935633,0.1476795961788301
3.76,0.1499464314690611,0.1483581556566076,0.1492301491253991,-0.2284393531829668,-0.243935317813699,0.08088970438227211,0.1499346813964683
3.77,0.1518921807465083,0.1505232190409512,0.1512788833634648,-0.2220058907818766,-0.2349681848196912,0.1010756646872887,0.151880154094411
3.78,0.1535229295871112,0.1523801495165008,0.1530156704998309,-0.2155091936407179,-0.2258071514058381,0.1205641492105144,0.1535106520739747
3.79,0.1548350379070065,0.1539239598261466,0.1544362177903154,-0.2089649386277134,-0.2164679674691991,0.1392845443840178,0.1548225347607196
3.8,0.1558266693640524,0.1551513671876029,0.1555379944067481,-0.2023886063187767,-0.2069660355222964,0.157169776042395,0.1558139649962709
3.81,0.1564978457445972,0.1560608728784434,0.1563202981096485,-0.1957954290719123,-0.1973164973781688,0.1741565717018106,0.1564849638215483
3.82,0.1568504736841204,0.1566528151433883,0.1567842943832271,-0.18920035209171,-0.1875343163347111,0.1901854413395364,0.1568374371936391
3.83,0.1568883428267943,0.1569293943857057,0.1569330272767307,-0.1826180056977996,-0.1776343557261372,0.2052000069929058,0.156875174138122
3.84,0.1566170954900762,0.1568946701416619,0.1567714017561755,-0.1760626873355725,-0.1676314547176246,0.2191449707063071,0.1566038164036196
3.85,0.1560441684593337,0.1565545298873144,0.156306137931402,-0.1695483522216453,-0.1575405018812934,0.2319640416878648,0.1560308002444367
3.86,0.1551787080787706,0.1559166302783123,0.1555456980728868,-0.1630886115757235,-0.1473765066008002,0.2436136281670521,0.1551652714981503
3.87,0.1540314589667466,0.1549903119618558,0.1545001878592741,-0.156696737050972,-0.1371546678755551,0.2540869876503931,0.1540179756376275
3.88,0.1526146319716899,0.1537864896135659,0.1531812337889394,-0.1503856693957848,-0.1268904397579611,0.2633843776076267,0.1526011249499195
3.89,0.1509417548272142,0.1523175193283255,0.1516018391369375,-0.144168028850851,-0.1165995925186303,0.2714860670236817,0.150928245419151
3.9,0.1490274984113721,0.1505970459221508,0.1497762212334731,-0.1380561245465514,-0.1062982686868542,0.2783695559833339,0.1490140062578291
3.91,0.1468874920951584,0.1486398330714883,0.1477196331733179,-0.1320619603030386,-0.09600303329566046,0.2840219780520691,0.1468740353344302
3.92,0.1445381285590308,0.1464615795189833,0.1454481733313079,-0.126197234692781,-0.08573091788991738,0.2884413130659088,0.1445247239787507
3.93,0.1419963616308026,0.1440787248056462,0.1429785862525147,-0.1204733338781958,-0.07549945805859359,0.2916351239961375,0.141983024806563
3.94,0.1392795008697529,0.1415082481459286,0.1403280586040112,-0.1149013164630344,-0.06532672438291126,0.2936193518543588,0.1392662462889597
3.95,0.1364050066289631,0.1387674641438054,0.137514013917071,-0.1094918903101001,-0.05523134673667029,0.2944174099762961,0.136391847798953
3.96,0.133390289256434,0.1358738190545561,0.134553909814384,-0.1042553819326531,-0.04523253184230558,0.2940594706341044,0.1333772387992598
3.97,0.1302525139746915,0.1328446912292406,0.1314650413080302,-0.09920169964090431,-0.03535007389576339,0.2925818471076798,0.1302395856932262
3.98,0.1270084219442421,0.129697199238381,0.1282643535738608,-0.09434029210765704,-0.02560435794511601,0.2900264151515968,0.1269956296501121
3.99,0.1236741628692092,0.1264480209608108,0.1249682673612701,-0.08968010440077678,-0.0160163555573099,0.2864400456630894,0.1236615184414386
4,0.1202651413528492,0.1231132266476598,0.1215925198908577,-0.08522953380646303,-0.006607612144359176,0.2818740364130682,0.1202526549941679
4.01,0.1167958845148949,0.1197081286369217,0.1181520237333527,-0.08099638792622488,0.002599774848740855,0.2763835396376239,0.1167835649868498
4.02,0.1132799305600223,0.1162471500100832,0.1146607457608838,-0.07698784756214,0.01158318786044349,0.2700269872116097,0.1132677853954115
4.03,0.109729739753845,0.1127437140599835,0.1111316078253439,-0.07321043680109074,0.02031953235713152,0.2628655177654206,0.1097177754455372
4.04,0.1061566287929205,0.1092101559901456,0.1075764103589481,-0.06967000246604843,0.02878529246021733,0.2549624113901148,0.1061448509586542
4.05,0.1025707290751341,0.1056576578019143,0.1040057796191122,-0.06637170472569431,0.03695660039068938,0.2463825380137299,0.1025591425983667
4.06,0.09898096877401116,0.1020962068572411,0.1004291388235635,-0.06332002015424154,0.04480932106426583,0.2371918254149005,0.09896957804423556
4.07,0.09539507671283083,0.09853457814033934,0.09685470295186532,-0.06051875792875855,0.05231915304985119,0.2274567523482863,0.09538388764969946
4.08,0.09181961478031396,0.09498033978787862,0.0932894965347158,-0.05797108916091437,0.0594617468271933,0.2172438715111135,0.09180863269038469
4.09,0.08826002609225185,0.09143988102148437,0.08973939332106484,-0.0556795886059484,0.06621284081598949,0.2066193661726629,0.08824925488661517
4.1,0.08472070306028838,0.08791846120462632,0.08620917631258385,-0.05364628720000242,0.07254841498437914,0.1956486432937842,0.0847101454976274
4.11,0.08120507404218376,0.08442027836608312,0.08270261629289871,-0.05187273308365609,0.07844486099302928,0.184395964947257,0.08119473194186699
4.12,0.07771570517790573,0.08094855519141791,0.07922256666153976,-0.05036005802441118,0.08387916684074703,0.1729241188696999,0.07770557960336094
4.13,0.07425441483027631,0.0775056401895754,0.07577107211570505,-0.04910904551841777,0.08882911293575202,0.1612941280807479,0.07424450624343776
4.14,0.07082239786505849,0.07409312149937664,0.07234948851087564,-0.04812019640635407,0.09327347554388032,0.1495649987323432,0.07081270625310254
4.15,0.06742035688045549,0.07071195061465763,0.06895861107729645,-0.04739378765466778,0.09719223279922773,0.1377935047229658,0.06741088185647481
4.16,0.06404863710662334,0.06736257317917882,0.06559880807460605,-0.04692992009030722,0.1005667680361926,0.126034007135566,0.06403937831047291
4.17,0.06070736172745456,0.06404506393425791,0.06227015693180343,-0.04672855136378762,0.1033800652111336,0.1143383062263416,0.06069832014001142
4.18,0.05739656966252776,0.06075926289269601,0.05897257994312427,-0.04678951123768971,0.1056168916612114,0.1027555234868144,0.05738774549984771
4.19,0.05411634332705218,0.05750490986041912,0.05570597666996974,-0.04711249739287027,0.1072639643528704,0.09133201120096501,0.05410773586079021
4.2,0.05086693064606912,0.05428177452942851,0.05247035033167402,-0.04769705120691498,0.1083100969813005,0.08011128689960884,0.05085853837610521
4.21,0.04764885768742078,0.0510897795181221,0.04926592564925214,-0.04854251425420181,0.1087463266190244,0.06913399015583443,0.0476406784884415
4.22,0.0444630293397424,0.0479291139330314,0.04609325583161178,-0.0496479674641066,0.1085660198833254,0.05843785925228862,0.044455060583589
4.23,0.04131081612288973,0.04480033526379978,0.04295331665718555,-0.05101215583267915,0.1077649596301424,0.04805772537079717,0.04130305477878343
4.24,0.03819412552876272,0.04170445769547471,0.03984758589963361,-0.05263340223215129,0.1063414138745684,0.03802552209721005,0.03818656824373134
4.25,0.03511545662351991,0.03864302522340829,0.03677810666798426,-0.05450951417221439,0.1042961889443417,0.02837030819093489,0.03510809978548601
4.26,0.0320779364862786,0.03561816828139308,0.03374753357257287,-0.05663768735756658,0.1016326688170265,0.01911830173221724,0.03207077677698944
4.27,0.02908533899266368,0.03263264293799634,0.03075916098207954,-0.05901440961853055,0.09835684224615421,0.01029292392545139,0.02907837386659684
4.28,0.02614208710539603,0.02968985207348884,0.02781693299659227,-0.06163536834914046,0.09447731874317178,0.001914850999509721,0.02613531326570018
4.29,0.02325323329114532,0.0267938483127646,0.02492543512006373,-0.06449536405860035,0.0900053338525092,-0.00599792719583514,0.02324664676711719
4.3,0.0204244237017022,0.02394931884921436,0.02208986796532952,-0.06758823210611681,0.08495474352899074,-0.01343004314598251,0.0204180199921446
4.31,0.01766184549086622,0.02116155264060038,0.01931600365911257,-0.07090677420563918,0.07934200687488824,-0.02036868328207281,0.01765561969341284
4.32,0.0149721583206435,0.01843639078183307,0.01661012592691224,-0.07444270089282545,0.07318615607023926,-0.0268035162067739,0.01496610524868369
4.33,0.0123624114741379,0.01578016115477754,0.0139789551235876,-0.07818658585701077,0.06650875206269835,-0.03272661835954249,0.0123565257629541
4.34,0.00983994824489972,0.01319959871948073,0.01142955973249526,-0.08212783285281167,0.05933382447671348,-0.0381323978136659,0.009834224448606932
4.35,0.007412299491630175,0.0107017530456755,0.008969256084043531,-0.08625465580231439,0.0516877942408166,-0.04301751676995802,0.007406732172380193
4.36,0.005087067803420019,0.008293884890828163,0.00660549824449308,-0.09055407265244925,0.04359937758607257,-0.04738081318955334,0.005081652241085921
4.37,0.002871806633268218,0.005983353813762915,0.004345760197970894,-0.09501191352995003,0.03509947030044086,-0.05122322189160189,0.002866538642949557
4.38,0.0007738949285568912,0.003777498969748883,0.00219741258498618,-0.09961284370163659,0.02622101139320915,-0.05454769533199622,0.0007687700668697617
4.39,-0.00119959165472788,0.001683515359860388,0.0001675963623801735,-0.1043404017656037,0.01699882559599997,-0.05735912417776567,-0.001204577913019145
4.4,-0.003042007982909468,-0.000291672102771201,-0.001736904196269762,-0.1091770533419028,0.007469444377720347,-0.05966425769997896,-0.003046860075607727
4.41,-0.004747263700460727,-0.00214153430088293,-0.003509786738008169,-0.1141042602913183,-0.002329094624784367,-0.06147162392717415,-0.004751985817711413
4.42,-0.006309942170764982,-0.003860060987188385,-0.005145351930257558,-0.1191025651894393,-0.01235746963783263,-0.06279144943274823,-0.006314538104223832
4.43,-0.007725411852981378,-0.005441878863658767,-0.006638618134074736,-0.1241516904779922,-0.02257531784689826,-0.06363557857460261,-0.00772988485481968
4.44,-0.008989927994591317,-0.006882362394126096,-0.007985427479411056,-0.1292306514894307,-0.03294149874822605,-0.06401739196439793,-0.00899428064681207
4.45,-0.01010072270141075,-0.008177735205691983,-0.009182541314140258,-0.1343178824710159,-0.04341437630852091,-0.06395172391770793,-0.01010495677541301
4.46,-0.01105608217051259,-0.009325160099864727,-0.01022772316900583,-0.139391374847375,-0.05395211757247531,-0.06345477862558357,-0.01106019790495028
4.47,-0.0118554070758475,-0.0103228158988608,-0.01111980758175279,-0.1444288271991451,-0.06451300420350781,-0.06254404479246733,-0.01185940376401945
4.48,-0.01249925832756064,-0.01116995959237793,-0.01185875335642927,-0.1494078066688418,-0.07505575218085792,-0.06123820850491546,-0.01250313458090679
4.49,-0.01298938564100643,-0.01186697251233326,-0.01244568009285668,-0.1543059215843667,-0.08553983371782953,-0.05955706412955941,-0.01299313921898659
4.5,-0.01332873759439778,-0.01241538953135024,-0.0128828870979491,-0.1591010049239499,-0.09592579464038364,-0.05752142308629826,-0.0133323652510916
4.51,-0.01352145315332757,-0.01281791054613479,-0.01317385407689009,-0.1637713078468462,-0.106175560144486,-0.05515302040263398,-0.01352495050298341
4.52,-0.01357283449110293,-0.01307839377291836,-0.01332322329453278,-0.168295701985802,-0.1162527220996596,-0.05247441902599381,-0.01357619589465253
4.53,-0.01348930123547933,-0.01320183065829583,-0.01333676319341603,-0.1726538886732051,-0.126122801836183,-0.04950891195082852,-0.01349251970966514
4.54,-0.01327832657255316,-0.01319430249872822,-0.01322131375273206,-0.1768266128447944,-0.1357534835152415,-0.0462804223044756,-0.01328139372296477
4.55,-0.01294835599968506,-0.0130629191601222,-0.01298471416743996,-0.1807958790480769,-0.1451148145746893,-0.04281340162786679,-0.01295126191167445
4.56,-0.01250870987043922,-0.01281574058414725,-0.01263571371391692,-0.184545166726213,-0.154179371217504,-0.0391327266820472,-0.01251144275738275
4.57,-0.01196946952146345,-0.01246168205034892,-0.01218386694268891,-0.1880596416749961,-0.1629223883448217,-0.0352635952068141,-0.01197201641771872
4.58,-0.01134135145977877,-0.01201040442792012,-0.01163941459624107,-0.1913263602222323,-0.171321854641273,-0.03123142115183297,-0.01134369829575399
4.59,-0.01063556921930485,-0.01147219089677221,-0.01101315188743363,-0.1943344622438272,-0.1793585746327776,-0.02706172999189388,-0.01063770076404658
4.6,-0.009863685167249454,-0.01085781184391649,-0.01031628598838857,-0.1970753486524592,-0.1870162004119874,-0.02278005482622703,-0.009865585002338806
4.61,-0.009037454554571481,-0.01017837984626657,-0.009560284767792915,-0.1995428385612861,-0.1942812363405719,-0.01841183404842628,-0.009039105080994481
4.62,-0.008168664084468721,-0.009445196830556779,-0.008756718972867672,-0.2017333010511008,-0.2011430203907645,-0.01398231146248741,-0.008170046563279409
4.63,-0.007268967379521537,-0.008669595650575679,-0.007917100177835201,-0.2036457564710857,-0.2075936859065487,-0.009516439819847122,-0.00727006200619279
4.64,-0.006349719798543414,-0.007862778436567019,-0.007052716910982859,-0.205281942574922,-0.2136281074951883,-0.005038788876266409,-0.006350505810035101
4.65,-0.005421815103135865,-0.007035654148165649,-0.006174471425297035,-0.2066463415842025,-0.219243834563694,-0.0005734592387808268,-0.005422270899715143
4.66,-0.004495526253153461,-0.006198677798887831,-0.005292719591982353,-0.2077461654685853,-0.2244410157545252,0.003855996472740542,-0.004495629715323579
4.67,-0.003580353090196667,-0.005361693816534452,-0.004417116371408791,-0.2085912982605976,-0.2292223172610275,0.008226643236733333,-0.003580081945516622
4.68,-0.002684879460034601,-0.004533785961131742,-0.003556469252526284,-0.2091941959514841,-0.2335928377423464,0.01251622151140869,-0.002684211355130528
4.69,-0.001816641345722922,-0.003723136142152528,-0.002718601950600308,-0.2095697462779744,-0.237560022300874,0.01670319002001625,-0.001815553939321979
4.7,-0.000982008390368003,-0.002936894361784126,-0.001910230515905109,-0.2097350923378106,-0.2411335776758774,0.02076674890058511,-0.0009804794819073259
4.71,-0.0001860807159523791,-0.002181061862755351,-0.001136853834504237,-0.2097094253148657,-0.2443253903274953,0.02468683733164945,-0.0001840884078287419
4.72,0.0005673972888266677,-0.001460389378575566,-0.0004026602990479522,-0.2095137525447959,-0.2471494482499317,0.02844409881632659,0.0005698743985085852
4.73,0.001276104784094448,-0.0007782921719927671,0.0002895478047719169,-0.2091706476541519,-0.2496217659262103,0.03201980842333041,0.001279087382495547
4.74,0.001939192738697262,-0.0001367833059919277,0.0009384109082845593,-0.208703989557131,-0.2517603096180894,0.03539576280065876,0.001942700558112631
4.75,0.002557312183118047,0.0004635736758621389,0.001544048757849803,-0.208138696738749,-0.253584917205291,0.03855415060147305,0.002561363325573496
4.76,0.003132620946475712,0.001023691771629032,0.002108076288320826,-0.2075004625691271,-0.2551172036276055,0.04147745071962844,0.003137231299017773
4.77,0.003668768189391085,0.001545966662272913,0.002633598367837331,-0.2068154964798002,-0.256380441044103,0.04414843853567896,0.003673951886633831
4.78,0.004170859349998994,0.002034261704176699,0.003125183325383196,-0.2061102747947782,-0.2573994041393566,0.04655038391489202,0.004176628681320682
4.79,0.004645399755256248,0.002493871826477312,0.003588815490554786,-0.2054113039466901,-0.2582001770703981,0.0486674602559421,0.004651765034768662
4.8,0.005100218084509727,0.002931466708185504,0.004031827289237344,-0.2047448978063042,-0.2588099283096097,0.05048526207053289,0.005107187496599441
4.81,0.005544370670882137,0.003355013923253436,0.004462811743399853,-0.2041369699751113,-0.2592566683799799,0.05199124005083799,0.005551950097765601
4.82,0.005988027900221733,0.003773683037819997,0.004891516511104144,-0.2036128411746334,-0.2595690070587905,0.05317489574227796,0.005996220738797409
4.83,0.006442344228172471,0.004197731915125791,0.005328720869150372,-0.2031970613297359,-0.2597759188638789,0.05402770626654507,0.00645115120399975
4.84,0.006919313586897341,0.004638376727381988,0.005786097282204361,-0.2029132455864656,-0.2599065136632813,0.05454286413219045,0.006928732558036832
4.85,0.007431613572378618,0.005107647392431969,0.006276059417649749,-0.2027839233171164,-0.2599898017427633,0.05471495299134044,0.007441637887658392
4.86,0.007992435383715206,0.005618230350953102,0.006811598653892192,-0.2028303991300544,-0.2600544440092674,0.05453965431046093,0.008003054525170805
4.87,0.008615307355351546,0.006183300777974021,0.007406111288748352,-0.2030726249991889,-0.2601284851169265,0.05401353661907871,0.008626508029101698
4.88,0.009313914157836729,0.006816346476111068,0.008073218779919844,-0.2035290828295769,-0.2602390739918788,0.05313394404937982,0.009325680298961414
4.89,0.01010191150366795,0.007530985818885949,0.008826583436777224,-0.2042166770376808,-0.2604121790172479,0.05189897816901246,0.01011422426408543
4.9,0.01099273988183682,0.008340782193080043,0.009679722028971383,-0.2051506369797302,-0.2606723046175701,0.0503075537180393,0.01100557761020937
4.91,0.01199943976916468,0.009259057424804484,0.01064581978198131,-0.2063444292208955,-0.2610422144821076,0.04835950468593514,0.01201277799199241
4.92,0.01313447071313035,0.01029870666398425,0.01173754719379383,-0.2078096796141057,-0.2615426658547539,0.0460557216673444,0.01314828212598024
4.93,0.01440953659066454,0.011472017148835,0.01296688203266294,-0.2095561049087277,-0.2621921595341014,0.043398308812721,0.0144237910679097
4.94,0.01583541944437099,0.01279049317979913,0.01434493876603016,-0.2115914531945371,-0.2630067110000813,0.04039075279371607,0.01585008385312153
4.95,0.01742182553574045,0.01426468950575605,0.01588180752785751,-0.21392145209018,-0.2639996487939476,0.03703809659770552,0.01743686152200935
4.96,0.0191772366843406,0.0159040551675601,0.01758640455880361,-0.216549763475632,-0.2651814465070907,0.03334711060037054,0.01919260336719586
4.97,0.02110878199461078,0.01771678965763923,0.01946633585420787,-0.2194779439726605,-0.2665595943217732,0.02932645391755861,0.02112443702959926
4.98,0.02322212412894679,0.01970971304204161,0.02152777553266788,-0.2227054113324783,-0.2681385150271652,0.02498682029014698,0.02323802384077389
4.99,0.02552136105559467,0.02188815145674067,0.02377536019763227,-0.2262294181640793,-0.2699195279473471,0.02034106409100123,0.02553746056368877
5,0.02800894508148161,0.02425583913861518,0.02621210031126614,-0.2300450356070155,-0.2719008624474127,0.01540430321404429,0.0280251984281405
5.01,0.03068561980554906,0.02681483789040001,0.02883930933904361,-0.2341451502053813,-0.2740777208157472,0.01019399663819875,0.03070198009516012
5.02,0.03355037536565317,0.02956547461515202,0.03165655116059707,-0.2385204771751031,-0.2764423885210859,0.00472999541061353,0.03356679492204218
5.03,0.03660042209332139,0.03250629729573573,0.0346616059820265,-0.2431595925597958,-0.2789843882470525,-0.0009654333450305197,0.03661685264055059
5.04,0.03983118310558566,0.03563404954300692,0.03785045473150406,-0.248048985725392,-0.2816906728116603,-0.006867609081299575,0.03984757531028188
5.05,0.04323630526479144,0.03894366359529122,0.04121728167717204,-0.2531731325674599,-0.2845458511448558,-0.0129494663461775,0.04325260717096835
5.06,0.04680768108982756,0.04242827142301908,0.04475449477727428,-0.2585145889135942,-0.2875324409482397,-0.01918160816960734,0.04682384179574417
5.07,0.05053549554038696,0.04607923337687553,0.04845276306043389,-0.2640541029697684,-0.2906311414912024,-0.02553238339840985,0.05055146574543207
5.08,0.05440828563088136,0.04988618361732577,0.05230107014179453,-0.2697707452505478,-0.2938211201733512,-0.03196798738668449,0.05442401774432259
5.09,0.05841301399437284,0.05383709138032117,0.05628678281151955,-0.2756420541741325,-0.2970803069481392,-0.03845258594404632,0.05842846224333453
5.1,0.06253515556447174,0.05791833697174509,0.06039573348838695,-0.2816441953290297,-0.3003856913815779,-0.04494846300554389,0.0625502761081439
5.11,0.06675879601419409,0.06211480124540286,0.06461231521481253,-0.2877521322976783,-0.303713617923394,-0.05141619300330458,0.06677354706921418
5.12,0.07106674051792659,0.06640996720865328,0.06891958778155466,-0.2939398068497321,-0.3070400757969696,-0.05781483928874603,0.07108108249774986
5.13,0.07544063135745702,0.07078603231724917,0.07329939351030579,-0.3001803263069757,-0.3103409806686996,-0.0641021800991487,0.07545452702650873
5.14,0.07986107389457607,0.07522402996624034,0.07773248118958798,-0.3064461559456444,-0.3135924458454126,-0.07023496344314017,0.07987448751616638
5.15,0.08430776666024038,0.07970395865530572,0.08219863665235649,-0.3127093144450054,-0.3167710411006371,-0.07616919189500748,0.08432066387540316
5.16,0.08875963373879614,0.08420491730321022,0.08667681850074832,-0.3189415706050251,-0.3198540373149498,-0.08186043766865819,0.08877198427406963
5.17,0.09319496569628648,0.08870524520560114,0.09114529752277833,-0.3251146398225023,-0.3228196349515806,-0.08726418753875342,0.09320674334171031
5.18,0.09759155949857325,0.09318266517176044,0.09558179840528969,-0.3312003791081444,-0.3256471740526799,-0.09233621624241961,0.09760274201564523
5.19,0.1019268587515216,0.09761442843794343,0.0999636424251012,-0.3371709797192927,-0.328317323060841,-0.09703298597413157,0.1019374277909761
5.2,0.1061780931942205,0.1019774600358305,0.1042678898935235,-0.3429991567478965,-0.33081224349708,-0.1013120685068019,0.1061880342261773
5.21,0.1103224164122869,0.1062485033925989,0.1084714812356937,-0.348658335218604,-0.3331157275016435,-0.1051325853476395,0.110331718669276
5.22,0.1143370408560862,0.1104042630518797,0.1125513757025923,-0.3541228324005298,-0.3352133055586255,-0.108455660174754,0.1143456972877358
5.23,0.1181993693710479,0.114421544529541,0.1164846868367658,-0.3593680361076564,-0.3370923223925117,-0.1112448766104681,0.1182073766068953
5.24,0.1218871234348465,0.1182773904507304,0.120248813938701,-0.3643705787531911,-0.3387419799769671,-0.1134667331948807,0.1218944808840549
5.25,0.1253784641355021,0.1219492122493291,0.123821568905594,-0.3691085068364472,-0.3401533477058637,-0.1150910862762209,0.1253851747652437
5.26,0.1286521096159761,0.1254149168414662,0.1271812979336642,-0.3735614453878809,-0.34131934089455,-0.1160915705089029,0.1286581807864914
5.27,0.1316874482431495,0.1286530278048225,0.130306997686636,-0.3777107566970163,-0.3422346697736053,-0.1164459858507417,0.1316928913888737
5.28,0.134464644876758,0.131642800701486,0.1331784256345847,-0.3815396924209297,-0.3428957619196214,-0.1161366395079236,0.134469475214452
5.29,0.1369647412735976,0.1343643322734246,0.1357762043582045,-0.3850335379418628,-0.3433006616018178,-0.1151506313360253,0.1369689775368841
5.3,0.1391697505563842,0.1367986633182143,0.1380819196933292,-0.3881797476334675,-0.3434489098164953,-0.1134800719127608,0.1391734147545139
5.31,0.1410627457367651,0.1389278751211347,0.1400782126586984,-0.3909680695251384,-0.3433414088666096,-0.1111222239744345,0.1410658629343348
5.32,0.1426279423281599,0.1407351793799584,0.1417488651656852,-0.3933906577354649,-0.3429802752627414,-0.1080795602204901,0.142630540441693
5.33,0.1438507751331482,0.1422050016110272,0.1430788795516565,-0.3954421709867895,-0.3423686845136135,-0.1043597336222633,0.1438528847229656
5.34,0.1447179694148159,0.1433230580686239,0.1440545520081813,-0.3971198555149165,-0.3415107110718374,-0.09997546019415676,0.1447196233268603
5.35,0.1452176055780921,0.1440764262426365,0.1446635399916875,-0.3984236107484744,-0.3404111663323499,-0.09494431844311996,0.1452188392551568
5.36,0.1453391794444294,0.1444536090205349,0.144894923707563,-0.3993560362443062,-0.339075437176081,-0.08928847403107004,0.1453400307266195
5.37,0.1450736566565513,0.1444445926076711,0.1447392617502711,-0.3999224585191766,-0.3375093271430267,-0.08303434210633959,0.1450741654197401
5.38,0.1444135213986922,0.1440408982946126,0.1441886409626208,-0.4001309366021006,-0.3357189019451188,-0.07621220280696961,0.1444137292325153
5.39,0.1433528196422876,0.1432356281426923,0.1432367205490419,-0.3999922453337094,-0.3337103407296976,-0.06885578719989477,0.1433527695625013
5.4,0.1418871968801549,0.1420235046308505,0.1418787704418336,-0.3995198356480422,-0.3314897943140428,-0.0610018511384065,0.1418869330698154
5.41,0.1400139302680114,0.1404009042708096,0.1401117038786839,-0.3987297712788485,-0.3290632515530351,-0.05268975315472491,0.1400134978418701
5.42,0.137731955046772,0.138365885156317,0.1379341041060132,-0.3976406415316265,-0.3264364150822223,-0.04396104974785159,0.1377313998335253
5.43,0.1350418850536716,0.1359182083685372,0.1353462450787162,-0.3962734499522635,-0.3236145878861417,-0.03485911767379146,0.1350412534123272
5.44,0.1319460270082227,0.1330593531163733,0.1323501059847731,-0.3946514789056827,-0.3206025724537621,-0.02542880861684516,0.1319453657978794
5.45,0.128448388850292,0.129792525450563,0.1289493793859171,-0.3928001302583831,-0.3174045846711114,-0.01571613746998701,0.1284477451491517
5.46,0.1245546812272401,0.1261226603563022,0.1251494727349818,-0.3907467425450539,-0.3140241850369311,-0.005768001869880246,0.1245541020258347
5.47,0.1202723119859589,0.1220564170035704,0.1209575030092155,-0.3885203852000506,-0.3104642302375701,0.004368072025228487,0.1202718439312277
5.48,0.1156103734663868,0.1176021669188575,0.1163822841879614,-0.386151630658,-0.3067268485323599,0.01464416407574659,0.1156100626365921
5.49,0.110579622287049,0.112769974837811,0.1114343073038798,-0.3836723053811937,-0.3028134426965395,0.02501218201517097,0.1105795139911433
5.5,0.1051924513435641,0.1075715720058374,0.1061257128097864,-0.381115221158644,-0.2987247243184509,0.03542407707931716,0.1051925899392311
5.51,0.0994628537718239,0.1020203217125395,0.1004702550284458,-0.3785138883428261,-0.2944607828889663,0.04583205860981787,0.09946328249710296
5.52,0.09340637867197613,0.09613117687607009,0.09448325849024475,-0.375902213039937,-0.2900211921838521,0.05618881113495494,0.09340713948622559
5.53,0.08704007849501587,0.08992062953466667,0.0881815660137627,-0.3733141806375868,-0.2854051547894553,0.0664477155834563,0.08704121187813263
5.54,0.08038244792899364,0.08340665215493526,0.08158347844639185,-0.3707835284247146,-0.2806116832039006,0.07656307452822242,0.08038399267661639
5.55,0.07345335414619246,0.07660863072989355,0.07470868605631587,-0.3683434104130905,-0.2756398128260761,0.0864903398605949,0.0734553473456977
5.56,0.06627395901671466,0.06954728971393009,0.06757819165201684,-0.3660260577870333,-0.2704888385438471,0.09618634016277572,0.06627643588463278
5.57,0.05886663302273634,0.06224460892591466,0.06021422560007988,-0.363862438667687,-0.2651585629585652,0.1056095043118798,0.05886962675263774
5.58,0.05125486132952321,0.05472373264421715,0.0526401530143793,-0.3618819210629507,-0.259649541155729,0.1147200774970547,0.05125840295377659
5.59,0.04346314244262039,0.04700887121657721,0.04488037349717255,-0.360111942971606,-0.2539633051814228,0.1234803258096553,0.0434672607040319
5.6,0.03551687998535005,0.03912519561163963,0.03696021392305548,-0.3585776936145768,-0.2481025519541163,0.1318547258057002,0.03552160121566206
5.61,0.02744226824219872,0.03109872544564762,0.02890581486658855,-0.357301809678844,-0.242071282015923,0.1398101358660099,0.02744761624531589
5.62,0.01926617222081596,0.02295621112498808,0.02074401138135412,-0.3563040902884709,-0.2358748834307801,0.1473159467249451,0.01927216815952842
5.63,0.01101600366858636,0.01472501085084432,0.01250220893864279,-0.3556012341766122,-0.229520164115033,0.1543442091494852,0.01102266537101215
5.64,0.002719592164403353,0.006432963332703989,0.0042082554259113,-0.3552066022402242,-0.2230153441735173,0.1608697373873617,0.002726934088987443
5.65,-0.00559494653393335,-0.00189174285121424,-0.004109689814622342,-0.3551300083352748,-0.2163700236295049,0.1668701876418229,-0.00558691259618499
5.66,-0.01389934217688616,-0.01022070223113714,-0.01242328886005178,-0.355377540832825,-0.2095951373710014,0.1723261114574512,-0.0138906072118794
5.67,-0.02216530298537713,-0.0185254266857936,-0.02070415889513866,-0.3559514171196458,-0.2027028986438214,0.1772209845079105,-0.02215586085865673
5.68,-0.03036464791729019,-0.02677747983220524,-0.02892400558300368,-0.3568498728979224,-0.1957067199318707,0.1815412118545939,-0.03035449546964408
5.69,-0.03846943707925788,-0.03494861043449526,-0.03705475497128519,-0.3580670878158897,-0.1886210928703346,0.1852761112831136,-0.03845857421570997
5.7,-0.04645209914189612,-0.043010883702716,-0.04506868279208037,-0.3595931486340121,-0.1814614119158044,0.1884178768058334,-0.04644052891384198
5.71,-0.05428555465347778,-0.05093680937107425,-0.05293854003942045,-0.3614140507826694,-0.1742437388311392,0.1909615248220082,-0.05427328333301434
5.72,-0.06194333415842653,-0.0586994654787702,-0.06063767375373252,-0.3635117387759831,-0.1669845202878659,0.1929048257302283,-0.06193037134985102
5.73,-0.06939968867743802,-0.06627261682592156,-0.06814014200820362,-0.3658641854941884,-0.1597002818680556,0.1942482239708159,-0.06938604898458312
5.74,-0.07662969776251685,-0.07363082714286057,-0.0754208221764584,-0.3684455098226491,-0.1524073248345408,0.1949947495248343,-0.07661539944501849
5.75,-0.08360936640642627,-0.08074956409454026,-0.08245551166335535,-0.3712261315414505,-0.1451214482062331,0.1951499238063029,-0.08359443042047443
5.76,-0.09031571292186387,-0.0876052963431696,-0.0892210203993149,-0.3741729617138892,-0.137857711453919,0.1947216626596193,-0.09030016299672106
5.77,-0.09672684900133427,-0.0941755820102515,-0.0956952545313447,-0.3772496261597499,-0.1306302459162451,0.1937201788280746,-0.09671071170397438
5.78,-0.1028220505736151,-0.1004391480121301,-0.1018572908879447,-0.380416718969014,-0.1234521176459735,0.192157885811678,-0.1028053553601498
5.79,-0.1085818192751596,-0.1063759598876156,-0.1076874419472584,-0.3836320824707016,-0.1163352411015783,0.1900493045070255,-0.1085645985272011
5.8,-0.1139879345124951,-0.1119672818889171,-0.1131673111945233,-0.3868511096783149,-0.1092903413318457,0.1874109734439686,-0.1139702235562716
5.81,-0.119023496247898,-0.1171957272639952,-0.118279838912472,-0.3900270650390306,-0.1023269613366519,0.184261362828171,-0.1190053333537778
5.82,-0.1236729584659769,-0.1220452988156946,-0.1230093386032055,-0.3931114193551589,-0.09545351059702284,0.1806207919879835,-0.1236543851519134
5.83,-0.1279221526088095,-0.126501419976571,-0.1273415243884755,-0.3960541950390523,-0.08867735009355909,0.1765113492291176,-0.1279032157100259
5.84,-0.131758309808846,-0.1305509567847264,-0.1312635298741501,-0.3988043183975671,-0.08200490842209546,0.1719568125396252,-0.1317390585044497
5.85,-0.1351700684628505,-0.1341822312818866,-0.1347639190905502,-0.4013099763833683,-0.07544182292919233,0.1669825690779114,-0.1351505535809268
5.86,-0.1381474767935442,-0.1373850269780176,-0.1378326902309359,-0.4035189761364935,-0.06899309922793534,0.1616155309347776,-0.1381277508428994
5.87,-0.1406819904504255,-0.1401505871347739,-0.1404612730027957,-0.4053791065868679,-0.06266328211287009,0.1558840443045812,-0.1406621076287762
5.88,-0.1427664653137932,-0.1424716067116785,-0.1426425204794522,-0.4068385022973918,-0.05645663084342517,0.1498177889502179,-0.1427464814897893
5.89,-0.1443951464498552,-0.1443422188921181,-0.1443706963905245,-0.4078460104917658,-0.05037729204623376,0.1434476647242764,-0.1443751191164615
5.9,-0.145563654178032,-0.1457579771586769,-0.1456414588183059,-0.408351562729809,-0.04442946410133991,0.1368056619392097,-0.1455436423750602
5.91,-0.1462689682018227,-0.1467158339150927,-0.1464518412720078,-0.4083065528832719,-0.03861754779300636,0.1299247125898241,-0.146249032405851
5.92,-0.1465094099202664,-0.1472141166512638,-0.1468002320931653,-0.4076642228758238,-0.03294627915763748,0.1228385198483677,-0.1464896127029088
5.93,-0.1462846248297905,-0.1472525026158108,-0.146686353103865,-0.4063800570739724,-0.02742084175577358,0.1155813638994598,-0.1462650320416611
5.94,-0.1455955707488516,-0.1468319928999375,-0.1461112383468617,-0.4044121852905946,-0.02204695691889591,0.1081878830744026,-0.1455762480467284
5.95,-0.1444444995358935,-0.1459548867540377,-0.1450772136854083,-0.4017217931723138,-0.01683095175327176,0.1006928303835986,-0.1444255121008102
5.96,-0.1428349436815864,-0.1446247568649394,-0.1435878779340076,-0.3982735373969842,-0.01177980570807607,0.09313080691352016,-0.1428163561877477
5.97,-0.1407717055961188,-0.1428464262245892,-0.141648086081639,-0.3940359617208704,-0.006901177243926249,0.08553597510687055,-0.1407535821417917
5.98,-0.138260849644415,-0.1406259471224436,-0.1392639350485759,-0.388981908570939,-0.002203412521568637,0.07794175660748892,-0.1382432536434265
5.99,-0.135309697129421,-0.1379705826899755,-0.1364427522883406,-0.3830889196088239,0.00230446192935857,0.07038052102158765,-0.1352926911628036
6,-0.1319268242793762,-0.1348887913117477,-0.1331930874095559,-0.3763396174831275,0.006612760851194166,0.06288327349506601,-0.131910469907692
6.01,-0.1281220631490715,-0.1313902140907802,-0.1295247068506591,-0.3687220598169219,0.01071117494257301,0.05547935028854312,-0.1281064206869821
6.02,-0.1239065041416914,-0.1274856654183442,-0.1254485914969496,-0.3602300554196167,0.01458881784262434,0.0481961324035558,-0.1238916334560955
6.03,-0.1192925031054335,-0.1231871265538249,-0.1209769369865984,-0.3508634320311186,0.01823428516157105,0.04105878765013843,-0.1192784631697755
6.04,-0.114293690892999,-0.1185077419739591,-0.116123156313526,-0.3406282450811373,0.02163572568039468,0.03409005126172465,-0.1142805374333241
6.05,-0.1089249798923309,-0.113461818107056,-0.1109018842028447,-0.3295369184964556,0.02478092506701129,0.02731005422611787,-0.1089127653179097
6.06,-0.1032025732726695,-0.1080648239309633,-0.1053289826114412,-0.3176083116708716,0.02765740253774818,0.02073620694271938,-0.1031913465907945
6.07,-0.09714397381973519,-0.1023333927874779,-0.09942154659477043,-0.3048677106877358,0.03025252087101454,0.01438314373047134,-0.09713378050965288
6.08,-0.09076799139290438,-0.09628532465499251,-0.09319790968297292,-0.2913467452846845,0.03255361010541752,0.008262731244415344,-0.09075887324247167
6.09,-0.08409474799268706,-0.08993958802863611,-0.08667764782715021,-0.2770832342763872,0.03454810516434942,0.00238414119217939,-0.08408674290266227
6.1,-0.07714567937152118,-0.08331632048541127,-0.07988158091123604,-0.2621209606531522,0.0362236975494018,-0.003246014932886565,-0.07713882113357229
6.11,-0.06994353207723858,-0.07643682696001092,-0.07283177077717873,-0.2465093745651817,0.03756850110548576,-0.008623493886033951,-0.06993785013871656
6.12,-0.06251235434913481,-0.06932357472211204,-0.06555151468109011,-0.2303032202849833,0.03857123162116061,-0.01374617843185943,-0.06250787403370883
6.13,-0.05487748186454434,-0.06200018402383189,-0.05806533308462747,-0.2135620839993347,0.03922139961732285,-0.01861379352821468,-0.05487422339404102
6.14,-0.04706551395179606,-0.05449141337289631,-0.05039895068861999,-0.1963498631642983,0.03950951503684286,-0.02322759086587917,-0.0470634918890957
6.15,-0.03910428065939465,-0.04682313838261726,-0.0425792696336475,-0.1787341637015696,0.03942730165260044,-0.02759001241007264,-0.03910350392743145
6.16,-0.03102280041546522,-0.03902232315550358,-0.03463433382549186,-0.1607856365217361,0.03896791788680071,-0.0317043437985905,-0.03102327229110691
6.17,-0.02285122671634148,-0.03111698317758593,-0.02659328339284606,-0.1425772683959951,0.03812617945995128,-0.03557436820194076,-0.02285294480732603
6.18,-0.01462078297985782,-0.02313613873850895,-0.01848629835213994,-0.1241836438051936,0.03689877798973246,-0.03920403060937611,-0.01462373919388371
6.19,-0.006363684804299655,-0.01510975795177993,-0.01034453064062779,-0.1056801945432527,0.03528448849499677,-0.04259712154758033,-0.006367865319858501
6.2,0.001886951004127328,-0.007068688531629508,-0.002200023784893035,-0.08714245316489005,0.03328435789328404,-0.04575698804551442,0.001881565755379733
6.21,0.0100972110660197,0.0009554224117516164,0.005914380403896413,-0.06864532526391331,0.03090186616188562,-0.04868627830687389,0.01009064646443497
6.22,0.01823250343210739,0.008930221170243113,0.01396514857500597,-0.05026239420771667,0.02814305197774475,-0.05138672511192754,0.01822479148268802
6.23,0.026257692150202,0.01682275329528038,0.0219181763339833,-0.03206527035156309,0.02501659542451556,-0.05385897150651969,0.02624887072831794
6.24,0.03413724431133924,0.02459958281982877,0.02973892262928718,-0.01412299491226093,0.02153385175850209,-0.05610244090189609,0.03412735661279942
6.25,0.04183539108908978,0.03222692497562929,0.03739255798720598,0.003498493356853483,0.01770883219525254,-0.05811525234964043,0.04182448535155503
6.26,0.04931630272329173,0.03967079235147014,0.04484412635884438,0.0207368226820151,0.01355813008685169,-0.05989418050716733,0.04930443194297052
6.27,0.05654427657886115,0.04689715424428043,0.05205872014004403,0.03753358008465713,0.009100793521260808,-0.06143465869817344,0.05653149821332143
6.28,0.06348393745939297,0.05387210875391524,0.05900166771422471,0.05383462860269245,0.004358148064369738,-0.06273082251790585,0.06347031310816686
6.29,0.07010044913320267,0.0605620669661609,0.06563873265152642,0.0695903498357634,-0.0006464241576894514,-0.06377559064655636,0.07008604418892495
6.3,0.07635973580542421,0.06693394835772293,0.07193632347780399,0.0847558133277061,-0.005887740799495278,-0.06456077891964251,0.07634461906970375
6.31,0.08222871159755121,0.07295538634306936,0.07786171270573827,0.0992908756742138,-0.01133910140152683,-0.06507724325990427,0.08221295530638839
6.32,0.08767551631408685,0.07859494266615991,0.08338326360142989,0.1131602134105248,-0.0169725848986918,-0.06531504679340827,0.08765919703069441
6.33,0.0926697605815853,0.08382232912244614,0.08847066294509659,0.1263332947114685,-0.02275935220570019,-0.06526364634109344,0.09265295640981142
6.34,0.09718276803994419,0.08860863487973508,0.09309515783722433,0.1387842957395702,-0.02866994425175695,-0.06491209348022031,0.09716555781056074
6.35,0.1011878196076712,0.09292655745387163,0.09722979440374568,0.1504919681150563,-0.03467456706042971,-0.06424924549003319,0.1011702823597593
6.36,0.1046603959676126,0.09675063519001248,0.1008496560682781,0.1614394644560537,-0.04074335704100629,-0.06326398171291514,0.1046426104232486
6.37,0.107578415349601,0.1000574789071594,0.1039320988897976,0.1716141292436968,-0.04684662139516305,-0.06194542115662011,0.1075604593787691
6.38,0.1099224638618834,0.1028260001890101,0.1064569813167122,0.1810072623987285,-0.05295505029444514,-0.06028313751551345,0.1099044139364842
6.39,0.11167601553128,0.1050376336577634,0.1084068855896937,0.1896138629070203,-0.0590398991411617,-0.05826736818096701,0.111657946168951
6.4,0.1128256391532798,0.1066765504582249,0.109767327943138,0.1974323595987224,-0.06507314072580894,-0.05588921422692883,0.1128076223535941
6.41,0.11336118806679,0.1077298601138116,0.1105269547115338,0.2044643357718869,-0.07102758841351359,-0.05314082878160159,0.1133432937081416
6.42,0.1132759723495033,0.1081877978921646,0.1106777214438937,0.2107142537664768,-0.07687699262681574,-0.05001559161814639,0.1132582681161429
6.43,0.1125669115396969,0.1080438948321319,0.1102150521659961,0.2161891848561893,-0.08259611384318222,-0.04650826820613208,0.1125494599978401
6.44,0.1112346574326095,0.107295127631694,0.1091379760067479,0.2208985489612879,-0.08816077608555717,-0.04261515185327658,0.111217515583212
6.45,0.1092836920636472,0.1059420456780619,0.1074492385228698,0.2248538677324433,-0.09354790543182834,-0.03833418792770238,0.1092669109900387
6.46,0.1067223961635161,0.1039888726202327,0.1051553852169033,0.2280685335615296,-0.09873555837135284,-0.03366507948054648,0.1067060207009031
6.47,0.103563085838631,0.1014435800452077,0.1022668149483603,0.2305575960959619,-0.1037029448575019,-0.0286093738844726,0.1035471542686703
6.48,0.09982201558452121,0.09831793102522146,0.09879780118727516,0.2323375669294431,-0.1084304506167674,-0.02317053036499195,0.09980655935937344
6.49,0.09551934606124377,0.0946274915556507,0.09476647935188193,0.233426242373127,-0.1128996626714053,-0.01735396852866328,0.09550438956218621
6.5,0.09067907541928805,0.09039160820108677,0.09019479880615022,0.2338425436271266,-0.1170934011399127,-0.0111670981875186,0.09066463575600403
6.51,0.08532893216490438,0.08563335060743382,0.08510843846501348,0.2336063733061711,-0.1209957592613107,-0.004619330945325406,0.08531502021701587
6.52,0.07950023342340333,0.08037941791734676,0.07953668536132374,0.2327384871343494,-0.1245921523442234,0.002277925847039119,0.0794868530774544
6.53,0.07322770432795585,0.07466000853974786,0.07351227596413817,0.2312603796952567,-0.1278693750943868,0.009511292038066166,0.07321485119718973
6.54,0.06654925840599951,0.06850865316614502,0.06707120049725523,0.2291941833623089,-0.1308156656566771,0.01706545368770884,0.06653691998109046
6.55,0.05950574332796237,0.06196201139062107,0.06025247098340547,0.2265625798756805,-0.1334207738380839,0.02492321721120261,0.05949389915988618
6.56,0.05214065212455281,0.05505963276982567,0.05309785422670416,0.2233887244009336,-0.1356760304393552,0.03306557762817408,0.05212927404347728
6.57,0.04449980187244511,0.04784368364700853,0.04565157143597076,0.2196961822218159,-0.1375744144470467,0.04147179979987647,0.04448885424618237
6.58,0.0366309823307536,0.0403586415523759,0.03795996667718193,0.2155088784167573,-0.1391106150002565,0.0501195114469426,0.03662042236551111
6.59,0.02858357747712898,0.03265095947328678,0.03007114681660578,0.2108510608949467,-0.1402810854730717,0.05898480665012307,0.02857335556218105
6.6,0.02040816328045619,0.02476870275414067,0.02203459606963104,0.2057472769989677,-0.1410840875974988,0.06804235844959711,0.02039822343142328
6.61,0.01215608463771537,0.01676116182952408,0.01390076869636742,0.2002223635212979,-0.1415197241730612,0.07726553907902495,0.01214636596660851
6.62,0.003879019491684591,0.008678444407770103,0.005720663776857204,0.1943014494650294,-0.1415899594585361,0.08662654630475264,0.003869455788735876
6.63,-0.004371470606020332,0.0005710510988365947,-0.002454613650570758,0.188009970262073,-0.1412986267318448,0.09609653429586412,-0.004380950857866328
6.64,-0.01254439647658065,-0.007510561186173492,-0.01057430050085262,0.1813736915181997,-0.140651422679773,0.1056457474351892,-0.01255386956812848
6.65,-0.02058979825634197,-0.01551642345163895,-0.01858842776607472,0.1744187397612927,-0.1396558882160853,0.1152436555029832,-0.02059934470408503
6.66,-0.02845919865762264,-0.02339750160667209,-0.02644827182200404,0.1671716371979381,-0.1383213750349629,0.1248590887312793,-0.02846890263990826
6.67,-0.03610604730943338,-0.03110614121042832,-0.03410679975857023,0.1596593371854425,-0.1366589967401205,0.1344603713444257,-0.03611599608738864
6.68,-0.04348615092061953,-0.03859650484631016,-0.04151910351429722,0.1519092570257278,-0.134681562860053,0.1440154523752066,-0.04349643424628746
6.69,-0.05055808406084818,-0.0458249969540736,-0.0486428176046288,0.1439493047773495,-0.132403493650556,0.1534920327797831,-0.05056879357666699
6.7,-0.05728357571063442,-0.05275067097529246,-0.05543851531749233,0.1358078970271595,-0.1298407135443416,0.1628576881702791,-0.05729480411586774
6.71,-0.06362786725950841,-0.05933561376700114,-0.06187007840713082,0.1275139649100172,-0.1270105216908282,0.172079986841206,-0.06363970646082251
6.72,-0.06956003297684711,-0.06554530241167811,-0.06790503554786764,0.119096946054443,-0.123931439394694,0.1811266031827494,-0.06957257480616119
6.73,-0.07505326569698154,-0.07134892879830579,-0.07351486511056426,0.1105867605150739,-0.1206230363406988,0.1899654270457623,-0.07506660176701779
6.74,-0.0800851198217646,-0.07671968766631976,-0.07867525819215548,0.1020137691011689,-0.1171057399189367,0.1985646701426159,-0.08009934111994405
6.75,-0.08463770858024554,-0.08163502418771973,-0.08336633825839668,0.09340871282366714,-0.113400634150261,0.2068929711238303,-0.08465290506068146
6.76,-0.08869785292273859,-0.08607683760710916,-0.08757283424699791,0.08480263248524278,-0.1095292560704157,0.214919501546704,-0.08871411309872818
6.77,-0.09225717973781011,-0.09003163795925362,-0.09128420451728719,0.07622676776719517,-0.1055133976530122,0.2226140755255394,-0.0922745902788269
6.78,-0.0953121676932091,-0.09349065343274493,-0.09449470961730932,0.06771243556321249,-0.1013749205405244,0.2299472663888771,-0.0953308130315963
6.79,-0.09786413964800189,-0.09644988653996944,-0.09720343246274971,0.0592908877988087,-0.09713558942971312,0.2368905341150938,-0.09788410160131433
6.8,-0.09991920221083389,-0.09891011788046661,-0.09941424517593572,0.05099314955757878,-0.09281692839136646,0.2434163675960673,-0.09994055866968921
6.81,-0.1014881314132733,-0.1008768569392511,-0.1011357225087296,0.04284983898512407,-0.08844010296196247,0.2494984457779821,-0.1015109544808871
6.82,-0.1025862009436749,-0.1023602400347796,-0.1023810024603346,0.03489097110881673,-0.084025829526792,0.2551118212989331,-0.1026105594657872
6.83,-0.1032329663676615,-0.1033748762139954,-0.1031675953903621,0.02714574833438971,-0.07959431217037638,0.2602331292026233,-0.103258926052072
6.84,-0.1034519986762037,-0.1039396425744518,-0.1035171436086176,0.01964234089799488,-0.07516520568353313,0.2648408214672448,-0.10347962202171
6.85,-0.103270572231901,-0.1040774311660732,-0.1034551340860451,0.01240766091884249,-0.07075760182164176,0.2689154253078025,-0.1032999184284685
6.86,-0.1027193108997496,-0.1038148502776996,-0.1030105675662907,0.005467133890776188,-0.06639003439065549,0.272439819482478,-0.10275043570563
6.87,-0.1018317965666133,-0.1031818835362143,-0.1022155879547529,-0.001155528523780203,-0.06208049754546197,0.2753995183930003,-0.1018647521686301
6.88,-0.1006441447767134,-0.1022115108292819,-0.1011050764125654,-0.007438550647766828,-0.05784647102487511,0.2777829491778747,-0.1006789796400993
6.89,-0.0991945526733872,-0.100939295596978,-0.09971621507816919,-0.01336230634918473,-0.05370494600911457,0.2795817031598424,-0.0992313113874046
6.9,-0.09752282777339982,-0.09940294351438916,-0.09808802577085163,-0.01890952071630192,-0.04967244582795527,0.280790741045005,-0.09756154795791006
6.91,-0.09566989459661898,-0.0976418379981806,-0.09626088939190347,-0.02406545681180094,-0.04576503673094601,0.2814085322279837,-0.09571060681831561
6.92,-0.09367729005885865,-0.09569655830806884,-0.09427605202376887,-0.02881808469740132,-0.04199832517240099,0.2814371130120796,-0.09372002194597251
6.93,-0.09158666342223161,-0.09360838627270884,-0.09217512393090377,-0.03315823011424157,-0.03838743939232903,0.2808820562583955,-0.09163143967781917
6.94,-0.08943927486697605,-0.09141880784392009,-0.08999957778439871,-0.03707970037157904,-0.03494699436736715,0.2797523547409081,-0.08948611719335697
6.95,-0.08727550303326179,-0.08916901577034286,-0.08779025246327926,-0.04057938515600251,-0.03169104039847176,0.2780602304083396,-0.08732442999016232
6.96,-0.08513436779520625,-0.0868994196807128,-0.08558686872781152,-0.04365733014789203,-0.02863299667792873,0.2758208897855137,-0.08518539460315022
6.97,-0.08305307432278136,-0.08464916977865428,-0.08342756291381548,-0.04631678154181851,-0.02578557214277577,0.2730522503205153,-0.08310621262339563
6.98,-0.0810665842058659,-0.08245570017822323,-0.08134844456357765,-0.04856419982796822,-0.02316067677798989,0.2697746629683704,-0.08112184179067505
6.99,-0.07920721920992617,-0.08035429765487567,-0.07938318359083252,-0.05040924151096432,-0.02076932726152525,0.266010653082602,-0.07926459957001186
7,-0.07750430823319963,-0.07837770125347865,-0.07756263217901149,-0.0518647078238198,-0.01862155139835286,0.2617846958917496,-0.0775638041811344
7.01,-0.0759838593580594,-0.07655573778621527,-0.07591448613875201,-0.05294645993513852,-0.0167262961082415,0.257123035888688,-0.07604545753706815
7.02,-0.07466828946646027,-0.07491499777225996,-0.07446298990969524,-0.05367330063887243,-0.01509134374957061,0.2520535526453591,-0.07473197397160208
7.03,-0.07357620596161532,-0.07347855582277418,-0.0732286887902166,-0.05406682304169563,-0.01372324124053209,0.2466056697856514,-0.07364195800332957
7.04,-0.07272223620765235,-0.07226573886574178,-0.07222823132624362,-0.0541512272983693,-0.01262724578309415,0.2408102995559497,-0.07279003370579712
7.05,-0.07211691041035805,-0.07129194494410473,-0.07147422409637605,-0.05395310695634942,-0.0118072900552918,0.2346998127009932,-0.07218672753890071
7.06,-0.0717665990545233,-0.07056851461789704,-0.07097514040590425,-0.05350120691743143,-0.0112659686067712,0.2283080220152149,-0.0718384057571041
7.07,-0.07167350525957897,-0.07010265626855672,-0.07073528365823661,-0.05282615536742641,-0.0110045459875654,0.2216701677176091,-0.07174726675588033
7.08,-0.07183571165855071,-0.06989742585411873,-0.07075480541973922,-0.05196017223813498,-0.01102298597849072,0.2148228933946371,-0.0719113879610056
7.09,-0.07224728177339003,-0.06995176091007405,-0.07102977744452627,-0.05093675684753729,-0.01132000027055036,0.2078042024095074,-0.07232482611663188
7.1,-0.07289841842575702,-0.07026056784502138,-0.07155231618954333,-0.04979035734901871,-0.01189311412277211,0.2006533861821436,-0.07297776909947662
7.11,-0.07377564669817527,-0.07081486085446981,-0.07231075763904593,-0.04855602458258523,-0.01273874593588287,0.1934109174529894,-0.07385673668817999
7.12,-0.07486206790527461,-0.0716019500813162,-0.07328987958059968,-0.04726905296147837,-0.0138522973011056,0.1861183034537656,-0.07494482705988126
7.13,-0.07613765067003006,-0.07260567599750439,-0.07447116784317404,-0.04596461124319406,-0.01522824988288829,0.1788178957529748,-0.07622200517968397
7.14,-0.0775795568229459,-0.07380668637649562,-0.07583312243019891,-0.04467736647396514,-0.01686026542591379,0.1715526553820143,-0.07766542870196552
7.15,-0.07916249992717465,-0.0751827516771113,-0.07735159896515781,-0.04344110502225074,-0.01874128519894763,0.164365873654171,-0.0792498065231676
7.16,-0.08085913116550918,-0.07670911417135085,-0.07900018042126788,-0.04228835529530228,-0.02086362527523,0.1573008508474806,-0.0809477847206711
7.17,-0.08264044700032412,-0.07835886572660089,-0.08075057373575678,-0.04125001727080152,-0.02321906419705466,0.1504005366213648,-0.08273035428681774
7.18,-0.08447621277652141,-0.08010334880122455,-0.08257302561801905,-0.04035500419948257,-0.02579891979859228,0.1437071376621817,-0.08456727482551851
7.19,-0.08633539939852543,-0.08191257493721155,-0.08443675165341369,-0.03962990167138586,-0.0285941122983413,0.1372616995841018,-0.08642750822377943
7.2,-0.08818662361349462,-0.08375565483998593,-0.08631037268333208,-0.03909864875169938,-0.03159521125635978,0.1311036715181708,-0.08827965624349521
7.21,-0.08999856466444361,-0.08560123402815739,-0.08816235240889214,-0.03878224525055807,-0.03479246464422059,0.1252704630588974,-0.09009239599954777
7.22,-0.09174040378051784,-0.08741792801801374,-0.0899614302204329,-0.0386984885856026,-0.03817580909296137,0.1197970042438379,-0.09183490739791689
7.23,-0.09338223895059405,-0.08917475107974554,-0.09167704339626737,-0.03886174325470043,-0.04173486132598325,0.1147153199432596,-0.09347728679853584
7.24,-0.09489547927476608,-0.09084153276402607,-0.09327973303928427,-0.03928274568158385,-0.04545889177507589,0.1100541303523606,-0.09499094143891229
7.25,-0.09625321493653276,-0.09238931664545441,-0.09474152842460798,-0.03996844705859082,-0.04933678232220418,0.1058384891283217,-0.09634895950011113
7.26,-0.09743055809571417,-0.09379073605880728,-0.09603630480985442,-0.04092189667295454,-0.05335697091020064,0.1020894700357768,-0.09752645111093866
7.27,-0.09840495047813465,-0.09502036200769443,-0.09714011020441093,-0.04214216795868797,-0.05750738634786662,0.09882391172540922,-0.09850085606157799
7.28,-0.09915643396725668,-0.09605501889367063,-0.09803145709710559,-0.04362432910040959,-0.06177537696576407,0.09605422848459866,-0.09925221452655897
7.29,-0.09966788676397917,-0.09687406423640504,-0.09869157569341941,-0.04535945941573205,-0.06614763687160702,0.09378829253227017,-0.09976339767039799
7.3,-0.09992520580504237,-0.09745962912088468,-0.09910462580449902,-0.04733471199106482,-0.07061013346200551,0.09202939080124939,-0.1000202956181598
7.31,-0.09991743871549286,-0.09779681670604107,-0.09925786515119195,-0.04953342220196,-0.07514803964508282,0.09077625632305963,-0.1000119609082785
7.32,-0.09963689331253128,-0.09787385675177934,-0.09914177248794082,-0.05193526088608308,-0.07974567399011112,0.09002317149112543,-0.09973070619668012
7.33,-0.09907918906958009,-0.09768221476102279,-0.09875012460474281,-0.05451643012659863,-0.08438645179927279,0.0897601378220349,-0.09917215563959841
7.34,-0.0982432621665484,-0.09721665498295651,-0.09808002692131373,-0.05724989890904747,-0.08905284991449025,0.08997310453556062,-0.09833525003843518
7.35,-0.09713132501958262,-0.09647525717532646,-0.09713189803753469,-0.06010567538370226,-0.0937263879177464,0.09064424646975938,-0.09722220647386071
7.36,-0.09574878164698242,-0.09545938766902962,-0.09590940923887437,-0.06305111212766717,-0.09838762821972979,0.09175228062496044,-0.09583843377946083
7.37,-0.09410410082165174,-0.09417362590770861,-0.09441938056659549,-0.06605124066733448,-0.1030161973102529,0.09327281002343957,-0.09419240579912502
7.38,-0.09220864958370177,-0.09262564823973041,-0.09267163564141423,-0.06906913158471711,-0.1075908301174101,0.09517868356303971,-0.09229549492920619
7.39,-0.09007649734265066,-0.09082607131081516,-0.09067881796904687,-0.07206627676621297,-0.1120894389574617,0.09744036107482335,-0.09016176895934042
7.4,-0.08772416559690389,-0.08878825793505352,-0.08845617194927946,-0.07500299071858729,-0.1164892079410875,0.1000262737797466,-0.08780775468806656
7.41,-0.08517036271850745,-0.08652808880254131,-0.08602129225112598,-0.07783882831245315,-0.1207667129446304,0.1029031716736755,-0.08525217219583775
7.42,-0.08243570011670875,-0.08406370380622702,-0.08339384559963692,-0.08053301672563035,-0.1248980663892131,0.1060364509451279,-0.08251564400370281
7.43,-0.07954238069780478,-0.08141521713217592,-0.08059526934032168,-0.08304489961096623,-0.1288590851443405,0.109390456241178,-0.07962038362745366
7.44,-0.07651387144286406,-0.07860441055193523,-0.07764845140131593,-0.08533439142294524,-0.1326254789432322,0.1129287543487548,-0.07658986825121006
7.45,-0.07337456497908744,-0.07565440958281633,-0.07457739645909656,-0.08736243919981063,-0.1361730558242922,0.1166143775690889,-0.07344850038965406
7.46,-0.07014943509480524,-0.07258934734408573,-0.07140688322939748,-0.08909148775512293,-0.1394779403519652,0.120410036664006,-0.07022126348340174
7.47,-0.06686369115221082,-0.06943402103576868,-0.06816211785073711,-0.09048594217777089,-0.1425167997672027,0.1242783046898711,-0.06693337637719077
7.48,-0.06354243686688903,-0.0662135459980262,-0.06486838830339253,-0.09151261901757346,-0.1452670728074775,0.1281817742664443,-0.06360995156678051
7.49,-0.06021034224503716,-0.06295301226678524,-0.06155072471289647,-0.09214117506833719,-0.1477071957415129,0.1320831918234875,-0.06027566196930967
7.5,-0.05689130948386553,-0.05967714842399574,-0.05823357022649106,-0.0923445009527446,-0.1498168201955722,0.1359455731082823,-0.0569544207761491
7.51,-0.05360817666687986,-0.05640999735525187,-0.05494046692740212,-0.09209906642137289,-0.1515770176069529,0.139732304712652,-0.05366907869029991
7.52,-0.05038243920648108,-0.05317460828371579,-0.05169376096962375,-0.09138520576089104,-0.1529704656165723,0.1434072365895144,-0.05044114253659493
7.53,-0.04723399332434854,-0.04999274915424989,-0.0485143307794913,-0.09018733486304725,-0.1539816123859535,0.1469347704868618,-0.04729051886715058
7.54,-0.04418090775037589,-0.04688464309759566,-0.04542134178427426,-0.08849409578830614,-0.1545968156615234,0.1502799489518571,-0.04423528577225649
7.55,-0.04123922640128495,-0.04386873231233834,-0.04243203069772594,-0.08629842925389403,-0.1548044543646551,0.1534085490786106,-0.04129149565469614
7.56,-0.03842280431284454,-0.04096147226492042,-0.0395615219240445,-0.08359757957593117,-0.1545950114993951,0.1562871845262751,-0.03847301123966318
7.57,-0.03574317858626191,-0.03817715863175747,-0.0368226781422013,-0.08039303963281919,-0.1539611281720702,0.1588834185599252,-0.03579137658050741
7.58,-0.03320947667166792,-0.03552778890090175,-0.03422598660963755,-0.07669044520212898,-0.1528976294358417,0.1611658900066148,-0.03325572428977153
7.59,-0.03082836212126233,-0.03302296002377192,-0.03177948218589077,-0.07249942872193382,-0.1514015234438398,0.1631044531118552,-0.03087271968332544
7.6,-0.02860400694949632,-0.03066980296909561,-0.02948870753111732,-0.06783344248757228,-0.1494719759688807,0.1646703313611235,-0.02864654198063082
7.61,-0.02653811569224057,-0.02847295448896692,-0.02735671038990273,-0.06270956078938328,-0.1471102627035975,0.1658362844238961,-0.02657890216428088
7.62,-0.02462997966477258,-0.02643456586517484,-0.0253840773351981,-0.05714826956223168,-0.1443197018990667,0.1665767865051927,-0.02466909657495697
7.63,-0.02287656470078359,-0.02455434786584709,-0.02356900282811203,-0.05117325065473122,-0.1411055698674238,0.16686821356936,-0.02291409481133022
7.64,-0.02127263130789775,-0.0228296506132929,-0.0219073919533731,-0.04481116591551215,-0.1374750017208072,0.1666890361504623,-0.02130866002579479
7.65,-0.01981088488556555,-0.02125557655579036,-0.02039299472364375,-0.03809144437617407,-0.1334368795123526,0.166020013804306,-0.01984549926313695
7.66,-0.01848215324786748,-0.0198251242673777,-0.01901756941522148,-0.03104607444378565,-0.1290017097509014,0.1648443867154586,-0.01851544108673286
7.67,-0.01727558833782696,-0.01852936038708475,-0.01777107200973932,-0.02370940239842401,-0.1241814921327293,0.1631480595804224,-0.01730763738155805
7.68,-0.01617889009494835,-0.01735761665693475,-0.01664186847828814,-0.01611793826299229,-0.1189895813018585,0.1609197726799394,-0.01620978591999211
7.69,-0.01517854509451866,-0.01629770872007996,-0.01561696636170506,-0.008310169653316435,-0.1134405435186819,0.1581512550612036,-0.01520837002957609
7.7,-0.01426007550171648,-0.01533617308951996,-0.01468226187797805,-0.000326383126110108,-0.1075500102594601,0.1548373549982015,-0.01428891151455386
7.71,-0.01340830514458647,-0.01445851849574442,-0.0138227986276826,0.007791509134190411,-0.1013345309377015,0.1509761433940731,-0.01343623285761564
7.72,-0.01260762689360069,-0.01364948767718327,-0.01302303387199999,0.01600014134641847,-0.09481142706859347,0.1465689865216865,-0.01263472466594051
7.73,-0.01184227115060049,-0.01289332559711504,-0.01226710832533184,0.02425487063585202,-0.08799865022313719,0.1416205854325369,-0.01186861432662384
7.74,-0.01109657159580411,-0.01217405005372951,-0.01153911543425579,0.03250996496653757,-0.08091464598405579,0.1361389804420397,-0.01112223189986533
7.75,-0.01035522434181489,-0.01147572068892561,-0.01082336620499091,0.04071881003473521,-0.07357822578953349,0.1301355202452479,-0.01038026940199299
7.76,-0.009603536824824895,-0.01078270248943514,-0.01010464579025117,0.04883414258290675,-0.06600844803629802,0.1236247963454394,-0.009628029811523497
7.77,-0.008827662998489531,-0.01007992001229141,-0.009368458250440248,0.05680831690046889,-0.05822450915446564,0.116624544504111,-0.008851662365905621
7.78,-0.008014823338930376,-0.009353098764091961,-0.008601256159849024,0.0645936099985962,-0.05024564465023157,0.1091555157724707,-0.008038380999727535
7.79,-0.007153500780761975,-0.008588990427826515,-0.007790652030929768,0.07214256911499795,-0.04209103946427328,0.1012413202908795,-0.007176663101035097
7.8,-0.006233616576502832,-0.007775578959292206,-0.006925608873167177,0.07940840286379403,-0.03377974656197835,0.09290824742073212,-0.006256426125056447
7.81,-0.005246684681135271,-0.006902264952525217,-0.005996607580719848,0.08634541456615691,-0.02533061259838543,0.08418506590819752,-0.00526917999675125
7.82,-0.004185938157708478,-0.00596002608159113,-0.004995789247775051,0.09290947319517784,-0.0167622098792245,0.07510280770120825,-0.004208153648364077
7.83,-0.003046428513158521,-0.004941551849687309,-0.003917070934748301,0.09905851411293448,-0.008092774668206737,0.06569453879839604,-0.003068394467681035
7.84,-0.001825097174041074,-0.003841351307039664,-0.002756233844469547,0.1047530585900576,0.0006598469601457602,0.05599512015914765,-0.001846839869433792
7.85,-0.0005208187489124085,-0.002655832831649052,-0.00151098330795929,0.1099567382351748,0.009478243308173928,0.04604096130656421,-0.0005423606389078905
7.86,0.0008655838465930117,-0.001383355498734751,-0.0001809804163467321,0.1146368081899938,0.01834546791945652,0.03586976886272353,0.0008442238745592356
7.87,0.002331351816014147,-2.425199301170355e-05,0.00123215443772684,0.1187646315075865,0.02724505338540906,0.02552029190995753,0.002310158222336101
7.88,0.003871828117623286,0.001419176560414459,0.002724865437366275,0.122316116710212,0.03616100476664891,0.01503206580098027,0.003850790094979184
7.89,0.005480525977269572,0.002942693062054691,0.004291711581705937,0.125272091215715,0.04507777049912864,0.004445155858294192,0.005459635084295089
7.9,0.007149216431162791,0.004540183029489886,0.005925441881101889,0.1276185951226741,0.05398019046174041,-0.006200097689809836,0.007128465385840221
7.91,0.008868038106691714,0.00620373778873784,0.00761709378298342,0.1293470826452033,0.06285342297916052,-0.01686333220328134,0.008847420562513697
7.92,0.01062562794761012,0.007923760427988868,0.009356112827801355,0.1304545220890847,0.07168285455891565,-0.02750441117348629,0.0106051382343994
7.93,0.0124092695055053,0.009689092412205225,0.01113049130085453,0.1309433893953479,0.08045399780528539,-0.03808366734850288,0.01238890234761364
7.94,0.01420505628448116,0.01148715854245375,0.01292692345630808,0.1308215546413866,0.08915238401929693,-0.04856213887324989,0.0141848065078119
7.95,0.01599806750446543,0.01330412777735551,0.01473097474596352,0.1301020651722767,0.0977634574200118,-0.05890179678700136,0.01597792974274836
7.96,0.01777255357323014,0.01512508731188955,0.01652726238717528,0.1288028329469533,0.1062724777537865,-0.06906576216207139,0.01775252198314581
7.97,0.01951212820571002,0.01693422722655641,0.01829964455094135,0.1269462369828186,0.1146644374095889,-0.07901851115754943,0.01949219652125428
7.98,0.02119996401244478,0.01871503297362764,0.02003141544037301,0.124558654291944,0.1229239981701743,-0.0887260663126288,0.02118012672020242
7.99,0.02281899443288468,0.02045048295658847,0.02170550355925494,0.1216699343262434,0.1310354515352347,-0.09815617252143061,0.02279924430232555
8,0.02435210896731494,0.02212324848959324,0.02330467053847207,0.1183128326783733,0.138982705265927,-0.1072784563147491,0.0243324366381853
8.01,0.02578234655403301,0.02371589350355346,0.02481170799332838,0.114522419694738,0.1467492975067357,-0.1160645673172011,0.02576274058649741
8.02,0.02709308364609697,0.02521107149692642,0.02620963002447702,0.1103354788925131,0.1543184386038439,-0.1244883010384524,0.02707353059472739
8.029999999999999,0.02826821444025349,0.0265917174021319,0.02748185914497042,0.1057899088256095,0.1616730796063349,-0.1325257024768256,0.02824869895656668
8.039999999999999,0.02929232136392705,0.02784123223455581,0.02861240361016792,0.1009241405179165,0.1687960054426979,-0.1401551503415813,0.02927282633140249
8.050000000000001,0.03015083415300062,0.0289436585963776,0.02958602434117058,0.09577658095371666,0.1756699499369443,-0.1473574220133552,0.03013134085753133
8.06,0.03083017609321911,0.02988384532378119,0.03038838986442655,0.09038509150812346,0.1822777291839694,-0.1541157396388972,0.0308106644309234
8.07,0.03131789557259364,0.03064759980643295,0.0310062179385065,0.08478650867199594,0.1886023893510681,-0.1604157979797967,0.03129834496992767
8.08,0.03160278323749578,0.03122182677094326,0.03142740279664019,0.07901621297535533,0.1946273647094864,-0.1662457747990876,0.03158317373927372
8.09,0.03167497662253795,0.03159465256596938,0.03164112718573858,0.07310775060954977,0.2003366416134086,-0.1715963246836336,0.031655287059696
8.1,0.03152604363239678,0.0317555341651452,0.03163795861911312,0.06709251086006185,0.2057149242111077,-0.1764605572911601,0.03150625197857249
8.109999999999999,0.03114905185375493,0.03169535223376241,0.03140992949039401,0.06099946108294924,0.2107477978646664,-0.1808340011201135,0.03112913571853415
8.119999999999999,0.03053862182446642,0.03140648778947414,0.03095060093580582,0.05485493961645577,0.215421886538242,-0.1847145540710846,0.03051855895159405
8.130000000000001,0.02969096439445723,0.03088288229116354,0.03025511057509211,0.04868250576942035,0.2197250007591035,-0.1881024223226743,0.0296707331632643
8.140000000000001,0.02860390264440308,0.03012008134263283,0.02932020448503925,0.04250284493250667,0.2236462731337643,-0.1910000493632942,0.02858348257154719
8.15,0.02727687901029248,0.02911526248475488,0.02814425395165476,0.0363337259688023,0.2271762787935805,-0.1934120373372667,0.02725625124776354
8.16,0.02571094842364286,0.0278672477410552,0.02672725771323048,0.03019000738501382,0.2303071385377602,-0.1953450630862657,0.0256900962477552
8.17,0.02390875715477083,0.02637650172059336,0.02507083055376386,0.02408368836259661,0.2330326028318847,-0.1968077913156879,0.0238876677021394
8.18,0.02187451239109914,0.024645116206859,0.02317817923526272,0.01802400051348935,0.2353481152074957,-0.1978107871506335,0.02185317693153477
8.19,0.01961394125573481,0.02267678227683079,0.0210540668645241,0.01201753617410489,0.2372508539983893,-0.198366429968016,0.01959235374677676
8.199999999999999,0.01713423662596091,0.02047675108893576,0.01870476687283207,0.006068409111651185,0.2387397517492623,-0.1984888298177216,0.01711239416444038
8.210000000000001,0.01444399657749998,0.01805178454559714,0.01613800784478892,0.0001784436363380104,0.2398154920502861,-0.1981937470035757,0.01442189981475317
8.220000000000001,0.01155315683081698,0.01541009707636204,0.01336291046659088,-0.005652611755027515,0.2404804839936476,-0.1974985145363363,0.01153081034234421
8.23,0.008472917495138203,0.01256128980727766,0.01038991787603472,-0.01142684997100973,0.2407388149191754,-0.1964219622926204,0.008450330100878034
8.24,0.005215665390729361,0.009516278386402621,0.007230720688642778,-0.01714795386144607,0.2405961826154526,-0.1949843409466134,0.005192850421286144
8.25,0.001794893187426314,0.006287215726818118,0.003898177948129855,-0.0228209314073311,0.2400598086645618,-0.1932072432129945,0.001771868691132772
8.26,-0.001774883512980741,0.002887410906027066,0.0004062352065145602,-0.02845184133407408,0.2391383351500823,-0.1911135197311454,-0.00179809457918384
8.27,-0.005478211846660553,-0.0006687545798059746,-0.003230159120820031,-0.03404751301948661,0.2378417074690168,-0.1887271870492756,-0.005501579607529727
8.279999999999999,-0.00929878177142133,-0.004365912071651823,-0.00699513805765789,-0.03961526468633203,0.2361810464708259,-0.1860733255897337,-0.009322271108898383
8.289999999999999,-0.01321950920232256,-0.008187791467221539,-0.01087200005633249,-0.0451626239711016,0.2341685135562056,-0.1831779661118216,-0.01324308109330585
8.300000000000001,-0.01722261835256401,-0.01211730646962844,-0.01484329181811045,-0.05069705501028121,0.2318171726657591,-0.1800679639374762,-0.01724622992738306
8.31,-0.02128972037514721,-0.0161366385557915,-0.01889088921906035,-0.05622569614964557,0.2291408532352371,-0.1767708609709761,-0.02131332502807809
8.32,-0.02540188914481202,-0.02022731898426511,-0.02299607575650714,-0.06175511223692365,0.2261540181555882,-0.1733147362440478,-0.02542543669859315
8.33,-0.02953973383779128,-0.02437030828889619,-0.02713961807775039,-0.06729106519153966,0.2228716405290502,-0.1697280462936033,-0.029563170764213
8.34,-0.03368346811795303,-0.02854607283039362,-0.03130183830152,-0.07283830616048043,0.2193090925497848,-0.1660394571004739,-0.03370673781603761
8.35,-0.03781297588934381,-0.03273465810887699,-0.03546268299190203,-0.07840039208494221,0.2154820491711665,-0.1622776695812901,-0.03783601902177447
8.359999999999999,-0.04190787398507054,-0.03691575868186625,-0.03960178879256571,-0.08397952894821581,0.2114064083854023,-0.158471240751933,-0.04193062861139285
8.369999999999999,-0.04594757303205715,-0.04106878468348096,-0.04369854487470159,-0.08957644338832765,0.2070982289873761,-0.1546484027039142,-0.04596997328950142
8.380000000000001,-0.04991132979330296,-0.04517292509652998,-0.04773215249219526,-0.09519028377627059,0.2025736856906984,-0.1508368814928315,-0.04993330896245229
8.390000000000001,-0.0537783037309454,-0.04920720808123646,-0.05168168206971702,-0.1008185513142025,0.1978490404845922,-0.1470637179655628,-0.05379979529432322
8.4,-0.05752761069307059,-0.05315055880570224,-0.0555261283703099,-0.1064570612190122,0.1929406282383235,-0.1433550924752475,-0.05754854871898996
8.41,-0.06113837509447837,-0.05698185534858236,-0.05924446439581149,-0.1120999336348547,0.187864853838989,-0.1397361553643044,-0.06115869463326218
8.42,-0.06458978208189806,-0.06067998335142766,-0.0628156947641178,-0.1177396135612947,0.1826381976349811,-0.1362308650385647,-0.06460941957613431
8.43,-0.06786113055020174,-0.06422389018510277,-0.06621890937934699,-0.1233669187808517,0.1772772256771744,-0.1328618354044322,-0.06788002425926543
8.44,-0.07093188791484038,-0.06759263946124633,-0.06943333826310344,-0.1289711145054845,0.1717986012063273,-0.1296501943853434,-0.07094997835236327
8.449999999999999,-0.07378174756092941,-0.07076546676498147,-0.07243840844565236,-0.1345400132199081,0.1662190940113977,-0.1266154551611869,-0.07379897794212165
8.460000000000001,-0.07639069032284307,-0.07372183750807715,-0.07521380382351212,-0.1400600979676526,0.1605555846460398,-0.1237754016738685,-0.07640700657392524
8.470000000000001,-0.07873905018559714,-0.07644150780200071,-0.07773952887342012,-0.1455166670950932,0.1548250609944276,-0.1211459898056441,-0.07875440075063767
8.48,-0.08080758240171795,-0.07890458922662597,-0.0799959770707217,-0.1508939982363424,0.1490446052719624,-0.1187412654604882,-0.08082192070198702
8.49,-0.08257754239396678,-0.08109161832267331,-0.08196400479221955,-0.1561755290896612,0.1432313701797612,-0.1165733005629552,-0.0825908271515125
8.5,-0.08403076934142301,-0.08298363156382715,-0.0836250113890471,-0.1613440523092768,0.1374025435569702,-0.1146521477378886,-0.08404296469624906
8.51,-0.08514977666317425,-0.08456224646787897,-0.08496102599492394,-0.1663819216226657,0.1315753014537322,-0.1129858141547143,-0.08516085227831593
8.52,-0.08591784991202063,-0.08580974938514085,-0.08595480149011447,-0.1712712660915753,0.1257667500548702,-0.1115802547198518,-0.08592778106896271
8.529999999999999,-0.08631915222169595,-0.08670919035719249,-0.08658991587413112,-0.1759942092749067,0.1199938573112296,-0.1104393844880931,-0.08632791990660155
8.539999999999999,-0.08633883725399953,-0.08724448527110362,-0.08685088111288886,-0.1805330899327461,0.1142733754904574,-0.109565109845492,-0.08634642823341726
8.550000000000001,-0.08596316938033899,-0.08740052534607301,-0.08672325932239483,-0.1848706808429381,0.1086217561648024,-0.1089573776973942,-0.08596957626362928
8.56,-0.08517965082418499,-0.08716329378456766,-0.08619378593456301,-0.1889904022936419,0.1030550594409128,-0.108614241579331,-0.08518487189376617
8.57,-0.08397715405472125,-0.08651998920250226,-0.08525049926517803,-0.1928765268754198,0.09758885953167651,-0.1085319432976062,-0.08398119363551293
8.58,-0.08234605967519462,-0.08545915522694558,-0.08388287567351488,-0.1965143723315653,0.09223814908056172,-0.1087050084028642,-0.08234892861932408
8.59,-0.08027839913185895,-0.08397081541913831,-0.08208196927175104,-0.1998904794410343,0.08701724495046298,-0.1091263535071999,-0.0802801144862279
8.6,-0.07776799907728116,-0.08204661244909378,-0.07984055491445818,-0.2029927722081817,0.08193969841975307,-0.1097874031797366,-0.07776858376147222
8.609999999999999,-0.0748106265845128,-0.0796799502198412,-0.07715327297895952,-0.2058106980186187,0.07701821279443016,-0.1106782139073161,-0.07481010909132291
8.619999999999999,-0.07140413340940927,-0.07686613741876147,-0.07401677424074049,-0.208335345889334,0.07226457124329044,-0.1117876024002832,-0.0714025475285528
8.630000000000001,-0.06754859731400817,-0.0736025307652568,-0.07042986295947001,-0.210559541487808,0.06768957711470364,-0.1131032753765505,-0.06754598187781463
8.640000000000001,-0.06324645831486565,-0.06988867603349891,-0.06639363612502314,-0.2124779182085299,0.06330300808757894,-0.1146119578904414,-0.06324285696344667
8.65,-0.05850264759839182,-0.06572644476158024,-0.06191161667403944,-0.2140869642588301,0.05911358433313446,-0.116299517306319,-0.05849810856397153
8.66,-0.05332470624693213,-0.0611201644199868,-0.0569898783798905,-0.2153850463952499,0.0551289496113595,-0.1181510801675423,-0.05331928267313368
8.67,-0.04772289296641135,-0.05607673970840454,-0.05163716004696089,-0.2163724116346777,0.05135566316265194,-0.1201511394891225,-0.04771664270024684
8.68,-0.04171027735163244,-0.05060576258539906,-0.04586496660679029,-0.2170511689021978,0.04779919965067714,-0.1222836504090631,-0.04170326221541298
8.69,-0.03530281548067996,-0.04471960861425217,-0.03968765472196001,-0.2174252531248626,0.04446395445217516,-0.1245321126590346,-0.0352951008800666
8.699999999999999,-0.02851940667356227,-0.0384335172319995,-0.03312250055543098,-0.2175003746897662,0.04135325229980846,-0.1268796389395516,-0.02851106128118863
8.710000000000001,-0.02138192900073948,-0.03176565361845818,-0.02618974745917618,-0.2172839574096608,0.03846935850677069,-0.1293090089776138,-0.02137302450916589
8.720000000000001,-0.01391525154773099,-0.02473714995612769,-0.01891263147654743,-0.2167850681421749,0.03581349342943635,-0.1318027097685938,-0.01390586248390324
8.73,-0.006147221648033932,-0.01737212402901994,-0.01131738273647664,-0.2160143409673609,0.03338585208964956,-0.1343429632179043,-0.006137425240450523
8.74,0.001891374457515491,-0.009697673305525623,-0.003433201042887246,-0.2149838983444643,0.03118563166309574,-0.1369117430611352,0.001901498368274079
8.75,0.01016687887748739,-0.001743842885120417,0.004707795773273571,-0.2137072709731092,0.02921106966233894,-0.1394907835177618,0.01017724781096885
8.76,0.01864285893453462,0.006456434041836878,0.01307065187167505,-0.2121993172384576,0.02745949509415468,-0.1420615825940672,0.01865338680258138
8.77,0.02728023040361263,0.0148674242689808,0.02161768258913321,-0.2104761422116727,0.02592739379691483,-0.1446054032761338,0.0272908286122977
8.779999999999999,0.0360374130228179,0.02345071189513959,0.03030861323250023,-0.2085550153087826,0.02461048780697206,-0.1471032760337811,0.03604799098439809
8.789999999999999,0.04487051535575103,0.03216534523422476,0.03910074753073772,-0.2064542849819905,0.02350382722665917,-0.1495360060912369,0.04488098051507383
8.800000000000001,0.05373354813327824,0.04096801325684979,0.04794916540015487,-0.204193288307613,0.02260189189361411,-0.1518841888186927,0.05374380592976025
8.81,0.06257866551822217,0.04981325108871293,0.05680694927338303,-0.2017922530885145,0.0218986993260889,-0.1541282363762083,0.06258861930137161
8.82,0.07135643293029485,0.05865367367309249,0.06562543784326236,-0.1992721901105048,0.02138791499880532,-0.1562484184185042,0.07136598384664389
8.83,0.08001611967338097,0.06744023630780127,0.07435450568183533,-0.1966547734485214,0.02106296097037835,-0.1582249192706029,0.08002516654196301
8.84,0.08850601422617602,0.07612252039897927,0.08294286681340246,-0.1939622071510635,0.02091711916627192,-0.160037913536646,0.08851445341842601
8.85,0.09677375987687757,0.08464904242788535,0.09133839995055765,-0.1912170771728541,0.02094362612441503,-0.1616676616352746,0.09678148503466899
8.859999999999999,0.1047667077117366,0.09296758378870917,0.09948849274894384,-0.1884421880144607,0.0211357566334448,-0.1630946262913732,0.1047736092911383
8.869999999999999,0.1124322820020273,0.1010255388196415,0.1073404021081174,-0.1856603841182395,0.02148689434583795,-0.1642996105801346,0.1124382484470866
8.880000000000001,0.1197183591485697,0.1087702780239882,0.1148416272519094,-0.1828943566364457,0.02199058805933773,-0.1652639177341485,0.1197232769362315
8.890000000000001,0.1265736528223367,0.116149523179005,0.1219402920684828,-0.1801664367199631,0.02264059288213327,-0.1659695325976056,0.1265774063538064
8.9,0.1329481022967578,0.123111730772173,0.1285855329834151,-0.1774983769736656,0.02343089590670766,-0.1663993243406507,0.1329505738103262
8.91,0.1387932601928124,0.1296064799972813,0.1347278884812203,-0.1749111231864258,0.02435572631296223,-0.1665372698092554,0.1387943297189774
8.92,0.1440626756299481,0.1355848613901972,0.1403196862842767,-0.1724245788643879,0.02540955002315115,-0.1663686966350795,0.1440622210066456
8.93,0.1487122687525499,0.1409998620874633,0.1453154241444988,-0.170057365465104,0.02658704917622179,-0.1658805448887358,0.1487101657147223
8.94,0.1527006926321305,0.1458067436501136,0.1496721402034696,-0.1678265815422179,0.02788308682641771,-0.1650616455184261,0.1526968149859581
8.949999999999999,0.1559896783976745,0.1499634084097215,0.1533497689314035,-0.1657475642828014,0.02929265745489917,-0.163903012932996,0.1559838985174658
8.960000000000001,0.1585443597443716,0.1534307503632762,0.1563114787640214,-0.1638336572094284,0.03081082416441921,-0.1623981477056937,0.1585365496970276
8.970000000000001,0.1603335751319399,0.1561729867669892,0.1585239877178928,-0.1620959882218413,0.03243264384288569,-0.1605433433471729,0.160323606828278
8.98,0.1613301417340624,0.1581579667552167,0.1599578534773452,-0.1605432627575721,0.03415308214438761,-0.1583379883469559,0.1613178870877928
8.99,0.1615110989626252,0.1593574535370871,0.1605877347064792,-0.1591815776449024,0.03596692082459607,-0.1557848512823362,0.1614964301406532
9,0.1608579188985137,0.1597473769971893,0.1603926206449406,-0.1580142619905534,0.03786866071977563,-0.1528903330550821,0.1608407086667939
9.01,0.1593566812406131,0.1593080538439661,0.1593560263914,-0.1570417517622712,0.03985242437427949,-0.1496646668673193,0.1593368034141182
9.02,0.1569982107914483,0.1580243728054611,0.1574661516593986,-0.1562615041274238,0.04191186287065629,-0.1461220443350066,0.1569755407910118
9.029999999999999,0.1537781759222696,0.1558859427618808,0.154716001201235,-0.1556679559033374,0.0440400716623438,-0.1422806462883622,0.1537525914352153
9.039999999999999,0.1496971469061599,0.1528872021222655,0.1511034655311961,-0.1552525279919466,0.04622952003799757,-0.1381625603251708,0.1496685286422637
9.050000000000001,0.1447606113098613,0.1490274881932993,0.1466313610342245,-0.1550036751813334,0.04847199820451653,-0.1337935745047336,0.1447288459985977
9.06,0.1389789525807995,0.144311065746358,0.1413074290139604,-0.154906979002542,0.0507585848951696,-0.1292028471712031,0.1389439340359681
9.07,0.1323673885480628,0.1387471144590485,0.1351442937090137,-0.1549452808079893,0.05307963701942431,-0.1244224651437142,0.1323290161980578
9.08,0.1249458655467489,0.1323496753840054,0.1281593797819491,-0.1550988526705234,0.05542480138004136,-0.1194869139749886,0.1249040448810435
9.09,0.1167389156576853,0.125137557074466,0.1203747902550322,-0.155345604493806,0.05778304713246724,-0.1144324921503667,0.1166935587703694
9.1,0.1077754769154121,0.1171342024660269,0.1118171463237809,-0.1556613262809745,0.06014271666611382,-0.1092967042461653,0.1077265031398838
9.109999999999999,0.09808867857849575,0.1083675180701721,0.1025173909168394,-0.1560199645094725,0.06249159207769062,-0.1041176658270783,0.09803601520064154
9.119999999999999,0.08771559394762281,0.09886966746972775,0.09251055828239096,-0.1563939310073165,0.06481697439945788,-0.09893354627495693,0.08765917697872627
9.130000000000001,0.07669696357364904,0.08867683151290595,0.08183551226099622,-0.1567544418257476,0.06710577314544597,-0.09378206675182782,0.07663673855928921
9.140000000000001,0.06507689176125943,0.07782893797434826,0.07053465624693617,-0.1570718826131827,0.06934460437722778,-0.08870006122961227,0.06501281485218857
9.15,0.05290251491872842,0.06636936378312774,0.05865361813984904,-0.1573161961198091,0.07151989617635973,-0.08372310064103095,0.05283455930873926
9.16,0.04022366580139981,0.05434461320456968,0.04624091384141771,-0.1574572868121732,0.07361800097846216,-0.07888517463977607,0.04015181824523056
9.17,0.02709251135626983,0.04180397560094495,0.03334759305471746,-0.1574654371783432,0.07562531456659582,-0.07421842238775861,0.02701676960383775
9.18,0.01356317718234293,0.02879916658288068,0.02002687129362346,-0.1573117301231794,0.07752840159771929,-0.06975290287999258,0.01348355010290109
9.19,-0.0003086329750645713,0.01538395649654378,0.006333752104865809,-0.1569684718251931,0.07931412736076232,-0.06551639598941417,-0.0003921252051178881
9.199999999999999,-0.01446602126786322,0.001613790269925919,-0.007675356455274174,-0.1564096094785712,0.08096979509198265,-0.06153422704467998,-0.01455334693944876
9.210000000000001,-0.0288512793391166,-0.01245459733556675,-0.02194302706420354,-0.1556111384109823,0.08248328767525165,-0.05782910981463552,-0.0289423949770598
9.220000000000001,-0.04340626758133723,-0.02676356705421074,-0.03641119614211424,-0.1545514931030331,0.08384321200676692,-0.05442100487562651,-0.04350111773525184
9.23,-0.05807278632708231,-0.04125495709817939,-0.05102154079812982,-0.1532119166153812,0.08503904377164373,-0.05132699223296899,-0.05817130341909593
9.24,-0.07279293694842974,-0.05587045800409329,-0.06571584606062453,-0.1515768028564909,0.08606126991477125,-0.04856115862080479,-0.07289503970365002
9.25,-0.08750947283429976,-0.07055197674385016,-0.0804363589628232,-0.1496340060210201,0.08690152572432452,-0.04613450106273964,-0.08761505856818891
9.26,-0.1021661082849074,-0.08524198673507727,-0.09512612632243023,-0.1473751114361721,0.08755272320144253,-0.04405484904204954,-0.1022750632881685
9.27,-0.1167078326760972,-0.09988386066466715,-0.1097293133606512,-0.1447956620217627,0.08800916727154712,-0.0423268080418831,-0.1168200349150492
9.279999999999999,-0.1310811962421278,-0.1144221833547436,-0.1241915006461444,-0.1418953346550318,0.08826665640354414,-0.04095172732887958,-0.1311965159285899
9.289999999999999,-0.1452345690123252,-0.1288030422489232,-0.1384599572168954,-0.1386780609910089,0.08832256434594943,-0.03992769473300933,-0.1453528691246024
9.300000000000001,-0.159118373406137,-0.1429742934714373,-0.1524838881216345,-0.1351520877795168,0.08817589996981179,-0.03924956088796394,-0.159239510196547
9.31,-0.1726852893525826,-0.1568858018060013,-0.1662146550244374,-0.131329972491822,0.08782734263655145,-0.03890899500058592,-0.1728091128751071
9.32,-0.185890431210897,-0.1704896533478794,-0.1796059689253278,-0.1272285111638989,0.08727925109156687,-0.03889457376458477,-0.1860167858989557
9.33,-0.1986914961760583,-0.1837403399931907,-0.1926140544578885,-0.1228685968007907,0.08653564461935004,-0.03919190455823318,-0.1988202214953511
9.34,-0.211048888362965,-0.1965949153368747,-0.2051977856262757,-0.1182750084586518,0.085602156063325,-0.03978378358579154,-0.2111798154446848
9.35,-0.2229258122077727,-0.2090131219475843,-0.2173187932323731,-0.1134761331780785,0.0844859572724212,-0.04065038913772967,-0.2230587591817534
9.359999999999999,-0.2342883182131972,-0.2209574903704966,-0.2289415446143291,-0.1085036251870494,0.08319565852409788,-0.04176950963874987,-0.234423104743066
9.369999999999999,-0.2451053547751194,-0.2323934105752758,-0.2400333966654415,-0.1033920090787804,0.08174118441419076,-0.04311680559591752,-0.2452418036984317
9.380000000000001,-0.255348783479399,-0.2432891769144305,-0.2505646234217849,-0.09817823581787977,0.08013362951943526,-0.04466610391648596,-0.255486721501738
9.390000000000001,-0.2649933706398462,-0.2536160079811053,-0.2605084197916938,-0.09290120224011356,0.07838509776309605,-0.04638972230236849,-0.2651326289566669
9.4,-0.2740167578352719,-0.2633480430436962,-0.2698408832448295,-0.0876012460048296,0.07650852980580974,-0.04825882052212194,-0.2741571727149332
9.41,-0.2823994135507045,-0.2724623169751126,-0.2785409754791943,-0.08231962859815983,0.07451752293164332,-0.05024377430759552,-0.2825408269053896
9.42,-0.2901245681668313,-0.2809387157796143,-0.2865904662409484,-0.07709801890656198,0.07242614782443757,-0.05231456644344995,-0.2902668281307402
9.43,-0.297178134637408,-0.2887599149518367,-0.2939738615849701,-0.07197798910738706,0.07024876637969435,-0.05444118836849593,-0.297321096164176
9.44,-0.3035486248578659,-0.2959113029886206,-0.3006783189360276,-0.06700053326335198,0.06799985433974515,-0.05659404437651044,-0.3036921427314023
9.449999999999999,-0.309227039850295,-0.3023808924226606,-0.3066935513420948,-0.06220561723161055,0.06569383215099134,-0.05874434940910656,-0.3093709707753579
9.460000000000001,-0.3142067515581952,-0.3081592207621289,-0.3120117233041789,-0.05763176650704471,0.0633449070983042,-0.06086451061239728,-0.3143509665732955
9.470000000000001,-0.3184834026199903,-0.3132392437029927,-0.3166273405221162,-0.05331569660916546,0.0609669295367628,-0.06292848242418686,-0.3186277870111593
9.48,-0.3220547911571516,-0.3176162229296676,-0.3205371358153666,-0.04929198875055696,0.05857326594664825,-0.06491208509363344,-0.322199244221407
9.49,-0.3249207549185211,-0.3212876107350415,-0.3237399533647339,-0.04559281189221404,0.05617669154618909,-0.06679327729473067,-0.3250651896608444
9.5,-0.3270830567584574,-0.3242529335739518,-0.3262366332783377,-0.04224769093423081,0.05378930514258234,-0.0685523749024739,-0.3272273995483773
9.51,-0.3285452731966925,-0.3265136765178351,-0.3280298983173991,-0.03928331969222398,0.05142246842207759,-0.0701722100066462,-0.3286894634026768
9.52,-0.3293126876078354,-0.3280731704060507,-0.3291242444280587,-0.03672341642034049,0.04908677039226994,-0.0716382267187754,-0.3294566772207962
9.529999999999999,-0.3293921896165632,-0.3289364832954494,-0.3295258365187334,-0.03458861890435722,0.04679201454656889,-0.07293851309530131,-0.3295359426243481
9.539999999999999,-0.3287921913926383,-0.3291103175981316,-0.3292424107025808,-0.03289641552668787,0.04454722130277095,-0.0740637713266995,-0.3289356730744631
9.550000000000001,-0.3275225219578541,-0.3286029140721973,-0.3282831839949723,-0.03166110820285439,0.04236063241646948,-0.07500723099083795,-0.3276657080238558
9.56,-0.3255943528814522,-0.3274239635958429,-0.3266587722206148,-0.03089380275580261,0.04023970034656865,-0.07576451242440779,-0.3257372356377612
9.57,-0.3230201376193311,-0.3255845274150538,-0.3243811166473047,-0.03060242221339154,0.03819104816361041,-0.07633344896435784,-0.3231627244786704
9.58,-0.3198135523218355,-0.3230969663137114,-0.3214634196268972,-0.0307917387710952,0.03622039711100211,-0.07671387785525469,-0.3199558643160971
9.59,-0.3159894456768458,-0.3199748789153662,-0.3179200892919077,-0.03146342080306669,0.03433247647800924,-0.07690740998597867,-0.3161315159946461
9.6,-0.3115637975094033,-0.3162330490921215,-0.3137666931315196,-0.03261609229845913,0.03253094501039089,-0.07691718835627592,-0.3117056700746897
9.609999999999999,-0.3065536856500075,-0.3118874022310355,-0.309019920056214,-0.03424540331840137,0.03081835491523738,-0.07674764438001347,-0.3066954137519831
9.619999999999999,-0.300977260387965,-0.3069549698951133,-0.3036975503584949,-0.03634411130130333,0.02919617619017506,-0.07640425994119754,-0.3011189053681483
9.630000000000001,-0.294853727017053,-0.3014538622171558,-0.2978184327905479,-0.03890217404304919,0.02766487813873603,-0.07589334167683121,-0.2949953556451439
9.640000000000001,-0.288203341110743,-0.2954032471823016,-0.2914024678099771,-0.04190685572763198,0.02622404819184521,-0.07522181240740611,-0.2883450146153005
9.65,-0.281047376591438,-0.288823335791312,-0.2844705958938721,-0.04534284736227501,0.02487252262677903,-0.074397023091062,-0.2811891630763529
9.66,-0.2734081312261037,-0.2817353719528944,-0.2770447896908539,-0.04919240239381695,0.02360850863681924,-0.07342658723284456,-0.2735501072793338
9.67,-0.2653089268433851,-0.2741616258312048,-0.2691480486716247,-0.05343548730007508,0.02242968686242514,-0.07231823839738255,-0.2654511754578598
9.68,-0.2567741060979989,-0.266125389275286,-0.2608043948524414,-0.05804994580546963,0.0213332924837164,-0.07107971038501026,-0.2569167147316481
9.69,-0.2478290280840169,-0.2576509718816147,-0.2520388681038723,-0.06301167433664678,0.02031617855525325,-0.06971863874825579,-0.2479720868660556
9.699999999999999,-0.2385000612575877,-0.24876369618959,-0.2428775195202143,-0.0682948056396398,0.01937486727323018,-0.06824248164242375,-0.2386436613441599
9.710000000000001,-0.2288145721299792,-0.2394898904829988,-0.2333474013141845,-0.07387189725741283,0.01850559440765409,-0.06665845750690669,-0.2289588042094892
9.720000000000001,-0.2188009082199046,-0.229856877668395,-0.2234765517171658,-0.07971412182921578,0.01770435047415053,-0.06497349674726338,-0.2189458611661528
9.73,-0.2084883772275023,-0.2198929587239977,-0.2132939734082206,-0.08579145682904366,0.01696692028954916,-0.06319420441981594,-0.2086341334799029
9.74,-0.1979072176220764,-0.2096273892614263,-0.202829604065164,-0.09207287224861482,0.01628892088834488,-0.06132683090378427,-0.1980538453081612
9.75,-0.1870885345234488,-0.1990903478183498,-0.1921142777284644,-0.09852651566665599,0.01566583664317556,-0.05937724767832114,-0.1872361011993378
9.76,-0.17606426038953,-0.1883128946044074,-0.1811796757932695,-0.1051198949668732,0.01509304996036431,-0.05735092560048188,-0.1762128326413509
9.77,-0.1648670909085553,-0.1773269195558272,-0.1700582665959624,-0.1118200595536812,0.01456586615854255,-0.05525291349662637,-0.1650167327048849
9.779999999999999,-0.153530406772398,-0.1661650787151687,-0.1587832327383539,-0.118593781206857,0.0140795320404376,-0.05308781541454255,-0.1536811780173011
9.789999999999999,-0.1420881822360316,-0.1548607181390358,-0.147388385493286,-0.1254077357045932,0.01362924905960616,-0.05085976550526178,-0.1422401375161401
9.800000000000001,-0.1305748801465473,-0.1434477847451546,-0.1359080658580127,-0.1322286860595032,0.0132101835399514,-0.04857240016980091,-0.1307280676643568
9.81,-0.1190253333750617,-0.1319607237374609,-0.1243770320631388,-0.1390236677083865,0.01281747770340047,-0.04622882777017367,-0.1191797940597396
9.82,-0.1074746128483221,-0.120434362490713,-0.112830333602055,-0.1457601753408425,0.01244626591313736,-0.04383159681952398,-0.1076303796347466
9.83,-0.09595788928772797,-0.1089037810319707,-0.1013031721145309,-0.1524063503159983,0.01209170035828844,-0.04138266409415636,-0.09611497991629553
9.84,-0.08451027058880174,-0.09740416952214964,-0.08983074973397925,-0.1589311668745844,0.01174898950134462,-0.03888336452158109,-0.08466868609316042
9.85,-0.07316661907182936,-0.08597067341331727,-0.07844810578627415,-0.1653046146808725,0.01141345134612554,-0.03633438497648778,-0.07332635691685085
9.859999999999999,-0.06196138759498048,-0.07463822723193714,-0.06718994300357495,-0.1714978747007915,0.01108058239792153,-0.03373574425464937,-0.06212244073481565
9.869999999999999,-0.05092843333714384,-0.06344137820981849,-0.0560904446843945,-0.1774834851088909,0.01074614236797533,-0.03108678149576038,-0.05109078921714705
9.880000000000001,-0.04010082485888677,-0.05241410124785972,-0.04518308448577096,-0.183235493874615,0.01040625423459951,-0.02838615519896698,-0.04026446458419108
9.890000000000001,-0.02951064470644445,-0.04158960694794156,-0.03450043076956361,-0.1887295949395783,0.01005751897527685,-0.02563185473188628,-0.02967554236723358
9.9,-0.0191887897884869,-0.03100014468070511,-0.0240739476372398,-0.1939432454603519,0.009697143784704598,-0.02282122588979629,-0.01935491193203659
9.91,-0.009164771921368957,-0.02067680286760687,-0.01393379497101577,-0.1988557624127709,0.009323081619048545,-0.01995101163212232,-0.009332077161071706
9.92,0.0005334788622956194,-0.01064930883912985,-0.004108629948882503,-0.203448397852973,0.008934178375289203,-0.01701740862491474,0.0003650401803242387
9.93,0.009879795019242752,-0.0009458307823808076,0.005374587387677432,-0.2077043931962346,0.00853032207633081,-0.01401613966855919,0.009710291779526259
9.94,0.01884997367264935,0.008407215596423989,0.01449078186532493,-0.2116090138839488,0.00811258642917323,-0.01094254150893731,0.01867948615426734
9.949999999999999,0.02742195071959634,0.01738535300280614,0.02321694153818804,-0.2151495666453607,0.007683359496360842,-0.007791666939218289,0.02725056141349935
9.960000000000001,0.03557595024467426,0.02596621837244073,0.03153228402712716,-0.2183154021326429,0.007246447394156474,-0.004558399521997547,0.0354037447912795
9.970000000000001,0.043294628443939,0.03412972591362862,0.03941840826404636,-0.2210979059633316,0.006807143199074828,-0.001237578722838806,0.04312169644058828
9.98,0.05056319943721858,0.04185821480890362,0.04685942918802311,-0.2234904811336231,0.006372252695322544,0.00217586722761498,0.05038963511912109
9.99,0.05736954079290437,0.04913657916191816,0.05384209310952726,-0.225488524401778,0.005950071089559583,0.005686783809653262,0.05719544359088252
10,0.06370427682526936,0.05595237797255637,0.06035587167406065,-0.2270893986458531,0.005550308028266171,0.009299651366148132,0.06352975180345993
