step,Z_site1,Z_site4,Z_site5,Z_site6
0,1.0,-1.0,1.0,-1.0
1,0.84679551300663,-0.8467955130066298,0.8467955130066338,-0.8467955130066331
2,0.4770832464386624,-0.4777121725538721,0.47708324643866784,-0.477712172553879
3,0.09092410990811955,-0.09254463746557456,0.09092410990812938,-0.09254463746559094
4,-0.14424260178063483,0.14324849339389856,-0.14424260178062054,0.1432484933938835
5,-0.18674207301922885,0.1877171167549503,-0.1867420730192083,0.18771711675493985
6,-0.10711872645201592,0.10831764264476723,-0.10711872645200404,0.1083176426447574
7,-0.008317443323700378,0.007290659407140354,-0.008317443323700768,0.007290659407126865
8,0.04334133732962338,-0.04608789716879336,0.04334133732962653,-0.04608789716880679
