step,Z_site1,Z_site4,Z_site5,Z_site6
0,1.0,-1.0,1.0,-1.0
1,0.8467955130066297,-0.8467955130066287,0.8467955130066285,-0.8467955130066283
2,0.47708324643865974,-0.4777121725538731,0.47708324643866024,-0.4777121725538759
3,0.09092410990811989,-0.09254463746557862,0.09092410990811262,-0.09254463746558522
4,-0.14424260178063164,0.14324849339389495,-0.14424260178063486,0.14324849339388807
5,-0.18674207301921403,0.18771711675494568,-0.18674207301922607,0.18771711675494085
6,-0.10711872645201098,0.10831764264475946,-0.10711872645201814,0.10831764264475774
7,-0.008317443323706541,0.007290659407132805,-0.00831744332371065,0.0072906594071299735
8,0.04334133732961154,-0.04608789716879813,0.043341337329611984,-0.04608789716880146
