step,Z_site1,Z_site4,Z_site8
0,1.0,-1.0,-1.0
1,0.9968029859543693,-0.9936110854360518,-0.9968029859543682
2,0.9864518531051304,-0.9746073382632966,-0.986470814508926
3,0.964484141834568,-0.9434720483445233,-0.9645180212365101
