step,Z_site1,Z_site4,Z_site8
0,1.0,-1.0,-1.0
1,0.9936110844171685,-0.9936110844171685,-0.9936110844171685
2,0.9746073494517561,-0.9746073494517562,-0.9746073494517562
3,0.9434721180244018,-0.9434721180244018,-0.9434721180244018
