step,Z_site1,Z_site4,Z_site8
0,1.0,-1.0,-1.0
1,0.9996004144987297,-0.9996003395934915,-0.9996004144987295
2,0.9984026570098589,-0.998402317791297,-0.9984026570098589
3,0.9964091830241076,-0.9964083308541138,-0.9964091830241079
