step,Z_site1,Z_site4,Z_site8
0,1.0,-1.0,-1.0
1,0.9996004144987295,-0.9996003395934906,-0.9996004144987295
2,0.9984026570098589,-0.9984023177912965,-0.9984026570098589
3,0.9964091830241076,-0.9964083308541144,-0.9964091830241076
