t,z_ref_qutip,ADAPTIVE,DOUBLEADAPTIVE,DOUBLEFIXED,FIXED,SINGLE_SITE_TDVP,TWO_SITE_TDVP
0,1,1,1,1,1,1,1
0.01,0.998350933857533,0.9999085029170599,0.9995072643732253,0.9983514795107993,0.9983514480230539,0.9983509337118928,0.9983509336168285
0.02,0.9934149181036025,0.9980311691973722,0.9960986452548033,0.9934156793726749,0.9934172828710264,0.9934149156850276,0.9934149251450838
0.03,0.9852254090535876,0.9928722405970158,0.9894191329164643,0.9852261736031915,0.9852313611215048,0.9852253549491045,0.9852254311791668
0.04,0.9738378252983421,0.9844663886332771,0.9795139326538016,0.9738384276463738,0.9738493337023723,0.9738374827261073,0.9738378031542421
0.05,0.9593290065026266,0.9728704714787482,0.966449782825835,0.9593290568228032,0.959347973621675,0.9593276846387148,0.9593286488892642
0.06,0.9417965013486623,0.9581623844153827,0.9503142448683082,0.94179490474689,0.9418242533772205,0.9417925815578925,0.9417949351709165
0.07000000000000001,0.9213576864690142,0.9404403139589347,0.9312147300961405,0.9213518861575664,0.9213941875415296,0.9213478744998137,0.9213528450617051
0.08,0.8981486222683847,0.9198218002337485,0.9092773079324636,0.8981336135018714,0.8981914598305132,0.8981269728953241,0.8981364081524335
0.09,0.8723228558723238,0.8964423170886637,0.8846452974107727,0.8722898301185882,0.8723658574177043,0.8722794291082481,0.872295926229695
0.1,0.8440499430550982,0.8704537557757991,0.8574773942989569,0.8439846759494635,0.8440815382903402,0.843969205200584,0.8439962206732341
0.11,0.8135139828089449,0.8420209839637058,0.8279457945091899,0.8133948142980898,0.8135151600041522,0.8133728005675107,0.8134147312205851
0.12,0.7809118818155679,0.8113214657787017,0.7962349194863179,0.780707450207253,0.7808539002301716,0.780677271134866,0.780727321537153
0.13,0.7464515892646999,0.7785554151157024,0.7625402425436764,0.7461182724878359,0.7462934009551456,0.746078172277431,0.7461450051871873
0.14,0.7103503554683835,0.7439161740969843,0.7270670193399201,0.7098293522690651,0.710035669059174,0.7097774584395524,0.709878156012468
0.15,0.6728327347485888,0.7076215486880559,0.6900281870982848,0.6720470311246269,0.6722869662205269,0.6719813725952033,0.6721434163533847
0.16,0.634128732095898,0.6698995055343034,0.6516424093635984,0.6329798313481546,0.6332557206690581,0.6328983581614553,0.6331617017243434
0.17,0.5944717812368173,0.6309807114938025,0.6121298252107695,0.5928364198061529,0.593150492220186,0.5927370247832862,0.5931541471376403
0.18,0.5540968385786564,0.5910995241966053,0.5717158526279107,0.5518236550037109,0.552178020280478,0.5517041975615445,0.552372274718147
0.19,0.5132384516407416,0.5504920996456489,0.5306236177963922,0.5101447445940152,0.5105413821512659,0.5100030768412371,0.5110621786563796
0.2,0.4721288939881791,0.5093943403921413,0.4890744848927435,0.4679975376006711,0.4684382860164885,0.4678315326742022,0.4694593040468142
0.21,0.4309963535392841,0.468040000554492,0.4472858279030758,0.4255729721748959,0.4260595195540481,0.4253805545962503,0.4277957075956342
0.22,0.390063203782939,0.4266589083158079,0.4054693868054409,0.3830536958686117,0.3835875712468517,0.3828328735084194,0.3862983054733211
0.23,0.3495443718546652,0.385475276480527,0.3638297226474099,0.3406128712753521,0.3411954372991739,0.3403617683325385,0.3451872146941632
0.24,0.3096458177735007,0.3447061008479929,0.3225628055493526,0.2984131755923323,0.2990456227108568,0.2981300658410462,0.3046742034355718
0.25,0.2705631381967559,0.3045596594773278,0.2818547548687217,0.2566059983155859,0.2572893406609443,0.2562893377634057,0.2649612639614841
0.26,0.232480314634183,0.2652341283337152,0.2418807429679083,0.2153308370246373,0.2160659100419396,0.214979295071379,0.2262393199179458
0.27,0.1955685724295805,0.2269163263956506,0.2028040682487064,0.1747148871695703,0.1755023469009854,0.17432737536261,0.1886870777587658
0.28,0.1599854211578096,0.1897805987464065,0.1647753995168268,0.1348728180579042,0.1357131418083308,0.1344485156068255,0.1524700299696566
0.29,0.1258738490731282,0.1539878409384868,0.1279321912523295,0.09590672395250177,0.09680021189215604,0.09544509928673667,0.117739615625965
0.3,0.09336167172230027,0.1196846634664365,0.09239826724420622,0.0579062364163021,0.0588530135338724,0.05740706423298086,0.08463254167713585
0.31,0.06256104119445471,0.08700207672210147,0.05828356802721282,0.02094878183227622,0.0219487995637403,0.02041215527310203,0.05327026623494846
0.32,0.03356811548021154,0.05605674017185874,0.0256840556122294,-0.01490003358044734,-0.01384699674188411,-0.01547369578084384,0.02375864308551023
0.33,0.006462885596098917,0.02694885727996038,-0.005318232817843719,-0.04958592993533117,-0.04848026948646489,-0.05019588128739411,-0.00381227532232975
0.34,-0.01869084355138245,-0.000237727172974489,-0.03465499220660215,-0.08306537012912735,-0.08190765877044315,-0.08371053898860303,-0.02936828100878686
0.35,-0.04184532118042934,-0.02543542920715397,-0.06227132927668207,-0.1153049055431993,-0.114095898878825,-0.1159839020961586,-0.0528509059345883
0.36,-0.06296857303544756,-0.04859276884051206,-0.08812517731216446,-0.1462804693511778,-0.1450211141648995,-0.1469915964886921,-0.0742173377502145
0.37,-0.08204402703186923,-0.06967436138316353,-0.1120974000785223,-0.1759766347643285,-0.1746680797153073,-0.1767179022726268,-0.09344754246705743
0.38,-0.09906997047801153,-0.08866422666786317,-0.1340868691678523,-0.20438585419181,-0.2030294625370349,-0.2051549956428916,-0.1105514887475211
0.39,-0.1140589080390887,-0.1055371378922601,-0.1540719595199349,-0.2315076936939222,-0.2301050574407703,-0.232302185415362,-0.1255398733116383
0.4,-0.1270368210152455,-0.1203257218414029,-0.1719739443912526,-0.2573480753456591,-0.2559010300861565,-0.2581651568713045,-0.1384379104781535
0.41,-0.138042336913552,-0.1330556450636867,-0.1876891037916592,-0.2819185382842168,-0.2804291778743053,-0.2827552337327933,-0.1492849957089228
0.42,-0.1471258216869185,-0.143765115732897,-0.2012255369534155,-0.3052355273572023,-0.3037062175842961,-0.3060886672468309,-0.1581251551261789
0.43,-0.1543484073213296,-0.1525036996588073,-0.2126149531694593,-0.3273197164785664,-0.3257531069059064,-0.3281859595551422,-0.1650116932856308
0.44,-0.1597809675978969,-0.1593503330464192,-0.2218864475436158,-0.3481953720851824,-0.3465944053632254,-0.3490712268158431,-0.1700156507902507
0.45,-0.1635030491226667,-0.1643594419845983,-0.2290829203641708,-0.3678897605056783,-0.3662576785855509,-0.3687716059606959,-0.1732175566344369
0.46,-0.1656017835358367,-0.1676114121656971,-0.2342625129273714,-0.3864326016304286,-0.3847729484867647,-0.3873167075443056,-0.174706302993289
0.47,-0.1661708042844551,-0.1691948083325361,-0.2374947665006012,-0.4038555700230734,-0.4021721906770903,-0.404738115886293,-0.174577999112744
0.48,-0.1653091234893204,-0.169205506298702,-0.2388588954190682,-0.4201918435460796,-0.4184888793596174,-0.4210689366313736,-0.1729348173140214
0.49,-0.1631200348733002,-0.1677431861007684,-0.2384427590502637,-0.4354756986844946,-0.4337575790595611,-0.4363433909552821,-0.1698838441880966
0.5,-0.1597100374050844,-0.1649141024652004,-0.2363381268633829,-0.4497421510361745,-0.4480135817930225,-0.4505964549199205,-0.1655353272456984
0.51,-0.1551877888447094,-0.160827345716992,-0.2326407601874004,-0.4630266388815122,-0.4612925876958947,-0.4638635419176895,-0.1600015991574381
0.52,-0.1496630982879448,-0.1555944069951086,-0.2274567888932965,-0.475364747336444,-0.4736304266911349,-0.4761802257282415,-0.1534038522343206
0.53,-0.143245965901888,-0.1493277982493162,-0.2208973467013061,-0.4867919703123344,-0.4850628184600733,-0.4875820014241702,-0.1458601683349093
0.54,-0.1360456770867279,-0.1421424913666758,-0.2130762399676707,-0.4973435073379028,-0.4956251677857381,-0.4981040811881333,-0.1374884325622724
0.55,-0.1281699501098236,-0.1341530048220045,-0.2041129383667027,-0.5070540922239568,-0.5053523922371366,-0.5077812220249271,-0.1284054125319937
0.5600000000000001,-0.1197241681384973,-0.1254713753587597,-0.194125312996466,-0.5159578505546631,-0.5142787791474175,-0.5166475823514896,-0.1187259048408617
0.57,-0.1108106749288365,-0.1162148700117929,-0.1832325075585527,-0.5240881830535535,-0.5224378688900388,-0.5247366045097146,-0.1085619539675355
0.58,-0.1015281281895659,-0.1065045253112011,-0.1715564488445876,-0.5314776719844015,-0.5298623615611897,-0.5320809203573478,-0.0980236831867296
0.59,-0.09197093919020163,-0.09644282967139586,-0.1592165050368954,-0.5381580078939583,-0.5365840443202292,-0.5387122772382589,-0.08722788305894136
0.6,-0.08222878891574847,-0.08613528458885397,-0.1463300574400539,-0.5441599341742804,-0.5426337368112374,-0.5446614818043179,-0.07628545233607958
0.61,-0.07238622097604418,-0.07568075478158827,-0.1330123342746969,-0.5495132071082748,-0.5480412522773972,-0.5499583593475438,-0.06529518714754712
0.62,-0.06252231058463203,-0.06517236018172258,-0.1193741531243332,-0.5542465692552887,-0.5528353721776429,-0.5546317264956802,-0.05435030169915589
0.63,-0.05271040808289923,-0.0546972470808314,-0.1055245220003375,-0.5583877342283167,-0.557043832314551,-0.5587093753205643,-0.04353774923519815
0.64,-0.04301795448573913,-0.04433674537745922,-0.09157400790637982,-0.5619633811059845,-0.5606933186786971,-0.5622180671019061,-0.03293409683397375
0.65,-0.03350636142400246,-0.03416566930485713,-0.07762306962270021,-0.5649991569072706,-0.5638094714036551,-0.5651835341755957,-0.02261130547475079
0.66,-0.02423097379786853,-0.02425193943575573,-0.06376870102685789,-0.5675196857326666,-0.566416895404692,-0.567630488472793,-0.01263170701386437
0.67,-0.01524107765654762,-0.01465600902963453,-0.05009970803207274,-0.5695485833402097,-0.5685391764415042,-0.569582635522035,-0.003052931695211026
0.68,-0.006579965500110249,-0.005431533385977104,-0.03669849685726782,-0.571108476077719,-0.5701989015001721,-0.5710626928401531,0.006076505008767074
0.6899999999999999,0.001714942616063839,0.0033773631199547,-0.02364136608402915,-0.5722210232329541,-0.5714176825316561,-0.5720924117785028,0.01471866003948965
0.7,0.009611931372023607,0.01173490695711914,-0.01099783838919832,-0.5729069419912952,-0.5722161827139712,-0.5726926020186733,0.02283883405033745
0.71,0.0170847813270869,0.01961032461340649,0.001169454237821765,-0.5731860343059791,-0.5726141445229677,-0.5728831580266296,0.03041179117463005
0.72,0.02411252448439996,0.02697914422671566,0.012804731704304,-0.5730772150894382,-0.5726304190031887,-0.5726830868766896,0.03742147244374444
0.73,0.03067916987274659,0.03382027830115075,0.02386349649733643,-0.572598541226312,-0.5722829957260971,-0.5721105369475519,0.04385440230940851
0.74,0.03677340509840867,0.04011889740708247,0.03431334276446191,-0.5717672409899625,-0.5715890330086273,-0.5711828270722988,0.04970369789945107
0.75,0.04238827980807949,0.04586080963902694,0.04412657697394745,-0.570599743515542,-0.5705648880411873,-0.5699164757941364,0.05496881737627992
0.76,0.04752086866318594,0.0510413600844517,0.05327890013346903,-0.5691117080445922,-0.5692261466412696,-0.5683272304400869,0.05965093094372476
0.77,0.05217193474240118,0.05566086401673587,0.06175220206776993,-0.5673180527096329,-0.5675876524073664,-0.5664300957771802,0.06375258631706548
0.78,0.0563455857493109,0.05972419372319371,0.069533892872464,-0.5652329826729953,-0.5656635350982466,-0.56423936206045,0.06728504646352979
0.79,0.06004892972224589,0.06324131481865462,0.07660633145555384,-0.5628700174731424,-0.5634672381055689,-0.5617686323204014,0.07026089171465855
0.8,0.06329173508356427,0.0662232659461188,0.08295338406575925,-0.560242017464626,-0.5610115449237119,-0.5590308487700828,0.07269450413739498
0.8100000000000001,0.06608609861739839,0.06868734901846715,0.08857459582649141,-0.5573612092655075,-0.5583086045503873,-0.5560383182395034,0.07460636198344395
0.82,0.0684461245388714,0.07065155549884544,0.09347674853073684,-0.5542392101491596,-0.5553699557756613,-0.5528027365683641,0.07601946910800983
0.83,0.07038761737879823,0.07213616896841216,0.09767085250124524,-0.5508870513366552,-0.5522065503363696,-0.5493352119077659,0.07695894361720029
0.84,0.0719277911014909,0.07316396621248092,0.1011691843107471,-0.5473152001620754,-0.5488287749281131,-0.5456462868981031,0.07745287009938551
0.85,0.07308499577568321,0.07375968382939746,0.1039899309109166,-0.5435335810965081,-0.5452464720791341,-0.541745959704533,0.07753538001827964
0.86,0.0738784633460243,0.07394894306970162,0.1061553164945367,-0.5395515956279582,-0.5414689598998099,-0.537643703903503,0.07723805581515453
0.87,0.07432807510331504,0.07375823803337,0.1076905537404723,-0.5353781410043109,-0.5375050507292086,-0.5333484872243717,0.07659481470210178
0.88,0.07445414907149639,0.07321538660024203,0.1086234512237782,-0.5310216278550941,-0.5333630687065252,-0.5288687891595564,0.0756373878782387
0.89,0.07427724848030949,0.07234856994155349,0.1089840338863699,-0.5264899967158544,-0.5290508663009201,-0.5242126174652724,0.07439468228477175
0.9,0.07381801124393415,0.07118561027445283,0.1088043274644919,-0.521790733486396,-0.5245758398386361,-0.5193875235829666,0.07289414083028795
0.91,0.07309699999953215,0.069755958875224,0.1081209713653898,-0.5169308838615563,-0.5199449440716472,-0.5144006170195625,0.07116507945283501
0.92,0.07213457198465742,0.06808774523912317,0.1069716537329423,-0.511917066780658,-0.5151647058377884,-0.509258578732528,0.0692364181106022
0.93,0.07095076779575016,0.06620838610534033,0.1053923875824988,-0.5067554869496358,-0.5102412368684044,-0.5039676735741353,0.06713582973390333
0.9399999999999999,0.06956521767670475,0.06414447073493584,0.1034188663453496,-0.5014519464981617,-0.5051802458063386,-0.4985337618580459,0.06488981727026644
0.95,0.06799706455987603,0.06192148058222541,0.1010866729931077,-0.4960118558431462,-0.4999870495043994,-0.4929623101208275,0.06252307073315411
0.96,0.06626490237833456,0.05956330190564036,0.09843056694515268,-0.4904402438399109,-0.4946665836825996,-0.4872584011613352,0.06005918859615894
0.97,0.06438672709903742,0.05709382615398052,0.09548624469216418,-0.4847417673131032,-0.4892234130312314,-0.4814267434521712,0.05752025990574494
0.98,0.06237989995609249,0.0545352677975508,0.0922888623822769,-0.4789207200712935,-0.4836617408564273,-0.4754716800297394,0.05492655689233498
0.99,0.06026112107346803,0.05190857691165263,0.08887237238224199,-0.4729810415221321,-0.4779854183751129,-0.4693971969828434,0.05229632871247273
1,0.05804641194118469,0.04923343385298223,0.0852696293611574,-0.4669263250189229,-0.472197953777245,-0.4632069316742902,0.04964988302987765
1.01,0.05575110526673327,0.04652831728762456,0.08151246558561459,-0.4607598260845576,-0.4663025211849239,-0.4569041808454885,0.0470034546416124
1.02,0.05338984080451933,0.04381091055001986,0.07763139741259384,-0.4544844706747058,-0.4603019696503511,-0.4504919087705382,0.04437225025757713
1.03,0.05097656586673943,0.04109699301560539,0.07365527371624973,-0.448102863658973,-0.4541988323476099,-0.4439727556434854,0.04177082061804194
1.04,0.04852453922492048,0.03840099310113112,0.06961107020643002,-0.4416172977160836,-0.4479953361268826,-0.4373490464000667,0.03921070128582643
1.05,0.04604633792117829,0.03573589723979359,0.06552440479976103,-0.4350297628566931,-0.4416934116138324,-0.4306228001930509,0.03670162922108045
1.06,0.04355386523665524,0.03311618595991739,0.06142341110736798,-0.4283419568048729,-0.4352947040513535,-0.4237957407576444,0.03425270621784682
1.07,0.04105835945189362,0.03055267535792316,0.05733198903037125,-0.4215552964860034,-0.4288005850955189,-0.4168693079199427,0.03187061192967513
1.08,0.03857040298634254,0.02805536538780495,0.05327346552749299,-0.4146709308843031,-0.422212165792004,-0.4098446705163099,0.02955986414720086
1.09,0.0360999313324973,0.02563319078809038,0.04926864639495247,-0.4076897555466822,-0.4155303109730877,-0.4027227410042842,0.02732556724507117
1.1,0.03365624147850958,0.02329449835533,0.04533636473742657,-0.4006124290204071,-0.4087556553280619,-0.3955041920551473,0.02517154044853881
1.11,0.03124799964692328,0.02104576905625311,0.04149368689463984,-0.393439391519259,-0.4018886214107342,-0.388189475424079,0.02310078734743903
1.12,0.02888324829932338,0.01889243924061019,0.0377551952801678,-0.3861708861156539,-0.3949294398558825,-0.3807788433946525,0.02111570549650837
1.13,0.02656941249280526,0.01683885314072157,0.03413430150890645,-0.3788069827537117,-0.3878781720810373,-0.3732723730898145,0.01921792264562622
1.14,0.02431330595359653,0.01488801002012444,0.03064297089908913,-0.3713476053695646,-0.3807347357497196,-0.3656699939303232,0.01741372812296132
1.15,0.02212113605151277,0.01304242476453462,0.02729137529214121,-0.3637925623896365,-0.3734989332660393,-0.3579715185033269,0.01570552717320517
1.16,0.01999850938130318,0.01130368416443505,0.02408621777998426,-0.3561415808543484,-0.3661704835571371,-0.3501766770777089,0.01409308523948538
1.17,0.01795043765171024,0.009672464170390412,0.02103406323243643,-0.3483943443832202,-0.3587490573780975,-0.3422851559684773,0.01257491679682887
1.18,0.01598134414480791,0.008148915906235113,0.0181405272884091,-0.3405505351570923,-0.3512343163426476,-0.3342966399097168,0.01114977329633626
1.19,0.01409507117962917,0.00673253457076645,0.01540987587107635,-0.3326098800437883,-0.3436259558413,-0.3262108585441851,0.009815962177782855
1.2,0.01229488891981971,0.005422362722244556,0.0128450928471655,-0.3245722009344771,-0.3359237519563071,-0.3180276370778522,0.008571244275719037
1.21,0.0105835058398876,0.004217157546324957,0.01044791106983754,-0.316437469288813,-0.3281276124201216,-0.3097469510798585,0.007412850224501999
1.22,0.008963081126682405,0.003114838088036975,0.008217948528352455,-0.3082058648068829,-0.3202376315922534,-0.3013689853330682,0.006338020727785887
1.23,0.007435239448233924,0.002112877162468996,0.006154387893227087,-0.299877838054146,-0.3122541493505552,-0.2928941965584535,0.005343772982560113
1.24,0.006001088233457953,0.001208351433908406,0.004260393861798717,-0.2914541767614252,-0.3041778137099451,-0.2843233797488935,0.004427408466072924
1.25,0.004661235529322401,0.00039799038637367,0.002534209936060461,-0.2829360754060529,-0.2960096468966303,-0.2756577377556155,0.00358632026870348
1.26,0.003415812584118295,-0.0003217758436986906,0.000973038148984029,-0.2743252075556994,-0.2877511145188471,-0.2668989536746422,0.002817243432101102
1.27,0.002264498230734669,-0.0009547698094041213,-0.0004271107050950462,-0.2656238003308113,-0.2794041973805037,-0.2580492654823538,0.002116846332647859
1.28,0.001206545517656849,-0.001505021319480881,-0.001671114877724145,-0.2568347102270798,-0.2709714653705299,-0.2491115422697007,0.001481764095975779
1.29,0.0002408105250674959,-0.001976723294917881,-0.002764546144758573,-0.2479614994495987,-0.2624561527155911,-0.2400893613249532,0.0009086295848654835
1.3,-0.0006342168619167183,-0.002374189002214755,-0.003713586622679954,-0.239008511853617,-0.2538622337049566,-0.2309870852159144,0.0003941020353978031
1.31,-0.001420380506886506,-0.002701810771125246,-0.004524945584777895,-0.2299809475569212,-0.2451944978048969,-0.2218099379254332,-6.510660598096907e-05
1.32,-0.002119824235171305,-0.002963847166411293,-0.005205776800584094,-0.2208849352635138,-0.2364586229197485,-0.2125640789995669,-0.000472207613769593
1.33,-0.002734956436231948,-0.003160784058434785,-0.005763596912288615,-0.2117276012873265,-0.2276612454698855,-0.2032566745767905,-0.0008310070956054072
1.34,-0.00326841503570618,-0.0032950809683292,-0.006206195154851435,-0.2025171341691528,-0.2188100259490231,-0.1938959640801431,-0.001145709442553766
1.35,-0.003723033792785558,-0.003371775771856822,-0.00654179174835845,-0.1932628436446619,-0.2099137086528204,-0.1844913212730646,-0.001419082522026383
1.36,-0.004101805750815121,-0.003395903708084957,-0.006778596133126424,-0.1839752125735389,-0.2009821742769807,-0.1750533083051595,-0.001653697833038037
1.37,-0.004407848731142769,-0.003372439094005419,-0.006924772686003111,-0.1746659403126018,-0.1920264840312699,-0.1655937213077521,-0.001851919941038283
1.38,-0.004644372001543816,-0.003306253113175117,-0.006988451269560547,-0.1653479759320543,-0.1830589138182442,-0.1561256260429877,-0.00201589908264288
1.39,-0.004814644486675393,-0.003202074651117104,-0.006977660922285245,-0.1560355396395132,-0.1740929769237239,-0.1466633820670902,-0.002147566889432462
1.4,-0.004921964890966401,-0.003064452461658096,-0.006900268046211078,-0.1467441307852804,-0.1651434336012625,-0.137222653841696,-0.002248635147822808
1.41,-0.004969634065787666,-0.002897719898804663,-0.006763974606821099,-0.137490520865182,-0.1562262859267393,-0.1278204072212947,-0.00232059747473945
1.42,-0.004960929903251457,-0.002705962842863285,-0.006576985806831526,-0.128292730008129,-0.1473587563543879,-0.1184748897646476,-0.002364733746725578
1.43,-0.004899083646173036,-0.002492991208247697,-0.006346533463404636,-0.119169985533544,-0.1385592485151612,-0.1092055933696032,-0.00238209288838076
1.44,-0.004787262604503581,-0.002262314320646164,-0.006079231380339334,-0.1101426612924059,-0.1298472889548366,-0.1000331978199876,-0.002373785994933097
1.45,-0.004628554361260522,-0.002017120386171578,-0.005781266247002481,-0.1012321966703764,-0.1212434487085528,-0.09097949396678651,-0.002340497552123233
1.46,-0.004425952160874995,-0.001760260215507403,-0.005458367736560721,-0.09246099433835281,-0.1127692438495659,-0.08206728544945424,-0.002282720007180938
1.47,-0.004182344736027481,-0.001494235300964764,-0.005115784424137959,-0.08385229608969647,-0.1044470144340527,-0.07332026810192521,-0.002200767878951515
1.48,-0.003900509150383362,-0.001221226771114359,-0.004758265336427037,-0.07543003640738422,-0.09629978159138308,-0.06476288648493828,-0.002094793456192234
1.49,-0.003583106514390329,-0.0009431331862295167,-0.004390046869519049,-0.06721867375895774,-0.08835108287980081,-0.05642016734230504,-0.001964803764323508
1.5,-0.003232680369550201,-0.0006613296902599486,-0.004014844754346547,-0.05924300001997512,-0.08062478643745952,-0.04831753019144069,-0.001810678460926807
1.51,-0.002851657478552415,-0.000376824344905935,-0.003635850739236057,-0.05152792887189739,-0.07314488490195459,-0.0404805757215646,-0.001632188304907967
1.52,-0.002442350592379814,-9.026675157636221e-05,-0.003255733740065936,-0.04409826449876453,-0.06593527053821036,-0.03293485317656075,-0.001429013833881942
1.53,-0.002006961544662555,0.000198039427328045,-0.00287664535357568,-0.03697845240592246,-0.05901949349238328,-0.02570560842950304,-0.001200763879764755
1.54,-0.001547590667690374,0.0004881203645145105,-0.002500229555683131,-0.03019231468780642,-0.05242050556310668,-0.01881751499504358,-0.0009469935551519315
1.55,-0.001066242452019987,0.0007803127775182217,-0.002127635531912753,-0.02376277256230419,-0.04616039233410096,-0.01229439075421596,-0.0006672213574485109
1.56,-0.0005648319454818248,0.001075241924259784,-0.001759530449301994,-0.0177115594471014,-0.04026009692636723,-0.006158903662501214,-0.0003609450788782387
1.57,-4.519194505128623e-05,0.001373797416585942,-0.001396105554910765,-0.01205892825931737,-0.03473913898657743,-0.0004322701549092089,-2.765631762047249e-05
1.58,0.0004909203320092193,0.001677107406561462,-0.00103706588037733,-0.006823356955367066,-0.02961533281528483,0.004866049668351968,0.0003331464416304608
1.59,0.001041817574992892,0.001986511715704409,-0.0006816037464673075,-0.00202125657780633,-0.02490450874136868,0.009718655711985436,0.000721947261903888
1.6,0.001605878167392677,0.002303534680822283,-0.0003284976770813186,0.00233331377181395,-0.02062024195838824,0.01411050587018275,0.001139216342029958
1.61,0.0021815438733385,0.002629858520495409,2.372034261177713e-05,0.006228920567592777,-0.01677359304930898,0.01802920371639199,0.001585441927676068
1.62,0.002767320132938821,0.002967297568038429,0.0003768913326884782,0.009657013694313266,-0.01337286433801876,0.02146527133292914,0.002061128641278109
1.63,0.003361779515051613,0.003317773549792069,0.0007332156390925659,0.0126121642388729,-0.01042337602321325,0.02441240286747809,0.002566853102229372
1.64,0.00396356430809919,0.003683291785847143,0.00109522595076661,0.01509227825337456,-0.00792726578069225,0.02686769465624539,0.003103414059794918
1.65,0.004571397099037113,0.004065920026423753,0.001465772233986584,0.0170987828486332,-0.005883315175349846,0.02883184809449119,0.003671460649565805
1.66,0.005184093256495962,0.004467770298200557,0.001848047758160332,0.01863678139020297,-0.004286805817844297,0.03030934184911133,0.004271549034597033
1.67,0.005800576547795748,0.004890981975524622,0.002245558819022997,0.01971517503555331,-0.003129407748486468,0.03130857047838281,0.004904100970626712
1.68,0.006419898218540783,0.005337705826204409,0.002661939143553671,0.02034674835389949,-0.002399102047687895,0.03184194703338511,0.005569444437218241
1.69,0.007041259453375258,0.005810091253079408,0.003100900077409596,0.02054821729267914,-0.002080139173641526,0.03192596774728296,0.006267878748119793
1.7,0.007664037044329323,0.006310277944403864,0.003566290236539427,0.02034023828141385,-0.002153034027578549,0.03158123745718683,0.006999711962866972
1.71,0.008287811999557972,0.006840391696938619,0.004062103456813349,0.01974737778142771,-0.002594598257229852,0.03083245493504272,0.007765275882937572
1.72,0.00891240124707836,0.007402541361845039,0.004592458854035364,0.01879804208749231,-0.003378009839970997,0.02970835781787606,0.008564936573025539
1.73,0.009537890980074177,0.007998819937237167,0.005161578116417542,0.01752436765650284,-0.00447291954671003,0.02824162731488444,0.009399107646145155
1.74,0.01016466962695591,0.008631310699246886,0.00577376447069361,0.0159620726730163,-0.005845593481559441,0.02646875332298559,0.01026826696730376
1.75,0.01079346513326742,0.009302105776908043,0.006433383341276411,0.01415027095840588,-0.007459090524570389,0.02442986099933137,0.01117297587963201
1.76,0.01142538114740699,0.01001331896042768,0.007144844295651764,0.01213124968861429,-0.009273473177680014,0.02216850021679395,0.01211390004840912
1.77,0.01206193266717647,0.01076709983370033,0.007912583947709551,0.009950212706084316,-0.01124605002796192,0.01973139966587062,0.01309183120208646
1.78,0.01270508041001946,0.01156564865131277,0.008741049570716641,0.007654991497612063,-0.01333164779726881,0.01716818766458456,0.01410770916137777
1.79,0.01335726306163624,0.01241123223526763,0.009634683217140838,0.005295726166691717,-0.01548291074184505,0.01453108199838521,0.01516264357555241
1.8,0.01402142653274601,0.01330620013277001,0.01059790617477069,0.002924518963615841,-0.01765062499747294,0.01187455133712362,0.01625793477588444
1.81,0.0147010493446358,0.01425300025176746,0.01163510363316028,0.0005950631584439869,-0.01978406533183885,0.009254950968742959,0.01739509312903698
1.82,0.01540016448469698,0.01525419333056161,0.01275060951762508,-0.001637749737196437,-0.02183136166089755,0.006730135752359589,0.01857585624158076
1.83,0.01612337329332173,0.01631246557124322,0.0139486915980116,-0.003718241159298086,-0.02373988260146404,0.004359053330229679,0.01980220335207017
1.84,0.0168758525873024,0.01743063855445015,0.01523353721999787,-0.005590371586910392,-0.02545663325290171,0.002201320751680946,0.0210763662748229
1.85,0.01766335754953247,0.01861167530415853,0.01660924033734557,-0.007198177725289745,-0.02692866430120433,0.0003167877558283849,0.022400070455103
1.86,0.0184922154553925,0.01985868141351621,0.01807979087935052,-0.008486216576733485,-0.02810348937706703,-0.00123490996360337,0.02377456740864592
1.87,0.01936931104737402,0.02117490101383662,0.0196490676891386,-0.009400011735396119,-0.0289295073135647,-0.002394804125723682,0.02520238389023505
1.88,0.02030206310020994,0.02256371013678526,0.02132083600720297,-0.009886496694466729,-0.02935642545582234,-0.003105050426360501,0.02668628403258794
1.89,0.02129839184292725,0.02402861680141205,0.02309874942571533,-0.009894449343479161,-0.0293356793859994,-0.00330938482211246,0.02822926966425338
1.9,0.02236667704240337,0.02557328980674861,0.02498533256897634,-0.009374911222121807,-0.0288208432843427,-0.002953576026417437,0.02983458055526661
1.91,0.02351570680642597,0.02720164798008728,0.02698213334576494,-0.008281584604884262,-0.02776802369214559,-0.001985870684939217,0.03150569549387311
1.92,0.02475462010793328,0.02891799599974948,0.02909198702105564,-0.006571200309346437,-0.0261362278986938,-0.0003574276804685916,0.03324633347385253
1.93,0.02609283189993493,0.03072702894281309,0.0313176199655425,-0.004203849505669932,-0.02388769700556892,0.001977261991662982,0.03506045172573957
1.94,0.02753995513355818,0.03263358319999365,0.03366163320169802,-0.001143274034028641,-0.02098819359262577,0.005059973335983181,0.03695223526871427
1.95,0.0291057163894817,0.03464241878824487,0.03612647020277004,0.002642887981998299,-0.01740723549890538,0.008928367002121296,0.03892607304782397
1.96,0.0307998626984091,0.03675817750293048,0.0387143664686771,0.007182901104224093,-0.01311827092727647,0.01361563397814591,0.04098651914993484
1.97,0.03263206212257801,0.03898527705513222,0.04142728118831773,0.01250077196755628,-0.008098795707457973,0.01915016879642512,0.04313824198184801
1.98,0.03461179916802559,0.04132756769108642,0.04426684310528134,0.01861612092450432,-0.002330420278876699,0.02555527463966395,0.04538596707322556
1.99,0.03674826623132611,0.04378943644691702,0.04723444364402229,0.02554407487490423,0.004201099564478672,0.03284890362775345,0.04773441936610018
2,0.03905025240269519,0.04637498641750176,0.05033153768863285,0.03329516942134703,0.01150584948523031,0.04104343542475936,0.05018826720430208
2.01,0.04152603189353583,0.04908807291993772,0.05355960425905082,0.04187525041149992,0.01958974098317184,0.05014549712683758,0.05275206892021711
2.02,0.0441832564513646,0.05193224912771127,0.05691969876686404,0.0512853693539797,0.02845447630473252,0.06015582717317869,0.05543022157632593
2.03,0.04702883325884014,0.05491070897655059,0.06041232855205525,0.06152167309523104,0.03809748383814293,0.07106918576035126,0.05822691097238347
2.04,0.05006882260877843,0.05802621501279642,0.06403748597210401,0.07257529401879131,0.04851182345028138,0.08287431393268696,0.06114606235203945
2.05,0.05330833767854817,0.06128099630487532,0.06779468392092425,0.08443225147809125,0.05968607075604909,0.09555394316512628,0.06419129167992743
2.06,0.0567514493232587,0.06467664217948166,0.07168300195504962,0.09707337739429012,0.07160419648679978,0.1090848568494374,0.06736585771790549
2.07,0.06040109891611125,0.06821409282856172,0.07570112797172573,0.1104742788902796,0.08424546055868787,0.1234380046414114,0.0706726153652496
2.08,0.06425902064884004,0.071893696675911,0.0798473959970975,0.1246053490196476,0.09758434010364903,0.1385786701303592,0.07411397083808208
2.09,0.06832567459464139,0.07571519500549084,0.08411981780695355,0.1394318338578515,0.1115905076060087,0.1544666917605628,0.07769183929392548
2.1,0.07260019169922076,0.0796776655716126,0.08851610090982842,0.1549139611685637,0.1262288707573599,0.1710567363779343,0.08140760551759063
2.11,0.07708033452724686,0.08377947619988513,0.09303364945814341,0.171007133039205,0.1414596809042453,0.1882986242065053,0.08526208822033043
2.12,0.08176247112733576,0.08801825453026879,0.09766955245441028,0.1876621825506368,0.157238712785857,0.2061377034923591,0.08925550843802932
2.13,0.08664154575634278,0.09239086988089995,0.1024205676416542,0.2048256927717548,0.1735175149636862,0.2245152725016742,0.09338746243476004
2.14,0.09171108924744517,0.09689342449281257,0.1072831080500651,0.2224403751013082,0.1902437279244913,0.2433690460377033,0.09765689942744665
2.15,0.09696323573251876,0.1015212528503465,0.1122532344006728,0.2404455031174449,0.2073614651004843,0.2626336631601643,0.1020621043505183
2.16,0.1023887534197293,0.1062689284079546,0.1173266534982652,0.2587773975306192,0.2248117507470428,0.2822412323563351,0.10660068577825
2.17,0.107977089907825,0.1111302772971129,0.1224987212951091,0.2773699574645929,0.2425330075611795,0.3021219100271558,0.1112695690181965
2.18,0.1137164314868135,0.1160983986763053,0.1277644490316859,0.2961552330219959,0.260461586133388,0.3222045078065898,0.1160649942819793
2.19,0.1195937756426105,0.1211656913827266,0.1331185111074511,0.3150640338437963,0.2785323281783093,0.3424171239109937,0.1209825197290346
2.2,0.1255950157620312,0.1263238864128361,0.1385552536856343,0.3340265680816472,0.2966791566657679,0.3626877933884644,0.1260170290623071
2.21,0.1317050428111045,0.1315640843777924,0.1440687033072754,0.3529731058410879,0.314835688804905,0.3829451517657236,0.1311627432279846
2.22,0.1379078447759932,0.1368767961202343,0.1496525749468844,0.3718346607544003,0.3329358710624529,0.4031191061212928,0.1364132356278134
2.23,0.1441866093283336,0.1422519825460019,0.1553002790360013,0.3905436829624421,0.3509146358158782,0.423141506992505,0.1417614500854508
2.24,0.1505238543898885,0.1476790875177126,0.161004927085258,0.4090347563616742,0.3687085743248698,0.4429468136954046,0.1471997206143121
2.25,0.1569015525591787,0.1531470653706849,0.1667593356797108,0.4272452921871273,0.3862566125761511,0.4624727445592627,0.1527197918239386
2.26,0.1633012580746808,0.1586444299161019,0.1725560287456996,0.4451162094741654,0.4035006712082231,0.4816609022396692,0.1583128386147329
2.27,0.1697042345011443,0.1641593479222552,0.1783872379371409,0.4625925907080289,0.4203862915688018,0.5004573627170297,0.1639694837354229
2.28,0.1760915812274081,0.1696797452236695,0.1842449005840446,0.4796242985805463,0.4368632143673321,0.5188132149257745,0.1696798119530243
2.29,0.1824443568977857,0.1751933862723443,0.1901206538265325,0.4961665377849185,0.4528859006611424,0.5366850363970193,0.1754333801550858
2.3,0.1887436980954281,0.1806879285994671,0.1960058226221391,0.5121803444037593,0.4684139851859794,0.5540352891266005,0.181219223696277
2.31,0.1949709401014069,0.1861513446671016,0.2018913990482524,0.5276329847671424,0.4834126505571407,0.5708326194662217,0.1870258604780907
2.32,0.2011077044039126,0.1915730186645368,0.2077680116147107,0.5424982459264055,0.497852909647474,0.5870520465698288,0.1928412950939854
2.33,0.2071359938152747,0.1969406891589228,0.2136258861560248,0.5567566015033171,0.5117117837137745,0.6026750261545336,0.1986530253592749
2.34,0.2130382833458598,0.2022420856725484,0.2194548027989325,0.5703952399783734,0.5249723658855082,0.6176893802562136,0.2044480525976654
2.35,0.2187975919645561,0.2074649505093022,0.2252440545534233,0.5834079475972058,0.537623763249675,0.6320890892382462,0.2102128957337053
2.36,0.2243975417934182,0.2125970555015496,0.230982411752265,0.5957948448065269,0.5496609155935743,0.6458739492116843,0.2159333726312657
2.37,0.2298224042264577,0.2176262147391989,0.2366580942053737,0.6075619829541655,0.5610842944576329,0.659049105609968,0.2215965024868217
2.38,0.2350571327217303,0.2225402948514691,0.2422587512223373,0.6187208160955131,0.5718994919814862,0.6716244810700585,0.2271858826033028
2.39,0.2400873822797936,0.2273273480625521,0.2477714492515027,0.6292875701793472,0.5821167145154351,0.6836141220679965,0.2326900607395249
2.4,0.2448995168230471,0.2319767677752056,0.2531826674360713,0.6392825376978062,0.5917502005343304,0.6950354931130502,0.238093428971598
2.41,0.2494806104138024,0.2364768788193513,0.2584783021840568,0.6487293293436385,0.6008175855407596,0.7059087491756896,0.2433800118560044
2.42,0.2538184101990085,0.2408160426851678,0.2636436821892985,0.6576541149427495,0.609339238064554,0.7162560162554397,0.2485335390314042
2.43,0.2579013164075084,0.2449826355935371,0.2686635945190091,0.6660848839612499,0.6173375904715913,0.7261007068346331,0.2535386392645587
2.44,0.2617183479778886,0.2489650235793606,0.2735223196765338,0.6740507516523331,0.6248364862380621,0.7354668919888151,0.2583811329308283
2.45,0.2652590965119274,0.2527515356070328,0.2782036686723267,0.6815813311130269,0.6318605619731246,0.744378745894706,0.2630444941521758
2.46,0.268513673753384,0.2563304358193635,0.2826907589547714,0.6887061849847665,0.6384346782503569,0.7528600721788824,0.2675120429917905
2.47,0.2714726543257311,0.2596898960850281,0.2869650571225942,0.6954543640379353,0.644583408738429,0.7609339156628773,0.2717634817013905
2.48,0.2741270155673712,0.262817970054286,0.2910081149368192,0.7018540340547766,0.650330592662996,0.7686222580682939,0.275776173120356
2.49,0.276468076374084,0.2657025699566741,0.2948010885767999,0.7079321876766765,0.6556989516461269,0.7759457924133732,0.2795306205518738
2.5,0.2784874390661655,0.2683314473775347,0.2983246730940182,0.7137144343948537,0.6607097686942885,0.7829237682239129,0.2830070214780933
2.51,0.2801769348226663,0.2706921792315338,0.3015591608656004,0.7192248596332286,0.6653826246543978,0.7895738982073699,0.2861853194296934
2.52,0.2815285561147721,0.2727721601114482,0.3044845184475747,0.724485942759034,0.6697351858389353,0.7959123165150623,0.2890452646131333
2.53,0.2825344209361442,0.2745586021297227,0.3070804790573291,0.729518523646165,0.673783035667686,0.8019535789181728,0.291566483980239
2.54,0.2831867364708705,0.2760385432894344,0.3093266418214376,0.7343418078692527,0.677539542972751,0.8077106959228914,0.2937285613557092
2.55,0.2834777715099625,0.2771988653214802,0.3112025655376648,0.7389734014958429,0.6810157599326168,0.8131951908485694,0.295511128105701
2.56,0.2833998402775212,0.2780263218067237,0.3126878556488076,0.7434293675761546,0.6842203433095128,0.8184171760295255,0.2968939646305266
2.57,0.2829452989048589,0.2785075772666704,0.3137622863510516,0.7477242976537726,0.6871594936440955,0.8233854414572815,0.2978571127051503
2.58,0.282106555568099,0.2786292577551798,0.3144060458115764,0.7518713928279944,0.689836908214741,0.8281075512756064,0.2983809983939285
2.59,0.2808760950600068,0.2783780133178323,0.3146001031918751,0.7558825500192423,0.6922537448166308,0.8325899445277112,0.2984465649587743
2.6,0.2792465215231758,0.2777405925067264,0.3143264896233638,0.7597684500833012,0.6944085946977823,0.8368380374099672,0.2980354148908867
2.61,0.2772106107843198,0.276703928948241,0.3135683699365259,0.7635386452711097,0.6962974642562811,0.8408563250035124,0.2971299599464614
2.62,0.2747613718870084,0.2752552397624413,0.312310066606392,0.7672016442373766,0.6979137663138788,0.8446484810392312,0.2957135778672292
2.63,0.271892139686058,0.2733821354275586,0.3105371654207109,0.7707649933719167,0.6992483228964791,0.848217454714861,0.293770774317325
2.64,0.2685966735816973,0.2710727404750038,0.3082366789366636,0.7742353536768283,0.7002893824303428,0.8515655639402295,0.2912873484609513
2.65,0.2648692692298909,0.2683158241923399,0.3053972192604338,0.7776185727570014,0.7010226550585845,0.8546945846540521,0.2882505605294889
2.66,0.2607048822000567,0.2651009403067608,0.3020091584883368,0.7809197517481105,0.7014313703461645,0.8576058360485994,0.2846492996707789
2.67,0.2560992620806085,0.2614185744219238,0.2980647716074279,0.7841433071913356,0.7014963619217138,0.860300261671102,0.2804742503286739
2.68,0.2510490952749249,0.2572602977884267,0.2935583629098171,0.787293027992121,0.7011961835535125,0.8627785064552227,0.2757180553629555
2.69,0.2455521545033113,0.252618925804436,0.2884863791437956,0.7903721276838613,0.7005072607380921,0.8650409897831308,0.2703754740866463
2.7,0.2396074576242203,0.2474886794702852,0.2828475123808478,0.7933832922671731,0.6994040810761708,0.8670879746972482,0.2644435333709056
2.71,0.2332154157953204,0.241865347862538,0.276642793580159,0.7963287239199888,0.6978594255332161,0.8689196333781667,0.2579216699498275
2.72,0.2263779875850832,0.2357464495530033,0.2698756753803076,0.7992101808801572,0.6958446411770308,0.8705361089874809,0.2508118620519894
2.73,0.219098836731781,0.2291313907811927,0.2625521012042866,0.8020290137959819,0.693329954236559,0.8719375739461662,0.2431187484960932
2.74,0.2113834788130107,0.2220216180986342,0.2546805578503997,0.8047861988253671,0.6902848204532838,0.8731242846849034,0.2348497334174713
2.75,0.2032394193609387,0.2144207631436549,0.2462721096488275,0.8074823677441864,0.6866783078439191,0.8740966328654224,0.2260150748431413
2.76,0.1946762806723234,0.2063347771778908,0.2373404131090119,0.8101178353013765,0.6824795053157946,0.8748551930344739,0.2166279554068444
2.77,0.1857059146146575,0.1977720530225401,0.2279017116063775,0.8126926240337917,0.6776579492214529,0.8754007666366123,0.2067045335929015
2.78,0.1763424988265155,0.1887435320743989,0.2179748102417313,0.8152064867291337,0.6721840590258168,0.875734422280565,0.1962639740182507
2.79,0.1666026142796017,0.1792627941604091,0.2075810315742198,0.8176589267011991,0.6660295728628134,0.8758575321281251,0.185328455404175
2.8,0.1565053072065446,0.1693461281059758,0.1967441534233718,0.8200492160186814,0.6591679738989951,0.8757718042557523,0.1739231550503197
2.81,0.1460721078245428,0.1590125810470476,0.1854903303653787,0.822376411807362,0.6515748990637162,0.8754793108282234,0.1620762087992092
2.82,0.135327041780948,0.1482839847081495,0.1738480009692292,0.8246393707258911,0.6432285227636985,0.8749825119219181,0.1498186456633788
2.83,0.1242966140449772,0.1371849570949797,0.161847783292149,0.8268367616979204,0.634109909553652,0.874284274842817,0.1371842964705616
2.84,0.1130097616479451,0.1257428783065349,0.1495223617207332,0.8289670769681423,0.624203331245871,0.873387888801622,0.1242096760523776
2.85,0.1014977778399297,0.1139878394523701,0.1369063688383392,0.831028641537282,0.613496545473361,0.8722970748352246,0.1109338386405176
2.86,0.08979420726065239,0.101952563961125,0.1240362662406798,0.8330196210213044,0.6019810341528946,0.8710159908999213,0.09739820621551976
2.87,0.07793471212664921,0.08967230088431993,0.1109502270602917,0.8349380279733566,0.5896522015345571,0.8695492321062129,0.08364636953899279
2.88,0.0659569098533548,0.07718469013363949,0.09768801845035829,0.8367817267035724,0.5765095325147463,0.8679018261170963,0.06972386143850962
2.89,0.05390018470842479,0.06452959994019314,0.08429087244240607,0.8385484366317391,0.5625567126063099,0.8660792237896673,0.0556779015374162
2.9,0.04180547638385606,0.05174893718855733,0.07080131987038535,0.840235734211329,0.547801711408761,0.864087285202234,0.04155711096389453
2.91,0.02971502072029065,0.03888643165203232,0.0572629543215778,0.8418410534704546,0.532256831633335,0.8619322612740041,0.02741119464188335
2.92,0.01767209534328734,0.02598739553161672,0.04372010748913707,0.8433616852258784,0.5159387257579127,0.8596207712497573,0.01329058787853782
2.93,0.005720737291221353,0.01309846007132998,0.03021745723761449,0.8447947750401572,0.4988683822695087,0.8571597763855615,-0.0007539355683435778
2.94,-0.006094558695101503,0.0002672913785191078,0.01679962760326803,0.8461373200091362,0.4810710832522038,0.8545565502315329,-0.01467169088546316
2.95,-0.01772915619624552,-0.01245771208745117,0.003510839937268084,0.847386164486889,0.4625763348467189,0.8518186459616505,-0.02841252035123376
2.96,-0.02913860404021635,-0.0250277375872992,-0.009605361931484535,0.8485379948773827,0.4434177718859288,0.8489538612469198,-0.0419261042720675
2.97,-0.04027897048104893,-0.03739388868882554,-0.0225063262397579,0.8495893336461728,0.423633037829397,0.845970201204995,-0.05514986692967794
2.98,-0.05110718078996758,-0.04950752508439982,-0.03515047393094151,0.8505365327303916,0.4032636409977417,0.8428758399853403,-0.06802976441248243
2.99,-0.06158135016688546,-0.06132060815573176,-0.04749746540356281,0.8513757665508634,0.382354788051528,0.8396790815631227,-0.08051617662297783
3,-0.07166111660120376,-0.07278604864654858,-0.0595083623605176,0.8521030248550912,0.3609551956665182,0.8363883203165132,-0.09256114030861456
3.01,-0.0813079805275055,-0.08385883001443789,-0.0711457859151145,0.8527141056438573,0.339116881417362,0.8330120019509752,-0.1041186683373544
3.02,-0.09048560321087833,-0.09449146459063335,-0.08237406833261257,0.8532046084560081,0.3168949349807645,0.8295585853102327,-0.1151450562169843
3.03,-0.09916010035613436,-0.1046456460923069,-0.09315939459958583,0.8535699283053282,0.2943472708906926,0.8260365055780073,-0.1255991728027225
3.04,-0.1073003158434051,-0.1142808554390885,-0.1034699301825732,0.8538052505792815,0.2715343642072375,0.8224541393279033,-0.1354427322766465
3.05,-0.1148780713944482,-0.1233592840264064,-0.1132759323322778,0.8539055472214986,0.2485189705846209,0.8188197718226485,-0.144640544658196
3.06,-0.1218683888527645,-0.1318460912310991,-0.122549844002048,0.8538655745277096,0.2253658323337176,0.8151415668997716,-0.1531607423157517
3.07,-0.1282496820822392,-0.1397096427091526,-0.1312663718355115,0.8536798728881633,0.2021413721652849,0.8114275397106648,-0.1609749801918781
3.08,-0.1340039158598585,-0.1469217345892573,-0.1394025524432359,0.8533427688084076,0.1789133763702476,0.8076855325058515,-0.1680586077271307
3.09,-0.1391167229282207,-0.1534577963173862,-0.1469378134657334,0.8528483795347095,0.1557506692443533,0.8039231935834308,-0.1743908107653218
3.1,-0.1435775002100211,-0.1592970637147249,-0.1538540361189082,0.8521906206006808,0.132722780599247,0.8001479594420076,-0.1799547220436873
3.11,-0.1473794632784133,-0.1644227151917533,-0.1601356223080055,0.851363216598204,0.1098996082245746,0.7963670401063637,-0.1847374992102205
3.12,-0.1505196458267909,-0.1688219650362344,-0.1657695617707859,0.8503597154589467,0.08735107717939511,0.7925874075253035,-0.1887303696638058
3.13,-0.1529988699829112,-0.1724861102541371,-0.1707454858646972,0.8491735065130521,0.0651467977986801,0.7888157868785679,-0.1919286418759613
3.14,-0.1548216777413235,-0.1754105377122716,-0.1750556891561821,0.8477978425692516,0.04335572430244938,0.7850586505748441,-0.1943316832219951
3.15,-0.1559962243526258,-0.1775947201172043,-0.1786951009129728,0.8462258662358775,0.02204581588996923,0.7813222146768607,-0.1959428647195377
3.16,-0.1565341350536908,-0.1790422362988121,-0.1816611989151699,0.8444506406749017,0.001283702186287816,0.777612437453581,-0.1967694734392073
3.17,-0.1564503270435875,-0.1797607827186153,-0.1839539026679874,0.8424651849510748,-0.01886564512094041,0.7739350197337079,-0.1968225937113492
3.18,-0.1557627988624108,-0.179762050385603,-0.1855756657160685,0.8402625141047704,-0.03833923266464251,0.7702954067197672,-0.1961169585997931
3.19,-0.1544923839269116,-0.1790614200550554,-0.1865323215918235,0.8378356840400832,-0.05707635608267725,0.7666987909175534,-0.19467077344408
3.2,-0.1526624989282858,-0.1776775995058774,-0.186834429505036,0.835177841278099,-0.075018899380074,0.7631501158413188,-0.1925055135818239
3.21,-0.1502988513119914,-0.1756323182770828,-0.1864966099246075,0.8322822775790252,-0.09211162146547031,0.7596540801701155,-0.1896456986482207
3.22,-0.1474291274606734,-0.1729500801489653,-0.1855298188269093,0.8291424893856164,-0.1083024284980925,0.7562151420540149,-0.186118646107101
3.23,-0.1440826715517276,-0.1696579281810036,-0.1839402222857112,0.8257522419841281,-0.1235426308354532,0.7528375232993838,-0.1819542068933496
3.24,-0.1402901546613248,-0.1657851928789011,-0.1817431071395359,0.8221056382184256,-0.137787183530919,0.7495252131985543,-0.1771844862370864
3.25,-0.1360832387231442,-0.1613632145283324,-0.1789553497793698,0.8181971915282695,-0.1509949094845965,0.7462819718095517,-0.1718435528926519
3.26,-0.1314942400149723,-0.1564250418054599,-0.1755952924925441,0.8140219030150162,-0.1631287044910344,0.7431113325344931,-0.1659671401078593
3.27,-0.1265557968377333,-0.1510051205990786,-0.1716826253333458,0.8095753421677375,-0.1741557235451948,0.7400166038892312,-0.159592341739002
3.28,-0.1213005452195741,-0.145138993703434,-0.167238270430256,0.8048537308105237,-0.1840475478586612,0.7370008704002737,-0.1527573069431885
3.29,-0.1157608053112859,-0.1388630021881035,-0.162284267487807,0.799854029757934,-0.1927803320989597,0.7340669926066786,-0.1455009368606998
3.3,-0.1099682992307639,-0.1322139632488979,-0.1568436604302572,0.7945740275900663,-0.2003349313967644,0.7312176061830808,-0.1378625866356822
3.31,-0.1039538732168181,-0.1252288864900049,-0.1509403854658363,0.7890124308813761,-0.2066970076717666,0.72845512023446,-0.1298817760137726
3.32,-0.09774724933817719,-0.1179446520477519,-0.1445991605988577,0.7831689551376529,-0.2118571148119398,0.7257817148427679,-0.1215979116009313
3.33,-0.09137680677265589,-0.1103976482529676,-0.1378453762540219,0.7770444156130776,-0.2158107622064399,0.7231993379697031,-0.1130500236702714
3.34,-0.08486939365763235,-0.1026236404834506,-0.1307049866671831,0.7706408170936707,-0.2185584560819597,0.7207097018382955,-0.1042765201651858
3.35,-0.0782501716322641,-0.09465771707647064,-0.123204624078823,0.7639614416448409,-0.2201057180264162,0.7183142789287238,-0.09531496027030728
3.36,-0.07154249463786404,-0.08653407243484318,-0.1153712039765433,0.7570109332297225,-0.2204630800021925,0.7160142977308914,-0.08620184961047767
3.37,-0.06476782296200503,-0.07828572863549876,-0.1072321204102211,0.7497953780129618,-0.2196460550540247,0.7138107383982186,-0.07697245879594122
3.38,-0.05794567202877884,-0.06994428883522208,-0.09881494666174956,0.7423223790735012,-0.2176750828086169,0.7117043284441613,-0.06766066666449455
3.39,-0.05109359736809131,-0.06153973578889216,-0.09014735692649228,0.7346011241628643,-0.2145754487555593,0.7096955386159597,-0.05829882918350282
3.4,-0.04422721887865808,-0.05310027902157199,-0.08125705392615873,0.72664244506576,-0.2103771762138338,0.7077845790692283,-0.04891767457263407
3.41,-0.0373602697940827,-0.04465227556448192,-0.07217170435190939,0.7184588670521307,-0.2051148898573631,0.7059713959532636,-0.03954622479832814
3.42,-0.03050468065383887,-0.03622024860825973,-0.06291888642481336,0.7100646468586004,-0.1988276497368779,0.7042556685005122,-0.03021174317979752
3.43,-0.02367069231749393,-0.02782697386790955,-0.05352605158591778,0.7014757976077666,-0.1915587549361846,0.702636806695353,-0.02093970744118667
3.44,-0.0168669947620557,-0.01949357072826585,-0.04402049491044602,0.6927100990712526,-0.1833555163752622,0.7011139495773807,-0.01175380715202967
3.45,-0.01010088828134512,-0.01123954784363651,-0.03442933071588311,0.683787091711595,-0.174268998844006,0.6996859642134263,-0.002675964125527952
3.46,-0.003378463346015638,-0.003082782207518453,-0.02477948194903556,0.6747280530040236,-0.1643537331247314,0.6983514453507843,0.006273626001723598
3.47,0.003295204908404358,0.004960535422179446,-0.0150976927587177,0.6655559546454896,-0.1536674000237747,0.6971087157420102,0.01507643309774975
3.48,0.009915852203716175,0.01287592156983475,-0.005410558958080347,0.6562953994088661,-0.1422704892423987,0.695955827109657,0.02371551513362413
3.49,0.01647981348527,0.02065054439892877,0.004255447020161784,0.6469725365967093,-0.1302259372008071,0.6948905616976897,0.03217542664413864
3.5,0.0229838101954066,0.02827309613216766,0.01387399027921477,0.6376149552930317,-0.1175987490699615,0.6939104343357176,0.04044211582214685
3.51,0.02942474177265618,0.0357336234668067,0.02341895075973044,0.6282515549025601,-0.1044556112072192,0.6930126949229662,0.04850281314496463
3.52,0.03579948320470919,0.04302334369364624,0.03286455499449775,0.6189123928034583,-0.09086450076086894,0.6921943312218191,0.05634591450197524
3.53,0.04210469387799587,0.05013446218510531,0.04218551718287467,0.6096285093180283,-0.07689429926210672,0.6914520718363186,0.06396086180622657
3.54,0.04833664158372445,0.05705999624642699,0.0513571369700988,0.6004317306212921,-0.0626144164996788,0.6907823892399959,0.07133802402797446
3.55,0.05449104519319477,0.06379360509121773,0.06035533331248977,0.5913544506527479,-0.04809442992425461,0.6901815027104954,0.07846858148600905
3.56,0.06056293911218533,0.07032944858894208,0.06915663493797719,0.5824293935628554,-0.03340374341691527,0.6896453810263662,0.08534441607453047
3.57,0.06654656215556022,0.07666209894833653,0.07773816280699508,0.5736893587022922,-0.0186112677050127,0.6891697447848113,0.09195800989262615
3.58,0.07243527226355563,0.08278638367243807,0.08607762982676714,0.5651669506360796,-0.003785123252849298,0.6887500682087425,0.09830235448375085
3.59,0.07822149112283772,0.08869724367752774,0.09415336910355943,0.5568942971219908,0.01100763471790933,0.6883815803274724,0.1043708725896776
3.6,0.08389667731940474,0.09438966242172842,0.1019443938614982,0.5489027584180713,0.02570127019976853,0.6880592654384023,0.1101573539827187
3.61,0.08945132822041382,0.09985860813558678,0.1094304903045454,0.5412226316611222,0.04023160083422356,0.6877778627868634,0.1156559065692107
3.62,0.09487501173103549,0.1050989872577052,0.116592358662735,0.533882854370703,0.05453621424173166,0.6875318654378009,0.1208609235636442
3.63,0.1001564267164296,0.1101056150677695,0.1234118599735911,0.526910711365616,0.06855466733606908,0.6873155183557347,0.1257670671247742
3.64,0.1052834907468529,0.1148732025050441,0.1298720706349,0.5203315495181337,0.08222866917896354,0.6871228157574003,0.1303692684313755
3.65,0.1102434532791926,0.1193963524425411,0.1359568323290353,0.5141685048035067,0.0955022473269459,0.6869474978534015,0.1346627437647301
3.66,0.1150230318834796,0.1236695548646811,0.1416514391770869,0.508442246020265,0.1083218970602875,0.6867830471496046,0.1386430257664311
3.67,0.1196085684882632,0.1276871775622793,0.1469428997517923,0.5031707393563738,0.1206367124570104,0.686622684533445,0.142306008662171
3.68,0.1239862011513008,0.1314434631477457,0.1518200402165218,0.4983690376581397,0.1323984980489291,0.6864593654229577,0.1456480058933881
3.69,0.1281420546064779,0.1349325776013202,0.1562735571778665,0.494049097828884,0.1435618598064294,0.6862857763040314,0.1486658182864193
3.7,0.1320624352889736,0.1381487827842575,0.1602958295589082,0.4902196292544231,0.1540842744488417,0.6860943320217607,0.1513568106202423
3.71,0.1357340324695018,0.1410865945695549,0.1638803996114319,0.486885975539016,0.1639261365493342,0.6858771742217546,0.1537189942349044
3.72,0.1391441215242719,0.1437409508851986,0.1670215087790441,0.484050031159916,0.1730507835653898,0.6856261713542361,0.1557511131583313
3.73,0.1422807645285057,0.1461074322174994,0.1697142971745792,0.4817101939358922,0.1814244997450334,0.6853329206553315,0.1574527311229781
3.74,0.1451330041194041,0.148182289059713,0.1719556013355196,0.4798613534819623,0.1890165008084163,0.6849887525040562,0.1588243167984541
3.75,0.147691046723374,0.1499625147417635,0.1737446291293285,0.4784949151166498,0.1957989023663553,0.6845847375188177,0.1598673245824584
3.76,0.1499464314690611,0.1514460086424171,0.175083112508663,0.4775988580257124,0.2017466761905569,0.6841116967031224,0.1605842683704415
3.77,0.1518921807465083,0.1526317023840004,0.1759751645560138,0.4771578258909546,0.2068375996471286,0.683560214876881,0.1609787858619561
3.78,0.1535229295871112,0.1535196431405643,0.1764271031078712,0.4771532476837137,0.2110522047393915,0.6829206575383467,0.1610556911562415
3.79,0.1548350379070065,0.1541110571261084,0.1764473142088258,0.4775634859138089,0.214373734087934,0.6821831911946916,0.1608210136365089
3.8,0.1558266693640524,0.1544084009421048,0.1760461460889612,0.4783640093238574,0.216788111534551,0.6813378070793106,0.1602820214362474
3.81,0.1564978457445972,0.1544153994151253,0.1752358142157093,0.4795275868274589,0.2182839345954781,0.6803743480455379,0.1594472281149643
3.82,0.1568504736841204,0.1541370665648356,0.1740303041384376,0.481024499403285,0.2188524944943934,0.6792825382940262,0.1583263815376572
3.83,0.1568883428267943,0.1535797061235675,0.1724452648597376,0.4828227666659228,0.2184878269778814,0.6780520154599322,0.1569304343436041
3.84,0.1566170954900762,0.1527508879019992,0.1704978893386495,0.484888384924401,0.2171867938562976,0.6766723644620017,0.1552714957969094
3.85,0.1560441684593337,0.1516586216268485,0.1682067810218925,0.4871855736945115,0.2149491917882455,0.675133152404122,0.1533627652244456
3.86,0.1551787080787706,0.1503101587049346,0.165591806548943,0.4896770278335814,0.2117778818979834,0.6734239637265848,0.1512184476569985
3.87,0.1540314589667466,0.1487161861816256,0.1626739353612771,0.4923241726996058,0.2076789318921798,0.6715344347339365,0.1488536526873805
3.88,0.1526146319716899,0.1468884594635462,0.1594750672385216,0.4950874199858885,0.2026617616008312,0.6694542865834624,0.146284277935868
3.89,0.1509417548272142,0.1448397066655257,0.1560178491359986,0.4979264221357164,0.1967392831317741,0.6671733558061416,0.143526878860183
3.9,0.1490274984113721,0.1425835176093472,0.1523254833214286,0.5008003234912932,0.1899280277328094,0.6646816214528287,0.1405985269567595
3.91,0.1468874920951584,0.1401342194244771,0.1484215297230893,0.503668006572412,0.1822482526636121,0.6619692280137046,0.1375166586649067
3.92,0.1445381285590308,0.1375067409691786,0.1443297064246946,0.5064883321115178,0.1737240227192317,0.6590265033485512,0.1342989175005849
3.93,0.1419963616308026,0.134716468503731,0.1400736929977325,0.5092203716930115,0.1643832624758617,0.6558439709884799,0.130962992106372
3.94,0.1392795008697529,0.131779095210452,0.1356769413994973,0.5118236320570004,0.1542577767828139,0.6524123563242088,0.1275264530064382
3.95,0.1364050066289631,0.1287104672681902,0.1311624982566912,0.5142582703322077,0.1433832382972362,0.6487225863795114,0.1240065908970825
3.96,0.133390289256434,0.1255264292485648,0.1265528407656122,0.516485299660139,0.1317991416566147,0.6447657830778573,0.120420259284734
3.97,0.1302525139746915,0.1222426716030539,0.121869726840443,0.5184667848627922,0.1195487240390565,0.6405332501424472,0.1167837242047948
3.98,0.1270084219442421,0.1188745829520382,0.1171340591666297,0.5201660279885891,0.1066788515219772,0.6360164540216793,0.1131125236185299
3.99,0.1236741628692092,0.1154371097697146,0.1123657626707406,0.5215477437446985,0.09323987026426628,0.6312069995008189,0.1094213388950437
4,0.1202651413528492,0.1119446258858741,0.1075836753556526,0.5225782249869886,0.07928542159468865,0.6260966009440289,0.105723880545678
4.01,0.1167958845148949,0.1084108140018483,0.1028054530499305,0.523225498589716,0.06487222082403088,0.620677050407167,0.1020327900950191
4.02,0.1132799305600223,0.1048486801358186,0.09804748905714655,0.5234594721532743,0.05005980087771844,0.6149401841696724,0.09835955965253818
4.03,0.109729739753845,0.1012701141907603,0.0933248498343906,0.5232520721268488,0.0349102232997977,0.6088778495521829,0.09471447039926445
4.04,0.1061566287929205,0.09768599182994359,0.08865122770628336,0.5225773740196912,0.01948776043123196,0.6024818742137434,0.09110655083286212
4.05,0.1025707290751341,0.09410633309246008,0.08403891133222863,0.5214117254450623,0.003858553394395337,0.5957440404557534,0.08754355523020341
4.06,0.09898096877401116,0.09054011096669212,0.07949877429773045,0.5197338627786672,-0.01190974911470211,0.5886560673939599,0.08403196239770039
4.07,0.09539507671283083,0.08699523591253883,0.07504028186945189,0.5175250222119794,-0.02774836622724663,0.5812096041858259,0.08057699439452098
4.08,0.09181961478031396,0.08347855864586917,0.07067151566672403,0.5147690459328822,-0.04358776974184464,0.5733962378037016,0.07718265454061851
4.09,0.08826002609225185,0.07999589005419416,0.0663992157482014,0.51145248406429,-0.05935807402549154,0.5652075191022786,0.07385178366787576
4.1,0.08472070306028838,0.07655203660134763,0.06222883935779411,0.5075646928291762,-0.07498942702468492,0.5566350111098947,0.07058613324575369
4.11,0.08120507404218376,0.07315084955657092,0.05816463528635429,0.5030979291825328,-0.0904123988766754,0.5476703635346951,0.06738645371884477
4.12,0.07771570517790573,0.06979528728397971,0.05420973246868382,0.4980474418544247,-0.1055583650497304,0.5383054173642398,0.06425259613809331
4.13,0.07425441483027631,0.06648748306536878,0.05036624105016707,0.4924115583840025,-0.1203598813788082,0.5285323430867936,0.06118362495453683
4.14,0.07082239786505849,0.06322881210767206,0.04663536370602533,0.4861917672971943,-0.1347510488058667,0.5183438154045393,0.05817793967756885
4.15,0.06742035688045549,0.06002002524079086,0.04301751437848123,0.4793927941010186,-0.1486678660904089,0.5077332262762416,0.05523340298104329
4.16,0.06404863710662334,0.05686141413360069,0.03951244058588521,0.472022669251294,-0.1620485692323453,0.4966949366676958,0.05234747277125962
4.17,0.06070736172745456,0.05375290348526029,0.0361193438825711,0.4640927857204198,-0.1748339568495009,0.4852245654826766,0.04951733571075262
4.18,0.05739656966252776,0.05069412767420656,0.03283699160681436,0.4556179432760868,-0.1869677012756113,0.4733193118262594,0.04674003971996621
4.19,0.05411634332705218,0.04768452873704121,0.02966381466938506,0.4466163761138044,-0.1983966456849866,0.460978304115885,0.04401262305315923
4.2,0.05086693064606912,0.04472346464471016,0.02659799479279812,0.4371097601027336,-0.2090710880930653,0.4482029667825975,0.04133223766227301
4.21,0.04764885768742078,0.04181031724807782,0.02363755673399659,0.4271231956440361,-0.2189450536023524,0.4349973926511409,0.03869626471940546
4.22,0.0444630293397424,0.03894459506751879,0.02078048007210731,0.4166851620405937,-0.2279765567211256,0.4213687068654287,0.03610242036036604
4.23,0.04131081612288973,0.03612602868204606,0.01802482443005193,0.4058274393694012,-0.2361278559205398,0.4073274067625245,0.03354884993390567
4.24,0.03819412552876272,0.03335465704051033,0.0153688451143642,0.3945849941582887,-0.2433657027377788,0.3928876616802756,0.03103420928807055
4.25,0.03511545662351991,0.03063089694971843,0.01281108204963721,0.3829958257114692,-0.2496615875850676,0.378067557495404,0.0285577318914102
4.26,0.0320779364862786,0.02795559080718546,0.01035042011204668,0.3711007707053128,-0.2549919838828265,0.3628892727620034,0.02611928086671989
4.27,0.02908533899266368,0.02533003488355989,0.007986126541907168,0.3589432646726576,-0.2593385911008491,0.3473791765101181,0.02371938530313122
4.28,0.02614208710539603,0.02275598459081896,0.005717870833597871,0.3465690601812361,-0.2626885756924852,0.331567841761344,0.02135926050310355
4.29,0.02325323329114532,0.02023564374886916,0.003545730392086721,0.3340259028431992,-0.265034806728544,0.3154899731980161,0.01904081210920006
4.3,0.0204244237017022,0.0177716552724092,0.001470183980515238,0.3213631677081193,-0.2663760803552573,0.2991842517176032,0.0167666243363731
4.31,0.01766184549086622,0.01536710983208289,-0.0005079059886602399,0.3086314600196687,-0.2667173242063429,0.2826931023851579,0.01453993280464316
4.32,0.0149721583206435,0.01302557905646573,-0.002387322801109037,0.2958821856782703,-0.2660697699157376,0.2660623952402067,0.01236458272036017
4.33,0.0123624114741379,0.010751120186553,-0.004166538360721672,0.283167097969687,-0.2644510793445021,0.2493410903402729,0.01024497338829916
4.34,0.00983994824489972,0.008548196469856273,-0.00584377115213669,0.2705378281197835,-0.2618854085611153,0.2325808393022097,0.008185990248823938
4.35,0.007412299491630175,0.006421567086294266,-0.007417057434503271,0.2580454079586968,-0.2584033934912672,0.2158355555335806,0.006192925821638329
4.36,0.005087067803420019,0.004376208356397737,-0.008884329194110696,0.2457397933812838,-0.2540420428445924,0.1991609645166843,0.004271391098631505
4.37,0.002871806633268218,0.002417254291245285,-0.01024348875523956,0.2336693973565368,-0.24884452754744,0.1826141441471894,0.002427219061388708
4.38,0.0007738949285568912,0.0005499255236092182,-0.01149246983946212,0.2218806409714033,-0.2428598612406494,0.1662530634692806,0.0006663621034387335
4.39,-0.00119959165472788,-0.001220561322892499,-0.01262928350720749,0.2104175304227889,-0.2361424728560004,0.1501361263934242,-0.001005214787406783
4.4,-0.003042007982909468,-0.002889097998081347,-0.01365206805802344,0.1993212670428675,-0.2287516789914024,0.1343217252911074,-0.002581643185035842
4.41,-0.004747263700460727,-0.004450793666325281,-0.01455916740222923,0.1886298964180443,-0.2207510697674475,0.1188678078435704,-0.004057260800460982
4.42,-0.006309942170764982,-0.00590107957653363,-0.01534922659747573,0.1783780015082259,-0.2122078261785621,0.1038314592435426,-0.005426719568609961
4.43,-0.007725411852981378,-0.007235804143519542,-0.01602127368601941,0.1685964434570492,-0.2031919890904531,0.08926850083755711,-0.006685090376520764
4.44,-0.008989927994591317,-0.008451318909417638,-0.01657478155519121,0.1593121525655519,-0.1937756998886997,0.07523310555130525,-0.007827962627233176
4.45,-0.01010072270141075,-0.009544558713244888,-0.01700971955361691,0.1505479707311626,-0.1840324307266033,0.06177742994308333,-0.008851536922654557
4.46,-0.01105608217051259,-0.01051311808911226,-0.01732660004178177,0.1423225455681383,-0.1740362190657371,0.04895126245201475,-0.009752709260795911
4.47,-0.0118554070758475,-0.01135532292548047,-0.01752651921436277,0.1346502754492419,-0.1638609175820582,0.03680168731481892,-0.01052914527657794
4.48,-0.01249925832756064,-0.01207029442827134,-0.01761119007333978,0.1275413038551566,-0.1535794672570298,0.02537276368363872,-0.01117934320865999
4.49,-0.01298938564100643,-0.01265800217980451,-0.01758296596182468,0.121001560692267,-0.1432631990690404,0.01470521965525451,-0.01170268444577705
4.5,-0.01332873759439778,-0.01311930365836711,-0.01744485379167399,0.1150328476391503,-0.1329811683242949,0.004836161189112065,-0.01209947069263034
4.51,-0.01352145315332757,-0.0134559672463021,-0.01720051647233578,0.1096329641012262,-0.1227995252336426,-0.004201203778943341,-0.01237094699520447
4.52,-0.01357283449110293,-0.01367067247324827,-0.01685426401187429,0.1047958699832777,-0.1127809255969682,-0.01237782535287285,-0.01251931007619705
4.53,-0.01348930123547933,-0.01376697562424889,-0.01641103244456965,0.100511881221362,-0.1029839860782142,-0.0196690547646915,-0.01254770165044672
4.54,-0.01327832657255316,-0.01374923574167319,-0.01587634949157141,0.09676789383941103,-0.09346278923802925,-0.0260548690972861,-0.01246018661528348
4.55,-0.01294835599968506,-0.01362253951382081,-0.01525628629761744,0.09354763220165047,-0.08426644400198668,-0.03152007584677241,-0.0122617162388437
4.56,-0.01250870987043922,-0.01339291851356866,-0.01455739642894516,0.09083191711003824,-0.07543870743095404,-0.03605449520997528,-0.01195807669770826
4.57,-0.01196946952146345,-0.01306733437045282,-0.01378664677229491,0.08859894943616647,-0.0670176734572786,-0.03965311771469798,-0.01155582354089252
4.58,-0.01134135145977877,-0.01265322559787263,-0.01295134854187452,0.08682460506928913,-0.05903553365030162,-0.0423162346030117,-0.01106220287705617
4.59,-0.01063556921930485,-0.01215859313827072,-0.01205909590436383,0.08548273709565879,-0.05151841411373503,-0.04404953823276414,-0.01048506029293905
4.6,-0.009863685167249454,-0.01159189866253096,-0.01111770939022827,0.08454548128860334,-0.04448629135782189,-0.04486418967022021,-0.009832738710285116
4.61,-0.009037454554571481,-0.0109619529000694,-0.01013516442837881,0.08398356117335803,-0.03795298850564544,-0.0447768505831293,-0.009113966572842469
4.62,-0.008168664084468721,-0.01027779552703323,-0.009119481923680339,0.08376658912571505,-0.0319262515662751,-0.04380967649293754,-0.008337737921559008
4.63,-0.007268967379521537,-0.009548568304104998,-0.008078583125672778,0.08386336016086671,-0.02640790382012931,-0.04199026855965599,-0.007513186061905597
4.64,-0.006349719798543414,-0.008783383293756664,-0.007020143771577614,0.08424213526191776,-0.02139407469696036,-0.0393515823085635,-0.006649452649821086
4.65,-0.005421815103135865,-0.007991188097743018,-0.005951489079237093,0.08487091128306357,-0.01687549796441074,-0.0359317968401775,-0.005755554119638906
4.66,-0.004495526253153461,-0.007180630137877675,-0.004879546425577197,0.0857176746403156,-0.01283787265976721,-0.03177415756293855,-0.004840247446464996
4.67,-0.003580353090196667,-0.006359922056177969,-0.003810825904955628,0.08675063617734241,-0.009262279052495992,-0.02692680228990868,-0.003911897275237719
4.68,-0.002684879460034601,-0.005536710334477335,-0.002751351167956384,0.0879384447744006,-0.00612564106689012,-0.02144254812540797,-0.002978346457683245
4.69,-0.001816641345722922,-0.004717960651153208,-0.001706461052790931,0.0892503774686384,-0.003401226046772399,-0.01537859570327321,-0.002046792015972521
4.7,-0.000982008390368003,-0.00390990429108562,-0.0006804657712049522,0.09065650409363535,-0.001059172507135719,-0.008796152228556786,-0.001123668497647778
4.71,-0.0001860807159523791,-0.003117685699627448,0.0003237494133447871,0.09212782474921583,0.0009329634343976378,-0.001760017578320949,-0.0002145406007543205
4.72,0.0005673972888266677,-0.002345565775992653,0.001304873162028319,0.0936363788082919,0.002609651965251703,0.005661843569309655,0.0006759931682314702
4.73,0.001276104784094448,-0.001596689599322632,0.002262711278479879,0.09515532468704696,0.004006832372285718,0.01339874466067559,0.00154438418661762
4.74,0.001939192738697262,-0.0008730229543204016,0.003197534450869677,0.0966589902783086,0.005161362675255909,0.02137773888128042,0.002388203313547999
4.75,0.002557312183118047,-0.0001753041790804599,0.004110006550497203,0.09812289479665687,0.006110483384214604,0.02952409909310905,0.003206195147143653
4.76,0.003132620946475712,0.0004969889442207887,0.005001499407180532,0.09952374380873469,0.006891301963415475,0.03776181282772056,0.003998315913166239
4.77,0.003668768189391085,0.001145657771286335,0.005874332269004245,0.1008394003906347,0.007540303868936782,0.04601408774528748,0.004765754195050542
4.78,0.004170859349998994,0.00177378675179396,0.006731857606380287,0.1020488365873335,0.008092895313142667,0.05420386249935621,0.005510933966924314
4.79,0.004645399755256248,0.002385729789361302,0.007578458754040451,0.1031320705204871,0.008582982221918944,0.06225431788027358,0.006237499653053202
4.8,0.005100218084509727,0.002987070283029358,0.008419506647731168,0.1040700954387665,0.009042589255986611,0.07008938325456293,0.006950283204701868
4.81,0.005544370670882137,0.003584544567228787,0.0092612956747683,0.1048448075637584,0.009501522391938966,0.07763423359706428,0.007655253453950184
4.82,0.005988027900221733,0.004185935626872417,0.01011096512029575,0.1054389396243673,0.009987078561629448,0.08481577279312169,0.008359448269073588
4.83,0.006442344228172471,0.004800040648281767,0.01097640607651201,0.1058360064363241,0.01052380627264271,0.09156309934409151,0.009070890292874889
4.84,0.006919313586897341,0.005437150326058848,0.01186614823415155,0.1060202678032793,0.01113332156926472,0.0978079511075467,0.009798487289574831
4.85,0.007431613572378618,0.006107881475193089,0.01278921274211386,0.1059767125096612,0.01183418287704319,0.1034851261975558,0.0105519183532426
4.86,0.007992435383715206,0.006823504900226984,0.01375490538469426,0.1056910654189652,0.01264182413164955,0.1085328776093595,0.01134150743733242
4.87,0.008615307355351546,0.007595799430759831,0.01477253300961556,0.1051498178844841,0.01356853665780666,0.1128932794846881,0.01217808584744806
4.88,0.009313914157836729,0.008436896094813184,0.01585114949149735,0.1043402800127494,0.01462347862025354,0.1165125632071479,0.01307284549467264
4.89,0.01010191150366795,0.009359114457572204,0.01699980602899248,0.1032506519459456,0.01581268405786207,0.1193414217567832,0.01403718483267924
4.9,0.01099273988183682,0.01037479326697349,0.01823032314358941,0.1018701103479982,0.0171390506850938,0.1213352810075099,0.01508254949614712
4.91,0.01199943976916468,0.0114961176272661,0.01955359587895439,0.1001889057286487,0.01860230783442229,0.1224545369362479,0.01622026971997903
4.92,0.01313447071313035,0.01273494496545891,0.02097970202955995,0.09819846610209076,0.02019899058005697,0.1226647580038484,0.01746139664748642
4.93,0.01440953659066454,0.01410263206332396,0.02251833636031819,0.09589150268671287,0.0219224560908251,0.1219368522252003,0.01881653963163071
4.94,0.01583541944437099,0.01560986539961762,0.02417870327583221,0.09326211381593597,0.02376296780985276,0.1202471986399382,0.02029570659694641
4.95,0.01742182553574045,0.0172664969846491,0.02596939091567774,0.0903058838420831,0.02570785197075598,0.1175777430202174,0.02190814946261466
4.96,0.0191772366843406,0.01908138777332286,0.02789823682241849,0.08701997447766269,0.02774171357642707,0.1139160577202363,0.0236622165308959
4.97,0.02110878199461078,0.02106226061471078,0.02997219370506982,0.0834032066522144,0.02984669232768933,0.1092553656046482,0.02556521362256509
4.98,0.02322212412894679,0.02321556453778129,0.03219720090220379,0.07945613151550274,0.03200274125403024,0.103594528011499,0.02762327559458994
4.99,0.02552136105559467,0.02554635198746152,0.03457806489147053,0.07518108966380654,0.0341879166475183,0.09693799672960451,0.02984124970864216
5,0.02800894508148161,0.02805817041764969,0.03711835069769737,0.07058225800477963,0.03637867327187666,0.08929573001710128,0.0322225921353807
5.01,0.03068561980554906,0.03075296942480155,0.03982028515969172,0.06566568392478322,0.03855016215730411,0.08068307277156733,0.03476927868261381
5.02,0.03355037536565317,0.03363102437468951,0.04268467255788633,0.06043930660875302,0.04067652970966645,0.07112060109445328,0.03748173062935856
5.03,0.03660042209332139,0.03669087724237269,0.04571082291273598,0.05491296551634545,0.04273121704179089,0.06063393168306935,0.04035875633602526
5.04,0.03983118310558566,0.03992929515565485,0.04889649318516837,0.04909839616530726,0.04468725801224616,0.049253496738422,0.0433975090876153
5.05,0.04323630526479144,0.04334124690725605,0.05223784154073419,0.043009213529418,0.04651757384692812,0.03701428539989865,0.04659346141533116
5.06,0.04680768108982756,0.04691989748023945,0.05572939475075744,0.03666088352681446,0.0481952616386942,0.0239555531070853,0.04994039593585015
5.07,0.05053549554038696,0.0506566204148996,0.0593640287594901,0.03007068324504691,0.0496938735653048,0.01012050073910581,0.05343041255005782
5.08,0.05440828563088136,0.05454102763376273,0.06313296255088263,0.02325765070070618,0.05098768336969761,-0.00444407411751957,0.05705395165684723
5.09,0.05841301399437284,0.05856101613802323,0.06702576569034779,0.01624252503715035,0.05205193651576395,-0.0196881508861072,0.06079983286545015
5.1,0.06253515556447174,0.06270283079874739,0.07103038000070605,0.009047678097426182,0.05286308046463656,-0.03555888126573908,0.06465530853353507
5.11,0.06675879601419409,0.06695114229659938,0.07513315536805654,0.001697038251431082,0.05339897170516722,-0.05200100206908509,0.068606131319771
5.12,0.07106674051792659,0.07128913912032664,0.07931889887901361,-0.005783992799770987,0.05363905651154871,-0.06895726115210615,0.07263663481996457
5.13,0.07544063135745702,0.07569863241930369,0.08357093662969484,-0.01336862976501441,0.05356452288278529,-0.08636885151841078,0.07672982625589242
5.14,0.07986107389457607,0.08016017241824119,0.08787118967555618,-0.02102879988156181,0.05315842173222712,-0.104175848338769,0.08086749010612004
5.15,0.08430776666024038,0.08465317503862646,0.09220026685477423,-0.02873524557983198,0.05240575612410109,-0.1223176434055462,0.08503030150815694
5.16,0.08875963373879614,0.08915605732787113,0.09653756680429137,-0.03645763418238523,0.05129353817302595,-0.140733371464822,0.0891979482210738
5.17,0.09319496569628648,0.09364638027143041,0.1008613537854248,-0.04416467538359636,0.04981081409669086,-0.1593623229516242,0.09334925991607079
5.18,0.09759155949857325,0.09810099755614837,0.1051487841281818,-0.05182424741749303,0.04794865879493898,-0.1781443379036441,0.09746234355864697
5.19,0.1019268587515216,0.1024962088668906,0.1093759684691143,-0.05940353286075523,0.04570014216563861,-0.1970201762443874,0.1015147236583211
5.2,0.1061780931942205,0.1068079163348351,0.1135181660237676,-0.06686916492729589,0.04306027010116975,-0.2159318601963771,0.1054834861887359
5.21,0.1103224164122869,0.1110117828131247,0.1175500511085592,-0.07418738489643439,0.04002590368699943,-0.2348229852877454,0.1093454250207081
5.22,0.1143370408560862,0.1150833907303534,0.1214459458721753,-0.08132421099760845,0.03659566050833662,-0.2536389972218233,0.1130771897611245
5.23,0.1181993693710479,0.1189984003586394,0.1251799916556429,-0.08824561867866143,0.03276980214831993,-0.2723274327534381,0.1166554339498395
5.24,0.1218871234348465,0.1227327064255886,0.1287262907703258,-0.09491773174407414,0.02855011194387924,-0.2908381236179517,0.1200569626322812
5.25,0.1253784641355021,0.1262625920932952,0.1320590512876283,-0.101307023396293,0.02393976688940269,-0.3091233634491435,0.1232588783957067
5.26,0.1286521096159761,0.1295648794195587,0.1351527424466491,-0.1073805257764349,0.01894320729466969,-0.3271380384615001,0.1262387250295843
5.27,0.1316874482431495,0.132617075503573,0.137982256045196,-0.1131060462040538,0.01356600746551601,-0.3448397234278534,0.1289746280433873
5.28,0.134464644876758,0.1353975135985931,0.1405230735794364,-0.1184523879771219,0.007814750326884223,-0.3621887451278112,0.1314454313467209
5.29,0.1369647412735976,0.1378854885461232,0.1427514446206671,-0.1233895733245973,0.001696908573641354,-0.3791482159580777,0.1336308294648548
5.3,0.1391697505563842,0.1400613859500498,0.1446445803571526,-0.1278890659112223,-0.004779265380432662,-0.3956840407730403,0.1355114947266446
5.31,0.1410627457367651,0.1419068045667989,0.1461808619564681,-0.1319239901791027,-0.01160483869202866,-0.4117649002624746,0.1370691989196226
5.32,0.1426279423281599,0.1434046714413053,0.1473400753536792,-0.1354693447707214,-0.01877028497190658,-0.4273622142800111,0.1382869289582103
5.33,0.1438507751331482,0.1445393493700234,0.1481036089237237,-0.1385022073080587,-0.02626555746990067,-0.4424500885244769,0.1391489961546347
5.34,0.1447179694148159,0.1452967363203262,0.1484543818203438,-0.1410019278947276,-0.03408014766475104,-0.4570052478642556,0.1396411387178901
5.35,0.1452176055780921,0.1456643564778914,0.1483768809096301,-0.1429503088532135,-0.04220312880520277,-0.4710069594026427,0.1397506171339225
5.36,0.1453391794444294,0.1456314426270409,0.1478574099185198,-0.1443317683976117,-0.05062318442951386,-0.4844369481308503,0.1394663021003204
5.37,0.1450736566565513,0.1451890095921521,0.1468842794005077,-0.1451334861635991,-0.05932862239136405,-0.4972793077248737,0.1387787547017445
5.38,0.1444135213986922,0.1443299184818544,0.1454479566022749,-0.1453455287630123,-0.06830737541835058,-0.5095204087309778,0.1376802985188773
5.39,0.1433528196422876,0.1430489314845392,0.1435411876630305,-0.1449609537925198,-0.07754698970096341,-0.5211488060672135,0.1361650833650256
5.4,0.1418871968801549,0.1413427569665901,0.1411590923731266,-0.1439758909994216,-0.08703460343250158,-0.5321551474571339,0.1342291403419363
5.41,0.1400139302680114,0.1392100846270719,0.1382992352001586,-0.1423895995889284,-0.09675691757514293,-0.5425320841152895,0.1318704279013871
5.42,0.137731955046772,0.1366516104665029,0.1349616774167898,-0.1402045009455014,-0.1067001613996651,-0.5522741847279028,0.1290888685935528
5.43,0.1350418850536716,0.1336700513348434,0.1311490177004391,-0.1374261863360752,-0.1168500555266225,-0.5613778535191878,0.1258863761787331
5.44,0.1319460270082227,0.1302701488360883,0.126866431048725,-0.1340633994662311,-0.1271917752797717,-0.5698412529651296,0.1222668727775932
5.45,0.128448388850292,0.1264586623850739,0.1221217125276035,-0.1301279940723547,-0.1377099171472833,-0.5776642315114845,0.1182362957388008
5.46,0.1245546812272401,0.1222443512371724,0.1169253202680475,-0.1256348670522542,-0.1483884710353192,-0.5848482564698148,0.1138025939132623
5.47,0.1202723119859589,0.1176379453445791,0.1112903976025101,-0.1206018679601604,-0.1592108007977076,-0.5913963521026029,0.1089757130430833
5.48,0.1156103734663868,0.1126521049349571,0.1052327491181136,-0.1150496860119639,-0.170159635243247,-0.5973130427636522,0.103767570002418
5.49,0.110579622287049,0.1073013687606263,0.0987707565358617,-0.1090017160519649,-0.1812170714698584,-0.6026043008314579,0.09819201566749969
5.5,0.1051924513435641,0.1016020910307341,0.09192524405454583,-0.1024839052086439,-0.1923645919651905,-0.607277499059506,0.09226478624587553
5.51,0.0994628537718239,0.09557236711583394,0.08471932393683534,-0.095524582197615,-0.2035830964612552,-0.6113413668677019,0.08600344296015444
5.52,0.09340637867197613,0.08923194820453262,0.07717825384375865,-0.08815427139949766,-0.2148529490517973,-0.6148059500129611,0.07942730006030496
5.53,0.08704007849501587,0.08260214519351383,0.06932931762727707,-0.08040549393738261,-0.2261540405916553,-0.6176825730047267,0.07255734123001145
5.54,0.08038244792899364,0.07570572220201366,0.06120171983932154,-0.07231255799891817,-0.2374658659132484,-0.6199838035732088,0.06541612455634616
5.55,0.07345335414619246,0.06856701130770532,0.05282647556387088,-0.06391134059746262,-0.2487676149317425,-0.6217234184554712,0.05802767634700901
5.56,0.06627395901671466,0.06121083041430014,0.04423627999585589,-0.05523906286050784,-0.2600382762809781,-0.6229163697380171,0.05041737420385073
5.57,0.05886663302273634,0.05366402714147017,0.03546534891192893,-0.04633406079369862,-0.2712567517381777,-0.6235787509852262,0.0426118198935283
5.58,0.05125486132952321,0.04595392839633716,0.02654922751132582,-0.03723555331939993,-0.2824019793650732,-0.6237277623916346,0.03463870269337882
5.59,0.04346314244262039,0.0381086456468771,0.01752457123117185,-0.02798340925005566,-0.2934530630205206,-0.6233816742230888,0.0265266540303325
5.6,0.03551687998535005,0.03015692059000386,0.008428910342392459,-0.01861791474064906,-0.3043894056840858,-0.6225597878574211,0.01830509436977168
5.61,0.02744226824219872,0.02212796628621266,-0.0006995791401437912,-0.009179542673362129,-0.3151908438650187,-0.6212823937987813,0.01000421567009369
5.62,0.01926617222081596,0.01405130501728324,-0.009822271573913965,0.0002912746450518533,-0.3258377802447567,-0.6195707261204619,0.001653047378230021
5.63,0.01101600366858636,0.005956604215423433,-0.01890025308653076,0.009754368157289584,-0.3363113115983868,-0.6174469128871785,-0.006716397908769101
5.64,0.002719592164403353,-0.002126488111327762,-0.02789450291938178,0.01917004885179235,-0.3465933489471675,-0.6149339222172031,-0.01507317872695346
5.65,-0.00559494653393335,-0.01016850697608368,-0.03676616494173257,0.02849931750728069,-0.3566667268031889,-0.6120555037650237,-0.02338640265280573
5.66,-0.01389934217688616,-0.01814033151847655,-0.0454768895767752,0.03770406629564305,-0.366515298286265,-0.6088361255329738,-0.03162539905944439
5.67,-0.02216530298537713,-0.02601334209827916,-0.05398914028281065,0.046747271241947,-0.3761240128506949,-0.6053009060523366,-0.03975988978603484
5.68,-0.03036464791729019,-0.03375957187874135,-0.06226641150159345,0.05559317462627889,-0.3854789734061314,-0.601475542106881,-0.0477601560649567
5.69,-0.03846943707925788,-0.04135185144949655,-0.07027340693602724,0.06420745648748405,-0.3945674698182829,-0.5973862323010477,-0.05559720006006036
5.7,-0.04645209914189612,-0.04876394511228332,-0.07797623952692201,0.07255739444739284,-0.4033779861985052,-0.5930595968971737,-0.06324289940597055
5.71,-0.05428555465347778,-0.05597067754811719,-0.08534267081981195,0.08061201111242144,-0.4119001800831922,-0.5885225944577663,-0.07067015320342346
5.72,-0.06194333415842653,-0.06294804970019019,-0.09234237475435625,0.08834220832751993,-0.4201248325713338,-0.5838024359266545,-0.07785301801857292
5.73,-0.06939968867743802,-0.06967334284075011,-0.09894718016335441,0.09572088755802888,-0.4280437696862853,-0.5789264968640955,-0.08476683255468298
5.74,-0.07662969776251685,-0.07612520994180882,-0.1051312481322055,0.1027230556630755,-0.4356497565600976,-0.5739222286133441,-0.09138832981055905
5.75,-0.08360936640642627,-0.08228375363787011,-0.1108712123964285,0.1093259153051916,-0.4429363673759156,-0.5688170692182507,-0.09769573570971418
5.76,-0.09031571292186387,-0.08813059025270575,-0.116146314496148,0.1155089392203535,-0.4498978352104928,-0.5636383549322834,-0.1036688533745251
5.77,-0.09672684900133427,-0.09364889955958516,-0.120938458099312,0.1212539275535721,-0.4565288868831666,-0.5584132331586871,-0.1092891324274277
5.78,-0.1028220505736151,-0.09882346015243915,-0.125232114174634,0.1265450474481119,-0.4628245685753584,-0.5531685776399531,-0.1145397229222821
5.79,-0.1085818192751596,-0.1036406705203476,-0.1290142982853496,0.1313688540579191,-0.4687800683271733,-0.5479309066734291,-0.1194055137398155
5.8,-0.1139879345124951,-0.1080885561348385,-0.1322748107699275,0.1357142921277923,-0.4743905415841551,-0.5427263050705678,-0.1238731555163156
5.81,-0.119023496247898,-0.1121567630737147,-0.1350064504553553,0.1395726772517798,-0.47965094582272,-0.5375803505022765,-0.1279310684105105
5.82,-0.1236729584659769,-0.115836538911347,-0.1372050362040185,0.1429376558882393,-0.4845558899915965,-0.5325180447845959,-0.1315694352444547
5.83,-0.1279221526088095,-0.1191207017984247,-0.1388693557866169,0.1458051432201533,-0.4890995041094913,-0.5275637505605957,-0.1347801807761454
5.84,-0.131758309808846,-0.1220035988299012,-0.1400011222706516,0.1481732380872595,-0.4932753338642436,-0.5227411337286886,-0.1375569380694958
5.85,-0.1351700684628505,-0.1244810549542782,-0.1406049413063191,0.1500421146162481,-0.4970762644467729,-0.5180731118579252,-0.1398950031172861
5.86,-0.1381474767935442,-0.1265503138077446,-0.1406882539956984,0.1514138909840876,-0.5004944770955502,-0.5135818087198343,-0.1417912790407796
5.87,-0.1406819904504255,-0.1282099719606533,-0.1402611158829267,0.1522924770424914,-0.5035214409073869,-0.5092885149570333,-0.1432442113324511
5.88,-0.1427664653137932,-0.1294599081398959,-0.1393354873638529,0.1526834041873907,-0.5061479413985441,-0.5052136548035588,-0.1442537157228326
5.89,-0.1443951464498552,-0.1303012090376263,-0.1379243092149972,0.1525936424798404,-0.5083641461205137,-0.5013767586727284,-0.1448211003368534
5.9,-0.145563654178032,-0.1307360933334162,-0.1360420181336447,0.1520314110206621,-0.5101597064182724,-0.497796441337199,-0.1449489838571251
5.91,-0.1462689682018227,-0.1307678355419297,-0.1337058934267528,0.1510059874440023,-0.5115238932511592,-0.4944903853440553,-0.1446412114310697
5.92,-0.1465094099202664,-0.1304006912505288,-0.1309359788663424,0.1495275210537909,-0.5124457639616835,-0.4914753292362281,-0.1439027700450782
5.93,-0.1462846248297905,-0.129639825230064,-0.1277541317805354,0.147606852082407,-0.5129143560432247,-0.4887670600908437,-0.1427397050425071
5.94,-0.1455955707488516,-0.1284912437888978,-0.1241832941264374,0.1452553376269121,-0.5129189033648408,-0.4863804098355435,-0.1411590393844686
5.95,-0.1444444995358935,-0.1269617325980081,-0.1202471316319849,0.1424846836911771,-0.5124490699684396,-0.4843292547652768,-0.1391686971448564
5.96,-0.1428349436815864,-0.125058801049781,-0.1159698596632661,0.1393067826225673,-0.5114951964369945,-0.4826265176543482,-0.1367774325961173
5.97,-0.1407717055961188,-0.1227906340310704,-0.1113761156189148,0.1357335558020193,-0.5100485538917136,-0.4812841718408783,-0.1339947660826561
5.98,-0.138260849644415,-0.1201660517982794,-0.106490819215694,0.1317768022564723,-0.5081016008437799,-0.4803132466530336,-0.1308309276979376
5.99,-0.135309697129421,-0.1171944784423153,-0.1013390115255051,0.127448054532045,-0.5056482383305938,-0.4797238335473466,-0.1272968095827136
6,-0.1319268242793762,-0.1138859192268048,-0.09594568338174547,0.1227584435269479,-0.5026840589432642,-0.479525092338715,-0.1234039274491717
6.01,-0.1281220631490715,-0.1102509468752342,-0.09033560650401362,0.1177185740485374,-0.4992065854563144,-0.4797252569184304,-0.1191643917133516
6.02,-0.1239065041416914,-0.1063006966739607,-0.08453317675803673,0.1123384127291946,-0.4952154947820633,-0.480331639880288,-0.1145908883898065
6.03,-0.1192925031054335,-0.102046870050951,-0.07856227437711416,0.1066271897171922,-0.4907128228978959,-0.4813506355049399,-0.1096966696723405
6.04,-0.114293690892999,-0.09750174608823625,-0.07244614300698637,0.1005933153234829,-0.4857031462658207,-0.482787720588861,-0.1044955538967235
6.05,-0.1089249798923309,-0.09267820023310913,-0.06620728818203925,0.09424431258716659,-0.4801937351291488,-0.4846474526462609,-0.0990019343593932
6.06,-0.1032025732726695,-0.08758972929296049,-0.05986739557989973,0.08758676652679631,-0.4741946739893856,-0.4869334650599904,-0.09323079625390374
6.07,-0.09714397381973519,-0.08225048163449616,-0.0534472694472804,0.08062629066384963,-0.4677189445973943,-0.4896484588108078,-0.08719774078772624
6.08,-0.09076799139290438,-0.07667529136326257,-0.04696679157111106,0.07336751122739293,-0.4607824669907482,-0.4927941904732912,-0.08091901535876611
6.09,-0.08409474799268706,-0.07087971513589464,-0.04044490099892706,0.0658140692666449,-0.4534040945167901,-0.4963714562313116,-0.07441154850675669
6.1,-0.07714567937152118,-0.06488007015697161,-0.03389959445708002,0.05796864070673968,-0.4456055594267314,-0.5003800717362299,-0.06769298821138753
6.11,-0.06994353207723858,-0.05869347183561036,-0.02734794717636441,0.04983297418268229,-0.4374113665218481,-0.5048188477069859,-0.06078174198915631
6.12,-0.06251235434913481,-0.05233786952470681,-0.02080615366457195,0.04140794628076128,-0.428848633473051,-0.5096855612528794,-0.05369701714571051
6.13,-0.05487748186454434,-0.04583207873961131,-0.01428958776515188,0.03269363361059291,-0.4199468777974258,-0.5149769229870882,-0.04645885947144696
6.14,-0.04706551395179606,-0.03919580825597824,-0.007812880718204074,0.02368940093026722,-0.410737752020778,-0.5206885400915295,-0.0390881886261556
6.15,-0.03910428065939465,-0.03244968052160724,-0.001390014206394841,0.01439400435715138,-0.4012547302295912,-0.5268148755912045,-0.03160682844423579
6.16,-0.03102280041546522,-0.02561524388610426,0.004965577715308145,0.004805708522193863,-0.3915327509514586,-0.5333492041980306,-0.0240375304057121
6.17,-0.02285122671634148,-0.01871497525170762,0.01124090642249509,-0.005077583630502536,-0.3816078230207525,-0.5402835651895892,-0.0164039885600063
6.18,-0.01462078297985782,-0.01177227186997581,0.01742333293286896,-0.01525818983279992,-0.3715166026992921,-0.5476087128960758,-0.008730844258856618
6.19,-0.006363684804299655,-0.004811431141825473,0.02350047856896847,-0.02573849781881665,-0.361295951739322,-0.5553140654778601,-0.001043679151377264
6.2,0.001886951004127328,0.002142382584557401,0.02946013581942486,-0.03652080663107982,-0.3509824872096717,-0.563387652784801,0.006631004982654454
6.21,0.0100972110660197,0.009063185080674774,0.03529016462696827,-0.0476071616246328,-0.3406121346747853,-0.5718160641951973,0.01426582083681488
6.22,0.01823250343210739,0.01592423387757158,0.04097834170207981,-0.05899918494637935,-0.3302196966549505,-0.5805843974349962,0.02183254572241988
6.23,0.026257692150202,0.02269810501268288,0.04651213968040424,-0.07069790331277159,-0.319838448160379,-0.5896762094745611,0.02930218816108376
6.24,0.03413724431133924,0.02935678522256535,0.05187850726903764,-0.08270357494442804,-0.309499770465013,-0.5990734706886173,0.03664507161760422
6.25,0.04183539108908978,0.03587177970615468,0.05706378702459403,-0.09501551754406345,-0.2992328331821518,-0.6087565235427719,0.04383093583024
6.26,0.04931630272329173,0.04221423535540875,0.06205378368577885,-0.107631939226243,-0.2890643331691606,-0.6187040471344638,0.05082905594447151
6.27,0.05654427657886115,0.04835507911444409,0.06683387225961046,-0.1205497743251103,-0.279018296898339,-0.6288930289652548,0.05760837939073954
6.28,0.06348393745939297,0.05426517088938476,0.0713890751451412,-0.1337645260193725,-0.2691159507856035,-0.6392987453521253,0.06413768017031862
6.29,0.07010044913320267,0.0599154701932707,0.07570411163234775,-0.1472701177215374,-0.259375661683961,-0.6498947518956042,0.07038572992865189
6.3,0.07635973580542421,0.06527721547698412,0.07976344342167052,-0.1610587551786904,-0.249812947447102,-0.6606528854093602,0.07632148490602891
6.31,0.08222871159755121,0.07032211487190709,0.08355132994662984,-0.1751208012222594,-0.2404405552674796,-0.6715432786769475,0.08191428756476909
6.32,0.08767551631408685,0.07502254685605408,0.08705189517210132,-0.1894446650809355,-0.231268603496321,-0.6825343893339288,0.08713408140396089
6.33,0.0926697605815853,0.07935176915563058,0.09024920175825668,-0.2040167081307788,-0.2223047809417278,-0.6935930440752178,0.09195163719149563
6.34,0.09718276803994419,0.0832841340092122,0.09312732901151927,-0.2188211678960135,-0.2135545962701345,-0.7046844992552594,0.09633878857264955
6.35,0.1011878196076712,0.08679530775052952,0.09567045529381318,-0.2338401020297217,-0.2050216691327285,-0.715772518780372,0.100268674759285
6.36,0.1046603959676126,0.08986249250533063,0.0978629506025237,-0.2490533538928578,-0.1967080540023036,-0.7268194699851711,0.103715987768474
6.37,0.107578415349601,0.09246464764623752,0.0996894884806363,-0.2644385412099832,-0.1886145874156988,-0.7377864379364978,0.1066572214680546
6.38,0.1099224638618834,0.09458270851058648,0.1011351863873941,-0.2799710691091343,-0.1807412493340567,-0.7486333583162632,0.1090709195041295
6.39,0.11167601553128,0.0961997997690156,0.1021857791606707,-0.295624168649576,-0.1730875296096265,-0.7593191686978851,0.110937919035711
6.4,0.1128256391532798,0.09730144074853475,0.1028278225719472,-0.3113689617039019,-0.1656527910315677,-0.7698019776490449,0.1122415870887801
6.41,0.11336118806679,0.09787573997143395,0.1030489170530859,-0.3271745527893915,-0.1584366210632859,-0.7800392506678044,0.1129680462695393
6.42,0.1132759723495033,0.09791357617261653,0.1028379389319872,-0.3430081481373507,-0.1514391651345082,-0.7899880114935747,0.1131063865478487
6.43,0.1125669115396969,0.09740876309986451,0.1021852684147294,-0.3588352019484428,-0.144661435173323,-0.7996050568367709,0.1126488598393084
6.44,0.1112346574326095,0.09635819547910951,0.1010830088816084,-0.3746195894070824,-0.1381055879254965,-0.8088471820539833,0.1115910541805399
6.45,0.1092836920636472,0.09476197363630534,0.09952520006819832,-0.3903238056196336,-0.1317751684861657,-0.8176714147782557,0.1099320444078909
6.46,0.1067223961635161,0.09262350440843559,0.09750803313482331,-0.4059091892005875,-0.1256753153442907,-0.8260352530243067,0.1076745164160585
6.47,0.103563085838631,0.08994957614942145,0.09503006431764782,-0.4213361687603496,-0.1198129240991695,-0.8338969038627476,0.1048248622894856
6.48,0.09982201558452121,0.08675040584469468,0.09209240064961988,-0.4365645300509147,-0.1141967678409377,-0.8412155184425235,0.1013932438646941
6.49,0.09551934606124377,0.08303965659219614,0.08869883524411293,-0.4515537010065669,-0.1088375729848792,-0.8479514189924412,0.09739362259436379
6.5,0.09067907541928805,0.07883442398806062,0.08485594034699084,-0.4662630513834172,-0.1037480501068037,-0.8540663135130185,0.0928437539404508
6.51,0.08532893216490438,0.07415519027028422,0.08057313744380767,-0.4806522031646406,-0.09894288003846147,-0.8595234942413119,0.08776514492059018
6.52,0.07950023342340333,0.0690257454201717,0.07586275065867487,-0.494681347372899,-0.09443865614442654,-0.8642880166873038,0.08218297386463014
6.53,0.07322770432795585,0.06347307479448144,0.07074003798646522,-0.5083115624376365,-0.09025378431241277,-0.868326857132938,0.07612597190081366
6.54,0.06654925840599951,0.05752721325562049,0.06522319279544425,-0.5215051288289982,-0.08640834274580533,-0.8716090479489892,0.06962626617771417
6.55,0.05950574332796237,0.05122106617733657,0.05933331103829115,-0.5342258343244981,-0.08292390414924028,-0.8741057918629548,0.06271918533177434
6.56,0.05214065212455281,0.04459019812328785,0.05309432605441572,-0.5464392640587016,-0.07982332334492603,-0.8757905582815441,0.05544302822348363
6.57,0.04449980187244511,0.03767259042066307,0.0465329370788351,-0.5581130694642333,-0.07713049374855585,-0.8766391667439237,0.04783879748039821
6.58,0.0366309823307536,0.03050836927549683,0.03967865631123257,-0.5692172103929127,-0.07487007646932931,-0.8766298643090127,0.03994989989400233
6.59,0.02858357747712898,0.02313950649641205,0.03256402865452374,-0.5797241651556646,-0.07306720607836975,-0.8757434048826168,0.03182181621177288
6.6,0.02040816328045619,0.01560949530403577,0.02522399718637325,-0.5896091039807294,-0.07174717731411795,-0.873963138900012,0.02350174333739818
6.61,0.01215608463771537,0.007963004098448079,0.01769448420057385,-0.5988500224880047,-0.0709351171620613,-0.8712751211940615,0.01503821239317971
6.62,0.003879019491684591,0.0002455114284594662,0.01001241866286745,-0.6074278332164302,-0.0706556468603699,-0.8676682432134591,0.006480686501142641
6.63,-0.004371470606020332,-0.007497074255411684,0.002216171884790841,-0.6153264149896216,-0.07093253844334968,-0.863134393082489,-0.002120857503468354
6.64,-0.01254439647658065,-0.0152188061872609,-0.005654636129395429,-0.6225326218879523,-0.07178837044283004,-0.85766864355394,-0.01071635890774947
6.65,-0.02058979825634197,-0.02287409808947316,-0.01355953689144951,-0.6290362556896735,-0.07324418732543769,-0.8512694640853535,-0.01925610974006969
6.66,-0.02845919865762264,-0.03041812588060633,-0.0214576181455024,-0.6348300076786395,-0.0753191671533629,-0.8439389495363604,-0.02769119322254271
6.67,-0.03610604730943338,-0.0378072278369162,-0.02930791567096203,-0.6399093774847239,-0.07803030181994064,-0.8356830548166093,-0.03597391898983548
6.68,-0.04348615092061953,-0.04499929867273011,-0.03706979672473448,-0.6442725779012937,-0.08139209403118136,-0.8265118226055153,-0.04405824995934149
6.69,-0.05055808406084818,-0.05195417297422206,-0.04470333669254201,-0.6479204352030518,-0.08541627498184551,-0.8164395902655039,-0.05190021576170289
6.7,-0.05728357571063442,-0.05863399344596082,-0.05216968772076791,-0.6508562942062707,-0.09011154641072616,-0.8054851623472949,-0.05945830773654776
6.71,-0.06362786725950841,-0.06500355951336434,-0.05943143657447103,-0.6530859360953428,-0.09548335041446099,-0.7936719365290563,-0.0666938506659856
6.72,-0.06956003297684711,-0.07103065196933733,-0.06645294805262691,-0.6546175149176628,-0.1015336700520043,-0.7810279731896468,-0.07357134665589415
6.73,-0.07505326569698154,-0.07668632956126348,-0.07320068975608063,-0.655461515777818,-0.1082608633818203,-0.7675860017538831,-0.08005878687968249
6.74,-0.0800851198217646,-0.08194519368427744,-0.07964353391307344,-0.6556307344103317,-0.1156595331403487,-0.7533833601069659,-0.08612792726697643
6.75,-0.08463770858024554,-0.08678561767573834,-0.08575303244676757,-0.6551402743303302,-0.1237204337937414,-0.7384618664318512,-0.09175452464562817
6.76,-0.08869785292273859,-0.09118993759005867,-0.09150366242793628,-0.654007554545196,-0.1324304171780084,-0.7228676255275704,-0.09691853032373587
6.77,-0.09225717973781011,-0.09514460176732736,-0.09687304002680086,-0.6522523182324929,-0.1417724173912474,-0.7066507738627688,-0.1016042386221293
6.78,-0.0953121676932091,-0.09864027698771194,-0.1018421014142672,-0.6498966311542268,-0.1517254750250833,-0.6898651692459066,-0.1058003884296383
6.79,-0.09786413964800189,-0.1016719095197654,-0.1063952483306696,-0.6469648580741596,-0.1622648002346462,-0.6725680320686894,-0.1095002164452831
6.8,-0.09991920221083389,-0.1042387399176269,-0.1105204541784538,-0.6434836061233108,-0.1733618735647652,-0.654819545672116,-0.112701461384779
6.81,-0.1014881314132733,-0.106344270992393,-0.1142093240197306,-0.6394816258264636,-0.1849845828948881,-0.6366824235908476,-0.1154063190545046
6.82,-0.1025862009436749,-0.107996188969069,-0.1174571018579831,-0.6349896631442864,-0.1970973943579407,-0.6182214513515629,-0.117621348825347
6.83,-0.1032329663676615,-0.1092062384348423,-0.1202626321083676,-0.6300402590997276,-0.2096615546491915,-0.5995030102246325,-0.1193573326624354
6.84,-0.1034519986762037,-0.1099900522790244,-0.1226283225499516,-0.6246674970016486,-0.2226353217872364,-0.5805945899290099,-0.1206290884757001
6.85,-0.103270572231901,-0.1103669384118156,-0.1245601712550504,-0.6189067006187987,-0.2359742211317277,-0.5615642968223551,-0.1214552401418145
6.86,-0.1027193108997496,-0.1103596256195786,-0.1260677610044563,-0.6127940896065034,-0.2496313233053932,-0.5424803636102173,-0.121857947101759
6.87,-0.1018317965666133,-0.1099939714602655,-0.1271640055783487,-0.6063664008357768,-0.2635575406069074,-0.5234106661038882,-0.1218625969524726
6.88,-0.1006441447767134,-0.1092986356156737,-0.1278647679854091,-0.5996604858958429,-0.277701938523489,-0.5044222520607318,-0.121497464918305
6.89,-0.0991945526733872,-0.1083047225892606,-0.1281885785941348,-0.5927128958962776,-0.292012059038046,-0.4855808866601934,-0.1207933445017844
6.9,-0.09752282777339982,-0.1070453980619025,-0.1281564217644859,-0.5855594648138457,-0.3064342525505751,-0.4669506187054404,-0.1197831539681918
6.91,-0.09566989459661898,-0.1055554835862941,-0.1277915037185702,-0.5782349020919784,-0.3209140153712899,-0.4485933711938553,-0.1185015593316822
6.92,-0.09367729005885865,-0.1038710346075212,-0.1271189776205144,-0.5707724041186918,-0.3353963298692695,-0.4305685594666883,-0.1169832286703322
6.93,-0.09158666342223161,-0.1020289070373988,-0.1261656334372306,-0.5632032927079982,-0.3498260044569405,-0.412932739725881,-0.1152660887200891
6.94,-0.08943927486697605,-0.1000663177788554,-0.1249595643054303,-0.5555566869232911,-0.3641480106471978,-0.3957392902910588,-0.1133873299440014
6.95,-0.08727550303326179,-0.09802040469034851,-0.1235298186331449,-0.5478592126461863,-0.3783078144363081,-0.3790381275589552,-0.1113841170601479
6.96,-0.08513436779520625,-0.09592779149615516,-0.1219060450268422,-0.5401347523550457,-0.3922516992518935,-0.3628754582190659,-0.1092931595258722
6.97,-0.08305307432278136,-0.09382416308434249,-0.1201181361850099,-0.5324042357884029,-0.405927077679364,-0.3472935688717963,-0.1071502946621483
6.98,-0.0810665842058659,-0.09174385649018979,-0.1181958776065938,-0.5246854706914196,-0.4192827891656557,-0.3323306537886058,-0.1049900884257706
6.99,-0.07920721920992617,-0.08971947264153063,-0.1161686067923519,-0.516993011835101,-0.4322693809213576,-0.3180206811486515,-0.1028454585671375
7,-0.07750430823319963,-0.08778151365033826,-0.1140648882620523,-0.5093380660843994,-0.4448393693240155,-0.3043932976850868,-0.1007473245806699
7.01,-0.0759838593580594,-0.08595805008117713,-0.1119122090937538,-0.5017284315341403,-0.4569474792846009,-0.291473771279502,-0.09872428846808157
7.02,-0.07466828946646027,-0.08427442222045656,-0.1097366988961176,-0.4941684695947632,-0.4685508592857076,-0.2792829706587134,-0.0968023498979288
7.03,-0.07357620596161532,-0.08275297891691957,-0.1075628772904371,-0.4866591102394831,-0.4796092701357116,-0.2678373809787628,-0.09500465886450471
7.04,-0.07272223620765235,-0.08141285706616336,-0.1054134312189219,-0.4791978921580706,-0.4900852459012862,-0.257149153731292,-0.09335130843211342
7.05,-0.07211691041035805,-0.08026980427240882,-0.1033090237635376,-0.4717790409687742,-0.4999442259673298,-0.2472261890826311,-0.09185916960473167
7.06,-0.0717665990545233,-0.07933604664248312,-0.1012681356593907,-0.4643935895855869,-0.5091546577097799,-0.2380722484607936,-0.09054176979353468
7.07,-0.07167350525957897,-0.07862020305573447,-0.09930694029864684,-0.4570295450638748,-0.5176880698310713,-0.2296870949450197,-0.08940921577404248
7.08,-0.07183571165855071,-0.07812724661771603,-0.09743921271761585,-0.4496721056283244,-0.5255191169780435,-0.2220666587905364,-0.08846816143825459
7.09,-0.07224728177339003,-0.07785851335599026,-0.09567627278123897,-0.4423039301600056,-0.5326255968177114,-0.2152032252413898,-0.08772182006358392
7.1,-0.07289841842575702,-0.0778117575668974,-0.09402696228321716,-0.4349054603679579,-0.5389884412710521,-0.2090856416491309,-0.08717002024713472
7.11,-0.07377564669817527,-0.07798125258723931,-0.09249765405014876,-0.4274552934764253,-0.5445916840871076,-0.203699540826402,-0.08680930409858861
7.12,-0.07486206790527461,-0.07835793515796463,-0.09109228577018236,-0.4199306008347531,-0.5494224073727778,-0.1990275775226096,-0.08663306575496038
7.13,-0.07613765067003006,-0.07892959097767638,-0.08981239927517981,-0.4123075856828869,-0.5534706700753795,-0.1950496749134815,-0.08663172778222245
7.14,-0.0775795568229459,-0.07968107851791084,-0.08865716395014656,-0.4045619715849036,-0.5567294217454577,-0.1917432780457005,-0.0867929525688288
7.15,-0.07916249992717465,-0.08059458769235522,-0.08762342937644169,-0.3966695118821111,-0.5591944051865609,-0.1890836112695636,-0.08710188539980152
7.16,-0.08085913116550918,-0.08164992954124772,-0.08670592349861922,-0.3886065099306059,-0.5608640518239791,-0.1870439368232753,-0.08754142553223299
7.17,-0.08264044700032412,-0.08282485271388973,-0.08589755649717912,-0.3803503398184446,-0.5617393737882397,-0.1855958118978381,-0.08809252127814138
7.18,-0.08447621277652141,-0.08409538221238611,-0.08518966138558381,-0.3718799576036225,-0.5618238567982468,-0.1847093417068711,-0.08873448484178703
7.19,-0.08633539939852543,-0.08543617560370337,-0.08457215094393666,-0.3631763937581864,-0.5611233579255055,-0.1843534263057302,-0.08944532245856723
7.2,-0.08818662361349462,-0.08682089171998308,-0.08403366430825809,-0.3542232183325359,-0.5596460122045551,-0.1844959991435892,-0.09020207524329604
7.21,-0.08999856466444361,-0.08822256675050244,-0.08356174462749277,-0.3450069712730481,-0.557402151805891,-0.1851042555850573,-0.09098116607788037
7.22,-0.09174040378051784,-0.08961399258339175,-0.08314305369237407,-0.3355175512666281,-0.5544042410893126,-0.1861448698987871,-0.09175874785251659
7.23,-0.09338223895059405,-0.09096809227981306,-0.08276361311829794,-0.3257485574059121,-0.5506668302945367,-0.1875841994741448,-0.09251104841995816
7.24,-0.09489547927476608,-0.09225828765684307,-0.082409056296675,-0.3156975788508091,-0.5462065298922125,-0.1893884752881545,-0.09321470772761742
7.25,-0.09625321493653276,-0.09345885411668298,-0.08206487699276532,-0.3053664285072135,-0.5410420067047735,-0.1915239778990421,-0.09384710275538444
7.26,-0.09743055809571417,-0.09454525808831987,-0.08171666579777365,-0.294761317566052,-0.5351940018096961,-0.193957198485733,-0.09438665610543207
7.27,-0.09840495047813465,-0.09549447274148748,-0.08135033112444967,-0.2838929685657034,-0.5286853689623514,-0.1966549846809315,-0.0948131243601576
7.28,-0.09915643396725668,-0.09628526798801063,-0.08095230458799169,-0.2727766654785524,-0.5215411308424385,-0.1995846711562394,-0.09510786264228466
7.29,-0.09966788676397917,-0.09689847119557299,-0.08050973121305305,-0.2614322401937446,-0.5137885488831206,-0.2027141951086908,-0.09525406217228044
7.3,-0.09992520580504237,-0.09731719549499374,-0.08001064420119763,-0.2498839956793029,-0.5054572008648917,-0.2060121969677462,-0.09523695801764048
7.31,-0.09991743871549286,-0.097527033054434,-0.07944412317695987,-0.2381605670536854,-0.4965790589627173,-0.2094481067890419,-0.09504400466110274
7.32,-0.09963689331253128,-0.09751621121334364,-0.07880043442392831,-0.2262947227636474,-0.4871885596717146,-0.2129922169258033,-0.09466501747455486
7.33,-0.09907918906958009,-0.09727570990819556,-0.07807115160620515,-0.2143231090271257,-0.4773226561658898,-0.2166157416710091,-0.09409227866642023
7.34,-0.0982432621665484,-0.09679933937422103,-0.07724925559972279,-0.2022859416253142,-0.4670208433213159,-0.2202908646438153,-0.09332060676636034
7.35,-0.09713132501958262,-0.09608377766681792,-0.0763292121539807,-0.1902266499838356,-0.4563251459805071,-0.2239907747536367,-0.09234738921593394
7.36,-0.09574878164698242,-0.0951285681063202,-0.07530702625223223,-0.178191479238197,-0.4452800621092368,-0.2276896916162121,-0.09117257814085361
7.37,-0.09410410082165174,-0.09393607730287956,-0.07418027248481068,-0.166229056607917,-0.4339324542828958,-0.2313628813197908,-0.08979864988324743
7.38,-0.09220864958370177,-0.09251141495659349,-0.07294810151994852,-0.1543899288890753,-0.4223313853337389,-0.2349866634485008,-0.08823052936440251
7.39,-0.09007649734265066,-0.09086231714365467,-0.07161122348992049,-0.1427260782044998,-0.410527896812653,-0.2385384102663816,-0.08647548082348677
7.4,-0.08772416559690389,-0.08899899528503818,-0.07017186945037235,-0.1312904233159292,-0.3985747319335963,-0.2419965389519856,-0.08454296692965413
7.41,-0.08517036271850745,-0.08693395344340782,-0.06863373203863793,-0.1201363137940094,-0.3865260076151807,-0.2453404977526569,-0.08244447868762739
7.42,-0.08243570011670875,-0.08468177700076668,-0.06700188631111892,-0.1093170241462778,-0.37443684286276,-0.2485507469023422,-0.08019333894492608
7.43,-0.07954238069780478,-0.08225889612903925,-0.06528269165632683,-0.09888525460362602,-0.3623629528398098,-0.2516087351199433,-0.07780448265698758
7.44,-0.07651387144286406,-0.07968332777391995,-0.0634836756341195,-0.08889264464746455,-0.3503602194201416,-0.2544968724798698,-0.07529421736984504
7.45,-0.07337456497908744,-0.07697440012578283,-0.06161340025231826,-0.07938930452651677,-0.3384842497311745,-0.2571985004254737,-0.07267996763443085
7.46,-0.07014943509480524,-0.07415246374782014,-0.05968131020500644,-0.07042336900394353,-0.3267899342079477,-0.2596978596827405,-0.06998000726835529
7.47,-0.06686369115221082,-0.07123859366945839,-0.05769756324362507,-0.06204057649028938,-0.315331015056347,-0.2619800568291225,-0.06721318352713468
7.48,-0.06354243686688903,-0.06825428683192708,-0.05567285007218137,-0.05428387571637494,-0.3041596748953823,-0.2640310302839691,-0.06439863733492285
7.49,-0.06021034224503716,-0.06522115929227912,-0.05361821822526436,-0.04719306138521506,-0.2933261538586837,-0.2658375165160732,-0.06155552375336448
7.5,-0.05689130948386553,-0.06216064755169937,-0.05154490605192474,-0.04080443999835953,-0.2828784017346432,-0.2673870173134201,-0.05870273683536797
7.51,-0.05360817666687986,-0.05909371827320176,-0.04946417887031118,-0.03515052735878793,-0.272861769950541,-0.2686677690328242,-0.05585864291854925
7.52,-0.05038243920648108,-0.05604059049212812,-0.04738715841441071,-0.03025978000034601,-0.2633187464738028,-0.269668714843474,-0.05304082626172374
7.53,-0.04723399332434854,-0.05302047420129463,-0.04532464543019127,-0.02615636365927682,-0.2542887351011472,-0.2703794810950942,-0.05026585071901191
7.54,-0.04418090775037589,-0.05005132891371561,-0.04328694217043738,-0.02285996242559518,-0.2458078791930507,-0.2707903590672812,-0.04754904088245676
7.55,-0.04123922640128495,-0.04714964547403211,-0.04128368284284789,-0.02038563196581833,-0.2379089287204016,-0.270892293466043,-0.04490428580930361
7.56,-0.03842280431284454,-0.04433025401089075,-0.03932367818206378,-0.0187436990067224,-0.2306211485337853,-0.2706768790804729,-0.04234386808863677
7.57,-0.03574317858626191,-0.04160616050207855,-0.0374147779651714,-0.01793970728604083,-0.2239702650380994,-0.270136366926545,-0.03987832059899393
7.58,-0.03320947667166792,-0.03898841396894748,-0.0355637535124792,-0.01797440790652471,-0.2179784479381788,-0.2692636809013985,-0.03751631287017881
7.59,-0.03082836212126233,-0.03648600583304618,-0.03377620120202585,-0.01884379010542181,-0.2126643233893682,-0.2680524453823385,-0.03526456849513049
7.6,-0.02860400694949632,-0.03410580246462314,-0.03205646765408632,-0.02053914739222557,-0.2080430147111768,-0.26649702333195,-0.03312781454877645
7.61,-0.02653811569224057,-0.03185251144009427,-0.03040759707963059,-0.0230471740505967,-0.204126206772627,-0.2645925634355864,-0.03110876346791391
7.62,-0.02462997966477258,-0.02972868151485319,-0.02883130087926122,-0.0263500880649471,-0.200922230207648,-0.2623350538393667,-0.02920812733732447
7.63,-0.02287656470078359,-0.02773473581916786,-0.0273279488600256,-0.03042577831455451,-0.1984361617451685,-0.2597213794455183,-0.02742466402082011
7.64,-0.02127263130789775,-0.02586903730322448,-0.02589658082980578,-0.03524797599487633,-0.1966699371245627,-0.2567493796139315,-0.02575525408000978
7.65,-0.01981088488556555,-0.02412798499221785,-0.02453493740796131,-0.04078645233103273,-0.1956224733018862,-0.2534179034593844,-0.0241950069462854
7.66,-0.01848215324786748,-0.02250613916036681,-0.02323950977755751,-0.0470072464827192,-0.1952897969300904,-0.2497268604948575,-0.02273739436115285
7.67,-0.01727558833782696,-0.02099637309707797,-0.02200560915155969,-0.05387292891455636,-0.1956651764149414,-0.2456772649020812,-0.02137440868367702
7.68,-0.01617889009494835,-0.01959004873217723,-0.02082745701494698,-0.06134290625628996,-0.1967392552068997,-0.2412712720780003,-0.02009674328879568
7.69,-0.01517854509451866,-0.01827721302948132,-0.0196982964165624,-0.06937377361767771,-0.1985001843859836,-0.2365122063249714,-0.01889399195274732
7.7,-0.01426007550171648,-0.01704681176547185,-0.01861052321461265,-0.07791971923367635,-0.2009337530271044,-0.2314045787165872,-0.01775486384728692
7.71,-0.01340830514458647,-0.01588691709122059,-0.01755583494372387,-0.08693298397386257,-0.2040235152891284,-0.2259540943698094,-0.01666741054733123
7.72,-0.01260762689360069,-0.01478496513246536,-0.01652539420758864,-0.09636437450979446,-0.2077509136391489,-0.2201676486371259,-0.01561926130064761
7.73,-0.01184227115060049,-0.01372799980803896,-0.01551000312283579,-0.1061638238381045,-0.2120953980878364,-0.2140533121150401,-0.01459786271560926
7.74,-0.01109657159580411,-0.01270291902370191,-0.0145002851463682,-0.1162809867529987,-0.2170345417537782,-0.2076203048466319,-0.013590718994891
7.75,-0.01035522434181489,-0.01169671940241435,-0.01348687055404446,-0.1266658514714251,-0.2225441534752162,-0.2008789606661464,-0.01258562887962345
7.76,-0.009603536824824895,-0.01069673573462182,-0.01246058198485966,-0.13726934299792,-0.2285983885285171,-0.1938406832706903,-0.01157091556841772
7.77,-0.008827662998489531,-0.009690871401313306,-0.01141261684717948,-0.1480438901977145,-0.2351698587785197,-0.1865178962677994,-0.0105356460366714
7.78,-0.008014823338930376,-0.008667816190541078,-0.01033472385220574,-0.1589439280067121,-0.2422297437646125,-0.1789239900792151,-0.009469836400133436
7.79,-0.007153500780761975,-0.007617248218056982,-0.009219371284745814,-0.1699263093328524,-0.2497479043099167,-0.1710732691091009,-0.008364640238115451
7.8,-0.006233616576502832,-0.006530017042250258,-0.008059904752514613,-0.1809506078258742,-0.2576930002256128,-0.1629809029361552,-0.007212517110827765
7.81,-0.005246684681135271,-0.005398305475880771,-0.006850692140632497,-0.1919793018435437,-0.2660326135687079,-0.1546628854020313,-0.006007378865352853
7.82,-0.004185938157708478,-0.004215768009914356,-0.005587253470434095,-0.2029778400750509,-0.274733378703705,-0.1461360053037228,-0.004744711719025574
7.83,-0.003046428513158521,-0.002977644178528194,-0.004266373421049519,-0.2139145986906223,-0.2837611201248095,-0.1374178319455017,-0.003421672529724917
7.84,-0.001825097174041074,-0.001680845620708471,-0.002886194423316557,-0.224760747157592,-0.2930809986268095,-0.1285267180879606,-0.002037158101883541
7.85,-0.0005208187489124085,-0.0003240160335472586,-0.001446288405092311,-0.2354900441975412,-0.3026576659839034,-0.1194818218970323,-0.0005918468267658294
7.86,0.0008655838465930117,0.001092436348729242,5.229442490550795e-05,-0.2460785866593608,-0.3124554278233891,-0.1103031484139322,0.0009117875925844232
7.87,0.002331351816014147,0.002566333698115375,0.001607000042521733,-0.2565045328291381,-0.3224384138843077,-0.1010116099174884,0.00246949013517278
7.88,0.003871828117623286,0.004093750517555117,0.003213765232993437,-0.2667478186953228,-0.3325707543504409,-0.09162910341312658,0.00407526554572496
7.89,0.005480525977269572,0.005669101491155182,0.004867026576583833,-0.2767898818064187,-0.3428167604641766,-0.08217860242931285,0.005721445467717134
7.9,0.007149216431162791,0.007285142222077767,0.006559742738321606,-0.2866134033377418,-0.3531411071847,-0.07268425938932704,0.007398766421184699
7.91,0.008868038106691714,0.008933005358928048,0.008283438261196985,-0.2962020753368884,-0.36350901527219,-0.06317151409328636,0.009096478849077827
7.92,0.01062562794761012,0.0106024877924486,0.01002827664758915,-0.3055403971209603,-0.3738864298794817,-0.05366720331360841,0.01080249432047309
7.93,0.0124092695055053,0.01228211083956054,0.01178316091021558,-0.3146135025364584,-0.3842401925318873,-0.04419966618192372,0.01250351180158971
7.94,0.01420505628448116,0.01395927318942175,0.0135358545199733,-0.3234070182184967,-0.3945382032893259,-0.0347988399189213,0.01418520171226845
7.95,0.01599806750446543,0.01562041751434506,0.0152731174618706,-0.3319069519848532,-0.4047495699234268,-0.02549634051329991,0.01583239161538208
7.96,0.01777255357323014,0.01725120801418234,0.01698085540165417,-0.3400996099338999,-0.4148447411119174,-0.0163255231686969,0.01742926314877691
7.97,0.01951212820571002,0.01883671611743959,0.01864428219028014,-0.347971540551376,-0.4247956209543605,-0.007321517681948275,0.01895955779810965
7.98,0.02119996401244478,0.02036161152144517,0.02024809767263336,-0.3555095040582758,-0.4345756625425823,0.001478765634001067,0.02040678936613055
7.99,0.02281899443288468,0.02181035571684936,0.02177668379574077,-0.3627004652654053,-0.4441599388658553,0.01003666333872538,0.02175446112781093
8,0.02435210896731494,0.02316739513717314,0.02321431222032388,-0.369531608278865,-0.4535251899794055,0.0183118228317472,0.02298628520978407
8.01,0.02578234655403301,0.02441735115410065,0.02454530021869411,-0.3759903714849729,-0.4626498460942922,0.0262623055374106,0.02408640008739177
8.02,0.02709308364609697,0.02554520433362795,0.02575399232637832,-0.3820645013093679,-0.4715140270313591,0.03384473129252968,0.02503957942864354
8.029999999999999,0.02826821444025349,0.02653647064352171,0.0268247102851662,-0.3877421232808576,-0.4800995192915971,0.0410144652553569,0.02583142412734923
8.039999999999999,0.02929232136392705,0.02737736758502096,0.0277422024815045,-0.3930118289313641,-0.48838973279611,0.04772584798174168,0.02644853198629765
8.050000000000001,0.03015083415300062,0.02805496846285432,0.02849226155316154,-0.397862777029426,-0.4963696401041953,0.05393246863989287,0.02687864623366953
8.06,0.03083017609321911,0.02855734321609388,0.02906171211707287,-0.4022848075786738,-0.5040257015898689,0.05958748065969088,0.02711038489036816
8.07,0.03131789557259364,0.02887368444703109,0.02943828602453735,-0.406268566918582,-0.5113457806074312,0.06464395843341186,0.02713468268612973
8.08,0.03160278323749578,0.02899441753603721,0.02961068432377828,-0.4098056421469223,-0.5183190530695958,0.06905529299628771,0.02694358055863805
8.09,0.03167497662253795,0.02891129401912096,0.02956871809067718,-0.4128887029456998,-0.5249359160660449,0.07277562390823367,0.02653064983162257
8.1,0.03152604363239678,0.02861746771223489,0.0293034652531432,-0.4155116487396572,-0.5311879001413504,0.07576030381970894,0.0258910278798502
8.109999999999999,0.03114905185375493,0.02810755336821819,0.02880741697032574,-0.4176697589528469,-0.5370675896139802,0.07796639141873324,0.02502145664690492
8.119999999999999,0.03053862182446642,0.02737766793338947,0.02807459066146095,-0.4193598439602668,-0.542568554848491,0.07935316760377009,0.02392033042989311
8.130000000000001,0.02969096439445723,0.02642545472886859,0.02710059311568036,-0.4205803941650369,-0.5476852997002628,0.07988266878734007,0.02258773733019642
8.140000000000001,0.02860390264440308,0.02525009112070475,0.0258826444567361,-0.4213317244760608,-0.5524132264596253,0.07952023018800941,0.02102547329395005
8.15,0.02727687901029248,0.02385228046626559,0.02441960024332401,-0.4216161113279431,-0.5567486195682783,0.07823503079836369,0.01923702307372627
8.16,0.02571094842364286,0.02223422933089053,0.0227119902222096,-0.4214379192871412,-0.5606886482191736,0.07600063042027594,0.01722751625030006
8.17,0.02390875715477083,0.02039961115264405,0.02076205207761772,-0.4208037142403055,-0.5642313867493967,0.07279548775382066,0.01500366763752969
8.18,0.02187451239109914,0.01835351768654758,0.01857373370208187,-0.4197223601768378,-0.5673758505750368,0.06860344706395127,0.01257370689762288
8.19,0.01961394125573481,0.01610239967664046,0.01615265838866892,-0.4182050966706061,-0.5701220443874075,0.06341417952926143,0.009947298884765365
8.199999999999999,0.01713423662596091,0.01365399828216363,0.01350606108544516,-0.4162655943449599,-0.5724710185235841,0.05722356416240965,0.007135455106205446
8.210000000000001,0.01444399657749998,0.01101726882515408,0.0106427078245942,-0.4139199858746391,-0.5744249289263057,0.05003399241657663,0.004150436654665912
8.220000000000001,0.01155315683081698,0.00820229843643161,0.007572811156081327,-0.4111868704361601,-0.5759870959836433,0.04185458056168634,0.001005649236372474
8.23,0.008472917495138203,0.005220219161342299,0.00430795097832809,-0.4080872899547311,-0.5771620578185203,0.03270127498097652,-0.002284468801855621
8.24,0.005215665390729361,0.002083118050425881,0.0008610021553416836,-0.4046446759945287,-0.5779556142671252,0.02259683805393137,-0.005704564324304218
8.25,0.001794893187426314,-0.001196054295038385,-0.002753936998301176,-0.4008847666765648,-0.5783748587762103,0.01157070652300596,-0.009238491845786956
8.26,-0.001774883512980741,-0.004603575327650655,-0.00652162306390508,-0.3968354935565578,-0.5784281966457677,-0.00034127973389253,-0.0128694390943464
8.27,-0.005478211846660553,-0.008125041010043854,-0.0104257571665396,-0.3925268389235923,-0.5781253492940144,-0.01309727300936608,-0.01658005395654294
8.279999999999999,-0.00929878177142133,-0.01174545394188375,-0.01444908552629209,-0.3879906644591585,-0.5774773453620278,-0.02664992307493219,-0.02035257056402201
8.289999999999999,-0.01321950920232256,-0.01544930811450757,-0.0185735065367898,-0.383260512599741,-0.5764965003576361,-0.04094696987207075,-0.02416893150062593
8.300000000000001,-0.01722261835256401,-0.01922066940243783,-0.022780177902336,-0.3783713822564707,-0.5751963870560564,-0.05593189368961338,-0.02801090224464542
8.31,-0.02128972037514721,-0.02304325106263116,-0.0270496175452124,-0.3733594807559313,-0.5735917989821282,-0.07154458821167514,-0.03186017361768478
8.32,-0.02540188914481202,-0.02690048367750708,-0.03136179514843729,-0.3682619539840244,-0.5716987090155028,-0.08772202068199547,-0.03569844905756869
8.33,-0.02953973383779128,-0.03077557914180329,-0.03569621876242857,-0.3631165967624373,-0.5695342245639574,-0.1043988463398873,-0.03950751637728767
8.34,-0.03368346811795303,-0.03465158845374777,-0.04003203281562329,-0.3579615455023433,-0.5671165399598168,-0.1215079509724128,-0.04326930741028789
8.35,-0.03781297588934381,-0.03851145322807348,-0.04434814924001595,-0.3528349552122944,-0.5644648858868894,-0.138980904910551,-0.04696595149906696
8.359999999999999,-0.04190787398507054,-0.04233805100545052,-0.04862340706167756,-0.3477746630433043,-0.5615994748709545,-0.1567483225850548,-0.05057982847963621
8.369999999999999,-0.04594757303205715,-0.04611423459455555,-0.05283670667604157,-0.3428178407876089,-0.5585414412725246,-0.1747401322088492,-0.05409362387781247
8.380000000000001,-0.04991132979330296,-0.04982286585148576,-0.05696707107557675,-0.3380006391485318,-0.5553127738769594,-0.1928857688403233,-0.05749038534659762
8.390000000000001,-0.0537783037309454,-0.05344684447275572,-0.06099365606317009,-0.3333578271798034,-0.5519362391133291,-0.2111143100652328,-0.06075357684901866
8.4,-0.05752761069307059,-0.0569691325428584,-0.06489576149131637,-0.3289224310283433,-0.5484352931390615,-0.2293545764683618,-0.06386712642699088
8.41,-0.06113837509447837,-0.06037277572353034,-0.06865286600588438,-0.3247253769350288,-0.5448339814565474,-0.2475352191453145,-0.06681546399531291
8.42,-0.06458978208189806,-0.06364092209051442,-0.07224468005268225,-0.3207951442423112,-0.5411568253079513,-0.2655848143022106,-0.06958354607789707
8.43,-0.06786113055020174,-0.06675683971162716,-0.0756512067916334,-0.3171574347874667,-0.5374286947365376,-0.2834319812546052,-0.07215686318553038
8.44,-0.07093188791484038,-0.06970393411841314,-0.0788528049378826,-0.3138348653842905,-0.5336746688136128,-0.3010055356118471,-0.07452142415096191
8.449999999999999,-0.07378174756092941,-0.07246576685586548,-0.08183025177914016,-0.3108466899997968,-0.5299198840253942,-0.3182346847439889,-0.07666372692795387
8.460000000000001,-0.07639069032284307,-0.07502607630322267,-0.084564806808263,-0.3082085576556374,-0.5261893721328592,-0.3350492682261295,-0.07857074438917522
8.470000000000001,-0.07873905018559714,-0.07736880194476481,-0.08703827705974715,-0.305932311037973,-0.5225078889358081,-0.3513800421160745,-0.08022990523039747
8.48,-0.08080758240171795,-0.07947811323281928,-0.08923308479397335,-0.3040258293690842,-0.5188997353125664,-0.3671590027781984,-0.08162911425569086
8.49,-0.08257754239396678,-0.08133844412453878,-0.09113233686493888,-0.3024929174219614,-0.5153885717416822,-0.3823197435517128,-0.08275678904964334
8.5,-0.08403076934142301,-0.08293453428867459,-0.09271989355031224,-0.3013332408202386,-0.511997227355934,-0.3967978358478629,-0.08360185154995348
8.51,-0.08514977666317425,-0.0842514778674896,-0.09398043399088118,-0.3005423061357499,-0.508747504566587,-0.4105312251933424,-0.08415371841662012
8.52,-0.08591784991202063,-0.08527478054358506,-0.09489951648432615,-0.3001114829236189,-0.5056599805467764,-0.4234606322540341,-0.08440230614852473
8.529999999999999,-0.08631915222169595,-0.08599042550358627,-0.09546363418172987,-0.3000280638239046,-0.5027538074402711,-0.4355299489139718,-0.0843380492616716
8.539999999999999,-0.08633883725399953,-0.0863849487142252,-0.09566026885455536,-0.3002753582597235,-0.5000465140365318,-0.446686619991296,-0.0839519327945944
8.550000000000001,-0.08596316938033899,-0.08644552373453968,-0.09547794632696605,-0.3008328150738583,-0.4975538126883211,-0.4568820020867076,-0.08323554138633443
8.56,-0.08517965082418499,-0.08616005608267885,-0.09490629681258045,-0.3016761696259398,-0.49528941622029,-0.4660716923122725,-0.08218112477685857
8.57,-0.08397715405472125,-0.08551728695826311,-0.09393612223535841,-0.3027776113489599,-0.493264870230743,-0.4742158211567972,-0.08078167601518893
8.58,-0.08234605967519462,-0.08450690589227344,-0.09255947121242725,-0.3041059684505675,-0.4914894063164857,-0.4812793054076722,-0.07903101631073373
8.59,-0.08027839913185895,-0.08311967165918055,-0.09076972117595161,-0.3056269072520956,-0.489969821264399,-0.4872320587511129,-0.07692388058456179
8.6,-0.07776799907728116,-0.08134754054501336,-0.08856166640300356,-0.3073031445040041,-0.4887103862207964,-0.4920491592865416,-0.07445599988888624
8.609999999999999,-0.0748106265845128,-0.07918380082642218,-0.08593161057872145,-0.3090946718290065,-0.4877127884745202,-0.4957109745924604,-0.07162418005632448
8.619999999999999,-0.07140413340940927,-0.07662321208517564,-0.08287746274814101,-0.3109589921662048,-0.4869761070431715,-0.4982032460635467,-0.06842638010149016
8.630000000000001,-0.06754859731400817,-0.0736621477649867,-0.07939883578898349,-0.3128513686774252,-0.4864968219850063,-0.499517134927389,-0.06486179906117429
8.640000000000001,-0.06324645831486565,-0.07029873917735968,-0.0754971466210046,-0.3147250870005704,-0.48626885643037,-0.49964923261407,-0.06093098757022364
8.65,-0.05850264759839182,-0.0665330189839467,-0.07117571722151683,-0.3165317319764984,-0.4862836497732121,-0.4986015380127065,-0.05663601932353468
8.66,-0.05332470624693213,-0.06236706202851761,-0.06643987524923251,-0.3182214800307333,-0.486530260217443,-0.4963814036748433,-0.0519807742310035
8.67,-0.04772289296641135,-0.05780512126586251,-0.06129705280966025,-0.3197434082653712,-0.4869954948083726,-0.4930014523237657,-0.0469712735718914
8.68,-0.04171027735163244,-0.052853756441535,-0.05575688165996751,-0.3210458210269134,-0.4876640650644318,-0.4884794642354975,-0.04161583116798961
8.69,-0.03530281548067996,-0.04752195311880963,-0.04983128286121263,-0.3220765942880123,-0.4885187662597085,-0.4828382353143907,-0.03592500910920171
8.699999999999999,-0.02851940667356227,-0.04182122962986096,-0.0435345483256262,-0.3227835376468225,-0.4895406782443921,-0.4761054051270437,-0.0299115963467122
8.710000000000001,-0.02138192900073948,-0.03576572954879603,-0.03688341061202444,-0.3231147731414877,-0.4907093854253005,-0.4683132538865379,-0.02359065820267514
8.720000000000001,-0.01391525154773099,-0.02937229734488617,-0.0298970957114093,-0.3230191294335577,-0.4920032131928432,-0.4594984674479657,-0.01697959942820321
8.73,-0.006147221648033932,-0.02266053497459286,-0.02259735243273941,-0.3224465492637109,-0.4933994777199597,-0.4497018697721986,-0.01009820993963578
8.74,0.001891374457515491,-0.01565283730942979,-0.01500845376097215,-0.3213485074524584,-0.4948747457208839,-0.4389681229593376,-0.002968687638737144
8.75,0.01016687887748739,-0.008374404472127395,-0.007157172398881362,-0.3196784361271872,-0.4964051004839884,-0.4273453957330751,0.004384359595838327
8.76,0.01864285893453462,-0.0008532293650257983,0.0009272578458969782,-0.3173921533201707,-0.4979664103131899,-0.4148850020757712,0.01193392270656324
8.77,0.02728023040361263,0.006879941077698848,0.009213179930442461,-0.3144482906104944,-0.4995345954445413,-0.4016410125292335,0.01965058309275775
8.779999999999999,0.0360374130228179,0.01479167209842502,0.01766654548324842,-0.3108087150855487,-0.5010858895557775,-0.3876698414933639,0.02750245586029831
8.789999999999999,0.04487051535575103,0.02284593565106136,0.02625095163710867,-0.3064389405837516,-0.5025970921550503,-0.3730298146787991,0.0354551131269325
8.800000000000001,0.05373354813327824,0.03100423378252065,0.03492770175966287,-0.3013085229599753,-0.5040458084116325,-0.3577807216630493,0.04347159013542362
8.81,0.06257866551822217,0.03922575101893494,0.04365590388819551,-0.2953914340008406,-0.5054106733613717,-0.3419833591820897,0.05151253434509812
8.82,0.07135643293029485,0.04746753555169286,0.05239261008007357,-0.2886664086209427,-0.5066715578638094,-0.3256990712764639,0.05953645014905457
8.83,0.08001611967338097,0.0556847086614638,0.06109299271499924,-0.2811172601045558,-0.5078097541841176,-0.3089892926528411,0.06749997079797732
8.84,0.08850601422617602,0.06383066854749592,0.06971055196920151,-0.2727331584276699,-0.5088081395971853,-0.291915101614767,0.07535813292152432
8.85,0.09677375987687757,0.071858251500588,0.07819734972769121,-0.2635088671040012,-0.5096513169389234,-0.2745367886892399,0.08306465749254466
8.859999999999999,0.1047667077117366,0.0797170043274642,0.08650426664960054,-0.2534449345401754,-0.510325731537365,-0.2569134466698446,0.09057224339617426
8.869999999999999,0.1124322820020273,0.08735692795024458,0.09458127997479937,-0.2425478365458286,-0.5108197644216538,-0.239102587250897,0.09783287330471352
8.880000000000001,0.1197183591485697,0.0947274815464027,0.1023777600155488,-0.230830067403126,-0.5111238021121582,-0.2211597887728011,0.1047981258198106
8.890000000000001,0.1265736528223367,0.1017779939124226,0.1098427837024636,-0.2183101777305714,-0.5112302836251503,-0.2031383788629612,0.1114194848545706
8.9,0.1329481022967578,0.1084584180287305,0.1169254647727545,-0.2050127582475018,-0.511133725571472,-0.1850891549639244,0.1176486370516713
8.91,0.1387932601928124,0.1147188985540271,0.1235753015220303,-0.1909683694267724,-0.5108307263867953,-0.167060144914525,0.1234377514579051
8.92,0.1440626756299481,0.1205105449750875,0.1297425399284114,-0.1762134178826474,-0.510319950804269,-0.1490964089143222,0.1287397449248329
8.93,0.1487122687525499,0.1257858170559866,0.135378540084765,-0.1607899811501503,-0.5096020956786597,-0.1312398833800354,0.1335085533742005
8.94,0.1527006926321305,0.1304989105778968,0.140436132807085,-0.1447455832455593,-0.508679838212261,-0.113529266416465,0.1376994483328655
8.949999999999999,0.1559896783976745,0.1346061394572285,0.1448699715164404,-0.1281329240335859,-0.5075577675428924,-0.09599994389361077,0.1412694437097307
8.960000000000001,0.1585443597443716,0.1380663102753166,0.1486368922662625,-0.1110095659465677,-0.5062423005665935,-0.07868395446301046,0.1441778100400463
8.970000000000001,0.1603335751319399,0.1408410852465491,0.1516962800058269,-0.09343758198914676,-0.5047415828218058,-0.06160999127345268,0.1463866555897804
8.98,0.1613301417340624,0.1428953296944328,0.1540104288094939,-0.07548316920512765,-0.5030653752990457,-0.04480343766914935,0.1478614864551975
8.99,0.1615110989626252,0.1441974401976332,0.1555448850194704,-0.05721623187072766,-0.5012249281976869,-0.02828643377837919,0.1485716642312763
9,0.1608579188985137,0.1447196497096734,0.1562687676453359,-0.03870993860315086,-0.4992328429536111,-0.01207797063005411,0.1484907339523288
9.01,0.1593566812406131,0.1444383061459645,0.1561550674472945,-0.02004025733591086,-0.4971029243100477,0.003805991731403502,0.1475966492919979
9.02,0.1569982107914483,0.1433341211678549,0.1551809269013716,-0.001285471726321874,-0.4948500247700852,0.01935238573066195,0.145871941744535
9.029999999999999,0.1537781759222696,0.1413923861731643,0.1533278993124456,0.01747431793737086,-0.4924898843900155,0.03455088091967606,0.1433038681307076
9.039999999999999,0.1496971469061599,0.1386031528233572,0.1505821999849986,0.03615770680254077,-0.4900389694544034,0.04939371527819331,0.1398845479073532
9.050000000000001,0.1447606113098613,0.1349613757963458,0.1469350629820066,0.05468250843843059,-0.4875143140056857,0.06387551644957845,0.1356110857942766
9.06,0.1389789525807995,0.1304670158480626,0.1423830235431574,0.07296628694070473,-0.4849333683756208,0.0779931159722077,0.1304856692442293
9.07,0.1323673885480628,0.1251251016918796,0.1369267766661438,0.09092689620695787,-0.4823138587029142,0.09174535929048838,0.1245156319174026
9.08,0.1249458655467489,0.1189457496584746,0.130572257526919,0.1084830237286615,-0.4796736608890814,0.1051329140239677,0.1177134776952635
9.09,0.1167389156576853,0.1119441405740293,0.1233309649768351,0.125554734894304,-0.477030691570706,0.1181580786515739,0.1100973164822553
9.1,0.1077754769154121,0.1041404537849491,0.1152197364720473,0.1420640118829946,-0.4744028175554089,0.1308245934433983,0.1016851502005225
9.109999999999999,0.09808867857849575,0.09555975875459755,0.1062606591940318,0.1579352790469056,-0.4718077839056861,0.1431374551561227,0.09250976102501279
9.119999999999999,0.08771559394762281,0.08623186515383852,0.09648096097642628,0.173095904754699,-0.4692631595994454,0.1551027367101008,0.08260463402927892
9.130000000000001,0.07669696357364904,0.07619113285410395,0.08591286389741876,0.1874766686353523,-0.466786298576256,0.1667274127941476,0.07200674864628198
9.140000000000001,0.06507689176125943,0.06547624370192595,0.07459340046599794,0.2010121835856911,-0.4643943130885174,0.1780191921046209,0.06075744245361248
9.15,0.05290251491872842,0.05412993740001354,0.06256419381892192,0.2136412640399769,-0.46210405566705,0.1889863567223419,0.04890213827144119
9.16,0.04022366580139981,0.04219871423546701,0.04987120206930207,0.2253072356325306,-0.4599321056871682,0.1996376089666431,0.03649003181217503
9.17,0.02709251135626983,0.02973250777463449,0.03656442275571348,0.2359581858378217,-0.4578947564563133,0.2099819259407001,0.02357374111063254
9.18,0.01356317718234293,0.01678433098054011,0.02269755009743579,0.2455471595009975,-0.4560079988899299,0.2200284218949409,0.01020891934733714
9.19,-0.0003086329750645713,0.00340989949801318,0.008327597721294877,0.2540323064663529,-0.4542874981453371,0.2297862184831988,-0.003546166596677502
9.199999999999999,-0.01446602126786322,-0.01033276391107218,-0.006485462214111615,0.2613769901808355,-0.4527485599962128,0.2392643229652779,-0.01763108829318327
9.210000000000001,-0.0288512793391166,-0.02438373961779061,-0.02167903228678386,0.2675498660627446,-0.451406084217521,0.2484715144150914,-0.0319884798386208
9.220000000000001,-0.04340626758133723,-0.03868163177271877,-0.03718825385915209,0.2725249368743375,-0.4502745027899917,0.257416238020053,-0.04656735734966894
9.23,-0.05807278632708231,-0.05316399499595881,-0.05294642243544834,0.2762815898752639,-0.4493677013138935,0.2661065075991632,-0.06130409039469914
9.24,-0.07279293694842974,-0.06776776275352925,-0.06888543027566546,0.2788046177799128,-0.4486989226398631,0.2745498165184654,-0.07613442261247105
9.25,-0.08750947283429976,-0.08242967311918026,-0.08493622254624195,0.2800842230228025,-0.4482806523787583,0.2827530572375829,-0.09099390341065666
9.26,-0.1021661082849074,-0.09708668773538831,-0.1010292697707409,0.2801160029081563,-0.4481244866392947,0.2907224497746392,-0.1058183141677135
9.27,-0.1167078326760972,-0.1116763999584632,-0.1170950517705954,0.2789009120585979,-0.4482409830531296,0.2984634794242497,-0.1205440849651573
9.279999999999999,-0.1310811962421278,-0.1261374283961503,-0.1330645241132168,0.2764451982115677,-0.4486394968667038,0.3059808441005492,-0.1351086980888
9.289999999999999,-0.1452345690123252,-0.1404097923181549,-0.1488695411437917,0.2727603077672475,-0.449328004584743,0.3132784117009272,-0.1494510747934291
9.300000000000001,-0.159118373406137,-0.1544352657346965,-0.164443245363545,0.2678627584331969,-0.450312918313432,0.3203591878940591,-0.1635119421192629
9.31,-0.1726852893525826,-0.1681577072896864,-0.1797204456420324,0.2617739776707126,-0.4515988945398975,0.3272252947261129,-0.1772341768751762
9.32,-0.185890431210897,-0.1815233634966169,-0.1946379890405893,0.2545201072432317,-0.453188641567326,0.3338779604109104,-0.1905631242555895
9.33,-0.1986914961760583,-0.1944811432493759,-0.2091351190714391,0.2461317758133404,-0.4550827301757443,0.340317520623081,-0.2034468889293088
9.34,-0.211048888362965,-0.2069828619589273,-0.2231538147598045,0.236643843058185,-0.4572794122812472,0.3465434315484349,-0.2158365968218345
9.35,-0.2229258122077727,-0.21898345409203,-0.2366391086249889,0.2260951200231198,-0.4597744524194638,0.3525542948637564,-0.2276866262017946
9.359999999999999,-0.2342883182131972,-0.2304411533122385,-0.2495393824535789,0.2145280712967757,-0.4625609767962688,0.358347894720508,-0.2389548070703348
9.369999999999999,-0.2451053547751194,-0.2413176398397369,-0.2618066390370936,0.2019885050015873,-0.4656293444580323,0.3639212466952119,-0.249602588233794
9.380000000000001,-0.255348783479399,-0.2515781550515254,-0.273396747703426,0.1885252565391907,-0.4689670448697997,0.3692706585456337,-0.2595951718094042
9.390000000000001,-0.2649933706398462,-0.2611915837348005,-0.2842696601692442,0.1741898715493994,-0.4725586258842965,0.3743918024784023,-0.2689016152661233
9.4,-0.2740167578352719,-0.2701305047823233,-0.2943895892195699,0.1590362927182107,-0.4763856557519673,0.3792797984928138,-0.2774949014342443
9.41,-0.2823994135507045,-0.278371211473843,-0.3037251404994895,0.1431205540192149,-0.480426722448438,0.3839293082195609,-0.2853519772246369
9.42,-0.2901245681668313,-0.2858937028132169,-0.3122493955230032,0.1265004848220579,-0.4846574731325519,0.3883346385244853,-0.2924537620789049
9.43,-0.297178134637408,-0.2926816476753952,-0.3199399565544988,0.1092354251760542,-0.4890506959189783,0.3924898539987292,-0.2987851274237592
9.44,-0.3035486248578659,-0.2987223237525309,-0.3267789629024224,0.09138595258196497,-0.4935764452690475,0.3963888973102337,-0.3043348486252857
9.449999999999999,-0.309227039850295,-0.304006533471639,-0.3327530690154551,0.07301361977577003,-0.4982022111101762,0.4000257162500935,-0.3090955311314693
9.460000000000001,-0.3142067515581952,-0.3085284991909125,-0.3378533599351602,0.05418070250561091,-0.5028931302852653,0.4033943961731956,-0.3130635126543594
9.470000000000001,-0.3184834026199903,-0.312285740074309,-0.3420752116149854,0.03494995599366635,-0.5076122371927507,0.4064892964085258,-0.3162387433775862
9.48,-0.3220547911571516,-0.3152789330999509,-0.3454181634510262,0.01538437871690124,-0.5123207486811704,0.4093051891028887,-0.3186246462817006
9.49,-0.3249207549185211,-0.3175117606814233,-0.3478858359413373,-0.004453017727666486,-0.5169783766515493,0.4118373988650218,-0.3202279597602858
9.5,-0.3270830567584574,-0.3189907473741204,-0.3494858372003961,-0.0244994336393996,-0.5215436606525645,0.4140819414975248,-0.3210585647560956
9.51,-0.3285452731966925,-0.319725088103584,-0.3502296109073641,-0.04469250172922279,-0.525974312230971,0.4160356600436843,-0.3211292986797241
9.52,-0.3293126876078354,-0.3197264702906922,-0.3501322337419801,-0.06497050337065735,-0.5302275630162895,0.4176963563372534,-0.3204557583857633
9.529999999999999,-0.3293921896165632,-0.3190088921614516,-0.3492121856963612,-0.08527258045178038,-0.5342605094281998,0.4190629162270119,-0.3190560944742475
9.539999999999999,-0.3287921913926383,-0.3175884794191111,-0.3474911062405691,-0.1055389423525627,-0.5380304483225096,0.4201354266558179,-0.3169507991601132
9.550000000000001,-0.3275225219578541,-0.31548330232473,-0.3449935403112501,-0.1257110672699765,-0.5414951995788679,0.4209152828068343,-0.3141624899113266
9.56,-0.3255943528814522,-0.3127131950814918,-0.3417466750964252,-0.1457318968412847,-0.5446134133034599,0.4214052835879484,-0.3107156909985502
9.57,-0.3230201376193311,-0.309299579250145,-0.3377800687177211,-0.1655460227540931,-0.5473448607386483,0.4216097138093022,-0.3066366150261461
9.58,-0.3198135523218355,-0.3052652927407234,-0.3331253728997847,-0.1850998637535555,-0.5496507089906559,0.4215344115174761,-0.301952946426524
9.59,-0.3159894456768458,-0.3006344257322951,-0.3278160524520222,-0.204341831136332,-0.5514937802571449,0.4211868190825808,-0.2966936287977424
9.6,-0.3115637975094033,-0.2954321646708791,-0.3218871045749024,-0.2232224804384601,-0.552838796399735,0.4205760167896396,-0.2908886578478746
9.609999999999999,-0.3065536856500075,-0.2896846452891536,-0.3153747808468775,-0.2416946465769876,-0.5536526095636177,0.4197127378615012,-0.2845688815790533
9.619999999999999,-0.300977260387965,-0.2834188153828648,-0.3083163145003394,-0.2597135592148278,-0.553904419226231,0.4186093640351203,-0.2777658091996912
9.630000000000001,-0.294853727017053,-0.2766623078707499,-0.3007496553639373,-0.2772369346421062,-0.5535659756853151,0.4172799010241415,-0.2705114300949889
9.640000000000001,-0.288203341110743,-0.2694433244598575,-0.2927132147137592,-0.2942250401086937,-0.5526117696744741,0.415739933426022,-0.2628380440142498
9.65,-0.281047376591438,-0.2617905300382828,-0.2842456223486072,-0.3106407264574437,-0.5510192075873466,0.4140065588694664,-0.2547781034492189
9.66,-0.2734081312261037,-0.2537329577240997,-0.2753854984983009,-0.3264494253013254,-0.5487687717276093,0.4120983014454105,-0.2463640689818968
9.67,-0.2653089268433851,-0.2452999243137858,-0.2661712434787478,-0.3416191080931524,-0.5458441650772292,0.4100350047206317,-0.2376282781741796
9.68,-0.2567741060979989,-0.2365209556964031,-0.2566408479519644,-0.3561202064671911,-0.5422324402610185,0.4078377048954537,-0.228602828357677
9.69,-0.2478290280840169,-0.2274257216320246,-0.2468317259134216,-0.3699254963033244,-0.5379241126390397,0.4055284849345793,-0.2193194734618656
9.699999999999999,-0.2385000612575877,-0.2180439791355965,-0.2367805710036541,-0.3830099519996295,-0.5329132577312241,0.4031303107714653,-0.2098095347958478
9.710000000000001,-0.2288145721299792,-0.2084055235623081,-0.2265232344921403,-0.395350582079841,-0.5271975934245547,0.4006668509602025,-0.2001038254761567
9.720000000000001,-0.2188009082199046,-0.1985401463599402,-0.2160946205788996,-0.4069262618347887,-0.5207785475933862,0.3981622814231218,-0.1902325879742616
9.73,-0.2084883772275023,-0.1884775983403468,-0.2055285925561285,-0.417717582276412,-0.513661311849959,0.3956410772148546,-0.1802254440465106
9.74,-0.1979072176220764,-0.1782475572295061,-0.1948578844128199,-0.4277067362787356,-0.5058548821198617,0.393127793491821,-0.170111356110442
9.75,-0.1870885345234488,-0.1678795981861347,-0.1841140189372503,-0.4368774616142904,-0.4973720866037333,0.3906468381363238,-0.1599185989489376
9.76,-0.17606426038953,-0.1574031659356893,-0.173327241274597,-0.445215056385053,-0.4882296014520588,0.3882222387323263,-0.1496747404620676
9.77,-0.1648670909085553,-0.1468475471515289,-0.1625264750184684,-0.4527064754814292,-0.4784479541650233,0.3858774068199735,-0.1394066300493909
9.779999999999999,-0.153530406772398,-0.1362418417292988,-0.1517393057211152,-0.459340508205102,-0.4680515143628603,0.3836349025619055,-0.1291403930973092
9.789999999999999,-0.1420881822360316,-0.1256149316447694,-0.1409920335912308,-0.4651080284781133,-0.4570684711881315,0.3815162031290723,-0.1189014299697461
9.800000000000001,-0.1305748801465473,-0.1149954461588951,-0.1303097781717531,-0.4700023015645302,-0.445530796236242,0.3795414782496222,-0.1087144178589299
9.81,-0.1190253333750617,-0.1044117222361118,-0.1197167315912943,-0.4740193260402111,-0.4334741905992445,0.3777293764532547,-0.09860331384865106
9.82,-0.1074746128483221,-0.09389175917140657,-0.1092359868185184,-0.4771581873777063,-0.4209380143809465,0.376096825577468,-0.08859135757603975
9.83,-0.09595788928772797,-0.08346316657671943,-0.09888903133335447,-0.4794213998837744,-0.4079651969212063,0.3746588510736065,-0.07870107195053005
9.84,-0.08451027058880174,-0.07315310505547362,-0.08869596050614875,-0.4808152162886945,-0.3946021259664086,0.3734284155528356,-0.0689542604992458
9.85,-0.07316661907182936,-0.06298826945772534,-0.07867585175264497,-0.4813498882488533,-0.3808985141423959,0.372416282839424,-0.05937200005548421
9.859999999999999,-0.06196138759498048,-0.05299436772467542,-0.0688468175046667,-0.4810398655735922,-0.3669072413147688,0.3716309095467869,-0.04997462768862476
9.869999999999999,-0.05092843333714384,-0.04319712810280624,-0.05922593861736802,-0.4799039264455145,-0.3526841717379949,0.3710783668581262,-0.04078172098609611
9.880000000000001,-0.04010082485888677,-0.0336211681592179,-0.04982930050207202,-0.4779652348038725,-0.3382879452699136,0.3707622947775876,-0.03181207103687861
9.890000000000001,-0.02951064470644445,-0.02429024071002917,-0.04067207610994528,-0.4752513241558347,-0.3237797423279736,0.3706838906210287,-0.02308364772622817
9.9,-0.0191887897884869,-0.01522712862394121,-0.03176858233732749,-0.4717940093065766,-0.309223022653655,0.3708419329413907,-0.01461355722665914
9.91,-0.009164771921368957,-0.006453533905042774,-0.02313230263888716,-0.4676292289233195,-0.2946832383011921,0.3712328414380566,-0.006417991854910654
9.92,0.0005334788622956194,0.002010037739872295,-0.01477588895158316,-0.4627968226193527,-0.2802275215524961,0.371850772690929,0.001488362946798605
9.93,0.009879795019242752,0.01014439540595391,-0.006711152007854826,-0.4573402465528833,-0.2659243486683895,0.3726877507992239,0.009090750359088573
9.94,0.01884997367264935,0.01793178290129105,0.001050956329818109,-0.451306231589905,-0.2518431805145295,0.373733831206408,0.01637640298373877
9.949999999999999,0.02742195071959634,0.02535599820330853,0.008500367481251603,-0.4447443880847513,-0.2380540811576263,0.3749772951740089,0.0233332914065813
9.960000000000001,0.03557595024467426,0.03240251044240072,0.01562792648121791,-0.4377067614736745,-0.2246273155329235,0.3764048715499025,0.02995063845789625
9.970000000000001,0.043294628443939,0.03905857228549331,0.02242542708315859,-0.4302473433066673,-0.2116329272647143,0.3780019816868182,0.03621899809608603
9.98,0.05056319943721858,0.04531332553670403,0.02888565017959249,-0.4224215431575984,-0.1991402977106397,0.3797530026342228,0.04213033358729656
9.99,0.05736954079290437,0.0511578977701605,0.0350024041405631,-0.4142856280752528,-0.1872176873327381,0.3816415430844581,0.04767809304898196
10,0.06370427682526936,0.05658548785670275,0.0407705661029496,-0.4058961378033015,-0.1759317606081214,0.383650726036914,0.05285728039962123
