t,z_ref_qutip,DOUBLEADAPTIVE,DOUBLEFIXED,SINGLE_SITE_TDVP,TWO_SITE_TDVP
0,1,1,1,1,1
0.1,0.8440499415096577,0.8468551764308775,0.8454690218369931,0.8440501189500087,0.8440501063673993
0.2,0.4721288851390458,0.4807921009431597,0.4767039929065837,0.472130121987374,0.4721300938753349
0.3,0.09336164429141103,0.1036539366103623,0.09741959200543104,0.09336500430550321,0.09336497054852855
0.4,-0.1270368668878506,-0.1221515868796639,-0.1268440337538801,-0.1270315086279327,-0.1270315294515673
0.5,-0.1597100916332146,-0.163068079594775,-0.1648513529264251,-0.1597039283168672,-0.1597039790052721
0.6,-0.08222883726207422,-0.09056335835679152,-0.09141298382699048,-0.08222307786308436,-0.08222358843302813
0.7,0.009611899470387675,0.002059897331498972,0.000264527559419192,0.009617993972787953,0.009615176454834007
0.8,0.06329172119122831,0.06027669017625537,0.05721508216148374,0.06330891276356787,0.06329298919031179
0.9,0.0738180086030477,0.07558292012593493,0.07228768138243929,0.0739223869432431,0.07381810462451488
1,0.05804641152410572,0.06252884837909989,0.06081560775729633,0.05854089476718194,0.05804632750583838
1.1,0.03365623758672028,0.03821964982836301,0.03956727311632879,0.03506660121443711,0.0336565595284658
1.2,0.01229487927554014,0.01507319491550035,0.0200593760189634,0.015038855501666,0.01229582586318068
1.3,-0.0006342342433607616,-3.244050501893803e-06,0.008555944926131542,0.003221343073238014,-0.0006324934348214128
1.4,-0.004921991461699947,-0.005473239731258572,0.00573088203797778,-0.001411870156982964,-0.004919356114809537
1.5,-0.003232712577474637,-0.003815205678966982,0.008507939747005588,-0.002106162768140962,-0.003229521732522944
1.6,0.001605849079005714,0.001382888322270681,0.01457025147718216,-0.0006216535364916842,0.001608816633605015
1.7,0.007664015749008341,0.007561527022319325,0.0235349364804075,0.003219244662463705,0.007666417564597294
1.8,0.01402140176727146,0.01370714175627807,0.03387224894830632,0.01079458392072585,0.01402446589577849
1.9,0.02236662126392712,0.02123489488164898,0.044569558552289,0.02495961003758812,0.02237321394038805
2,0.03905013728882911,0.0356787940586043,0.05387395730944422,0.04868316533253481,0.03906325134870881
2.1,0.07260000732897316,0.06522233273232736,0.06137556264960564,0.08199491062314673,0.07262076282599705
2.2,0.1255947775531078,0.1140337972661119,0.07255593606368826,0.121615832600067,0.1256215721897157
2.3,0.1887434380282449,0.1755791278882632,0.09839166246976094,0.1631594879966598,0.1887727561384637
2.4,0.2448992677896488,0.2339949258554154,0.1450850429485321,0.2032854940567371,0.2449273270994869
2.5,0.278487221938139,0.2727256752589151,0.2031242779577032,0.2374835784042258,0.2785115911167377
2.6,0.2792463343072908,0.2806941791035291,0.2470107550680148,0.2552419973631243,0.2792672451278174
2.7,0.2396072711504053,0.2509315040324123,0.2412771923957851,0.2398090811214814,0.2396280726664558
2.8,0.156505077971854,0.1792411726321924,0.1603754995993317,0.1742675806198963,0.1565306788514048
2.9,0.04180517766449983,0.07168918853144146,0.009267584590609446,0.05795372527718945,0.04183847845418143
3,-0.07166146743286718,-0.04626503581266339,-0.1691882253414988,-0.08102667676243575,-0.07162255387354294
3.1,-0.1435778462650005,-0.1356308657558488,-0.3155953119337711,-0.1942732398032768,-0.1435397014499012
3.2,-0.1526627797792206,-0.1666775163028259,-0.3765752370097292,-0.2400603723997613,-0.1526319979085365
3.3,-0.1099684846456925,-0.1386274793587428,-0.3239411959318592,-0.2028850472774602,-0.1099482450978193
3.4,-0.04422731174891375,-0.07538546235862204,-0.1761936082762036,-0.09877926604784448,-0.04421719714103017
3.5,0.02298379364254058,-0.003176616581001768,0.01525551353565557,0.0319846893873228,0.02298560193913818
3.6,0.08389672225988927,0.06424997414477157,0.1888750467273358,0.143376529404468,0.08389186915019109
3.7,0.1320625272200838,0.1200128067407675,0.2869642107908739,0.1970962964915355,0.1320526035499924
3.8,0.1558267890585336,0.1542784809747216,0.2878541339108343,0.179088157586976,0.155813878654054
3.9,0.1490276242826546,0.1586879008108714,0.2194968854272861,0.112198037011192,0.1490140633087578
4,0.1202652564252954,0.1368889018052921,0.1318359223225057,0.03805704707538166,0.1202528598622802
4.1,0.08472079914582205,0.1025108718887041,0.06263875958633935,-0.01453058613203617,0.08471045144581346
4.2,0.0508670065192223,0.06673066610266787,0.02342407457122775,-0.04084038633414189,0.05085885548776031
4.3,0.02042448229030777,0.03333079008831674,0.008454963767615786,-0.04859173060947686,0.02041827044334521
4.4,-0.003041961429959881,0.00506363773066798,0.006696816451737586,-0.04487689467419731,-0.003046697859691472
4.5,-0.01332869954060857,-0.0117932156670349,0.008446105142796867,-0.03394744639776692,-0.0133322699025088
4.6,-0.009863660877878482,-0.01313145409098959,0.007600149062578054,-0.02073703203643462,-0.009865536016043119
4.7,-0.000982015081789598,-0.004189560643767187,0.001829985088779851,-0.01142037593833273,-0.0009804742506003827
4.8,0.00510016025475897,0.004481988146483984,-0.004037121298539836,-0.008965798814474235,0.00510715452826227
4.9,0.01099262599765122,0.009230823683716527,-0.001244552136529464,-0.007362398350407751,0.01100553252976516
5,0.0280087974542195,0.01862868800004347,0.01778199915848211,0.007456394095055496,0.02802517241933444
5.1,0.06253501603457241,0.04427037758189672,0.05491619367606498,0.04568278726719233,0.06255027960803594
5.2,0.1061779987219621,0.0867528229077143,0.1000916318999623,0.1007692541560635,0.1061880585045234
5.3,0.1391697105132645,0.1308696618729976,0.1333097967222039,0.1497208857010527,0.1391734575975628
5.4,0.1418871888749671,0.1534322235946934,0.1336790088190856,0.1655645002093917,0.1418870120244533
5.5,0.1051924356116063,0.1364553076155479,0.08715541613476629,0.1366643843628793,0.1051927258488805
5.6,0.03551681967111153,0.07720694580526222,-0.006706081213023518,0.07360623488773388,0.03552179022259028
5.7,-0.04645222213757021,-0.00874171870055529,-0.1301483191881586,-0.001321264779066356,-0.04644033000966996
5.8,-0.1139881109496032,-0.09324910538994968,-0.2478214151999658,-0.06533354412580628,-0.1139700858076771
5.9,-0.1455638469004853,-0.1478095968018377,-0.318545829888386,-0.1008395533153869,-0.1455436266968761
6,-0.1319269775445275,-0.1553421656716396,-0.3114584894239448,-0.09704335497756433,-0.1319105842052423
6.1,-0.07714573926332445,-0.1149554399327244,-0.2243691494634191,-0.05328418525068818,-0.07713901378534388
6.2,0.001887008625313758,-0.04025622076165553,-0.09150746596755716,0.01693292123196805,0.001881358752210793
6.3,0.07635988415342494,0.04395767802585787,0.03185059941665525,0.08516838114803588,0.0763444152654158
6.4,0.1128258092179141,0.1064406439596506,0.09823749562298145,0.1178419857188205,0.1128073886022953
6.5,0.09067920198289613,0.1195221967288421,0.09283683222444339,0.09746597328558104,0.09066435357597413
6.6,0.02040823785555273,0.07476477843761775,0.03749175645429331,0.03625106726779154,0.02039795751673568
6.7,-0.05728349417858504,-0.005781361091570625,-0.02644088268891187,-0.03550181514056172,-0.05729492295818334
6.8,-0.09991902628677267,-0.07880796029609238,-0.06357334645706003,-0.09399677876139662,-0.09994044493433979
6.9,-0.09752248855755538,-0.1098317067862199,-0.05959674014240934,-0.1330954961626867,-0.09756126333473597
7,-0.0775037737320504,-0.09901915748856921,-0.02216756061680525,-0.1557616611946234,-0.07756353323379861
7.1,-0.07289769311834797,-0.07579527202603886,0.02634087063295965,-0.1600703954359428,-0.07297767636730224
7.2,-0.08818575676135267,-0.06666302283818754,0.062450114387685,-0.1388881982733775,-0.08827976156335871
7.3,-0.09992430019704385,-0.07124367154126438,0.07199007806978258,-0.09350021553777643,-0.1000204846957968
7.4,-0.0877233515660838,-0.07080670386247517,0.05334298110555902,-0.0424614344022512,-0.08780789655769972
7.5,-0.05689068275054705,-0.05506412791224796,0.01644443472905566,-0.009125251788926037,-0.05695446531008902
7.6,-0.02860357969122302,-0.03317446436941524,-0.01983956206637766,-0.001115788987559596,-0.02864652052863764
7.7,-0.01425978676125765,-0.01903326290954621,-0.03653943064126131,-0.006230885908654615,-0.01428887803810991
7.8,-0.006233391029520847,-0.0131837608853187,-0.024558601578062,-0.007171315509443499,-0.006256413021302643
7.9,0.007149419401861194,-0.003876883213933369,0.009985982281457084,0.004715254353107101,0.007128457871320326
8,0.02435229746601963,0.01531581511285318,0.04839458259169271,0.02603926588386835,0.02433243959553266
8.1,0.0315262259671799,0.03417034979272154,0.06981434373837214,0.04695114135500089,0.03150631452913172
8.199999999999999,0.01713443206240896,0.03435149518044411,0.06055851813586488,0.05773220191414885,0.01711254156291792
8.300000000000001,-0.01722240537958048,0.006999946948306246,0.02107391143365378,0.05174875634188869,-0.01724604075628389
8.4,-0.05752741326454767,-0.03906177803538174,-0.03435367808156359,0.02996319331704811,-0.05754841889128126
8.5,-0.08403064040912539,-0.0829574960672379,-0.08450913254563303,0.006244760692004081,-0.0840429771042806
8.6,-0.07776796915182155,-0.102123634259513,-0.109516574049716,0.005261382768798395,-0.07776872572951388
8.699999999999999,-0.02851946146188009,-0.08039180608358998,-0.1007231039058061,0.04539063410313349,-0.02851122307829612
8.800000000000001,0.05373345858163131,-0.01520261928877353,-0.06512008826965426,0.1178934199731588,0.05374375098091611
8.9,0.1329480537967219,0.07458436125476925,-0.02261365744289379,0.1831510176454756,0.1329506818097315
9,0.1608580186387957,0.1484609472611514,0.00311915494725179,0.1929849820054734,0.1608409468632155
9.1,0.1077758518747345,0.1618463977541498,-0.004702374686551769,0.1236212149805112,0.1077267988104706
9.199999999999999,-0.01446528132852538,0.09453884609243368,-0.04688655256004831,-0.01044186860899254,-0.01455306124424571
9.300000000000001,-0.1591172836187104,-0.03279993271128534,-0.1066626398461546,-0.1644314074470959,-0.1592392994055365
9.4,-0.2740154419315513,-0.1705692110350845,-0.1579771304627553,-0.2840513776763712,-0.2741571110364222
9.5,-0.3270816637386427,-0.2705392140394096,-0.1767067245481456,-0.3287491067569717,-0.3272275362746461
9.6,-0.3115624017996022,-0.3082544863921488,-0.1497559492584682,-0.2921154337456285,-0.3117059745956652
9.699999999999999,-0.2384986378507276,-0.2836857764998036,-0.07933369125320167,-0.2071350694668935,-0.2386440282878856
9.800000000000001,-0.1305733657115869,-0.2098767111219694,0.01712018602251686,-0.1220988061914263,-0.1307284026849116
9.9,-0.01918715924520597,-0.1059859714716874,0.1140546579223142,-0.06942136405988997,-0.01935521491307512
10,0.0637059792503535,0.002760258310797514,0.1853721326171766,-0.04962969975652953,0.06352940085378217
10.1,0.1010568956256503,0.08827562452168758,0.2129188301472366,-0.03852989795153006,0.1008832789330868
10.2,0.1003072113324186,0.1315307704274025,0.1928710369148762,-0.01245035308780817,0.1001526625346784
10.3,0.08423051850693646,0.133484319044492,0.1367291660458602,0.0305011997791601,0.08411159369139787
10.4,0.07090135150049685,0.1114956563686131,0.06733879481368304,0.07002839081375828,0.07082785147136128
10.5,0.06307941621306999,0.08383589594830254,0.01074579475903642,0.08233234968450631,0.06304807063650497
10.6,0.05387544525565504,0.05890069802857323,-0.01497732623777959,0.06025892035878738,0.05387147347291565
10.7,0.03807732137370186,0.03693909752232444,-0.008177967731253177,0.01713345486978135,0.03808399306285248
10.8,0.0183104897124452,0.01757886669657321,0.01791542078697006,-0.02179107285791698,0.01831781758686502
10.9,0.003305700081980337,0.003651479198811647,0.04571053758461396,-0.03448598532617253,0.003311113401166521
11,0.0001141118125840177,-0.0006836143100431569,0.06265861216097512,-0.01599735418704062,0.000117555008373238
11.1,0.006526555834562343,0.005428035529493114,0.06556452615091374,0.01938933229501039,0.006526646171017836
11.2,0.01220023546978241,0.01602076563181581,0.05826354902248643,0.04918401933520405,0.01219355038748116
11.3,0.008458714780140396,0.02086617325745388,0.04713372483742506,0.05543421110924951,0.008439692694463596
11.4,-0.004748016477207705,0.01405262319901368,0.03881949596628642,0.03147751530532239,-0.004787614267696472
11.5,-0.02322928690007522,-0.0007209933103400346,0.03772190766224764,-0.01643672411379521,-0.02329893039502595
11.6,-0.04742847241976166,-0.01605093587418843,0.04267117872692811,-0.07204333242599525,-0.04753394688377693
11.7,-0.08256465201991177,-0.03191176394492595,0.04827306954580324,-0.113344566659989,-0.08270289322417046
11.8,-0.1288147967026955,-0.0574167425918376,0.04827441592347942,-0.1206054110533749,-0.1289738755603263
11.9,-0.1740181814293761,-0.09924608717607586,0.03915447377368164,-0.08895268294412184,-0.1741839459577653
12,-0.1989950234133805,-0.1493341862429371,0.02225516793692672,-0.03604018348552845,-0.1991594019001433
12.1,-0.1917029651187754,-0.1865727183941367,0.003315402071793594,0.006132769841710628,-0.1918665156035316
12.2,-0.1571760305987923,-0.1920194359440945,-0.01187951778604979,0.0125887848442055,-0.1573422258389686
12.3,-0.1137306364290886,-0.1635554769214422,-0.01797083325047244,-0.01571044711237846,-0.113897429879385
12.4,-0.07869491876617192,-0.1170092411942065,-0.01088086225720658,-0.05377516816157596,-0.07885177366390395
12.5,-0.05629979751402184,-0.07330023935225344,0.01069201801338265,-0.07372834826648283,-0.0564324958826099
12.6,-0.03680527659138796,-0.04316754916808369,0.04349026688414448,-0.0627183876997664,-0.03690347992721632
12.7,-0.005962068374854627,-0.02184295854385743,0.07932786840101524,-0.02437909536664296,-0.006023520742380106
12.8,0.0414423710751998,0.003632285467584595,0.1086996769155328,0.0272642119240436,0.04141272452749822
12.9,0.09199908943660422,0.04107854946517975,0.123940213690924,0.06976276441575924,0.09199265184628341
13,0.1173088522016984,0.08291792476435123,0.1220255822766712,0.07772065421765595,0.1173167288967774
13.1,0.09347025886722035,0.1064916839810012,0.1050118113341218,0.03656068725486555,0.09348558808349772
13.2,0.02311777870975918,0.08872985221941937,0.07887469553273929,-0.04343776402875299,0.0231368068284058
13.3,-0.06082016770122745,0.02652006162754783,0.05112224061284149,-0.1278987687830617,-0.06079936563998767
13.4,-0.1157426642621164,-0.05506357070641765,0.027954400210918,-0.176152071053874,-0.115723204287775
13.5,-0.1174845812795563,-0.1162337012657729,0.01172380667898737,-0.1649951343777709,-0.1174720633964783
13.6,-0.07298478941412974,-0.1281980583947802,0.001039919175683912,-0.1015431453473336,-0.07298476856716363
13.7,-0.01089422064336429,-0.09031571418721557,-0.00627487273524685,-0.0172675371811874,-0.01090790963786226
13.8,0.0377911776691028,-0.02716953665125066,-0.01067796208895316,0.04818227296604849,0.03776913106969404
13.9,0.05490378938714332,0.02873313775719932,-0.0112691453945386,0.0661970635553264,0.0548828175179199
14,0.04083203573121066,0.05473286124728777,-0.006883098905039242,0.03425028676515662,0.04081891308227742
14.1,0.01098610162664298,0.04627524079556877,0.00250341008569599,-0.02191088441962286,0.01097859450443872
14.2,-0.01478340309582243,0.01570979747525658,0.01535949768119149,-0.06379126273739089,-0.01479654894742127
14.3,-0.02420572089836212,-0.01568355480233186,0.02725330261851566,-0.06574583560005803,-0.02423762319341494
14.4,-0.01896058428372905,-0.0301683142581376,0.03148938369184184,-0.02992124936144369,-0.0190179088444617
14.5,-0.01177435889587355,-0.02432186624433935,0.02231206913503342,0.01964046255695118,-0.01185393972619342
14.6,-0.01643801120173178,-0.0103365406533763,-0.001490392911787985,0.05496494198563279,-0.01652821163764806
14.7,-0.0377795162088641,-0.006390876657082434,-0.03557984431145511,0.06104060907972092,-0.037862618608489
14.8,-0.06903905504039193,-0.02288028059655922,-0.07115896296045843,0.04123818960853004,-0.06909467315145112
14.9,-0.0973833771861612,-0.05545209585985122,-0.09807618664786411,0.009933127325131408,-0.09739686449004659
15,-0.1105725374551737,-0.08951369142220306,-0.1093037194858194,-0.01913160194547658,-0.1105474783869685
15.1,-0.09974222304971408,-0.1098591776050377,-0.1042029496037847,-0.04036897361757397,-0.09970567637641026
15.2,-0.06173601270950439,-0.1061309688375405,-0.08773533264962452,-0.05602416528484833,-0.06172504395973744
15.3,-0.004801811843015163,-0.07344816754649375,-0.06852552515254395,-0.070688424287914,-0.004836986407693034
15.4,0.04852577730604212,-0.01571719216475065,-0.05394756272965279,-0.08556578421811856,0.04845729192832582
15.5,0.0714880838321322,0.04854616873232842,-0.04684962520876923,-0.09729591895887801,0.07142324663060601
15.6,0.05275412779890511,0.08903561660654158,-0.0439092575843244,-0.1026086331753282,0.05272720763280997
15.7,0.006610682575226638,0.08150167715567713,-0.0374485525833716,-0.1023451949997395,0.006633167342100954
15.8,-0.03881489672750391,0.02768826218366732,-0.02106904472841997,-0.09971904272531801,-0.03875380503005355
15.9,-0.06283032839528443,-0.04335289207872228,0.005291328359938396,-0.09314445317074027,-0.06275009354770877
16,-0.05968377205169846,-0.09554053124610734,0.03548418317810742,-0.07259692513671451,-0.05960116944455529
16.1,-0.02890509420539323,-0.1076695543897782,0.06128880062447778,-0.02779209340002148,-0.02883104051591806
16.2,0.03191976875013928,-0.07742571935731773,0.07654531739412884,0.03954675858287876,0.0319803690668824
16.3,0.1190494459619457,-0.01121535125301387,0.0787780069833085,0.1150718203428871,0.1190993640469995
16.4,0.2110807662324638,0.08144420689880627,0.06874812559005694,0.1823256193116523,0.2111302496326288
16.5,0.2732338031072963,0.182146461609649,0.04998982129135571,0.2284283045557676,0.2732945176043573
16.6,0.2786244175912617,0.2604910533830025,0.02787697504112285,0.2430507293598405,0.2787022315775018
16.7,0.2279813061158744,0.2860514503822422,0.008420415962982764,0.2211278452188011,0.2280757271069647
16.8,0.1491643802664828,0.2485651811563057,-0.003523703231572084,0.1670250970843593,0.1492732714248199
16.9,0.07668627445757804,0.16734865872849,-0.005828215528398795,0.0951831499560043,0.07680739009824633
17,0.03001954454502569,0.07916406578449137,-4.467367007293666e-05,0.02684032704626821,0.03014672339473906
17.1,0.008431022681291452,0.01487951987332159,0.008890774076537766,-0.0187505415681648,0.008552124285252372
17.2,0.001414780867365856,-0.01535064021176091,0.01493335608772361,-0.03350942216570785,0.001516458849222857
17.3,-0.0003489132464167952,-0.01963261742569034,0.01371939707600378,-0.02361481741680749,-0.0002742309133126342
17.4,-0.002979634836401401,-0.01249325635619325,0.003561045868803236,-0.005794386785811123,-0.002932277943436756
17.5,-0.01060103877890945,-0.005946697104922294,-0.01435590667047904,-0.0002654048766450035,-0.01057772869524409
17.6,-0.02140879123820621,-0.006934501180020147,-0.03638224911915672,-0.02159479916145368,-0.02140375419606866
17.7,-0.02363699013940145,-0.0156830287730339,-0.05715678704415172,-0.06866095403061379,-0.02363875359262596
17.8,-0.003171524589908088,-0.0229958737809961,-0.0715370641032661,-0.1218416967453261,-0.003164320890929051
17.9,0.03994835654697747,-0.01313510471370638,-0.07764972567261774,-0.1532457540400965,0.03997273500069998
18,0.08518504226579501,0.02320560501988889,-0.07749145830637139,-0.1452594555080821,0.08521528981220128
18.1,0.1067321027486363,0.07591345879162831,-0.0760458987928021,-0.1022474661976044,0.1067427233468282
18.2,0.09672155170468155,0.1181079190547908,-0.07841685759348366,-0.04522846952392118,0.09669757003800833
18.3,0.07114234730123238,0.1260991200247715,-0.08751371944445779,0.002959447305352192,0.07110276127706266
18.4,0.05078705473893498,0.09852398590991318,-0.1021590652835267,0.02894617028419955,0.0507823535860969
18.5,0.03803520711598209,0.0550916512144165,-0.1174871633222916,0.03298686090415037,0.03811654448385321
18.6,0.01696649423179822,0.01648123001518531,-0.126831339353532,0.02627494119536627,0.01715103093733539
18.7,-0.02117143163309155,-0.01323346425896638,-0.1237744154720887,0.02266853195383994,-0.02091114378957987
18.8,-0.05589326895848185,-0.04240425478650717,-0.1042851571716313,0.02916430533685554,-0.0556107270919794
18.9,-0.04685004944900766,-0.07087696625141726,-0.07007719277174473,0.04372757910685576,-0.04659497320423428
19,0.03126685596577069,-0.07725034582050999,-0.02946472862829291,0.06447486643363004,0.03147027556988313
19.1,0.1619753536736999,-0.03254128571088721,0.005615806158355274,0.0957232027838304,0.162135817265697
19.2,0.2926732777176565,0.07110552545970666,0.02490780735106546,0.1400524339962287,0.2928268296845737
19.3,0.3659222517492137,0.2040639964498032,0.0241573085279233,0.1846245160089249,0.3661156035690417
19.4,0.3513782549290053,0.3116110643090726,0.006945230886569731,0.2030402621319135,0.3516457864105084
19.5,0.2588613295618263,0.3461140343339109,-0.01759078295413302,0.1761641469576646,0.2592061573621455
19.6,0.1290999501039579,0.2942307858581135,-0.03955730509390226,0.110938520846877,0.1294893339852943
19.7,0.01139436111034533,0.181354057138387,-0.05192187372310142,0.03863073463786665,0.01177220152545549
19.8,-0.05857958277555719,0.05454849804558248,-0.05173750638962249,-0.006700029486729764,-0.05826971976072909
19.9,-0.0713753063516572,-0.04155910766584148,-0.04043757543348436,-0.01078505897505921,-0.071168395355724
20,-0.04332319658489008,-0.0825576157303945,-0.02302341694196802,0.01467927935929658,-0.04322227812342228
20.1,-0.004154160906389955,-0.07012579134326058,-0.005477417184002964,0.04396752242967183,-0.004134101558647074
20.2,0.02047970039917257,-0.02687370821871304,0.007981239270092089,0.05640539980569448,0.02045850184078285
20.3,0.02084558689695713,0.01661577707958362,0.016232194674758,0.04629976391651952,0.02082052107998583
20.4,0.004042045327125207,0.03732246860541277,0.01978361673063861,0.01862287896085291,0.004035409504427434
20.5,-0.01259951426619067,0.02975857525606795,0.01936527795690379,-0.01691875190981323,-0.01258387720881732
20.6,-0.01165794882023878,0.005611751750505045,0.0167260537949776,-0.04807656715916309,-0.01162729957528907
20.7,0.01248404247540277,-0.01457872987449882,0.01486394934631241,-0.05978909038791352,0.01252296955032228
20.8,0.04628892159595732,-0.01346686610724368,0.01706559805565366,-0.03891942693922468,0.04633616075811881
20.9,0.06335507729101875,0.01143339559646017,0.02440363158286363,0.01199751524415654,0.06341491107928654
21,0.04346743546231011,0.04312246765988675,0.03397343063086855,0.06955553769194567,0.04354367716400448
21.1,-0.009813124008968959,0.05408152919535547,0.04083403530449126,0.1040662723880572,-0.009716100020744134
21.2,-0.06729102235149649,0.02531890272535081,0.04117755390861522,0.1019461518390191,-0.06716305943166212
21.3,-0.08955636332214327,-0.03710430626296413,0.03386130594783432,0.07504632947222012,-0.08938070360143902
21.4,-0.04884896993591004,-0.1010673411132396,0.01999470092337302,0.05020653852333506,-0.04860933588604621
21.5,0.05608001930672725,-0.1248470493680993,0.003397926192302225,0.05148611833908534,0.05638974158671783
21.6,0.1984319964606417,-0.07982239919724898,-0.01019514401544197,0.08920500651556013,0.1988027233179795
21.7,0.3326664041766073,0.03373418816869855,-0.01600192157123503,0.1546595678553936,0.3330772003131608
21.8,0.4094662330000576,0.1848741565832827,-0.01193335073056517,0.2212129024167417,0.4098938623595377
21.9,0.3935514923042984,0.3229683657382455,0.0007746696157638899,0.2577372018575937,0.3939771330692945
22,0.2810370333696265,0.3959252657157961,0.01755500058216708,0.2478878217757793,0.2814418493536207
22.1,0.1070773512123765,0.3701773135624856,0.03231482310802347,0.2004036836682751,0.1074324652599839
22.2,-0.06661226233691216,0.2467660396276737,0.04026152742546141,0.1405912551480469,-0.06634406592433784
22.3,-0.1818265508111883,0.06648561946346271,0.04009938075591457,0.09263206339749419,-0.1816708774179857
22.4,-0.2118087477806726,-0.103991719041154,0.03434110013874214,0.06785493323279207,-0.2117596402056631
22.5,-0.1667808751594389,-0.2035618044896459,0.02750144093931595,0.06480150225600362,-0.1668043664383266
22.6,-0.0773216546873317,-0.2070517989838217,0.02360601342456031,0.07742516079245715,-0.07738114417427133
22.7,0.0247682660028661,-0.1326228677221237,0.02444977259837977,0.1012262574418409,0.02469107494471312
22.8,0.1129104310231779,-0.02283530909605319,0.02904732000588628,0.131831886945645,0.112818179630129
22.9,0.1649666064647239,0.08158818455725969,0.03435971568539936,0.1604406687085939,0.1648638747077633
23,0.1685957110922479,0.1545219070152117,0.03722976273632872,0.173332067022797,0.1684994914500352
23.1,0.1308697091312127,0.1833604876029623,0.03637100310055974,0.1587419106318169,0.1308032205135526
23.2,0.07673246685595579,0.1672382062050611,0.03281483136692642,0.117239894456898,0.07671103552277586
23.3,0.03213012954517103,0.1189900654540532,0.02861310027342007,0.06376612835667517,0.03215250382781176
23.4,0.007868102893360304,0.06261074524962629,0.02535180163048817,0.01804880058435004,0.007919054881562082
23.5,-0.0001675866608761544,0.02049863326173107,0.02365838199604775,-0.006807360513971739,-0.0001062821350000798
23.6,0.00163662430619841,0.0005008607730153658,0.02345718138581465,-0.007496393008784186,0.001699354975725764
23.7,0.01339150403757739,-0.003885409372837156,0.02449252903454457,0.01279424338443913,0.01346297851492584
23.8,0.03814086232860792,-0.001504118574097935,0.02677491180164532,0.0465763703678066,0.03824234226489009
23.9,0.07272912583035614,0.006194189460697663,0.0304477195457532,0.08252494472146776,0.07288437480898557
24,0.1045400894133517,0.02290333633184038,0.0349469791319662,0.108123464774024,0.1047604989221493
24.1,0.1177153404956421,0.04829380026817409,0.03986241490230735,0.1143788674154421,0.1179914442405846
24.2,0.1035804405510288,0.07376593855060265,0.04524636020743644,0.09982954611879302,0.1038852635607788
24.3,0.06740148525212443,0.08757645385560692,0.05004027063214539,0.07130917764438144,0.06769976243927889
24.4,0.02549169931559266,0.08308899160342487,0.05200450052701838,0.04134477717742846,0.02574534135356094
24.5,-0.007051124251886726,0.06227395014337334,0.049160835336507,0.02384258875853795,-0.006879506351438858
24.6,-0.02791269206477696,0.03225678086975148,0.04128733201079915,0.02747137623479851,-0.02784671372616443
24.7,-0.0473551401326775,-0.0009869541592109066,0.03063665938670801,0.0502303892723408,-0.04738179213825194
24.8,-0.07831002084802338,-0.03598462689035492,0.02137501721151708,0.08155266524357435,-0.07836888160548372
24.9,-0.1273212159710347,-0.07418211917038792,0.01758224858706092,0.10703337501105,-0.1273290216757242
25,-0.1891132592721572,-0.1168272886805891,0.02143372669735111,0.1110397815816336,-0.1890160622649494
25.1,-0.2416732474421867,-0.1635509193770398,0.03284198214091738,0.08520608458452505,-0.241484648919338
25.2,-0.2478316038869564,-0.2104588743741044,0.04981382980203375,0.04092710358362844,-0.2476209051143106
25.3,-0.1755772610786715,-0.2445864442571535,0.06849148326296711,0.008777916618448733,-0.1754168831656635
25.4,-0.03156393785083228,-0.2404863289656209,0.08386424628624495,0.01959914783008682,-0.03148352201168564
25.5,0.1245374889106946,-0.1717823894386751,0.09212042368580531,0.07995978647659613,0.1245536320958797
25.6,0.2110471448298434,-0.03780814588143888,0.09259500487084732,0.162178582634077,0.2110276425859136
25.7,0.1820471645080464,0.1179623888916285,0.08761743017754264,0.2199182631114199,0.1820041249404366
25.8,0.06161225421141635,0.223843819975958,0.08052715826804147,0.219497084083043,0.06154003921988027
25.9,-0.07545649856924518,0.2258899689089044,0.07398722856385376,0.1602095160791417,-0.07556319446505944
26,-0.1582285154429729,0.1272019170405091,0.0691551752265388,0.07022098118540837,-0.1583630387266129
26.1,-0.1638960115054771,-0.0133352201716106,0.06595360433033259,-0.01428069025833145,-0.1640455478084586
26.2,-0.1196947782647894,-0.1223410770251791,0.06363958579114393,-0.06838018464780021,-0.1198517376058744
26.3,-0.06907073220291027,-0.1589417403081793,0.06040923268148635,-0.08424725146006617,-0.06923486702426052
26.4,-0.036839342319959,-0.1313682593401436,0.05401736584713018,-0.06708270495521967,-0.03701013256227981
26.5,-0.0214608433296463,-0.07643054027508378,0.04288118481228165,-0.0310553826289649,-0.02163050982125914
26.6,-0.01123041039394465,-0.02635589065394917,0.02672360660099132,0.004086796730809139,-0.01138557046558331
26.7,-0.0002643545014035068,0.007502629116767578,0.006808284468205916,0.02077325205450381,-0.0003948223135695206
26.8,0.00986159148265503,0.02711470184257747,-0.0145357230158345,0.01279773463392064,0.009755688545124708
26.9,0.01497579799695994,0.03418285558950634,-0.03437100319496156,-0.01070348026667017,0.01488637859242586
27,0.009030103273641277,0.02791688690226318,-0.04912274592106958,-0.02910058307803376,0.0089515623574003
27.1,-0.01507118364288923,0.01103935366519371,-0.05609900198465051,-0.02056034187021222,-0.01513354288212898
27.2,-0.05670729300471441,-0.009891776175192435,-0.05544980492610563,0.02657865432073747,-0.05673910643054614
27.3,-0.09861929811761312,-0.03192038599768171,-0.04995381613967481,0.1048702930249241,-0.09860738691947052
27.4,-0.11361852124104,-0.05805342547148201,-0.04369783481490008,0.1873791876455423,-0.1135613330112489
27.5,-0.08636725905408639,-0.08825945227706755,-0.04053245263505045,0.2393124427561572,-0.08627897259967721
27.6,-0.02994372267844549,-0.1108992728240969,-0.04271025273663676,0.2367527439594348,-0.02984917290553096
27.7,0.02022355219964964,-0.1097293676087945,-0.04966537119303804,0.1819106471643639,0.02030099986509953
27.8,0.03085979265281595,-0.08098176146875524,-0.05798583172075455,0.1045617850450234,0.03090763983437783
27.9,-0.006616080877978442,-0.04087963764886865,-0.062752796800009,0.04143910836057846,-0.00660308666018522
28,-0.07181370934257784,-0.01402297636297639,-0.06008304143616872,0.01195650278003746,-0.07184652004055098
28.1,-0.1295592143188506,-0.01388545165825378,-0.04914624365910925,0.01079607144900152,-0.1296599798818884
28.2,-0.1516168153442557,-0.03397972180757169,-0.03286893231971,0.01860349510916681,-0.1518074386507443
28.3,-0.1337008835209332,-0.05614789572760975,-0.01700758425843885,0.01774938081443794,-0.1339846692698191
28.4,-0.09894158066732327,-0.06649882267340707,-0.007249077277130977,0.002000587981446922,-0.09929557128093802
28.5,-0.084373175762048,-0.06556571404288147,-0.00628477440976305,-0.02288278014209766,-0.08475760707684665
28.6,-0.1157595126017341,-0.06668384219166268,-0.01227806129862796,-0.04573305103153336,-0.1161358355829162
28.7,-0.1864294708824445,-0.08596362659539725,-0.02013468906228666,-0.05724448342311184,-0.1867742637240454
28.8,-0.2581172150230414,-0.1305819469163891,-0.02480959797970117,-0.05276368822408944,-0.2584260494521253
28.9,-0.2868283429717505,-0.1913812608848758,-0.02391970027304852,-0.03293597473933263,-0.2871116850432172
29,-0.253608090520057,-0.243993650511126,-0.01803335025929242,-0.004326406129603888,-0.253883500473718
29.1,-0.1746399308866344,-0.2605762747443378,-0.01005269841339557,0.02216655083158503,-0.1749226193958094
29.2,-0.0858166438286653,-0.2273665893124101,-0.003648722797710113,0.03486608513304484,-0.08610999238672612
29.3,-0.01920623453626827,-0.155156418574292,-0.001035239667356413,0.02858126257429039,-0.01949639765206657
29.4,0.0107856772037942,-0.07287788722021421,-0.002060033219871471,0.007543757751813762,0.01052606507450327
29.5,0.008708823840708766,-0.009155992662266854,-0.004802289796361103,-0.01909975086791332,0.008506787891025769
29.6,-0.007457009018200247,0.02262944565784608,-0.00694659929225605,-0.04166237723827926,-0.007591665275198778
29.7,-0.01657528703209487,0.02630955703466048,-0.007508989612497963,-0.05076321328235661,-0.01665696141466139
29.8,-0.008055972567249988,0.0152508072879286,-0.007346963320158828,-0.03928718707362111,-0.008113554277721702
29.9,0.01022978248836556,0.00353420160392498,-0.007746854974406303,-0.007979754794548544,0.01017094615639719
30,0.01902183265011677,-0.0001645468871854794,-0.00917400703075183,0.03381257359576412,0.01895138268136753
30.1,0.00440831132015012,0.004017782796203129,-0.01098771953178912,0.07254890570253214,0.004330135531627755
30.2,-0.03124742609236916,0.008046322148469287,-0.01230872211164213,0.09427096806375002,-0.03132331670871774
30.3,-0.07211972894764063,0.002179282144174621,-0.01312905430199063,0.08850122303441599,-0.07218729061879103
30.4,-0.09997473669237673,-0.01743463025543268,-0.01435058648268989,0.05466329881094079,-0.1000401517268625
30.5,-0.1041832619289387,-0.04640584010716836,-0.01705189649343009,0.005235974565825974,-0.1042662511997611
30.6,-0.08677780939707112,-0.07580066004795993,-0.02196791760007522,-0.04180101106147294,-0.08690292893733875
30.7,-0.06306908008297553,-0.09662002430478089,-0.0294108997499114,-0.07356747538653008,-0.06325161184270994
30.8,-0.05640934911062031,-0.1018431128804215,-0.03862756890177765,-0.08660616499851637,-0.05664644956409182
30.9,-0.08529533622737931,-0.08898567827227755,-0.04745927230602942,-0.08766887080350788,-0.08557024528798152
31,-0.1495280633996284,-0.06549868922654811,-0.0533757731221331,-0.08754656624432072,-0.1498239712601461
31.1,-0.2276698194216057,-0.05099793764527533,-0.05475461125619385,-0.08811708915853522,-0.2279799179967271
31.2,-0.289469251468252,-0.06867510136426269,-0.05165322071083356,-0.07892837485097121,-0.2897929662522353
31.3,-0.3142463239727764,-0.1283553365854394,-0.04607085929994692,-0.04838487562442062,-0.3145783250082473
31.4,-0.3018513884052781,-0.2149259817548002,-0.04154383828689245,0.001640511852523896,-0.3021798071972875
31.5,-0.2687270788086848,-0.2942496908427366,-0.0412011703660034,0.05068905883043257,-0.269045974798677
31.6,-0.2333672934857025,-0.333869044051755,-0.04612024426812888,0.06968996736631006,-0.233689097036083
31.7,-0.2032800452565847,-0.3226306081867836,-0.05511281197716866,0.03832551601720785,-0.203629783209728
31.8,-0.1727765953258805,-0.2745539027234479,-0.06560951666918491,-0.04008160156181517,-0.1731668014336503
31.9,-0.1317726723685367,-0.2148872934077904,-0.07424018464736182,-0.1378779449791923,-0.1321798837961296
32,-0.07779957611427903,-0.161722735879804,-0.07809906917688664,-0.2184627657799494,-0.07816688176961206
32.1,-0.02093678457039986,-0.1184759545878573,-0.07605994512163261,-0.2536170562558246,-0.02120380114038833
32.2,0.02273427847847821,-0.08030035833866533,-0.06877798961317094,-0.2356409682813814,0.02260012929804384
32.3,0.04250856536333661,-0.0448234284628436,-0.05806852830978815,-0.1811670025243824,0.04250448711998212
32.4,0.03832209501264562,-0.01615895780976878,-0.04574079660387342,-0.1210574053315187,0.03842233112036975
32.5,0.01733575699777687,-0.0001201837967738095,-0.03293091753036054,-0.08058067241249584,0.01750232236887816
32.6,-0.01069791335253357,0.001646791342533316,-0.02037791193372285,-0.0643391750877863,-0.01051385497124468
32.7,-0.03390806919405642,-0.00770920174203682,-0.008304275485678914,-0.05891222010853009,-0.03376142642854507
32.8,-0.03961653417839422,-0.02280022199780929,0.003109033729606803,-0.04859064509716704,-0.03955071567171148
32.9,-0.02296603617406238,-0.03678693315980097,0.01373991628202981,-0.02808976386163259,-0.02299322398168224
33,0.003201170271646784,-0.04080541215526257,0.02391533692075409,-0.005680182043284576,0.003102388630328967
33.1,0.01243429507097801,-0.0275384662553958,0.03409256565287078,0.0018289377511852,0.0122986376398716
33.2,-0.01383796921242618,1.784010020200455e-05,0.04432435138654828,-0.01856292483085642,-0.01398872465226486
33.3,-0.06638763073437706,0.02390440838045244,0.05404381338192893,-0.06101264681498608,-0.0665554959179423
33.4,-0.1122483818588428,0.02128667217181235,0.0622684517183662,-0.09941508808512139,-0.1124507685528521
33.5,-0.1217143572712438,-0.01467253626933684,0.06758302209173128,-0.1068200697688722,-0.1219708857125398
33.6,-0.09324991616843892,-0.06254536425927432,0.06836783962125431,-0.07521909784185077,-0.09357789840833108
33.7,-0.05314581429267492,-0.08610429644956624,0.06366387421879355,-0.0182615283073248,-0.05356100519994833
33.8,-0.03200635321451252,-0.06536228713603104,0.05414690261476657,0.04010734814167055,-0.03251468293767956
33.9,-0.04253578995059004,-0.01630157040215641,0.04222660240943721,0.07897718142485327,-0.04311375360862424
34,-0.07775035480932756,0.02099036367877039,0.03146859584207085,0.08509405665310021,-0.07833408093706845
34.1,-0.1220687418191004,0.0150781769868123,0.02545446309645955,0.05320011207066222,-0.1225727271609829
34.2,-0.1555913236570317,-0.03424331753465903,0.02645669299338127,-0.01095769947988251,-0.1559499020663966
34.3,-0.1506818681042478,-0.1017658569981383,0.03440281990175353,-0.08907994762731414,-0.1508817946905318
34.4,-0.07967912694173708,-0.158197195722162,0.04630391379537901,-0.1579085282748399,-0.07975954629950743
34.5,0.0595241475407416,-0.1814012263313846,0.0572899256648417,-0.1990463658077627,0.05949957225270458
34.6,0.2238277363305013,-0.1531096579229051,0.06259713345746687,-0.2066061695650969,0.223805020633088
34.7,0.3404487701866047,-0.06015086836302563,0.05977727947360328,-0.1907786370191346,0.3404072548493528
34.8,0.3526119849750783,0.08856812108875756,0.04972731235946715,-0.1707792117079764,0.3525697332280196
34.9,0.2564747313688762,0.2471260362133746,0.03598560364397718,-0.1621023889900131,0.2564714971127633
35,0.09940147039738631,0.3462904006379376,0.02251701856178384,-0.1673509463889323,0.09946382858123404
35.1,-0.05233338736774503,0.3351724072292724,0.01170069214614716,-0.1781419521590262,-0.05222205665678725
35.2,-0.1471768771260397,0.2175303598488082,0.003615981504835997,-0.1840013768938031,-0.1470734534972287
35.3,-0.164901219598656,0.04988764533658852,-0.003114767208738101,-0.1776673659657665,-0.16486394196629
35.4,-0.1169843128346662,-0.09556071913780417,-0.01019880962074854,-0.1575544967839044,-0.1170298601992749
35.5,-0.03693844326710462,-0.1704776616984888,-0.01833649069434568,-0.1268490298115262,-0.03703240264914154
35.6,0.0362808574701501,-0.1657687007064286,-0.02640616184549627,-0.09090599777228969,0.03619543277639026
35.7,0.07654008715744832,-0.103229412216545,-0.0322997910957688,-0.05682993777935064,0.07650649767797602
35.8,0.08025223888206996,-0.01912132613475492,-0.03452199378025256,-0.0319088175324222,0.08028550567392001
35.9,0.06064204933615591,0.05054144213387213,-0.03321642825499893,-0.01867574828912016,0.0607341137135361
36,0.03296434844601438,0.08235588633065483,-0.02986020040837345,-0.01223929658908057,0.03308999786880362
36.1,0.006316914313685707,0.07334566130338505,-0.02566762158372576,-0.005940581053108129,0.006435670120928716
36.2,-0.01194469699794173,0.03895612239058444,-0.02095355021172701,0.00166912072833153,-0.01187770729517629
36.3,-0.01151522733427723,0.001234069537397631,-0.01543250926998024,0.007599273399659712,-0.01152419079880629
36.4,0.01320475645035304,-0.02322816035686148,-0.008978506936452968,0.01073685529151536,0.0131376459469788
36.5,0.050639787977983,-0.02674436122096169,-0.002238695910479538,0.01541020713214586,0.05056866564147533
36.6,0.07385425348549063,-0.008307309796113937,0.003491353388396123,0.02725619715160144,0.07383755733310238
36.7,0.06090972259032035,0.02579773745916647,0.006590785441410785,0.04384073988441328,0.0609779555992197
36.8,0.01556910463256949,0.0589197686810804,0.006350481790822371,0.05014438868959525,0.01571579794348932
36.9,-0.03237710818681652,0.06847003839936944,0.00366517442200387,0.02583605322571414,-0.03218317989495728
37,-0.04857686527135906,0.04141279210346815,0.001085459245094067,-0.04052857937539911,-0.04837678642541654
37.1,-0.01920209263828201,-0.01154518046853825,0.002084683965516365,-0.1405831010466256,-0.01903897130120535
37.2,0.03950228867453949,-0.05825775176157605,0.009586386118450252,-0.2478333639682735,0.03959142936288518
37.3,0.09154388446901084,-0.0652165617401203,0.02443575512857687,-0.3302688457656813,0.09154219636009997
37.4,0.1028400509763869,-0.02090933939297573,0.04482954086009405,-0.365049761577332,0.10275940087373
37.5,0.06294039277418199,0.05421475212585081,0.06699372547010218,-0.3460912304148244,0.0628113983551607
37.6,-0.004753534924266917,0.117872456985011,0.08677451499548572,-0.2800007325976233,-0.004899762698254984
37.7,-0.05475352448062659,0.1307340337447601,0.1012407726352473,-0.1805178867089797,-0.05488871650145588
37.8,-0.04982785876962188,0.08114919999704473,0.1097463413285419,-0.06882367691306551,-0.04991328657007971
37.9,0.01370976414095874,-0.004830713554623889,0.1136773024112638,0.02834606250765404,0.0137285250228556
38,0.1081037759712969,-0.07617516396885998,0.115321911384418,0.08838410821857956,0.1082771821251501
38.1,0.1990513224713537,-0.08795261028296864,0.1164347501035954,0.1028760295155789,0.1993957002122
38.2,0.2677561262815344,-0.02966461727732173,0.1169623622017059,0.08044046429537405,0.2682410900375304
38.3,0.3115336303234102,0.07197672112737052,0.1152823413433018,0.04168912593346963,0.3120971324336878
38.4,0.328667577047313,0.1764453498326498,0.1094365836903556,0.007201090191831461,0.3292428367470034
38.5,0.3095243905464124,0.2554487555016352,0.09804109365356317,-0.01425210679583044,0.3100586778762056
38.6,0.2465253128272916,0.2994168815228836,0.08111089840108587,-0.02660257336572741,0.2469872458557389
38.7,0.1503228795483903,0.3066289611675397,0.06079075755190649,-0.03627349931004248,0.150705100116546
38.8,0.05070753087460039,0.274439429958854,0.04062155621891506,-0.04279646544738314,0.05102410853685135
38.9,-0.02071685362841486,0.2042014532378794,0.0237952131837596,-0.04216139678098035,-0.02044366304186329
39,-0.0491916255166618,0.1116672977393361,0.01184073181108874,-0.03477344045699476,-0.04894946927873012
39.1,-0.04144428299209174,0.02517762495494957,0.004649834796126573,-0.02326304918640937,-0.04123838109573585
39.2,-0.01667358331688277,-0.030391863285403,0.0007293337120921617,-0.007307271909378965,-0.0165172217953487
39.3,0.005139881413893733,-0.04814773855476007,-0.002179205291141351,0.01165374726803431,0.005243330566131021
39.4,0.009700580555893543,-0.03880326777975679,-0.005825400395487401,0.02347333399746748,0.009768766969174891
39.5,-0.008515107144217557,-0.01916216937396364,-0.01041424440594346,0.01404525429926295,-0.008450760473300067
39.6,-0.04260589703127356,-0.002443756576959666,-0.0156912746366486,-0.02328725614985072,-0.04252382003315169
39.7,-0.07286646608908193,0.003242581125789568,-0.0219251419299194,-0.080897791966065,-0.07277549526729371
39.8,-0.0762232785618,-0.006937120677237008,-0.03005936034813494,-0.1388130067506793,-0.07615802365195828
39.9,-0.0419400418593373,-0.03236179851023435,-0.04110329275332886,-0.1724712499959123,-0.04193005271545586
40,0.01966552181673599,-0.06186163074367385,-0.05472714566942316,-0.1616553260940686,0.01962932073287882
40.1,0.08452086628326451,-0.07495135818845489,-0.06858987439837994,-0.0989547775572186,0.08449645415381979
40.2,0.1329170375040004,-0.05402174955991373,-0.07952212504547951,0.004344274198680831,0.1329917377353498
40.3,0.1626943959239075,0.0008603220770007636,-0.08526996747854731,0.1189922084990171,0.1629501064489163
40.4,0.1848767147267523,0.06827567001120199,-0.0854814169617969,0.2067626828652721,0.1853592418385767
40.5,0.2063403329346779,0.1183654023621362,-0.08164716421322582,0.2353652789515505,0.2070412153037708
40.6,0.2197842955601598,0.1335795450146558,-0.07605078926410569,0.1936615703052007,0.2206353493227945
40.7,0.2137606959068744,0.1200720048272537,-0.07068732738793587,0.1003934369621292,0.2146462488028942
40.8,0.1901509194235058,0.1001518880364783,-0.06622334234224087,-0.005214989249567925,0.1909449770972605
40.9,0.1667980759235731,0.09334113873130612,-0.06159979776214375,-0.08491621399752675,0.1674162537907583
41,0.1622013492670888,0.1040142521218039,-0.05509007003339439,-0.1170839119497272,0.1626353381121257
41.1,0.1792882437570453,0.1256412605417687,-0.04509933843238328,-0.1024058264473298,0.1795970868641596
41.2,0.2021678576412125,0.1520231806451716,-0.03154382490377289,-0.05736443748243686,0.2024352186682094
41.3,0.2058291349123909,0.1809207600287768,-0.01630772429516458,-0.0006695984510197706,0.206119965489487
41.4,0.1721951762997486,0.2082133155825869,-0.002512397662113419,0.05316762639786887,0.1725353641892514
41.5,0.1036213150099976,0.2225893142235172,0.007347353378158838,0.09224178800673988,0.1039991804333274
41.6,0.02358538092793769,0.2091426799073015,0.01218349523064788,0.110160700788671,0.02396266519989831
41.7,-0.03769783443358887,0.1598774617315368,0.01256462633494299,0.1118336738964876,-0.03737139973652914
41.8,-0.06134981391906871,0.08261141802903404,0.0104883969041133,0.1088312918258669,-0.06111683396410772
41.9,-0.04823702017929851,0.0004257214145881316,0.00829032978909372,0.1065260088696465,-0.04811185309807375
42,-0.01530861773310486,-0.05949703979169174,0.007585055076382519,0.09862560333302051,-0.01527066036716712
42.1,0.01483806194909384,-0.07984912705887348,0.008643162492291467,0.07698747698271829,0.01482925381929706
42.2,0.02606994578339492,-0.06065983532393249,0.01063243263590474,0.04422482311924347,0.02605287877263807
42.3,0.0172499699640984,-0.01811806082211587,0.0123040966926945,0.01350596389220338,0.0172548974056197
42.4,0.001403794652166619,0.02256205933551902,0.01310309862058023,-0.002551903718968629,0.00146072006532727
42.5,-0.004707670390116603,0.03825448903490053,0.01347337421102796,-0.001210081796289175,-0.00456842739804536
42.6,0.007621616846134507,0.02102077015311798,0.01431771372195012,0.01181636503864081,0.007858167105782743
42.7,0.03525157455907307,-0.01454642209627316,0.01585640910802688,0.03038410781428535,0.03557136246551473
42.8,0.06820696836184705,-0.03977679975269105,0.01691880784244898,0.04985158698173653,0.06857379220039461
42.9,0.09584051538169094,-0.03288583482492363,0.01550354294069933,0.06294853623280533,0.09621652956085608
43,0.1088580345976014,0.004564573006630934,0.009896386683426295,0.0628018757805211,0.1092171190103391
43.1,0.1016053598339146,0.04987479946854523,-0.0002013272966973068,0.05188789720564524,0.1019355657573309
43.2,0.07981621635926416,0.07699202898381402,-0.01363826817745378,0.04198811572287803,0.08012559904765171
43.3,0.06592662654086255,0.07375147157056339,-0.02844268388454158,0.04281547590511159,0.06625479403086232
43.4,0.08727382251158569,0.04689518375857604,-0.04254549505460015,0.05176617563505348,0.08768490595066997
43.5,0.1501752959845186,0.01707008686576583,-0.05493191189932656,0.05604880151834468,0.1507124506314375
43.6,0.2259544848049412,0.01045186117073593,-0.06572496358870761,0.04616732576242721,0.2265832214020655
43.7,0.2687042885303293,0.04697489856377368,-0.07555820485476178,0.02611805390627397,0.2693070559496273
43.8,0.2519446580100992,0.1251742951028931,-0.08468509201895807,0.01137060775924703,0.2523928984523688
43.9,0.1893469576678563,0.213914030777886,-0.09256698944964603,0.01890548435494943,0.1895964605926717
44,0.1179607951468465,0.266197743978994,-0.09766614328115514,0.05558511245659864,0.118082926406567
44.1,0.06109632322379471,0.2521515927671732,-0.09852543700347716,0.1127904272496406,0.06121364749760055
44.2,0.01183558952455953,0.1833618387715806,-0.09445188266208138,0.1708376349919083,0.0120194712079692
44.3,-0.04552605320380067,0.1027173394382458,-0.0860963886127718,0.2078288282321515,-0.04530614121816878
44.4,-0.1044322788455743,0.0470307210963789,-0.07549616260931991,0.2117379946739378,-0.1042723121714773
44.5,-0.134073954118061,0.01877969187280709,-0.06489593341318056,0.1880676720145842,-0.1340565901331642
44.6,-0.1089531840050702,-0.005672179958347789,-0.0557953341966112,0.1522336541667442,-0.1090958661050828
44.7,-0.03651736144971025,-0.04223591575396524,-0.04843959916619051,0.1168176448662118,-0.03677393795692752
44.8,0.04520799625524172,-0.07691311729165601,-0.0418463521048057,0.0873819169259642,0.04491492167013555
44.9,0.09430337383048688,-0.07909695441122838,-0.03469171382031,0.06411985557428895,0.09405055346592772
45,0.09068986767433854,-0.03459494267674501,-0.02648626265978732,0.04400659942232982,0.09053215496861661
45.1,0.04467270967675947,0.03658486996125315,-0.01779821702016704,0.02359334210739839,0.04462902473205932
45.2,-0.01203143146950577,0.09381769029873499,-0.009163506204069249,0.003369839007873854,-0.01198208166089104
45.3,-0.04643797337105005,0.1055589273174334,-0.0007169171609977543,-0.01192310896565096,-0.04634199893373409
45.4,-0.04466269780323598,0.06931046679172997,0.007677606432354933,-0.01852604568749555,-0.04456380324129133
45.5,-0.01743437173146576,0.009768924086242414,0.01674138364567901,-0.01560988935537627,-0.01735191620607524
45.6,0.01407295277879386,-0.03922630221866863,0.02755110286234375,-0.002425991129552774,0.01414716326389442
45.7,0.03698019982205093,-0.05541942455513038,0.04069550324317861,0.02083958145315701,0.03707339840440826
45.8,0.0518494374881384,-0.03898695651180478,0.0557771620384393,0.04960633815807686,0.05199510593984691
45.9,0.06412840869280664,-0.007487032390384618,0.07147055345115949,0.07488696490824559,0.06434738635346055
46,0.07571843055365719,0.02041450560801056,0.08616657978717357,0.08880529505271784,0.07599806189303382
46.1,0.08505070064714237,0.03812799225240399,0.09845426798602647,0.090642253330946,0.08534046794389893
46.2,0.09045501799958267,0.05001574818890731,0.1073444009461559,0.08699875823117253,0.09069143020404941
46.3,0.08830112033768008,0.06113327602762575,0.1125493485505596,0.08684817745347084,0.08844642592224089
46.4,0.06811758622585011,0.07157960535692681,0.1144322970201475,0.09779152655689299,0.06817872122206747
46.5,0.01619118629103143,0.07927748780769012,0.1134716791585669,0.1241851053865706,0.01620216848968303
46.6,-0.06824289088960654,0.08317441122379093,0.109934459597462,0.1648807275736756,-0.06825814021904258
46.7,-0.1580607105691855,0.08010406781087626,0.1037814162571868,0.2126110587829511,-0.1581123096231095
46.8,-0.2053765353397632,0.06058785307660547,0.09494635791725115,0.2553960589018842,-0.205498560086366
46.9,-0.1742770471686154,0.0140706095028878,0.08358473615715617,0.2774736443220849,-0.1744897221282812
47,-0.07390074224281719,-0.05696833290276632,0.07003372000873515,0.2654096392717284,-0.07417510754684009
47.1,0.04137984744039196,-0.1285467537228321,0.05542602987071599,0.2207561652862177,0.04112199309907028
47.2,0.110258659953214,-0.165043240626862,0.04144142628546132,0.16196466868398,0.1101015056258515
47.3,0.1096595925568553,-0.1432208579063612,0.02932300068487143,0.1129841675123884,0.1096346447192282
47.4,0.06697888889121728,-0.07108801484326011,0.0194017402304455,0.08927306761133968,0.06703555984431353
47.5,0.03011748212027466,0.01637289523630481,0.01089306369039006,0.08885584027751098,0.03014616993486646
47.6,0.0255077117048067,0.08208945544641288,0.002623928664079678,0.09487215451733488,0.02539751025475545
47.7,0.04184543959319593,0.1116120616362215,-0.005969946462011488,0.08965298200844729,0.04153850962178973
47.8,0.04741880446174807,0.1172097738218579,-0.01429595369782344,0.06669172406857171,0.04693469602306005
47.9,0.01911035459107623,0.1195241257555982,-0.02157176935919092,0.03205107470741131,0.01853157618328216
48,-0.04022397826073043,0.1257081200769191,-0.02735035244382761,-0.003450515582531177,-0.04079939682987388
48.1,-0.1037956970781848,0.1237517206175385,-0.03175842770236198,-0.03252763033708389,-0.1043089655279886
48.2,-0.1382468846986312,0.0961886918007534,-0.03545004756967651,-0.05056609881689517,-0.1387022476524734
48.3,-0.1257973936954554,0.0386020563709516,-0.03917266363795963,-0.05144064366019385,-0.126236826330853
48.4,-0.07683768913439869,-0.03317407628662128,-0.04353514555310734,-0.03177577742052301,-0.07728972695478165
48.5,-0.02291309361735101,-0.0907057835391345,-0.04850220166817015,0.0007503296104499624,-0.02335936936330774
48.6,0.005521103420529676,-0.1098306644799163,-0.05320052961017557,0.02758800036497594,0.005136314798002029
48.7,-0.0007599798497638349,-0.08633865187206202,-0.0565155833473252,0.03416481259107917,-0.00103332084768526
48.8,-0.02659881651304849,-0.03953899720329035,-0.05742877757843012,0.02431600814985502,-0.02676024931067877
48.9,-0.04579427223644441,0.0001811996927739701,-0.05549163148598268,0.01583159197677853,-0.04590341759821148
49,-0.03877245621628079,0.01143121020576032,-0.05100759485681194,0.02275148785398812,-0.03891441241834392
49.1,-0.003486205670927194,-0.00516314619781999,-0.04471625015584008,0.0441515388361482,-0.003712558003109767
49.2,0.04484639007064925,-0.02992968349928066,-0.03697482937227214,0.06755764588689839,0.0445601712636321
49.3,0.08391095485394623,-0.03920527140589791,-0.02762058582050819,0.08043832037605009,0.08366056318456938
49.4,0.09726051619655669,-0.02046709848469846,-0.01615383779999702,0.07954760098196628,0.09715866660722572
49.5,0.08069103894171067,0.02128309888907687,-0.002009255959230738,0.07191625237025495,0.08079207748814798
49.6,0.04011112210510991,0.0676704759367851,0.01453474014638512,0.0670228569134157,0.04036058710611817
49.7,-0.01203703863453087,0.09794640038852664,0.03206675623431043,0.06912045855864613,-0.01178872322287783
49.8,-0.05755181902188825,0.0991328634048162,0.04859415271881934,0.07628555692507011,-0.0574743846284681
49.9,-0.07650357460971673,0.06982774150362248,0.06198835579820694,0.08160357012268515,-0.07670365366423548
50,-0.06006439765927986,0.01922149264197315,0.07054157085425994,0.07360924878942432,-0.06055451199750844
50.1,-0.0228243388242102,-0.0340820713899318,0.073789214042072,0.04430787556070714,-0.02355603352764446
50.2,0.001941315895226958,-0.06414416325616384,0.07258367533230087,0.002717646401202201,0.001025435413525733
50.3,-0.01424901780270759,-0.04760868728433809,0.06871048562350257,-0.02492340717499386,-0.01530215486779762
50.4,-0.0719634673430171,0.01785158159201605,0.06455503130771045,-0.01174596001013412,-0.07310082275708041
50.5,-0.1429468094227843,0.1013064539660319,0.0616233744099961,0.04803012598746342,-0.1440971987309413
50.6,-0.1922226967037937,0.1502500008392585,0.05975149454480044,0.1291914361651323,-0.1933157282467264
50.7,-0.2001032486574384,0.1243572961976431,0.057792046940777,0.1891139383698442,-0.2010957406733468
50.8,-0.164515310076347,0.02622515864867786,0.0544268958942134,0.1968216018152588,-0.165387961427535
50.9,-0.09134089906370284,-0.0978805886460607,0.04896399361116371,0.1506995473256492,-0.09206983973371652
51,0.007410001763696124,-0.1889046737967539,0.04210513777962688,0.07409634587675185,0.006865024109183604
51.1,0.1064557582104072,-0.210623571814224,0.03506450624018242,-0.002707819257731781,0.1061236777792275
51.2,0.1693146210269567,-0.1626278846701335,0.02851279032752457,-0.06065486431714506,0.1691738318172143
51.3,0.1692763755475954,-0.06906092332893915,0.02208233855899977,-0.09617010392765701,0.1692517667491944
51.4,0.1129497584936703,0.03759632735288709,0.01472886680457997,-0.1124976470661183,0.1129571658085614
51.5,0.03944973569753982,0.1243207067836428,0.005560393682564335,-0.112071881238629,0.03944707574768275
51.6,-0.009382551332581394,0.1628324152193147,-0.005548291081897916,-0.09692554823249483,-0.009386173466473191
51.7,-0.019507662190259,0.1413056930177802,-0.01807420451424302,-0.07182424422886968,-0.01948956723397044
51.8,-0.006189125001503992,0.07572061826927234,-0.03087875841273252,-0.04468030004771389,-0.006155919950270983
51.9,0.009236421549039787,0.004423731100027584,-0.04264069696468353,-0.0232756711013874,0.009242258720214558
52,0.01724894836859409,-0.03630615911677004,-0.05318193121904741,-0.01171378153016578,0.01717933511048053
52.1,0.01634003334821265,-0.03564977168396277,-0.06355708485831474,-0.009740390074904293,0.01617457804871547
52.2,0.001354683286475516,-0.009496040483547297,-0.07473753537378802,-0.01188784503971529,0.00110840012062513
52.3,-0.03607582750545205,0.01854098330436743,-0.08673288482364544,-0.01002398595869874,-0.03637000239437993
52.4,-0.09599417780293995,0.03447546196861778,-0.09795734390878053,0.00136408432380275,-0.09631052567189796
52.5,-0.1641741831507073,0.03428727339012683,-0.1060761976176212,0.02287874902366965,-0.1645134071935201
52.6,-0.2195480919262868,0.01489300156912771,-0.1089231577448406,0.0508097898496237,-0.2199444261773724
52.7,-0.2458440645211204,-0.02762264070879022,-0.105090546065974,0.07820051851635318,-0.246353691011974
52.8,-0.23707558947924,-0.0896515102580927,-0.09504430099082267,0.09848199761226845,-0.2377431809257656
52.9,-0.1973153539173473,-0.1540213925503183,-0.08124363497497589,0.1095183658631834,-0.1981344596361967
53,-0.1386599937791563,-0.1966123357455026,-0.06634904438973543,0.1136021390719485,-0.1395582514043163
53.1,-0.07657108105116302,-0.2008756874298704,-0.05207094854875577,0.1147899510523818,-0.07743439053173695
53.2,-0.02267834709849294,-0.1671368279277921,-0.03937670892886092,0.1150991778561906,-0.0233938999811813
53.3,0.01856325484255367,-0.1107988898209679,-0.02852807998129658,0.1101600416475218,0.01807195618907015
53.4,0.04533370948404067,-0.05344214755330223,-0.01930939571735457,0.08821760730771416,0.04508395479044747
53.5,0.05351789503851977,-0.01240885760166793,-0.01120620521841631,0.03567037598766148,0.05345338584226
53.6,0.04100660526133484,0.006609937543529842,-0.003652122591144336,-0.05123752417057298,0.04100533729539668
53.7,0.01750628187512794,0.01005934822041193,0.003316460164533797,-0.1570742875986206,0.01742588537050821
53.8,0.005926387986187185,0.009817733433672482,0.009246426417157949,-0.2507647046359092,0.005672273619555968
53.9,0.02767608065840082,0.01489662544162917,0.01407630822482275,-0.3010769699481059,0.02725154455717904
54,0.08123702722266415,0.02866415795482413,0.01837298314517088,-0.2936246320018051,0.08074106362641309
54.1,0.1363795534011498,0.0518909075276095,0.0228020386588127,-0.2371440851376449,0.1359515366000057
54.2,0.1562826101676365,0.08471122621491234,0.02835662693444113,-0.1578205428619797,0.1560291329271847
54.3,0.128757141664655,0.1231769555720366,0.03593830354987348,-0.08560876527148181,0.1287074242700497
54.4,0.07452210921135523,0.1551903780507041,0.04567852891130325,-0.04049613008906594,0.07463242491060251
54.5,0.02637924969717047,0.1635878509473738,0.05709489704140902,-0.0282303312184245,0.02656815158882936
54.6,0.003468872422777048,0.1373365038937213,0.06879651294983657,-0.04252349494262997,0.003652150271816368
54.7,0.003138052673293496,0.08221760929805377,0.07922326068428132,-0.0683128817034982,0.003250670641098741
54.8,0.01032303501479301,0.02027610703791355,0.08730897066502541,-0.08890073158744988,0.01033358818681496
54.9,0.01037223520965938,-0.02305527671369756,0.09264195775064554,-0.09335837041894773,0.01029100754291484
55,-0.004613046243835229,-0.03447895623691927,0.09513163440541683,-0.07960038742545233,-0.004743290328443894
55.1,-0.03450769053494158,-0.01914026006927361,0.09450874713020774,-0.05249745845142167,-0.0346417236550271
55.2,-0.07032191835794167,0.005013333649590057,0.08987746405727404,-0.02004420703665521,-0.07044399056046335
55.3,-0.09613758120644404,0.01850907280155417,0.0801992901348425,0.006918971220840286,-0.09626951030929221
55.4,-0.09792616497836368,0.009833919056287277,0.06514481398664784,0.01821332509798884,-0.09810687340255919
55.5,-0.07316647917556733,-0.02029755507705749,0.04564107693981989,0.01082402263230453,-0.07342273587052867
55.6,-0.03127302552470006,-0.05947690184166954,0.02450959325506358,-0.009783250725085402,-0.03160197111866592
55.7,0.01306555701523054,-0.08842943475103082,0.005179462035532323,-0.03577326023612781,0.01269767593822912
55.8,0.04405391368354775,-0.08985683547151668,-0.01004515738775857,-0.06381827255625344,0.04370073926185064
55.9,0.0467907348342841,-0.05765031699205397,-0.02076216204186371,-0.0944741703942773,0.04650464935419235
56,0.01482236630123415,-0.0005000726221660035,-0.0281843870019074,-0.1253031788277367,0.01462984178524196
56.1,-0.03954509711116403,0.06172280491001869,-0.03428099535587359,-0.1475303944033397,-0.03965575428758433
56.2,-0.08584084530405665,0.1048590069700824,-0.04054113836725198,-0.1553415822876568,-0.0859068110391667
56.3,-0.09209226503408503,0.1076956693189541,-0.04731934910346536,-0.1548329932405479,-0.09214426028177214
56.4,-0.04558125408914768,0.06081829202666872,-0.05348789884141814,-0.1565962485433033,-0.04561654355050893
56.5,0.03834678545701897,-0.0234041349235648,-0.05781269162336666,-0.1619024523573989,0.03836150760427048
56.6,0.1252321899881794,-0.1083804157702543,-0.05992688516477596,-0.1617941465633461,0.1253290002912202
56.7,0.1814406661560407,-0.1472631299842299,-0.06038218351027475,-0.1508800068668344,0.1816225965112791
56.8,0.1908546884914504,-0.1098650516494299,-0.06075173523799315,-0.1379505383892369,0.1911032386566134
56.9,0.1573628226554855,-0.005403862757605682,-0.06275236160591013,-0.1383823962970939,0.1576712620754687
57,0.09627287649186381,0.1172212046746474,-0.06701168844811478,-0.1546543042188007,0.09666150543418989
57.1,0.02683270534225028,0.1955279120261753,-0.07256840491884925,-0.168347997104748,0.02731985261043307
57.2,-0.02996242644303743,0.1903091926345953,-0.07711784596970789,-0.1567692123850576,-0.02940572100134575
57.3,-0.05472452643990906,0.1082230638457394,-0.07830550931647046,-0.11855504122274,-0.05418227734791076
57.4,-0.03718512114163856,-0.005217413121642922,-0.07518306691602494,-0.07746492885563461,-0.03674912484465837
57.5,0.01713202195479632,-0.09506116843650059,-0.06786974254875516,-0.05820491292601976,0.01742530406956294
57.6,0.08574215098647858,-0.1267518918775952,-0.05699505231760815,-0.06239714493045545,0.08593628264846387
57.7,0.1360725917150106,-0.09840981647882174,-0.04319033746313278,-0.06825400820589494,0.1362590392529833
57.8,0.1419724681618543,-0.03287717070892587,-0.02707046658268963,-0.0511505308775464,0.1422296963364917
57.9,0.1023590201069449,0.0394032842314711,-0.009746163628498783,-0.006214752368344678,0.1027069601907805
58,0.04441090275584315,0.0935590186624406,0.007627487019646162,0.04686727154282894,0.04480548923604732
58.1,0.003617787962804485,0.1148217521256141,0.02374997672257884,0.07912277788541855,0.003980754335978998
58.2,-0.00243868407321799,0.09952897498312135,0.03744486855720863,0.07363789123391667,-0.002175930146999849
58.3,0.0173772820433495,0.0574704508082382,0.04774679655279301,0.03498563906374985,0.01751699236595583
58.4,0.04005266554396048,0.01155240963074516,0.05431968650621172,-0.01724016208602686,0.04010547691340799
58.5,0.04471745877569848,-0.01288410420095787,0.05788680405693036,-0.06174574069504973,0.04476321456549737
58.6,0.02063442116089643,-0.005617127928695287,0.05939978121900635,-0.08716640138059639,0.02075872602427542
58.7,-0.02985879498229462,0.0197050621451631,0.05950527310668935,-0.09711533424711127,-0.02960779645508871
58.8,-0.0882954927092945,0.03534837100936561,0.05827017269342039,-0.1031090833407013,-0.08793028967528127
58.9,-0.1226892454006585,0.01957325417468092,0.0550820781932837,-0.1104781046623054,-0.1222672309268304
59,-0.1036897728169537,-0.03015139166611858,0.04942497418630659,-0.1149365272860027,-0.1032706121940246
59.1,-0.02689358275847081,-0.09788404582147003,0.04180129618858908,-0.1108364313200316,-0.02651277007685587
59.2,0.07945725522962768,-0.1572941409858957,0.03392309227969548,-0.09868627107096528,0.07977133401658304
59.3,0.1717402384635368,-0.1796441754225709,0.02761007152061801,-0.08349020136904606,0.1719368371030479
59.4,0.2179371041783219,-0.1431705399095707,0.02376003009003969,-0.06758335956740591,0.2179592615954103
59.5,0.2111023507589613,-0.04604247754418966,0.022705484720842,-0.04923358594285893,0.2109543658612021
59.6,0.1653223853871412,0.08441480963017922,0.02395381060577523,-0.02916254829860471,0.1651205933369287
59.7,0.1071106905593347,0.1994984480759899,0.0259523715590021,-0.01647325846046577,0.1070504184225853
59.8,0.06894237980488201,0.2553361527663209,0.02668198929061638,-0.02372407241865493,0.06919522619238966
59.9,0.07917371699208897,0.2387433999090149,0.02472281679264854,-0.0553891535097476,0.07979624268863222
60,0.1459585135763601,0.171900029989136,0.01952920195794405,-0.1022233716275497,0.1468751816368154
60.1,0.2465243048247456,0.09510250968937428,0.01146332201209793,-0.147135006138955,0.2475796057880277
60.2,0.3356070217502213,0.0448149099907989,0.001293474902633984,-0.1756232210330594,0.3366406000559169
60.3,0.3709888419603816,0.04170054045690225,-0.01022186927645363,-0.1796679299214647,0.3718939928543431
60.4,0.3368843709261645,0.08894253568469612,-0.02246949257584158,-0.1561678389023211,0.33763228830404
60.5,0.247633761432684,0.1734764469756155,-0.0352285185861953,-0.1080985478682127,0.2482597985280299
60.6,0.1337132696785398,0.2671220661793355,-0.04817608067436857,-0.04795358808690808,0.1342737239461221
60.7,0.02641023792863633,0.3326221731165893,-0.06037408164637759,0.005729806780241209,0.02693400895361131
60.8,-0.0492981538828003,0.3383582994925454,-0.07039001222655966,0.03967472399709815,-0.04883236499898985
60.9,-0.07896350181666012,0.2758080441102565,-0.07704928499160441,0.05166333353632668,-0.07860863775256322
61,-0.06544277060629464,0.1663351319206741,-0.08013722454285854,0.04757520032556545,-0.06523802703497683
61.1,-0.03081753453837444,0.04991312855427621,-0.08006514622248451,0.03545542241150834,-0.03075281075812608
61.2,-0.004177859077049034,-0.03602638683797138,-0.077717885968556,0.02007817487088892,-0.004194575402079848
61.3,-0.00246114103826846,-0.07309627979207767,-0.07367344086303118,0.00359061375522568,-0.002482270234401729
61.4,-0.02229198486769448,-0.06557505235598005,-0.06795700348681444,-0.009433047879511269,-0.0222556219301594
61.5,-0.04869792253033055,-0.03335997299503252,-0.06012154047779894,-0.01228265461790384,-0.04858166040912071
61.6,-0.06823877149521589,-0.0008980703737808682,-0.04973250348334229,-0.002536108987786001,-0.06807515905169642
61.7,-0.07310925034163961,0.0128510808669835,-0.0369092139813918,0.01363900236691817,-0.07297822981502816
61.8,-0.05737109835400685,0.0005449142459352241,-0.02260410221621278,0.02459085215974444,-0.05734520620831979
61.9,-0.0159484127530607,-0.03302650119973505,-0.008267715277199883,0.02041748103686669,-0.01600688573931752
62,0.04959080331243963,-0.07460263556286439,0.004457539366553354,-0.002695792113733442,0.0496024215853571
62.1,0.1261537936369049,-0.1071475106720542,0.01432182715409391,-0.04312832440501191,0.1264521801141248
62.2,0.1930437891956065,-0.1146515657857736,0.02109600929281819,-0.09385051593297528,0.1937613570292798
62.3,0.2323019561865176,-0.08779634303280415,0.02573135346020372,-0.1426983077654024,0.2333923370757719
62.4,0.2371674591130793,-0.02969846439245594,0.02995661047451381,-0.1780117306435317,0.2384516109818382
62.5,0.2136368568490251,0.04241240039443211,0.03528486604491338,-0.1948682255925094,0.2149406795095907
62.6,0.1756172733467306,0.1034927602274028,0.04239993346540671,-0.1958197233636352,0.1768659131533183
62.7,0.1375304615786861,0.1327104358110403,0.05111896210667916,-0.186841605052365,0.1387243867641061
62.8,0.1084178575349619,0.12440319609594,0.06065916315072484,-0.1707008835780259,0.1095447440095298
62.9,0.08910494210718149,0.09136620199106349,0.06999575635049948,-0.1431027514527138,0.09009230806104784
63,0.07265999600171179,0.05716372159720334,0.07805849208177712,-0.09490541709716993,0.07340754727749688
63.1,0.04897433236234564,0.04229199544073958,0.08427540533568401,-0.02078439314227903,0.04941977892939342
63.2,0.01204329347526125,0.05354886839377199,0.08828833867515162,0.07148232550211531,0.01220223718027891
63.3,-0.03553801147581837,0.08224285631351047,0.08962559423288108,0.1591406443870655,-0.03557672590285188
63.4,-0.08457608004578128,0.1100527839409577,0.08793499748426231,0.2144796268853015,-0.0846874678357859
63.5,-0.1243471240324038,0.1173695540650596,0.08317051047904278,0.2210155938419234,-0.1244221252463319
63.6,-0.1448531777985866,0.0910861671052533,0.07528077972867331,0.1822949256832258,-0.1448441451192773
63.7,-0.137094346427438,0.03131052308044469,0.06436217079624829,0.1186271648863541,-0.1370259828468529
63.8,-0.09770370530635249,-0.04593655933073804,0.05066877393824432,0.05616939038805646,-0.09763702779943206
63.9,-0.03700654303543924,-0.1146255844873978,0.0347283053273561,0.01462975576215975,-0.03698269797285614
64,0.020746574787476,-0.1513679017514624,0.01756562288893282,0.0005746258743704047,0.02073586000628413
64.09999999999999,0.0508413697760008,-0.1462882464887432,0.0009256792059763597,0.009301594735706631,0.05083905262846378
64.2,0.04535885504970107,-0.1057355670727418,-0.01349309819190148,0.03072100997388977,0.04541058427061351
64.3,0.01918032749551766,-0.04814108328267525,-0.02479442291984851,0.05226015536344525,0.01931802030079288
64.40000000000001,-6.751853589869827e-05,0.002932521011577705,-0.03298101402090126,0.05922088400914383,0.0001735152807759155
64.5,0.009712814822824241,0.02752628754880082,-0.03852083199918882,0.04235261593743467,0.01005516265657819
64.59999999999999,0.05046678629405793,0.01896993687503146,-0.04184480294929488,0.007091569167360701,0.05087951878932506
64.7,0.1011429054993997,-0.01065305783197884,-0.04336580484423042,-0.03307413492719724,0.1015753008986064
64.8,0.1290809149703579,-0.0358876789264268,-0.04365081065825271,-0.06832336776024295,0.1295014998754027
64.90000000000001,0.1108740706183853,-0.03329884029913971,-0.04358032445502596,-0.09395641453895143,0.1113105998318697
65,0.04901367500164927,0.002503327214974649,-0.04428761742841153,-0.1056775010354966,0.04954411892405874
65.09999999999999,-0.02954859099271943,0.05365982607958264,-0.04654408405254312,-0.0970533625688097,-0.02886712548811399
65.2,-0.09140924081951318,0.08907028329703837,-0.05049783236309113,-0.06182386987709643,-0.09061691538694616
65.3,-0.1153334306771688,0.08363742780962258,-0.05574043393198369,-0.0008357069826064878,-0.1145715802769408
65.40000000000001,-0.0993769025239172,0.0344547015571558,-0.06154146631343105,0.07314578320019061,-0.09880808813976411
65.5,-0.0576764130847717,-0.0378499077297007,-0.06693858596384211,0.1398713940294363,-0.05739037917811102
65.59999999999999,-0.01374196137140756,-0.1027820840459988,-0.07101821533095942,0.1811731072262545,-0.01371867089014722
65.7,0.007197811465068572,-0.1365432602584109,-0.07296817344402984,0.1872993366677855,0.007062023952699836
65.8,-0.01057606119276122,-0.1295665772999733,-0.07224836473140184,0.1599255050206333,-0.01073539208112645
65.90000000000001,-0.06026403117478042,-0.08524093844162289,-0.06859940300938228,0.1124287284677876,-0.06032881608646634
66,-0.1107625192161221,-0.01813821049921677,-0.06209937623865774,0.06549314848200133,-0.1106710195122871
66.09999999999999,-0.1261941741715353,0.04607735379228672,-0.05312629411892644,0.03613979155111302,-0.1259643070362514
66.2,-0.09330471903530653,0.07612894004146009,-0.0422239806080823,0.02684087657607975,-0.09303255827829948
66.3,-0.02981208948250117,0.05123705479569973,-0.03020160434592473,0.02765759875181273,-0.02963797148003444
66.40000000000001,0.03293833719811939,-0.0212835979562635,-0.01781816509796785,0.02961166038836505,0.03289098009909697
66.5,0.07174564075173004,-0.1038058443785631,-0.005614297164845461,0.03389059648542675,0.07143329969699513
66.59999999999999,0.07753833101488557,-0.1489061709004588,0.006020092578663816,0.0455860964282071,0.07702574028066128
66.7,0.04931369244163825,-0.1297090950277305,0.01646608229663404,0.06317960448442439,0.04874285273151535
66.8,-0.00755884220222311,-0.0560890190262392,0.02497621774942438,0.07851472725873188,-0.00804873033203457
66.90000000000001,-0.07567095281369658,0.03521778099158401,0.03108468773802847,0.08712668651699695,-0.07602244296701466
67,-0.1270440309880961,0.1048594924547393,0.0348389723421309,0.09573281923682775,-0.1273005457016205
67.09999999999999,-0.1397951234940493,0.1289983253282669,0.03651391744160487,0.1131901967765017,-0.1400465044735161
67.2,-0.1150529230710299,0.1034108820804973,0.03633576894979784,0.1333396644660615,-0.1153565150086018
67.3,-0.07382108602261098,0.04019600557981506,0.03465125749718678,0.1347366163190248,-0.07416463396606521
67.40000000000001,-0.03656060121869276,-0.03633334246808106,0.03165923011901883,0.1010965247548741,-0.03688905821499533
67.5,-0.009297809358340819,-0.09633342860721156,0.02745469418633356,0.04078442461336357,-0.009568183596992907
67.59999999999999,0.01027792016258712,-0.1169009485114347,0.02227759906823729,-0.014413183041459,0.01006610689098608
67.7,0.02038823640894868,-0.0945652717589226,0.01657072191392522,-0.03142616884612226,0.02020731911447027
67.8,0.01569439609527876,-0.04641082616181252,0.01098140506958223,-0.0002546704834874292,0.01552660678097695
67.90000000000001,-0.001858693600037607,0.002198168742752193,0.006189674925884847,0.06047529475133873,-0.001996205567539155
68,-0.02020006887184071,0.03230253527309623,0.002464832591750621,0.1185918525424249,-0.02026648537979869
68.09999999999999,-0.02794912967721765,0.03712053296546991,-0.000564672439359315,0.1497635416775418,-0.02792275603170991
68.2,-0.02436748817857572,0.01893863769330373,-0.003809136134027169,0.1519523481662025,-0.02428738371375677
68.3,-0.01604412337255857,-0.01439957187983143,-0.008362720424032022,0.1418565207961733,-0.0160095304281993
68.40000000000001,-0.007114920587318347,-0.04939060496378123,-0.01477954087999422,0.1356628929964914,-0.00723071219449134
68.5,0.002598093421661177,-0.06868548688020815,-0.02291920158730254,0.1346399611750164,0.002290947298956847
68.59999999999999,0.01062268789971704,-0.05990910759784784,-0.03216193611418761,0.1305844331220063,0.01017125112036887
68.7,0.009289534547896021,-0.02579254172788609,-0.0416595275726136,0.1201526766803478,0.008786339513224328
68.8,-0.005736713163378402,0.01601957836975654,-0.05083794072566605,0.1103878547972035,-0.006219022812189556
68.90000000000001,-0.02770741143874344,0.04524086982147485,-0.05958440005488663,0.1129595928321197,-0.02814241563591724
69,-0.04497069222983835,0.05197874799623003,-0.06777837229255768,0.1348753192603456,-0.04535847387341485
69.09999999999999,-0.05485231139978843,0.03964685657277017,-0.07527469092203676,0.1734781402189553,-0.05520587932352278
69.2,-0.06769775288683477,0.01844103800164471,-0.0819184737061503,0.2179200408983906,-0.06806882363598621
69.3,-0.09504417834612287,-0.001747732179450456,-0.08727936152731286,0.2547324115993966,-0.09554367063987751
69.40000000000001,-0.1343146845882518,-0.01369050687813078,-0.09055893398359016,0.2718555653572708,-0.1350582346347955
69.5,-0.167501588983288,-0.01347554561181419,-0.09079378001754118,0.2602018797263104,-0.1684960798740572
69.59999999999999,-0.1774596329731654,-0.003333416571744241,-0.08755134928281672,0.2176525410593476,-0.1785467787878324
69.7,-0.1656686859337166,0.006471756488883484,-0.08086583511505596,0.1536832652172859,-0.1666125250516179
69.8,-0.1515530576859819,0.002713551633582834,-0.0709836550589017,0.08802609444877341,-0.1522096919282193
69.90000000000001,-0.152483669171547,-0.02059366934986973,-0.05865128931977115,0.03851617088008341,-0.152896195177584
70,-0.1654399474515054,-0.05645732289512817,-0.04499075665952601,0.01085897868771091,-0.1657758762547253
70.09999999999999,-0.1699226280005454,-0.09107758080655132,-0.03118113141264139,0.0003150938112798096,-0.1703277797469284
70.2,-0.148053775992182,-0.1166577778827766,-0.0180378972215513,-0.0004492084632580218,-0.1485607621129091
70.3,-0.1006060643952067,-0.1369703153907743,-0.006091168387475476,0.003181505510052918,-0.101154309851415
70.40000000000001,-0.04556024300143772,-0.1584739979527165,0.004271342974838221,0.008085274001006504,-0.0460702761679434
70.5,-0.004641949474773545,-0.1768312902153633,0.01298516072642014,0.01234386538009902,-0.005063925394326207
70.59999999999999,0.009317264115807845,-0.1756843223103975,0.02020713567795129,0.01521940817184986,0.008999839300996515
70.7,-0.002656631205990197,-0.141429956185464,0.02627315822423759,0.01878221051676915,-0.002874649412650865
70.8,-0.02793432758275713,-0.07970293173796628,0.03184542574500893,0.02979048875987822,-0.0280746705050372
70.90000000000001,-0.04858064205781781,-0.01614589506261305,0.03755271296349583,0.05722572680160581,-0.04868142258943992
71,-0.04850000679760184,0.02048929925115289,0.04363279882527527,0.1027487102955257,-0.04861294410052114
71.09999999999999,-0.01975726574051455,0.01813123373312575,0.05006312807681135,0.1521517140523665,-0.01993784156998402
71.2,0.03186576211734227,-0.01198760922104464,0.0569041482374999,0.1809111857767779,0.03157970134491833
71.3,0.08403893231409869,-0.04478984312221884,0.06422145333626395,0.171390451960424,0.08365426750719468
71.40000000000001,0.1041095075140233,-0.05709471596559806,0.07181402532464565,0.1258513692041162,0.103681495325715
71.5,0.06791133939593141,-0.0381918225586319,0.07916742760916196,0.06683166301378857,0.06749599285950025
71.59999999999999,-0.01897317423309101,0.008565817490634731,0.08564168570381347,0.02526271983156625,-0.01939220413768894
71.7,-0.1178543920025035,0.06951005845021008,0.09077314440014173,0.023193577914638,-0.1183871677532106
71.8,-0.180132193830657,0.1245533414685452,0.09440456886314208,0.06291984541657181,-0.1809092354585142
71.90000000000001,-0.1798665595339345,0.1508184387888525,0.09637861770739115,0.1269073363028516,-0.1809292883251767
72,-0.1293859067904828,0.1306774190628579,0.09605918767061444,0.1848740866413717,-0.1306500201919134
72.09999999999999,-0.06833232643324882,0.0646707570085539,0.09243651229087979,0.2081693291974837,-0.06966687194650933
72.2,-0.03591781525694799,-0.02058194571123806,0.08466019746965536,0.1862159699314254,-0.03726281808596799
72.3,-0.04404533276540806,-0.08174975609620727,0.07265409071086287,0.1319263592355664,-0.04544361412580783
72.40000000000001,-0.07069608794828645,-0.08498427628418892,0.05744861103722898,0.07214812596981957,-0.07219945708914621
72.5,-0.08252930937812127,-0.03100455903750582,0.0406335758081614,0.03205798506377183,-0.08407509869732566
72.59999999999999,-0.06775121960708591,0.04268460867866641,0.02405549891025804,0.02079019645352953,-0.06914200099589485
72.7,-0.04475816022226523,0.08658209182829552,0.009470390388682026,0.0260119768876651,-0.04576948268919206
72.8,-0.03729318158949659,0.07336400708714491,-0.002116084326128642,0.02482910107620456,-0.03780775824873478
72.90000000000001,-0.04559587952473375,0.01516339037047643,-0.01045566457871749,0.001914852804104861,-0.04565762376029281
73,-0.04604649915914447,-0.0495492565667805,-0.01607744474675199,-0.04146449699100008,-0.04581995234128239
73.09999999999999,-0.01795306833018232,-0.08790575709859227,-0.02008368295444024,-0.09222497977079019,-0.01763822546452676
73.2,0.03219340873404261,-0.09511660866356753,-0.02337490010673349,-0.1361506280327101,0.03244425672210965
73.3,0.07373875898320091,-0.08806683180584185,-0.02639739517249429,-0.1647573940881317,0.07387197607781948
73.40000000000001,0.07887903874525004,-0.0807154649453844,-0.02948812629071196,-0.1746110398267627,0.07893462565312603
73.5,0.04741754433815326,-0.06973003783628906,-0.0328750756835115,-0.1646082626773564,0.0474686237796102
73.59999999999999,0.00619781261658567,-0.04417665638756524,-0.03669008385957673,-0.1352495013972956,0.006276556687295154
73.7,-0.01469891436270465,-0.004427456957001197,-0.04092467103249059,-0.0892730516284474,-0.01463178627752132
73.8,-0.005898497431062449,0.03271416770650026,-0.04543508131923496,-0.03527611984337864,-0.005920634037219874
73.90000000000001,0.01703099540680119,0.04816502365127295,-0.05015094722492613,0.01277516971629111,0.01686385000172785
74,0.02808996610097088,0.03863014912164969,-0.05491997606220589,0.04270685122926676,0.02777794454905858
74.09999999999999,0.008784406916085785,0.0201644363018369,-0.05903929514097561,0.05214120000820183,0.008372046168236946
74.2,-0.0420307549157626,0.01392356044816145,-0.06157459997086268,0.05180345033174916,-0.04249167746315857
74.3,-0.1081159849247147,0.02747679124572028,-0.06195137268186346,0.05810944944574625,-0.1086032442783096
74.40000000000001,-0.1639960706445618,0.0487302684843956,-0.05997415213391394,0.08188376056833857,-0.1645375754635016
74.5,-0.1886242189611431,0.05654800163267631,-0.0557378816903833,0.1218678566065189,-0.1892907443996792
74.59999999999999,-0.1769692203535925,0.03744774623408648,-0.04968948461674594,0.1642103370625279,-0.1778359538621562
74.7,-0.1399421209625337,-0.005005270244490156,-0.04225290617540556,0.1896831989148309,-0.141033558833041
74.8,-0.09251734268341692,-0.05348494256735908,-0.03362960229000916,0.1871016567460954,-0.09376023971039449
74.90000000000001,-0.04282888130871455,-0.08801482367496327,-0.02384194754233404,0.1594234636115334,-0.04403884192307111
75,0.005790123027291369,-0.09692177144615294,-0.01286832456480852,0.1152259740643789,0.00486254005440756
75.09999999999999,0.04455897991880862,-0.0820193533793423,-0.001015902490871912,0.05908711627883734,0.04411900506272132
75.2,0.05787218623263118,-0.05587866462813007,0.01054750902704682,-0.007960433774883202,0.05796315199279589
75.3,0.03713823244489215,-0.03280864750351137,0.01998143403140068,-0.08134300433601827,0.03760722420092166
75.40000000000001,-0.005746084712149296,-0.01973128381544392,0.02605678911747622,-0.1502060925189875,-0.005158253198305651
75.5,-0.04324839182695114,-0.01465225740427639,0.02874237408683739,-0.2020197003130435,-0.04275713497008982
75.59999999999999,-0.05141505528396356,-0.01436645932429997,0.02895740199489572,-0.2276120941874468,-0.05109882160038293
75.7,-0.02377151981783019,-0.02221956241148582,0.02788228356699463,-0.2221421428087993,-0.02359696667026862
75.8,0.02934577556836313,-0.04487492618394956,0.02627752145657869,-0.1849935594622714,0.02942830027440313
75.90000000000001,0.08818696824059785,-0.07979160993835954,0.02428004261551542,-0.1222307190036327,0.08818282552137252
76,0.1300437925801758,-0.1077583676302579,0.02169234033269662,-0.05024182282441991,0.1299419987366767
76.09999999999999,0.1368254196840309,-0.101533122035077,0.01841190935127968,0.005185352218557371,0.1366648822396561
76.2,0.1055600252739252,-0.04606747580238435,0.0146907258232396,0.02176185902492289,0.1054424896527444
76.3,0.05430357439954413,0.04594054146922316,0.01118270399585575,-0.002807199186999842,0.05432686899653316
76.40000000000001,0.01366296910577742,0.137006520212724,0.008491614992118812,-0.05042152723060517,0.01384262390896657
76.5,0.00581297576143807,0.1859099146619713,0.007076530320594077,-0.09493521181700137,0.006075554131297567
76.59999999999999,0.0274196528427406,0.172488990614544,0.007018358645582867,-0.1159036301639553,0.02767053375110262
76.7,0.05277215338597111,0.1088462314441038,0.007687352731448494,-0.1088612057610153,0.05296133840060874
76.8,0.05526697590214964,0.02990659529300888,0.008047749366733414,-0.08350591288657111,0.05539328005711652
76.90000000000001,0.02810479031927845,-0.02826597151895194,0.007171031073373912,-0.05161575065956325,0.02818099088262493
77,-0.01255039363653486,-0.04671528222519999,0.004377233658098056,-0.01796191177234802,-0.01251333896453277
77.09999999999999,-0.04211676973886894,-0.02892683666706869,-0.0004418578774206816,0.01739429872890735,-0.04209667398951411
77.2,-0.0464615475766495,0.004931170721875433,-0.00700531268596094,0.04887824540528452,-0.04642343007342092
77.3,-0.02925317756321709,0.02908262648163568,-0.01502690492022463,0.05997843780404705,-0.0291782945915473
77.40000000000001,-0.002039213447810271,0.02456372215140418,-0.02412208665465393,0.03465952959374302,-0.00195056727343812
77.5,0.03099193163565801,-0.00980773640297905,-0.03387983392089189,-0.023845650758195,0.03104559116912908
77.59999999999999,0.07400760525261989,-0.05405106372464275,-0.0437861119884837,-0.09006422701687911,0.07399840289170567
77.7,0.1229153671306295,-0.07726225750637788,-0.0530638280431367,-0.1338493920388895,0.1228682103372791
77.8,0.1525720755890072,-0.05816258501098548,-0.06063638108276281,-0.1398498552267195,0.1525540940649583
77.90000000000001,0.1302665239652359,-0.0006455715194169653,-0.06530083905059092,-0.1130064404995113,0.1303465756480544
78,0.04768826020045339,0.06943888878321924,-0.06591953287942937,-0.06977180903772695,0.04789862906200892
78.09999999999999,-0.06249196202680594,0.1227072332153179,-0.06168027621147426,-0.02481057607630732,-0.0621713886019859
78.2,-0.1453512692666273,0.1419831645086647,-0.0526170300314297,0.01475963925414669,-0.1449864314181614
78.3,-0.1599211970765793,0.123439242585051,-0.03988725671776328,0.04338096712660089,-0.1595985179662925
78.40000000000001,-0.1005017667304314,0.06979049169183638,-0.02571539565344527,0.05096133857795437,-0.1002857308643069
78.5,0.008599594873766478,-0.0101708023904189,-0.01264297396384595,0.02591683962283309,0.00870699879666903
78.59999999999999,0.1314607233825604,-0.09469145538803003,-0.002257467011135605,-0.03531302998606184,0.1315260098444329
78.7,0.2351275714615484,-0.1492459659642373,0.005427296046648211,-0.1197872654363963,0.2352507755805152
78.8,0.2961663679322892,-0.1430957799261569,0.01136674820928452,-0.202497485269887,0.2964380956677637
78.90000000000001,0.303852320410963,-0.07076679726720547,0.01658425629480853,-0.2603037003112355,0.304334134328008
79,0.2626916690026429,0.04186932823600353,0.0215634239782474,-0.2826728617537483,0.2634138027200075
79.09999999999999,0.1921346905832386,0.1526659376278229,0.02604291910570955,-0.2715376463255761,0.1930861008740015
79.2,0.1205259478041595,0.225893102140612,0.02932217247219526,-0.2350420204538212,0.1216358937808193
79.3,0.07374312433707339,0.2458911997250898,0.03104207721490326,-0.1832941605162898,0.07488656041216762
79.40000000000001,0.06321416966690244,0.2170269251171802,0.0316843597657554,-0.1260973421907894,0.06426355010165041
79.5,0.07980642150347547,0.1563469133900794,0.03255014786799104,-0.07179000452901896,0.08069999238924325
79.59999999999999,0.0985851562882068,0.08560674510058003,0.0351780948435767,-0.02693790913870253,0.09935002546266058
79.7,0.09442120596688579,0.02538572763861346,0.04043181312503497,0.006301938193044976,0.09512622204438942
79.8,0.06048470925367852,-0.009261403720274397,0.04802438927904173,0.03271656890909919,0.06116802784374975
79.90000000000001,0.01540215467445279,-0.01272774179274322,0.05663172546517425,0.05837271679855305,0.01604175685390702
80,-0.01071016530032028,0.008677398566454886,0.06455193709618534,0.08220368443481652,-0.01016572052306808
80.09999999999999,-0.002856253425105757,0.03838680567261721,0.07058001030306632,0.09567661545692563,-0.002442734792967138
80.2,0.02382243305950234,0.05701848726482611,0.07447298451836093,0.09090388042295922,0.02409894771591264
80.3,0.03669935595853454,0.05356449839214411,0.07646947061121856,0.06831649062224487,0.03685226978953293
80.40000000000001,0.01463325429593305,0.03332306507676619,0.07648103255235128,0.03682330569879605,0.01469530292412363
80.5,-0.03533677931089135,0.01476690404184899,0.07397625038599892,0.007363720351529213,-0.03529666143759314
80.59999999999999,-0.08841496975165637,0.01455462074608016,0.068389410693386,-0.01428155981134499,-0.08828669564515007
80.7,-0.1244081542899049,0.03097799241418803,0.05956968533909784,-0.03091427347857389,-0.124072428629299
80.8,-0.1369885473081002,0.04115845500196119,0.04798315873774145,-0.05146456657816412,-0.1363732052051617
80.90000000000001,-0.1257777508297956,0.01812807377625514,0.0345042602033126,-0.08368995221681702,-0.1248984712325574
81,-0.08870223498372461,-0.04550236503421906,0.0202318969197518,-0.1264758243397061,-0.08765741790652826
81.09999999999999,-0.02699167864016936,-0.1294164860520546,0.006556496437671866,-0.1673301831277986,-0.02591262197968075
81.2,0.0455745603091266,-0.2004184709150127,-0.005385450498330113,-0.190581171785848,0.04659093428458422
81.3,0.1054128273236057,-0.2346593523267788,-0.01505732683134625,-0.1910406019127994,0.1063488412632779
81.40000000000001,0.135540186029274,-0.2269802804818086,-0.02248311169163753,-0.177527853914544,0.1364515021546011
81.5,0.1386934860596391,-0.1837235827975474,-0.0278997769704471,-0.1619402321736606,0.1396629634597719
81.59999999999999,0.1325827884885454,-0.1134976885841327,-0.03170611184053168,-0.1472383200420624,0.1336732461554049
81.7,0.133996023017268,-0.02763071468543687,-0.03452654679675704,-0.1284187671067352,0.1352286307561077
81.8,0.148627855527587,0.05466636686621806,-0.03708097009937872,-0.1037546954745522,0.1499852526457631
81.90000000000001,0.1710446009575352,0.1088338170437138,-0.03983781030333455,-0.08004643446566762,0.1724850878658187
82,0.1879021249991292,0.1177758080071495,-0.04280999101146965,-0.06297829439683006,0.1893684585222776
82.09999999999999,0.1826268767944765,0.08399672210002823,-0.04575072574248745,-0.0463531936514574,0.1840377435290359
82.2,0.1456776925155877,0.02987069416006055,-0.04844789484827061,-0.02019551524517021,0.1469121655969136
82.3,0.08632259880676271,-0.01392818134652446,-0.05097847736998407,0.01166336899665626,0.08723403525901058
82.40000000000001,0.03142120886836837,-0.02329626355421982,-0.05374606228345208,0.03024149648550234,0.03190586094702302
82.5,0.005502389815122182,0.008562090278762646,-0.0571945591042497,0.02093189272476598,0.005585831668364016
82.59999999999999,0.009652643974022707,0.0674914147014436,-0.06131806512071963,-0.01177357436765092,0.009506772261822005
82.7,0.02257646839228393,0.1238076950484776,-0.0654089993447623,-0.04939515947234652,0.02242370631219237
82.8,0.023066323550286,0.1475210062151891,-0.06821578747363355,-0.0749049531438632,0.02304019271596991
82.90000000000001,0.009065330250985909,0.126698779082666,-0.06867087202692901,-0.08040048574597147,0.009148243787720167
83,-0.005282167638786,0.07558489434980198,-0.06635483663692565,-0.06420568672390314,-0.005196934673735221
83.09999999999999,-0.007815492301218526,0.0242510347940959,-0.06141721628462471,-0.02936502252634843,-0.007804847860654607
83.2,-0.001650116591743751,-0.002974090526012885,-0.05427810742419514,0.01007932060722094,-0.001689380083644276
83.3,-0.002006638301476035,-0.002515742083000816,-0.04528419287926289,0.03077657971511483,-0.001990930625753951
83.40000000000001,-0.02119312355144371,0.01157332760451957,-0.03473763194471863,0.01813229613951134,-0.0210155483233907
83.5,-0.05510339114922716,0.02279249321681021,-0.02324273832833162,-0.01784504969864109,-0.05472055657232749
83.59999999999999,-0.08192729534267805,0.023078640272233,-0.01180802072792975,-0.04967406324638957,-0.08137278858100083
83.7,-0.07409281208034335,0.01146506187798407,-0.001632195336778275,-0.05738959524946025,-0.07344661965913013
83.8,-0.01553842734496854,-0.01239627850517655,0.006465321977843108,-0.04672356315867099,-0.01487940194906412
83.90000000000001,0.08641996124942478,-0.04904101348950923,0.01237504350338448,-0.04502357105278482,0.08705775873183863
84,0.2018569561119673,-0.09270885309185872,0.01648077076357624,-0.07466677296019253,0.2025085711908853
84.09999999999999,0.2910049835175825,-0.1262927201111875,0.01936775137063174,-0.1294259510943532,0.2917635801436018
84.2,0.3208984762075258,-0.1262801305175068,0.0214337387423823,-0.1785181386218614,0.3218636398808884
84.3,0.2775519594653943,-0.07673570734235469,0.02271334221523558,-0.1938475971559274,0.278761095113993
84.40000000000001,0.1716172672663447,0.01755432089161424,0.02294405352890883,-0.1711832815262343,0.1730066284863627
84.5,0.0382989083789387,0.1294382399446072,0.02182145706135696,-0.1255883595479638,0.03972210818088773
84.59999999999999,-0.0718846924164832,0.2214195089570925,0.01941780445044583,-0.07334053715213101,-0.07060223849255748
84.7,-0.1153176922444556,0.2632824822671139,0.01644497535513828,-0.02444061724244284,-0.1143323719923168
84.8,-0.08201910852854202,0.2437725467440264,0.0140239226978901,0.01292587168650361,-0.08144367179092654
84.90000000000001,-0.005159287218054931,0.1713938019861249,0.01319560045823193,0.0313175655724226,-0.005037079046037785
85,0.06050570746811075,0.06879447201241151,0.01437330780074619,0.03175256041569768,0.06023118952182038
85.09999999999999,0.07642563451173974,-0.03291327724688103,0.01708648826157272,0.02769277700418382,0.07591218432014313
85.2,0.04166018198821878,-0.09996486917620573,0.02014186792537892,0.03528459990327049,0.04111410752396605
85.3,-0.01698649256265252,-0.1075163839113591,0.0221907603195457,0.0593921111485618,-0.01739297223442016
85.40000000000001,-0.06875791995044564,-0.05563183419533657,0.02213904146597612,0.09023792104558803,-0.06894883501056748
85.5,-0.09326192553357786,0.02383167574308898,0.019373749981067,0.1137101217091473,-0.09326901162224055
85.59999999999999,-0.083187882897076,0.08209920790449704,0.0137714747535031,0.122695123972854,-0.08311409467489173
85.7,-0.045404960101527,0.08401999000307414,0.005540143083049065,0.1190440794211124,-0.04536348688527453
85.8,-0.000181029131027607,0.03064509052458048,-0.004667750533091375,0.1079140101902117,-0.0002393256930769416
85.90000000000001,0.02878763160944899,-0.04470767675347176,-0.01577670752103455,0.09248097246421638,0.02863526785045967
86,0.03009369915958826,-0.1016857385598694,-0.02650264688435916,0.0737511253351873,0.02991538934054278
86.09999999999999,0.01191564211006951,-0.1170717205187493,-0.03577497336401869,0.05229693629544879,0.01180047016063357
86.2,-0.006592974539822716,-0.0920594178362461,-0.04305847746213348,0.02673582462635932,-0.006584020604700036
86.3,-0.01093498797099087,-0.04486374614188332,-0.0481973046533245,-0.006996502697716456,-0.01079704042560603
86.40000000000001,0.0008758491479711253,0.0006405272301535647,-0.05095687225474088,-0.04887077187757793,0.001100882915288315
86.5,0.02223745125764379,0.02472435316066357,-0.05074786700348011,-0.09045788566852481,0.02249881410569543
86.59999999999999,0.04500157555001713,0.0198260241281773,-0.0470159103274036,-0.1195998335731091,0.04527527933108844
86.7,0.06155333401950793,-0.00570222701498857,-0.03989619163608288,-0.1276840266000853,0.06184432867011624
86.8,0.06398640591509532,-0.03213049057354267,-0.03038546635232819,-0.1138305456149087,0.06429823009244523
86.90000000000001,0.04671691085683084,-0.04031943499683954,-0.0199819367854831,-0.08378680305561215,0.0470284900424065
87,0.01129218171851141,-0.02293464949679747,-0.009962385423847087,-0.04555517727374209,0.01157238949205258
87.09999999999999,-0.03427261770591145,0.01286174153353209,-0.0008437679094191464,-0.006546574310184849,-0.03403856968071139
87.2,-0.08178558914797819,0.05142000512217748,0.007464494337534266,0.02627174254739917,-0.08160547591284839
87.3,-0.1245582911388279,0.07700464186777678,0.01511081751362625,0.04803784552690804,-0.1244710327609306
87.40000000000001,-0.1501901865770637,0.07913681657213401,0.0217366107238488,0.06060770385466135,-0.1502732903361204
87.5,-0.1371344341159118,0.05485875962491871,0.02633417795118009,0.07183957879758829,-0.1374502696804359
87.59999999999999,-0.06986699696471663,0.009666775011196393,0.02789422457034652,0.08671438254560226,-0.07039426556087375
87.7,0.03588580783494071,-0.04338229467420518,0.02615046870549376,0.1007477780161617,0.03525908508930364
87.8,0.1294898012971561,-0.08783405890013257,0.02191482029890723,0.1037928291283457,0.1288916072271987
87.90000000000001,0.1600925821633734,-0.1092563095150517,0.01696936348865996,0.09050016964769203,0.159577421995667
88,0.1199499229304145,-0.09824317801387755,0.01340638087349322,0.06753580128228587,0.1194824180101557
88.09999999999999,0.0486049717653834,-0.05136188263157171,0.0127815439422253,0.05133520633122968,0.04812516438248787
88.2,-0.006618928379504237,0.02568960430325529,0.01542047913746319,0.05683820123131922,-0.007130267116026712
88.3,-0.02866634474134935,0.1129826794341069,0.02039011303883254,0.08526580689000829,-0.02919174757219078
88.40000000000001,-0.03171373914244491,0.1782738353559881,0.02606948959249766,0.1228027477407202,-0.03224944935097862
88.5,-0.03658333980157723,0.1928488647153189,0.03090633077886579,0.1512452653569986,-0.03716647800086481
88.59999999999999,-0.0519752982185901,0.1524327320732667,0.0341189396396987,0.1597734534025079,-0.05266124577470832
88.7,-0.07356914897061277,0.08273079676570683,0.03580541981519703,0.1491560334802489,-0.07438977490895515
88.8,-0.09187919192661062,0.02078589894821192,0.03646149857247072,0.1304468781483606,-0.09281849610596521
88.90000000000001,-0.09889627332005847,-0.0110888651602733,0.03638272417862443,0.11931005469997,-0.09989321473711638
89,-0.09163259063134609,-0.01495892870936644,0.03529918826100237,0.1239718747956869,-0.09260442524188794
89.09999999999999,-0.0731876500303786,-0.006479967855305246,0.03263872102402821,0.1365414838718376,-0.0740636274274965
89.2,-0.05056110548510131,0.0004598745309895014,0.02798359784823823,0.1392334885477497,-0.05131100606796801
89.3,-0.02987268250713365,-0.0003746324894058906,0.02144050065281139,0.12041126328402,-0.030512546656698
89.40000000000001,-0.01331831941383332,-0.009672117907229161,0.01374686652436452,0.0847214633964371,-0.01388730808094707
89.5,-0.001720513818564296,-0.02472636478514184,0.005786398804918991,0.04841211535114331,-0.002244018710415407
89.59999999999999,0.0004501940927570285,-0.03962173310935313,-0.001852350357933408,0.02491937525684329,-1.650716709966638e-05
89.7,-0.01416901432613025,-0.04705753714826105,-0.008893599066011559,0.01520682771771326,-0.01453749501732648
89.8,-0.046956420825523,-0.04264557146173492,-0.01517935400910025,0.009929282810786366,-0.04718197422748083
89.90000000000001,-0.08590913911458643,-0.02825684781031429,-0.02027910205146921,-0.0005633534543098007,-0.08597258447916573
90,-0.1110670862604038,-0.01151450027403067,-0.02361416467752386,-0.01688380478039314,-0.1109976789765851
90.09999999999999,-0.1094622735236607,-0.002413945366207981,-0.02488356654804103,-0.03357556046387056,-0.1093530114912773
90.2,-0.08303517461636918,-0.009524612568812763,-0.02417021072707543,-0.0482018831930402,-0.08303941543880167
90.3,-0.04125476413366668,-0.03633734815670076,-0.02196214588825318,-0.05990968229334431,-0.04154068858625859
90.40000000000001,0.009530269436934469,-0.07777257256191872,-0.0190366744232045,-0.06246729129030826,0.008873924662594013
90.5,0.06463343485924394,-0.1189537953800969,-0.01641619073382916,-0.0445852741864779,0.06368466422323044
90.59999999999999,0.1111428358545453,-0.1398616758979888,-0.01508111676285728,0.001690205713321347,0.1101281449698757
90.7,0.1269210573560599,-0.1257209900441583,-0.01562057045899212,0.07224130502629844,0.1260634926520205
90.8,0.09418558283971601,-0.07610499498634465,-0.01812295188856883,0.1515877501746739,0.09353316789197241
90.90000000000001,0.0138665835053336,-0.005013218019450316,-0.02218820230005186,0.2229347189279155,0.01325802955075706
91,-0.09318141125766123,0.06813407150689166,-0.02707340678475689,0.2737793536597071,-0.09398608021809146
91.09999999999999,-0.1957328521237447,0.1278336035700076,-0.03184542696664444,0.2939250670424359,-0.196884251526428
91.2,-0.2625723701447057,0.1643346749803336,-0.03577879239276333,0.2756027096739348,-0.2640623949980485
91.3,-0.271689289701134,0.1698543495068225,-0.03856381730383329,0.2197452205167423,-0.2733974601005179
91.40000000000001,-0.2209690231491527,0.1381917770863849,-0.04019698751153211,0.1424750182877763,-0.2227441591838382
91.5,-0.1347785925959629,0.07141032384286139,-0.04069617539888526,0.07025672241275016,-0.136482714474614
91.59999999999999,-0.05487776446634548,-0.01362417050542741,-0.03966551448487188,0.02357550877364439,-0.05638838068452734
91.7,-0.01593825584940908,-0.08809702588088775,-0.03645540768672384,0.004452543304155787,-0.01715173385084068
91.8,-0.02437365782288802,-0.1246169273793739,-0.0306792359550816,0.0008986008529168754,-0.02523632324040426
91.90000000000001,-0.05850536916996042,-0.1128537420200083,-0.02234792281963927,0.003060211102838328,-0.05904875029396173
92,-0.08721385702323163,-0.06703076384169904,-0.01207172003076828,0.01036526170025764,-0.0875479413212239
92.09999999999999,-0.08960926977469393,-0.01964139592108527,-0.001120644284935246,0.02267486652328876,-0.08986263025644842
92.2,-0.06352576327162292,-0.002886694746284779,0.008843542171223462,0.03223114418482304,-0.06377531061009251
92.3,-0.02249752893377436,-0.02830393595292502,0.016341322458373,0.02700497113380762,-0.02274200665904025
92.40000000000001,0.01360765581855512,-0.07914764087683429,0.02068299527390305,0.001371853363898445,0.01341677659067902
92.5,0.02895658520772275,-0.1228385740305457,0.02222126248136758,-0.03644102883329492,0.02885961333559328
92.59999999999999,0.01917958307558395,-0.1340651694410662,0.02202584456890344,-0.06862795443478342,0.01917310161500019
92.7,-0.006420896306450339,-0.1097889800729424,0.0213083184621648,-0.08145202670735507,-0.006379426173972969
92.8,-0.02875448214848688,-0.06655028058835361,0.02069369292286449,-0.07442726380690767,-0.02871774294963814
92.90000000000001,-0.02830436091998671,-0.02700992490700382,0.01993571347995005,-0.05582395332742496,-0.02831488576819374
93,0.002624455378057628,-0.007981898089527317,0.01826831150624852,-0.03366852854778257,0.002527768373469186
93.09999999999999,0.05034979660780656,-0.01469419849791154,0.01526772977341495,-0.01095899726596139,0.05011168614176703
93.2,0.08124217337586409,-0.03899332637367275,0.01155904721533224,0.01522609960258914,0.08078695726798574
93.3,0.05928988644730861,-0.06085915781489637,0.008690996331011891,0.049474532433187,0.05854776225481384
93.40000000000001,-0.02741086487638781,-0.05636360062959744,0.008115917558126906,0.09043743196426235,-0.02846017695821912
93.5,-0.1512691739323565,-0.01183485423610403,0.01016053007021001,0.127551587836197,-0.1525626037639493
93.59999999999999,-0.2576314552850179,0.063811125066083,0.01372878348381013,0.1453904589947684,-0.2590260161287035
93.7,-0.2994599740114224,0.1389633351135008,0.01693881545024184,0.1337222938733563,-0.3007912530793031
93.8,-0.2670560180843365,0.1738397861724846,0.01818777243804792,0.09496265639460821,-0.2682375081911024
93.90000000000001,-0.187276545385648,0.1415638928866219,0.01709214593290531,0.04441976669982034,-0.1883756994281987
94,-0.0951179102524595,0.04421392575488525,0.01434973381955018,0.004586162639816704,-0.09632813786756217
94.09999999999999,-0.009248225073055212,-0.08392220976116233,0.01099205099516987,-0.007948235597849074,-0.01074307088717763
94.2,0.06441561957786754,-0.188174848837131,0.007711815347148765,0.005108299369103231,0.0626469347867023
94.3,0.1149259227841948,-0.2185757366410406,0.004413697081752765,0.0253423840606315,0.113123301546863
94.40000000000001,0.1256468013131717,-0.158310659381194,0.0004125644489719749,0.03180380027595558,0.1241626444457851
94.5,0.0948649397701586,-0.03688819902270069,-0.004817871611517976,0.01671204869090631,0.09397974545734711
94.59999999999999,0.04889142432947913,0.08568757765448604,-0.01102747076966276,-0.01116321420783667,0.04868752923240549
94.7,0.0253430107437544,0.1559998674697661,-0.01716155078781778,-0.03831938652723432,0.02568801521578923
94.8,0.04077878433134473,0.1577165135601662,-0.02178637040960441,-0.05988262803406413,0.04139661130931194
94.90000000000001,0.07727910077031808,0.1122500154872426,-0.02384260684987427,-0.07985367292462608,0.0778673604457279
95,0.1021091040341669,0.05409675256830404,-0.0232503986316045,-0.101758398351548,0.1024624188544587
95.09999999999999,0.09771807571853254,0.007155170750366036,-0.02077001195799133,-0.1245298992590785,0.09780666151945305
95.2,0.07107100830073172,-0.01954184330190001,-0.0172981778447785,-0.1458312294004617,0.07102331207335766
95.3,0.03942914074797894,-0.02318387326642302,-0.01346462525325043,-0.1631963115236927,0.03941526320970223
95.40000000000001,0.01470712604654914,-0.003068201422520234,-0.00955468633839035,-0.1696593987435299,0.01480176403469058
95.5,0.001023650232380809,0.03454251340035419,-0.005740710004568439,-0.1541423007600354,0.001160753847012419
95.59999999999999,-0.001670850874419197,0.07338499122598541,-0.002406739601298391,-0.112806790718769,-0.001616017808754311
95.7,0.001907917695990262,0.09454365423383204,-0.0001489922943747612,-0.06018003520470266,0.001817031425945581
95.8,0.001583900626510266,0.0888514072233188,0.0005051343569283384,-0.02065024931447473,0.001380021972732237
95.90000000000001,-0.01220249441165601,0.06237209887218631,-0.0006204165512289084,-0.009478678754835657,-0.01245983647087667
96,-0.04050912464450732,0.03038190947750807,-0.003305491974448849,-0.02150246774976206,-0.04080970351362945
96.09999999999999,-0.07580903022166895,0.006967897603992634,-0.00698541464618585,-0.03717727195740805,-0.07618748299503741
96.2,-0.108745879172912,-0.001283558830189824,-0.01084207693475747,-0.03995893496366543,-0.1092189523469282
96.3,-0.1330549645043453,0.003368752058194258,-0.01395364310278746,-0.02735606391097067,-0.133586366174108
96.40000000000001,-0.1443442670515801,0.01121331396798902,-0.01541020888786271,-0.007676099186255225,-0.144875402090353
96.5,-0.1360236665658259,0.00884870882030564,-0.01453890160464533,0.01064381522474289,-0.1365260566712753
96.59999999999999,-0.09913245645686512,-0.01391474507829821,-0.01117130070592454,0.02388970143823044,-0.09961971758307525
96.7,-0.02988553991940468,-0.0570142854335447,-0.005755459325152756,0.0287493325017063,-0.03037497637446618
96.8,0.06055265134822815,-0.1092038270210118,0.0008760612284042235,0.01884430317446717,0.06008725084959537
96.90000000000001,0.1456430291858631,-0.1542321354507263,0.007937262298207182,-0.00897793966350835,0.1452853285580951
97,0.1958339942347372,-0.1780620514964886,0.01509144588526273,-0.04651256179922048,0.1956979693017211
97.09999999999999,0.1931331426897002,-0.1716973701759268,0.02252527869760002,-0.07782433030339497,0.1933110667574516
97.2,0.1373290314385632,-0.1311018161457612,0.03054887567073911,-0.09253128166569813,0.1378338493382663
97.3,0.04580162090377979,-0.05914130357265357,0.03876058465740795,-0.09533314081681626,0.04653270256561248
97.40000000000001,-0.04874311236546122,0.02980998775206595,0.0459602889370091,-0.101469808734597,-0.04796999428427379
97.5,-0.1079138233851616,0.10923228070931,0.05059366963381101,-0.1237088908833358,-0.107268884077741
97.59999999999999,-0.1076351956146996,0.150033051682319,0.05156478569659384,-0.1644826130992445,-0.1071841496506923
97.7,-0.05427933716971279,0.1363539931359289,0.04864419571854095,-0.2142415643040487,-0.05398690138431539
97.8,0.02101616369221282,0.0751627225930892,0.04285684779309501,-0.2537820885581911,0.02120453277568018
97.90000000000001,0.08618700242632345,-0.00778493113539741,0.03603883371609384,-0.2614102192383455,0.08629700273775748
98,0.1264481529094516,-0.08045286560701398,0.02973761944641712,-0.2254455258305751,0.1265253021412575
98.09999999999999,0.141762771452988,-0.1167086477132959,0.02461937358899818,-0.1573112729771443,0.1419394067197953
98.2,0.134801060568401,-0.1049620962355693,0.02050509725456923,-0.08959511376933538,0.1352600232439845
98.3,0.1084837690726038,-0.05338578640235153,0.01673324569179163,-0.05399314708492203,0.1093237386727996
98.40000000000001,0.07221949373477199,0.01187151829727434,0.01294379620411423,-0.05949524336183537,0.07336036637326437
98.5,0.04109208026596203,0.05937655064265351,0.009516573790611549,-0.09072445801243001,0.04232026968544883
98.59999999999999,0.02513745713160638,0.07076923031896687,0.007240056866248012,-0.1231603202078416,0.02623762906758653
98.7,0.02224948662212169,0.05048296520786055,0.006600712149787968,-0.1392425344055096,0.0231012185638716
98.8,0.02178254501915123,0.01826387861528345,0.007274598965070544,-0.1349734626776182,0.02237490788867491
98.90000000000001,0.01232853067044237,-0.007333082605865626,0.00829782064856277,-0.1172122306249874,0.01273152767291053
99,-0.01137552885320784,-0.01918352587434952,0.00851346083753346,-0.09590713589524169,-0.01104520059483349
99.09999999999999,-0.04238486871155115,-0.01977021723077604,0.007056882488114202,-0.07735491484835971,-0.04200834166073092
99.2,-0.06059784948843502,-0.01470648613193082,0.003718335546966101,-0.06244695862023175,-0.0601172054878884
99.3,-0.04278210076792884,-0.01001587192464637,-0.001118868556111929,-0.0485523116871317,-0.04225036952386452
99.40000000000001,0.01904361558379483,-0.01253419303104303,-0.006837870312982552,-0.03217993676611708,0.01948348066979588
99.5,0.1031142272754549,-0.02785829456365185,-0.01281432230607338,-0.01259529355095668,0.1033370666387444
99.59999999999999,0.1617508503133692,-0.05452340942526535,-0.01849238489261207,0.005355550837061296,0.1617714902062091
99.7,0.1473149981156338,-0.07971993103031277,-0.02349711091688178,0.01140268319383619,0.147315583682639
99.8,0.04546381230879668,-0.08249483879520014,-0.02768630767025887,-0.002824716583199549,0.04568788078682273
99.90000000000001,-0.1079639869685205,-0.0456009466609627,-0.03094159369355903,-0.03410032129323387,-0.1073726121965599
100,-0.2407960882438693,0.02983462237994267,-0.03299550690856767,-0.06837765199428636,-0.2398857257498452
