step,Z_site1,Z_site4,Z_site5,Z_site6
0,1.0,-1.0,1.0,-1.0
1,0.9218477562685516,-0.8467955130066309,0.8467955130066431,-0.8467955130066416
2,0.6594047241912347,-0.47771895951496257,0.47708320042967167,-0.4777121843318198
3,0.29343472634068307,-0.0924063854333027,0.09093186663744668,-0.0925476894885277
4,0.0019160878795543182,0.14475649478566682,-0.1440886095449515,0.14319993370055967
5,-0.1256844083480096,0.19387934009858848,-0.18567979846609095,0.18740814686920043
6,-0.11125314066122931,0.12358578979285667,-0.10277912418831714,0.107025330921667
7,-0.035309444797612444,0.03357577534408496,0.004245472827225316,0.003188176490778294
8,0.029393162290510894,-0.013360289998526675,0.07075706375066049,-0.055814913411842526
