step,Z_site1,Z_site3,Z_site6
0,1.0,1.0,-1.0
1,0.9752198704902814,0.9604311616717003,-0.9752198704902814
2,0.8806564168607615,0.8479289844307263,-0.8806564168607659
