step,Z_site1,Z_site4,Z_site5,Z_site6
0,1.0,-1.0,1.0,-1.0
1,0.8467955130066294,-0.8467955130066289,0.846795513006632,-0.8467955130066326
2,0.47708325914678557,-0.47771218430699636,0.477083259146981,-0.4777121843064842
3,0.09092806878839169,-0.09254749351119496,0.09092806879054438,-0.09254749350089503
4,-0.14416933067797297,0.1431996150231032,-0.14416933066729448,0.1431996150787453
5,-0.18621870431791512,0.18738091147855584,-0.18621870427757148,0.18738091163739634
6,-0.10489102301385664,0.10682969656012997,-0.10489102288641439,0.10682969686738508
7,-0.0016914342088520872,0.0024199876770962803,-0.0016914338854828737,0.002419988152178587
8,0.05784018493648675,-0.05791181306491894,0.05784018559427473,-0.057911812401531315
