step,Z_site1,Z_site4,Z_site5,Z_site6
0,1.0,-1.0,1.0,-1.0
1,0.8467955130066294,-0.8467955130066294,0.8467955130066296,-0.8467955130066305
2,0.47708325914726096,-0.47771218430702966,0.47708325914725425,-0.4777121843070164
3,0.09092806880274446,-0.09254749351579317,0.09092806880273546,-0.0925474935157804
4,-0.14416933058256098,0.14319961498417766,-0.14416933058257564,0.14319961498419403
5,-0.18621870399572954,0.18738091133009466,-0.18621870399574286,0.18738091133010992
6,-0.10489102230119018,0.106829696212765,-0.10489102230119884,0.10682969621277494
7,-0.0016914330360567331,0.0024199871176471266,-0.0016914330360637275,0.002419987117648903
8,0.057840186491347034,-0.05791181371388682,0.057840186491344925,-0.05791181371388743
