step,Z_site1,Z_site4,Z_site5,Z_site6
0.0,1.0,-1.0,1.0,-1.0
1.0,0.8467955130066337,-0.8467955130066339,0.8467955130066338,-0.846795513006634
2.0,0.47708325914726407,-0.47771218430703266,0.47708325914726435,-0.47771218430703266
3.0,0.09092806880274358,-0.09254749351579095,0.09092806880274379,-0.09254749351579084
4.0,-0.1441693305825671,0.14319961498418624,-0.14416933058256698,0.14319961498418632
5.0,-0.1862187039957363,0.1873809113301053,-0.1862187039957363,0.18738091133010532
6.0,-0.1048910223011974,0.10682969621277709,-0.10489102230119751,0.10682969621277703
7.0,-0.0016914330360645602,0.0024199871176539545,-0.0016914330360646018,0.0024199871176539406
8.0,0.05784018649134376,-0.05791181371388331,0.057840186491343856,-0.0579118137138832
