step,Z_site1,Z_site4,Z_site5,Z_site6
0.0,1.0,-1.0,1.0,-1.0
1.0,0.8467955130066307,-0.8467955130066296,0.8467955130066303,-0.84679551300663
2.0,0.47708325914677085,-0.4777121842926923,0.47708325914631206,-0.4777121843052694
3.0,0.09092806879264304,-0.09254749349446012,0.0909280687952781,-0.09254749350156544
4.0,-0.14416933065534565,0.14319961501148315,-0.1441693306351632,0.14319961506103845
5.0,-0.18621870427162188,0.18738091138743773,-0.1862187041903852,0.18738091158244935
6.0,-0.10489102296970523,0.10682969637298884,-0.10489102275892359,0.10682969676602586
7.0,-0.0016914341871933636,0.00241998746337152,-0.0016914337904422871,0.002419988000978701
8.0,0.057840184974045965,-0.05791181319277361,0.057840185594920906,-0.05791181262224962
