step,Z_site1,Z_site4,Z_site5,Z_site6
0,1.0,-1.0,1.0,-1.0
1,0.8467955130066295,-0.8467955130066303,0.8467955130066306,-0.8467955130066294
2,0.4770832441780421,-0.4777121719972039,0.47708324522803347,-0.4777121750444069
3,0.09092410138109866,-0.09254463737928709,0.09092410486730229,-0.09254464713310778
4,-0.14424261956237086,0.14324849158532144,-0.14424261512788272,0.14324847592291123
5,-0.18674209795341726,0.18771711639200112,-0.18674209608172843,0.18771711255516915
6,-0.10711874545404365,0.10831765080238065,-0.10711875444063451,0.10831770026396692
7,-0.008317432554897742,0.007290678442359255,-0.0083174671369034,0.007290821464779551
8,0.043341397549281714,-0.046087875744053486,0.04334133827364739,-0.046087649993759916
