step,Z_site1,Z_site4,Z_site5,Z_site6
0,1.0,-1.0,1.0,-1.0
1,0.8467955130066286,-0.8467955130066294,0.8467955130066283,-0.8467955130066267
2,0.47708324643865513,-0.477712172553877,0.47708324643866223,-0.47771217255387194
3,0.0909241099081182,-0.09254463746558328,0.0909241099081195,-0.09254463746558067
4,-0.14424260178063664,0.1432484933938898,-0.14424260178062354,0.14324849339388923
5,-0.18674207301923576,0.1877171167549494,-0.18674207301920343,0.18771711675494618
6,-0.1071187264520346,0.10831764264477212,-0.10711872645199727,0.10831764264477589
7,-0.00831744332373879,0.00729065940714313,-0.008317443323688667,0.007290659407151401
8,0.043341337329578976,-0.04608789716878381,0.043341337329641294,-0.04608789716877992
