step,Z_site1,Z_site4,Z_site5,Z_site6
0.0,1.0,-1.0,1.0,-1.0
1.0,0.8467955130066297,-0.8467955130066296,0.84679551300663,-0.8467955130066299
2.0,0.47708324643865546,-0.47771217255388415,0.47708324643866495,-0.4777121725538691
3.0,0.09092410990810701,-0.09254463746559505,0.090924109908121,-0.09254463746556811
4.0,-0.14424260178065834,0.14324849339386939,-0.14424260178062503,0.14324849339391194
5.0,-0.18674207301925458,0.18771711675491612,-0.18674207301919246,0.1877171167549709
6.0,-0.10711872645203921,0.10831764264473098,-0.10711872645196446,0.10831764264478891
7.0,-0.008317443323737097,0.007290659407105993,-0.008317443323653945,0.007290659407166583
8.0,0.04334133732957844,-0.046087897168816505,0.04334133732966139,-0.046087897168765046
