step,Z_site1,Z_site4,Z_site5,Z_site6
0,1.0,-1.0,1.0,-1.0
1,0.8467955130066309,-0.8467955130066294,0.8467955130066285,-0.846795513006628
2,0.47708324504715943,-0.47771217187703907,0.4770832446528771,-0.4777121690329371
3,0.09092410639356517,-0.0925446341447076,0.09092410275387153,-0.09254462831644539
4,-0.14424260709721734,0.14324850541280054,-0.1442426257110131,0.1432485099866212
5,-0.18674208144126847,0.18771714913289267,-0.18674213277113888,0.18771714902166992
6,-0.10711874352247945,0.10831770619647607,-0.10711883728321842,0.10831770622876169
7,-0.00831747545653453,0.00729075239439908,-0.008317602943033187,0.007290764030344676
8,0.04334129219184669,-0.04608779449946426,0.043341158062259744,-0.04608776772014894
