step,Z_site1,Z_site4,Z_site5,Z_site6
0.0,1.0,-1.0,1.0,-1.0
1.0,0.8467955130066297,-0.8467955130066296,0.84679551300663,-0.8467955130066299
2.0,0.4770832464416157,-0.4777121725539018,0.4770832464386819,-0.4777121725538546
3.0,0.09092410993730435,-0.09254463746464664,0.09092410990618202,-0.09254463746335512
4.0,-0.1442426016776997,0.14324849340367418,-0.1442426017987601,0.14324849341580892
5.0,-0.18674207283435496,0.18771711679782782,-0.18674207310458443,0.18771711685520753
6.0,-0.10711872630553854,0.10831764275973205,-0.10711872671053735,0.10831764292325416
7.0,-0.008317443460774787,0.007290659635594915,-0.00831744385878505,0.007290659931361243
8.0,0.04334133667736023,-0.04608789677335792,0.0433413365399381,-0.04608789645626654
