step,Z_site1,Z_site4,Z_site5,Z_site6,Z_site7,Z_site8,Z_site20,Z_site25
0,1.0,-1.0,1.0,-1.0,1.0,-1.0,-1.0,1.0
1,0.9801751622459178,-0.9604328736705051,0.9604329950703836,-0.9604329941579139,0.960432994157151,-0.960432994160245,-0.960432994148696,0.9801751630656055
2,0.9224243784479872,-0.847929044457141,0.8479087203279837,-0.8479238328784585,0.8479094807489408,-0.8479236708488146,-0.847923003561919,0.9224224025280705
3,0.8318808088825889,-0.6797523590514427,0.6796511498543002,-0.6797195971341277,0.6796476061755066,-0.679719269129872,-0.6797186114953071,0.8318802891098107
4,0.7167115031643536,-0.4806379167607616,0.480389498417213,-0.48056219988885057,0.48037799598105935,-0.4805621057339904,-0.4805614173154579,0.7167159796957745
