step,Z_site1,Z_site4,Z_site5,Z_site6,Z_site7,Z_site8,Z_site20,Z_site25
0,1.0,-1.0,1.0,-1.0,1.0,-1.0,-1.0,1.0
1,0.9801164923785007,-0.9604314038952395,0.9604314023450828,-0.9604314023473892,0.9604314023443106,-0.9604314023474225,-0.9604314023474734,0.9801164930015197
2,0.9221114959952043,-0.8479163491368871,0.8479016764540256,-0.8479177412683022,0.8479029258867314,-0.8479171071760331,-0.8479176872189634,0.9221145108778452
3,0.8312354693023497,-0.6797470362098109,0.6796607437527873,-0.6797375444745191,0.6796661739038992,-0.679738059802425,-0.6797279766325061,0.8312985736073446
4,0.7156715822764281,-0.48059856130683204,0.48039758818056666,-0.48059359083318415,0.4804101006170487,-0.48059595580089537,-0.48058400415763813,0.7158139759057887
