step,Z_site1,Z_site4,Z_site5,Z_site6,Z_site7,Z_site8,Z_site20,Z_site25
0,1.0,-1.0,1.0,-1.0,1.0,-1.0,-1.0,1.0
1,0.9801753855029868,-0.9604329925509152,0.960432992104228,-0.9604329921132665,0.9604329921056524,-0.9604329921087985,-0.9604329920972821,0.9801751634592758
2,0.9224344121024705,-0.8479332416442069,0.8479135976231951,-0.8479304064131583,0.8479162956761245,-0.8479307370471456,-0.8479329785312304,0.9224574679026213
3,0.831842356722893,-0.6797258551635861,0.6796371252411935,-0.6797092480449355,0.6796381283628058,-0.6797099735803684,-0.6797131439973525,0.8318972538930479
4,0.7165824224497246,-0.4805355618120942,0.4803199142666373,-0.4804958476953875,0.48031212058189554,-0.48049617549392853,-0.48050109750680314,0.7166396647227288
