step,Z_site1,Z_site4,Z_site5,Z_site6,Z_site7,Z_site8,Z_site20,Z_site25
0,1.0,-1.0,1.0,-1.0,1.0,-1.0,-1.0,1.0
1,0.9801164923785005,-0.9604314038952385,0.9604314023450824,-0.9604314023473894,0.9604314023443115,-0.9604314023474235,-0.9604314023474732,0.9801164930015208
2,0.9221957797687794,-0.8479341954246028,0.8479093848253476,-0.847930029539234,0.8479206706303116,-0.8479616390556362,-0.8479196546427005,0.9221959872016937
3,0.8313560941741793,-0.6797168279035197,0.679881462981304,-0.680120297941242,0.6796134550855346,-0.6798089882697169,-0.6794759824070447,0.8313552325571458
4,0.7158383768537833,-0.4805490700222829,0.4806389125841157,-0.48104744158620416,0.48032558197598463,-0.48065466240868876,-0.4802311024424534,0.7158360563172772
