step,Z_site1,Z_site4,Z_site5,Z_site6
0,1.0,-1.0,1.0,-1.0
1,0.9218477562685519,-0.8467955130066313,0.8467955130066387,-0.8467955130066361
2,0.7142190939861077,-0.47771895936390374,0.4770832003463201,-0.47771206012467854
3,0.4454975261828318,-0.09228979191491404,0.09093253903141996,-0.09254913568933465
4,0.19575410222864614,0.1462507003456775,-0.14403386838929788,0.14305695651498268
5,0.024805173571322246,0.20145282101154438,-0.1851127877753621,0.18614832170558127
6,-0.046169981351930525,0.14663087483381954,-0.09992096418177088,0.10151818180805339
7,-0.033324187199493524,0.08351800616024574,0.013530433700644662,-0.012874725815980481
8,0.02538668734158666,0.06984084547147879,0.09234630383776188,-0.09095029730369264
