step,Z_site1,Z_site4,Z_site5,Z_site6
0,1.0,-1.0,1.0,-1.0
1,0.921847756268552,-0.8467955130066298,0.8467955130066298,-0.8467955130066296
2,0.7142190939860936,-0.4777189593413971,0.4770832003206187,-0.47771206010479345
3,0.44549752620444244,-0.09228979135708537,0.09093253837746518,-0.09254913514280944
4,0.19575410232720827,0.1462507042239155,-0.14403387279712665,0.1430569604204009
5,0.024805173791123684,0.20145283406940384,-0.1851128018796907,0.18614833475157866
6,-0.046169981090454226,0.1466309018653837,-0.09992099173586544,0.10151820810484402
7,-0.033324187224847916,0.08351804394601703,0.013530397397552463,-0.012874690712104786
8,0.025386686383335706,0.06984088131691268,0.09234627173331977,-0.09095026675932427
