step,Z_site1,Z_site4,Z_site5,Z_site6
0,1.0,-1.0,1.0,-1.0
1,0.9218477562685521,-0.8467955130066294,0.8467955130066335,-0.8467955130066339
2,0.7142190939861087,-0.4777189593639011,0.4770832003463059,-0.4777120601246702
3,0.44549752618283417,-0.09228979191491132,0.09093253903139886,-0.09254913568932582
4,0.19575410222864895,0.14625070034568122,-0.14403386838931775,0.1430569565149838
5,0.024805173571323096,0.20145282101154166,-0.18511278777536705,0.18614832170556656
6,-0.046169981351927854,0.1466308748338171,-0.09992096418177376,0.10151818180804328
7,-0.03332418719949288,0.08351800616023641,0.013530433700642996,-0.012874725815987753
8,0.02538668734158444,0.06984084547146863,0.09234630383775083,-0.09095029730369103
