step,Z_site1,Z_site4,Z_site5,Z_site6
0.0,1.0,-1.0,1.0,-1.0
1.0,0.9218477562685554,-0.846795513006633,0.8467955130066327,-0.8467955130066328
2.0,0.7142190939861005,-0.47771895934140063,0.47708320032062257,-0.4777120601047983
3.0,0.44549752620444993,-0.09228979135708236,0.0909325383774637,-0.09254913514280882
4.0,0.19575410232721677,0.14625070422392625,-0.14403387279713475,0.14305696042041183
5.0,0.024805173791128326,0.20145283406941586,-0.1851128018796993,0.18614833475158835
6.0,-0.04616998109044812,0.14663090186538966,-0.09992099173586999,0.10151820810485077
7.0,-0.033324187224843344,0.0835180439460134,0.013530397397556751,-0.012874690712103787
8.0,0.025386686383345115,0.06984088131690572,0.09234627173332735,-0.09095026675932746
