step,Z_site1,Z_site4,Z_site5,Z_site6
0.0,1.0,-1.0,1.0,-1.0
1.0,0.9218477562685519,-0.8467955130066303,0.8467955130066305,-0.8467955130066296
2.0,0.7142190940305805,-0.47771895934843406,0.47708320029353823,-0.47771206011275125
3.0,0.44549752635556017,-0.09228979185627623,0.09093253900619344,-0.09254913565998191
4.0,0.19575410261918263,0.14625070043717764,-0.1440338684250896,0.14305695663550994
5.0,0.024805173786113993,0.2014528213514984,-0.18511278827298697,0.1861483223767891
6.0,-0.046169981283171097,0.1466308758975333,-0.09992096656200528,0.10151818427293988
7.0,-0.033324187260684035,0.08351800828441996,0.013530426981167631,-0.01287471955290101
8.0,0.025386687118099882,0.0698408486916112,0.09234629083899401,-0.09095028493434873
