step,Z_site1,Z_site4,Z_site5,Z_site6
0.0,1.0,-1.0,1.0,-1.0
1.0,0.9218477562685515,-0.8467955130066303,0.8467955130066336,-0.8467955130066296
2.0,0.7142190939861077,-0.4777189593639006,0.47708320034629814,-0.4777120601246638
3.0,0.4454975261828346,-0.09228979191536307,0.09093253903199955,-0.09254913568992557
4.0,0.1957541022284154,0.1462507003455623,-0.1440338683868029,0.14305695651066763
5.0,0.024805173570504598,0.2014528210398393,-0.18511278780564244,0.18614832173472465
6.0,-0.04616998135253153,0.14663087493417845,-0.0999209644304245,0.10151818203377677
7.0,-0.033324187200109934,0.08351800626296135,0.013530432840681506,-0.012874725003054366
8.0,0.025386687330253954,0.06984084554654038,0.09234630179039288,-0.09095029480376032
