t,z_ref_qutip,DOUBLEADAPTIVE,DOUBLEFIXED,SINGLE_SITE_TDVP,TWO_SITE_TDVP
0,1,1,1,1,1
0.05,0.9593290064350518,0.9595234191192825,0.9593219377262577,0.9593290303862629,0.9593290302670041
0.1,0.8440499418656346,0.844808286958713,0.8443176467397148,0.8440501066888321,0.8440501063674004
0.15,0.6728327308145016,0.6743537774903987,0.6734313533067209,0.6728332234814887,0.6728332229403481
0.2,0.4721288875982957,0.474360550893406,0.4735537264537515,0.4721300949574753,0.4721300938758053
0.25,0.2705631219717249,0.2731976458707924,0.2727675614107177,0.2705653469038926,0.2705653451533352
0.3,0.0933616522915471,0.09595166701857716,0.09588222192384011,0.09336497224274221,0.09336497055422061
0.35,-0.04184535184925795,-0.03975319620797813,-0.03940788268574691,-0.04184089898160021,-0.0418409003941636
0.4,-0.1270368533083357,-0.1257959172334758,-0.1250700405075461,-0.1270315291862224,-0.1270315294174302
0.45,-0.1635030883895844,-0.1632799680718896,-0.1623620433929115,-0.1634971458304193,-0.163497140635296
0.5,-0.1597100754545171,-0.1604595781708613,-0.1596155570048821,-0.159704008536856,-0.1597039788870001
0.55,-0.1281699879229511,-0.1296649245194916,-0.1291574557985308,-0.1281642348644164,-0.1281641045069964
0.6,-0.08222882277000067,-0.08412957817846756,-0.08414721742604664,-0.08222406983865482,-0.08222358815506531
0.65,-0.03350638917264599,-0.03544726108606777,-0.03606231499883961,-0.0335035323376236,-0.03350204723958466
0.7,0.009611909054298666,0.007944389588713519,0.00677682198069296,0.009611413917478662,0.009615176943357007
0.75,0.04238826515738855,0.04120483264900665,0.03961613106086026,0.042382946838386,0.04239047320268097
0.8,0.06329172535318517,0.06268403647759835,0.06085625076184842,0.06328261328701601,0.06329298986607301
0.85,0.07308499115152105,0.07303862174322762,0.07118448604589872,0.07308220511902069,0.0730855390577268
0.9,0.07381800936401883,0.07424191083080706,0.07259706040786013,0.07385091168906649,0.07381810537394867
0.95,0.06799706397653865,0.06875634061541835,0.06756125569813787,0.06812491905579321,0.06799696473524097
1,0.05804641161618298,0.05899087387136837,0.05844969483016749,0.05836394229008829,0.05804632816713456
1.05,0.04604633663789066,0.04703340910983927,0.04727167524078157,0.04667822879159367,0.04604641265888532
1.1,0.03365623874802055,0.03456841491526619,0.03562983849857732,0.03473873539431932,0.03365655997610251
1.15,0.02212113206760088,0.02287721626780098,0.02476609725180146,0.02377526375218852,0.02212174644662773
1.2,0.01229488221206889,0.01285472513311747,0.01558120338621038,0.01459843096926522,0.01229582607597357
1.25,0.004661227977982227,0.005024838766501005,0.008608064589099018,0.007620067321248536,0.004662544182318928
1.3,-0.0006342289170933592,-0.0004331533326055181,0.003993950600734875,0.002876546100507471,-0.0006324933753754092
1.35,-0.003723045997971045,-0.003630696409242684,0.001550207124436598,9.018816979361466e-05,-0.003720858959123829
1.4,-0.004921983382531477,-0.004884248485850395,0.0008827317875859109,-0.001190481413858246,-0.004919356093126215
1.45,-0.004628571047243476,-0.004608872282936827,0.001541036591650946,-0.001410958032473264,-0.004625588836891625
1.5,-0.003232703135049606,-0.003219007490188608,0.00309073044263386,-0.0009021337458055001,-0.003229521685396863
1.55,-0.001066260083843987,-0.001068917550713533,0.005296176373442596,9.988926828841116e-05,-0.001063093031074325
1.6,0.00160585724144284,0.001565620583527438,0.008005246421569245,0.001473065705185683,0.001608816668873803
1.65,0.004571383337911136,0.004478074530340215,0.01129166096160461,0.003360934261340542,0.004574023273542172
1.7,0.007664021515274302,0.007518459933739674,0.01525295252882009,0.005902829403977072,0.007666417475861664
1.75,0.01079345433674009,0.01061320023672208,0.01985930001171621,0.009291800918214244,0.01079590446844125
1.8,0.01402140826858611,0.01382853853488247,0.02513797066223639,0.0138118757468802,0.01402446558785431
1.85,0.01766333750344271,0.01746352898170256,0.03132704022415123,0.01986280949933139,0.01766773467255328
1.9,0.02236663578304987,0.02212894723357611,0.03863385326480873,0.02790305405718657,0.02237321343449594
1.95,0.02910566686611912,0.028751383391806,0.04705007450057708,0.03831225600831412,0.02911518995831913
2,0.03905016735055998,0.03845925855930543,0.05656399788244515,0.05125329064318757,0.03906325081257589
2.05,0.05330824210662399,0.05234718018324053,0.06734080244878232,0.06670953783382844,0.05332515042987374
2.1,0.07260005592442481,0.07116516669477713,0.07951256943775359,0.08452033341608967,0.0726207624983134
2.15,0.09696309206811547,0.09502268360114968,0.09309602169795489,0.1041865590493715,0.09698714206482867
2.2,0.1255948412545085,0.1232131802673129,0.1083054805145547,0.1250254711644797,0.1256215722392124
2.25,0.1569013749980561,0.1542348916933235,0.1255073360135416,0.1463302232490996,0.156929838131301
2.3,0.1887435088755065,0.1860103223057976,0.1449842171454901,0.1674963037371942,0.188772756551668
2.35,0.2187974038222456,0.2162317536348106,0.1667286609227474,0.1881112434235322,0.2188264281528037
2.4,0.2448993369562696,0.2427119168629233,0.190272471103023,0.207870150737218,0.2449273276767235
2.45,0.2652589198204806,0.2636212986384398,0.2146320706058363,0.2262826490560779,0.2652852213123674
2.5,0.2784872834179979,0.2775463767359592,0.2381739672397868,0.2424079874540117,0.2785115915831727
2.55,0.283477616445185,0.2833889478141194,0.2583167067488208,0.2548014427990691,0.2834999635649559
2.6,0.2792463883051211,0.2802028747138243,0.2714292576592999,0.2614781978376367,0.2792672452925636
2.65,0.2648691253862208,0.2670977777675727,0.2733874276679822,0.2599035541483196,0.2648893455446967
2.7,0.2396073258334353,0.2433201899290512,0.2604488496470365,0.2472895153550361,0.2396280725366386
2.75,0.2032392564443335,0.2085477526933671,0.2298930560532111,0.2212163070698683,0.2032618174767964
2.8,0.1565051461816973,0.1633246965255354,0.1807452950496591,0.1803747882102801,0.1565306786330087
2.85,0.1014975638300037,0.1094753766635608,0.114523414395978,0.1252289773404276,0.1015268563038912
2.9,0.04180526774706104,0.05030155390222057,0.03544533268705463,0.05840780901326015,0.04183847842941402
2.95,-0.01772942716301323,-0.009584383131032048,-0.04998832580664664,-0.01534471653188879,-0.01769280565673897
3,-0.07166136032077834,-0.06483375404700475,-0.1340680756370018,-0.08966249103705554,-0.07162255352512492
3.05,-0.1148783651661072,-0.1102460903766553,-0.2090438215941288,-0.1573348681253292,-0.114838999719127
3.1,-0.1435777394258223,-0.1417436596939066,-0.2679303023268948,-0.211383339796395,-0.1435397007615689
3.15,-0.1559964863521299,-0.1571588781956,-0.3049973728342948,-0.2463371695698838,-0.1559614395093981
3.2,-0.1526626922082311,-0.1565783714132478,-0.3163182356286806,-0.258977072775869,-0.1526319970797588
3.25,-0.1360834290835305,-0.1421405923305277,-0.3006738911574369,-0.2485552632921391,-0.1360578409284042
3.3,-0.1099684263327965,-0.1173489675573608,-0.2599252789682366,-0.2168154275724207,-0.109948244337472
3.35,-0.07825028161210855,-0.08612849294459612,-0.198504972786491,-0.1676477089530308,-0.07823533504403668
3.4,-0.04422728234087007,-0.05194282716213172,-0.1225673525318868,-0.1063496256319983,-0.0442171965428052
3.45,-0.01010092964195109,-0.01724879477297997,-0.03908979398523349,-0.0388214656308275,-0.01009521226688603
3.5,0.02298379886043934,0.01656855621494524,0.04475733578121005,0.02900419953429934,0.02298560240329844
3.55,0.05449105749642923,0.04883249941391005,0.1218440418195675,0.09145098548129077,0.05448935414109934
3.6,0.08389670772289586,0.07900455977197307,0.1854117113518609,0.1433070297844075,0.08389186955966127
3.65,0.1102435065307509,0.1062063022517771,0.2299079736410607,0.1802192727984989,0.1102359141962891
3.7,0.1320624973860536,0.1290693328728467,0.2520436098850254,0.1993829595480964,0.1320526039732922
3.75,0.1476911267648717,0.1459758943883431,0.2516646970161099,0.2002820301899556,0.1476794482826828
3.8,0.1558267500179142,0.1555637063177736,0.2319369779727092,0.184964668877854,0.1558138791266007
3.85,0.156044258649837,0.1572500623566996,0.1979065874663882,0.1575214819574225,0.1560307834312055
3.9,0.1490275831032458,0.1515190930503337,0.1557986686657035,0.12303617909892,0.1490140638251117
3.95,0.136405092390946,0.1398334098799209,0.1118675313361547,0.08648557401622214,0.1363919814239105
4,0.1202652190366131,0.1242078727115632,0.07139976454125602,0.05186525318987228,0.1202528603598991
4.05,0.1025708020910237,0.1066395098836077,0.03791707598076488,0.02172103361978961,0.1025594078975132
4.1,0.08472076843192684,0.08864165189195744,0.01286658182157252,-0.002837101804361142,0.08471045180392217
4.15,0.06742041489537021,0.07105688943857569,-0.004038190679991338,-0.0217417931345002,0.06741120564566239
4.2,0.05086698285798676,0.05418130518207798,-0.0140839126477913,-0.03541627855290441,0.0508588555842856
4.25,0.03511550099847516,0.03809664075216135,-0.01887000682322537,-0.04430101632085226,0.03510839014450517
4.3,0.02042446461371453,0.02302436158119009,-0.0199974089190097,-0.04864257357645524,0.02041827025305004
4.35,0.007412333567828298,0.009523607469953288,-0.01888424708724312,-0.04856238822956427,0.007406937251433154
4.4,-0.003041974905318961,-0.001554459977947231,-0.01654110170111278,-0.0442683349798626,-0.00304669821956699
4.45,-0.01010069519964893,-0.009329898081322618,-0.01366352938643811,-0.03627363081757506,-0.01010483192443656
4.5,-0.01332871013880288,-0.01325701859502326,-0.01085288225669168,-0.02555923967560536,-0.01333227024532357
4.55,-0.01294833474226123,-0.0134157241583952,-0.008574467578248257,-0.0136235170037049,-0.01295119130326206
4.6,-0.009863667450221466,-0.01058963838315968,-0.007039514913595002,-0.002336335027613878,-0.009865536217552817
4.65,-0.005421807255414256,-0.006081404728088158,-0.006247466254460876,0.006428713725791735,-0.005422243719602593
4.7,-0.000982013307913367,-0.001315843848026188,-0.006121724282984964,0.0112693352645587,-0.0009804743091116896
4.75,0.002557293393594028,0.002639542994863076,-0.006226191401041636,0.01165087647580076,0.002561347514230428
4.8,0.00510017543412717,0.005464519103199283,-0.005564656080867092,0.008150046400443256,0.005107154556016069
4.85,0.007431558281851813,0.007736999957351776,-0.002662405488628283,0.002506376806763799,0.007441594638700089
4.9,0.01099265574678301,0.01078105956979375,0.003949437051592286,-0.002637205470696347,0.0110055326379247
4.95,0.01742173845832479,0.01625728110365104,0.01527897347258678,-0.004258389037656518,0.01743682314487338
5,0.02800883603375475,0.02562390976001849,0.03175303383542777,0.0002994992343446912,0.02802517268723204
5.05,0.04323620812399524,0.03963809433535986,0.05312119039547419,0.01248373467694858,0.04325259666349557
5.1,0.06253505270193636,0.05804257877021424,0.07837014308604573,0.03209988320533119,0.06255028012006536
5.15,0.08430768733313541,0.07950761917546778,0.1057341504748137,0.05735706343896579,0.08432067972252349
5.2,0.1061780238632748,0.1018168019659508,0.132823341835361,0.08525686392421783,0.1061880592317582
5.25,0.1253784195967897,0.1222249855658619,0.1567856838569681,0.1122270796911251,0.1253852080832374
5.3,0.1391697215379313,0.1378876044920749,0.1745200817759959,0.1347544544978402,0.1391734583591309
5.35,0.1452175916271609,0.1462685796365318,0.1831426643310526,0.149832652383712,0.1452188977764061
5.4,0.1418871915685622,0.1454737531793724,0.1804864050566379,0.1553467392418064,0.1418870125797483
5.45,0.1284483833754246,0.1344915038632949,0.1653486247353257,0.1504023398107889,0.1284478513146569
5.5,0.1051924406521107,0.1133394418944023,0.1375175586255695,0.1354665041447853,0.105192726062035
5.55,0.07345332940105921,0.08311380367317556,0.09774815237908885,0.1122356934572714,0.07345551273403333
5.6,0.0355168373368062,0.04592391823620928,0.0477378582854931,0.08318985489448327,0.03552179017984258
5.65,-0.005595011105818788,0.004698020829391913,-0.009940481290651948,0.05096146004726543,-0.005586710956414387
5.7,-0.04645218640491588,-0.0371300825972164,-0.0719072713343728,0.01784350211703001,-0.04644033002455006
5.75,-0.083609475181234,-0.07601223187113343,-0.1340353978230904,-0.01432793931353604,-0.08359425259655268
5.8,-0.1139880592970937,-0.1086868903421407,-0.1915779338187275,-0.04399177153314759,-0.1139700854819072
5.85,-0.1351702053701905,-0.1325138188445386,-0.2393942754342689,-0.06956544939439169,-0.1351504712163382
5.9,-0.1455637897663134,-0.1456846405427188,-0.2723262175462529,-0.08920121236468809,-0.1455436258932021
5.95,-0.1444446298382651,-0.1472953178407745,-0.2857741630752291,-0.100773977481378,-0.1444255636634859
6,-0.1319269314627567,-0.1373192494401818,-0.2765350448975057,-0.1022045618347464,-0.1319105830538838
6.05,-0.1089250611442385,-0.1165471213760057,-0.2437076904342552,-0.09198964216350936,-0.1089129263914543
6.1,-0.07714572102320927,-0.08654497534787836,-0.1892536645177757,-0.06971285795835214,-0.07713901259609379
6.15,-0.03910428152898959,-0.04964288079668755,-0.1180038401974678,-0.03645752838715449,-0.03910370877659175
6.2,0.001886990710126728,-0.008921093859645346,-0.03715032724255524,0.004920992553094028,0.001881359686225659
6.25,0.04183547062804978,0.03187049435586065,0.04461864879055971,0.04982346791456577,0.04182428252802961
6.3,0.07635983747194491,0.0685274355249853,0.1182427501815966,0.09239773837246601,0.07634441582711948
6.35,0.1011879418938279,0.0967906154156235,0.1756765935374424,0.1264862018637149,0.1011700692617077
6.4,0.1128257549716047,0.1129268980401178,0.2111866487878764,0.1468163087365615,0.1128073888710147
6.45,0.1092838031737312,0.1144171353731069,0.2220994926438034,0.1501091964918789,0.1092666512648488
6.5,0.09067916106774954,0.1006055578902275,0.2089873387679992,0.1358071833056407,0.09066435372173742
6.55,0.05950581340477764,0.0731068472173424,0.1754074484191843,0.1062296537940028,0.05949361125939101
6.6,0.02040821316221318,0.03578440078744877,0.1271584837539921,0.06599015787513657,0.02039795767648367
6.65,-0.02058974918820278,-0.00579930517129984,0.07120920063717867,0.02073798106164348,-0.02059955361706745
6.7,-0.0572835214490859,-0.04541184239235319,0.014577190455969,-0.0240875720544742,-0.05729492272384756
6.75,-0.08463762295945339,-0.07744766564511385,-0.0366467655585897,-0.06403791935421671,-0.08465291010988751
6.8,-0.09991908356423294,-0.09816075419711978,-0.07788770693116642,-0.09611242205456128,-0.09994044460990942
6.85,-0.1032703905671386,-0.1064755559789625,-0.1062015284972901,-0.1189638195192891,-0.1032997010746078
6.9,-0.09752259635309503,-0.1041160923556556,-0.1200865962046246,-0.1327595520678345,-0.09756126292597361
6.95,-0.08727518880024826,-0.09498507047151628,-0.1193743963685816,-0.1387089621860493,-0.08732412599075168
7,-0.07750393977182157,-0.08395838458629412,-0.1052589037420866,-0.1384584363771043,-0.07756353278875366
7.05,-0.07211645385107213,-0.07545460282424699,-0.08017255504261706,-0.1336253629852713,-0.07218653214107906
7.1,-0.07289791295410583,-0.07221803073031263,-0.04754038096846996,-0.1255682528641857,-0.07297767599115401
7.15,-0.07916191948802534,-0.07468129960669134,-0.01137731433363665,-0.115282437216538,-0.07924982045426432
7.2,-0.08818601252980932,-0.08107693716909148,0.02403950826974743,-0.1034001592183945,-0.08827976137438392
7.25,-0.09625256607905437,-0.08822345338814686,0.05450498274569343,-0.09037729718028825,-0.09634912512986149
7.3,-0.09992456070546721,-0.09269774570917827,0.07643137362197183,-0.07679445221636533,-0.1000204847476815
7.35,-0.09713069627940392,-0.09198553904336032,0.0875806426833633,-0.06356845459756222,-0.09722238465104327
7.4,-0.08772358148218479,-0.08522955528223519,0.08752893771422732,-0.05187415108884452,-0.08780789679913215
7.45,-0.073374043414353,-0.0733670869923001,0.07761096963147529,-0.04278169287862071,-0.07344859396620618
7.5,-0.05689085774274886,-0.05866859354315795,0.06057786483030919,-0.03682429610898064,-0.05695446561632522
7.55,-0.04123885231216112,-0.04388362509030297,0.04020785246305891,-0.03371477575590032,-0.04129150066558379
7.6,-0.02860369830924023,-0.0313142042270298,0.02069820004600154,-0.03235043078559613,-0.02864652077511221
7.65,-0.01981063641107882,-0.02213020896173146,0.005894081970084453,-0.03111409207639232,-0.01984546603336418
7.7,-0.01425986678834038,-0.01613350204103375,-0.001350326409191915,-0.02834499504217225,-0.0142888781596362
7.75,-0.01035504651905648,-0.01201689556892915,0.0003833509776888788,-0.0227937302516234,-0.01038024411608462
7.8,-0.006233453583297022,-0.007995167873244169,0.01089770778462634,-0.01392014479075032,-0.006256413025323704
7.85,-0.000520667792021473,-0.002559516055048616,0.02843459223641387,-0.001983499550043899,-0.0005423597952399772
7.9,0.007149362959343338,0.004913600166180365,0.04993492418188777,0.01205354220525001,0.007128457929597931
7.95,0.01599820658236822,0.01389994369897474,0.07155632713020277,0.02674504244804909,0.01597792189198777
8,0.02435224487457271,0.02286889158554611,0.08933207346982269,0.04045605073205527,0.02433243965218995
8.050000000000001,0.03015096456860697,0.02973781218075949,0.09977434038850153,0.05169650348987542,0.03013136771603347
8.1,0.03152617496995106,0.03246595799696356,0.1003429697441701,0.05938074089388073,0.03150631454611602
8.15,0.02727701155504147,0.02959850056186319,0.08982363416585204,0.06288952331778019,0.02725635667842352
8.199999999999999,0.01713437712606605,0.0206137228880281,0.06845633463276346,0.06198862482709078,0.01711254154475567
8.25,0.001795039150802482,0.006019381567358706,0.0378442129150095,0.05675271753934258,0.001772047135704502
8.300000000000001,-0.0172224659206639,-0.01276722613969306,0.0008267324799329234,0.04757774942597415,-0.01724604077086128
8.35,-0.03781282642156659,-0.03366816431494601,-0.03871566568347501,0.03528466593715368,-0.03783584576359167
8.4,-0.05752747029553093,-0.05422903365965892,-0.07639775138052024,0.02126898099881436,-0.05754841885543166
8.449999999999999,-0.07378162837996689,-0.07186575863542366,-0.1079507010494052,0.007603918856663006,-0.07379891357920398
8.5,-0.08403067842773096,-0.08405729595207878,-0.129700766333073,-0.003025551580443431,-0.08404297698939051
8.550000000000001,-0.08596311309579671,-0.08851572304896499,-0.1389932703436734,-0.007653691012891928,-0.08596966208278178
8.6,-0.07776797843466017,-0.08339058508579511,-0.1344413178055043,-0.003625195226918121,-0.07776872553973035
8.65,-0.05850265970199903,-0.06755526385957294,-0.116122127383903,0.01069687428681743,-0.05849827745257796
8.699999999999999,-0.02851944525969466,-0.0409717392114019,-0.08568251136116928,0.03532885466666663,-0.02851122285073393
8.75,0.0101668228599445,-0.005058316010791097,-0.04626601372512573,0.06831945580975229,0.01017712676409577
8.800000000000001,0.0537334858541163,0.03707838373306938,-0.002349457461001236,0.10571818091832,0.05374375119065977
8.85,0.09677370414888123,0.08070688790069575,0.04064862550371606,0.1419731301913892,0.09678151089460107
8.9,0.1329480687550144,0.119930429991403,0.07700734589373159,0.1707832021724053,0.1329506819548051
8.949999999999999,0.1559896855179307,0.1485224014000524,0.1014747323333889,0.1861977850763875,0.1559840798162791
9,0.1608579870801683,0.1609963142730434,0.1100338288765477,0.1836725821110263,0.1608409469327989
9.050000000000001,0.1447607640342208,0.1536713879120603,0.1004953315591609,0.1608756879784343,0.1447291222419689
9.1,0.1077757334926248,0.1254600114682459,0.07285724583255876,0.1181584398131234,0.1077267988383531
9.15,0.05290289352224468,0.07816324313069778,0.02937534260574826,0.05862855126206817,0.05283485776228825
9.199999999999999,-0.01446551399379603,0.01618906445007601,-0.02569823294893858,-0.0122646654195307,-0.01455306119569111
9.25,-0.08750883864997691,-0.05423343018398252,-0.08663013934491459,-0.08755243009318092,-0.08761480141720984
9.300000000000001,-0.1591176238537569,-0.1261307738465371,-0.1468713849793763,-0.1597398414678716,-0.1592392992725131
9.35,-0.222924973305794,-0.1928749925568818,-0.1998160898843256,-0.2217807820788802,-0.2230586136189379
9.4,-0.2740158488700855,-0.2490353916278784,-0.2395540398860274,-0.2678724517264792,-0.2741571107746811
9.449999999999999,-0.3092260984714392,-0.2908411222708089,-0.2615504815518879,-0.2940716016985774,-0.3093710058419372
9.5,-0.3270820897198088,-0.3162407533340466,-0.2631663223434453,-0.2988770132117397,-0.3272275358698667
9.550000000000001,-0.3275215605704883,-0.3246708261404411,-0.243949718766439,-0.2836002980414181,-0.327665937930532
9.6,-0.3115628234358331,-0.3167033486059307,-0.2056319284346832,-0.252220836473127,-0.3117059740719394
9.65,-0.2810464096179185,-0.2937284242273505,-0.151672908720896,-0.2106702448213688,-0.2811895133004788
9.699999999999999,-0.2384990625128732,-0.2577665675914331,-0.08660716975458727,-0.1657001220647925,-0.2386440277176541
9.75,-0.1870875240039531,-0.2114166885422046,-0.01552896550492611,-0.1236055625631133,-0.187236458634561
9.800000000000001,-0.1305738118223159,-0.1578684725430642,0.05630685661892837,-0.08911731821430707,-0.1307284021841473
9.85,-0.07316552901813399,-0.1008707869246693,0.1238615160981074,-0.06471763546610942,-0.07332666876577704
9.9,-0.01918763322760126,-0.04455426555426745,0.1826387674166386,-0.05049574252271283,-0.01935521460508988
9.949999999999999,0.02742311462721655,0.00694360734466587,0.2290212132802403,-0.04448749633774918,0.02725024605039073
10,0.06370549124938786,0.05001582030722851,0.2606195910616582,-0.04332273856197771,0.0635294008911364
10.05,0.08817443999280301,0.08215988366576105,0.2764157192079046,-0.04299707952467458,0.0879980549539533
10.1,0.1010564236203984,0.1024080602056234,0.2767152505815703,-0.03968377378244647,0.1008832786992745
10.15,0.104147248977906,0.1114516032716493,0.2629735143304966,-0.03052222826710788,0.1039814630665819
10.2,0.1003067935589064,0.1113885218321424,0.237473771128728,-0.0142284792007199,0.1001526621008701
10.25,0.09273228481967338,0.1051506887754881,0.2030480168368771,0.008593945694819027,0.09259410491769299
10.3,0.08423019434023245,0.09578306272348497,0.1629625428263869,0.03545015771698207,0.084111593173819
10.35,0.07669297269428284,0.08579680487392261,0.1206615166070084,0.06226928929683262,0.07659655183892367
10.4,0.0709011459159027,0.07677195259702418,0.07942884214847512,0.0841639736936512,0.07082785099850097
10.45,0.0666469815971443,0.06927711818194898,0.04217092569224073,0.09663635924978231,0.066596000452464
10.5,0.06307932308994214,0.06306199785873051,0.01123576682128025,0.0968428484315797,0.06304807031018855
10.55,0.05912646399399032,0.05740822273819796,-0.01179512893096113,0.0844108245928975,0.05911109400337172
10.6,0.05387542853154992,0.05150603267233145,-0.02621777577149326,0.06151732928921316,0.05387147333308512
10.65,0.04683718424065673,0.04475666676888684,-0.03211695284520327,0.03227944421860063,0.04684032071341737
10.7,0.03807733745031543,0.0369560679896801,-0.0303255583919374,0.001809781236002561,0.03808399307986554
10.75,0.02821665419813339,0.02835872888105756,-0.02238304249084055,-0.02476149339866512,0.02822433346133435
10.8,0.01831051052481629,0.019635141649401,-0.01031858658812101,-0.04321393866125545,0.01831781768727375
10.85,0.009619945547878933,0.01173186051653113,0.003647590285925484,-0.05102795255302589,0.009626330658935756
10.9,0.003305717153238242,0.005646932108440916,0.01733484774444177,-0.04783122536236156,0.003311113504467333
10.95,0.0001096224795098215,0.002155557504848971,0.02878460303025426,-0.03532995098664926,0.000114078787432137
11,0.0001141248612109519,0.001552802183019675,0.03653499170667435,-0.01675112080245633,0.000117555051791618
11.05,0.002668549137624267,0.003499876712728667,0.03990785830464605,0.003986349341795981,0.002670611669846723
11.1,0.006526562189442095,0.007045143866049652,0.03910566348603678,0.02312188355515676,0.006526646122092472
11.15,0.01016725755236914,0.01083546477976943,0.03496389264164224,0.03775067630211271,0.01016450888516374
11.2,0.01220022677198586,0.01346533628066859,0.02873389775464458,0.04620874928594643,0.01219355025585833
11.25,0.01171616735309858,0.01385330921219807,0.02189992156621967,0.04806766135833185,0.01170419296945163
11.3,0.008458675458786433,0.01150938078656433,0.0159526952170968,0.0438257266388532,0.008439692540048283
11.35,0.00275719435807621,0.006591366651946484,0.01220344813434665,0.0344762491077904,0.002729132338805673
11.4,-0.004748111519861742,-0.0002750563897331859,0.01164667758941584,0.02114403171354218,-0.004787614351126179
11.45,-0.01347767369648139,-0.008346525056141363,0.01485382588598028,0.004899682788107929,-0.01353106398645121
11.5,-0.02322946794234085,-0.01714408429722519,0.02186413500861217,-0.01327019565520243,-0.02329893033138708
11.55,-0.0343111854715745,-0.02671523127823111,0.03205954507922532,-0.03238978582870755,-0.03439826654762401
11.6,-0.04742875975964662,-0.03766744558843604,0.04414771499717879,-0.05133921172579492,-0.04753394667420963
11.65,-0.06336545248024986,-0.05094703686110763,0.05630142216321599,-0.0687118319741688,-0.06348801101386931
11.7,-0.08256503977493579,-0.06743470773798954,0.06636328235742617,-0.08284309211301089,-0.08270289296432265
11.75,-0.1047658315494976,-0.08749284527723505,0.07216209758850778,-0.09206767214229594,-0.1049159319977159
11.8,-0.1288152515268933,-0.1106194494997715,0.07187962328831443,-0.09510338426591886,-0.1289738753924385
11.85,-0.152733099701485,-0.1353350480133343,0.06439237915507406,-0.09141634605538806,-0.1528966249203453
11.9,-0.1740186615209816,-0.1593472027169625,0.04952557850484451,-0.08145171961566083,-0.1741839459901847
11.95,-0.1901264977348498,-0.1799483497449099,0.02815148412911994,-0.06664601741605214,-0.1902915399030758
12,-0.1989955033540525,-0.1945517845675671,0.002164179089224894,-0.04919024353951407,-0.1991594021553108
12.05,-0.1994988963479978,-0.2012337914895827,-0.02572801678483433,-0.0315846291783734,-0.1996619476663835
12.1,-0.1917034442963029,-0.1991490613036299,-0.05239954043991157,-0.01609078130517683,-0.1918665160287893
12.15,-0.1768676120668829,-0.1887164683443037,-0.07475652151820245,-0.004239484155690976,-0.1770317712001301
12.2,-0.1571765173550179,-0.1715349001946954,-0.09013882567508935,0.003448397893073052,-0.1573422263568462
12.25,-0.1352770432781891,-0.1500412852542111,-0.09662991538292237,0.007459492750712282,-0.1354438880466262
12.3,-0.1137311240523643,-0.1269961797213431,-0.0932552923142993,0.009046460595807937,-0.1138974304213662
12.35,-0.09451808147557449,-0.1049273537276595,-0.08004937652009386,0.009841136983593235,-0.09468117208900428
12.4,-0.07869537715553397,-0.08565854231824566,-0.05800416966775962,0.01144947667912438,-0.07885177416053635
12.45,-0.06627265312883687,-0.07001910696579622,-0.0289429635480592,0.01515318541206218,-0.06641870602203837
12.5,-0.05630018695006433,-0.05777639544710211,0.004690559371584468,0.02176671982152328,-0.05643249624234836
12.55,-0.04713145124277784,-0.04778208950163337,0.04012075252108827,0.03162314122466536,-0.04724738433640135
12.6,-0.03680556875955089,-0.0382832368980307,0.07450155622140986,0.04460263830810418,-0.03690348005610755
12.65,-0.02349458215483567,-0.02733330265215361,0.1051261561763051,0.06007168717508043,-0.02357393228409466
12.7,-0.005962257186451249,-0.01324906702190909,0.1296138955849792,0.0767127488168704,-0.006023520610488498
12.75,0.01602882088174159,0.004944266865847424,0.1460871696724761,0.09245338968194183,0.01598435174485452
12.8,0.04144227304965843,0.02714809698292842,0.1533429568904034,0.1046683680002176,0.04141272482731906
12.85,0.06791514478696732,0.05198107639278388,0.1509612475264379,0.1106073737268843,0.0678983240560615
12.9,0.09199906091729806,0.07680867299679667,0.1393304663506267,0.1079179289941521,0.09199265211085345
12.95,0.1097093396297148,0.09806826656010759,0.1195997882319124,0.09514204309506058,0.1097110899681921
13,0.1173088708544342,0.1118822234360303,0.09354433776777171,0.07208637502692983,0.117316728912688
13.05,0.1121654730044143,0.1148629097890378,0.06339959734014333,0.03999261906606333,0.1121777055945933
13.1,0.093470305436469,0.104930558081524,0.03165650811914039,0.001436297699017486,0.09348558776788762
13.15,0.06261694145304786,0.0819358831511664,0.0007895096151571135,-0.04006783853600676,0.06263435393456895
13.2,0.02311783896742148,0.04791123965981126,-0.02701559784480434,-0.08065471204584024,0.02313680631647974
13.25,-0.01994557723927438,0.00685590780668921,-0.04998175177576547,-0.1166918454521114,-0.01992548435854369
13.3,-0.06082010436184622,-0.03591495792159716,-0.06676682058603528,-0.1451749467335819,-0.06079936605030917
13.35,-0.09411617649557022,-0.07471227652782991,-0.07655539269076428,-0.1639279569231945,-0.09409555023047472
13.4,-0.1157426095873915,-0.1044875418086673,-0.079178807739757,-0.1717028833064902,-0.1157232043304346
13.45,-0.1235377104927212,-0.1216888138911142,-0.07520084675513761,-0.1681823520796923,-0.1235209730590368
13.5,-0.1174845501912664,-0.1247816611940436,-0.06589846841249059,-0.1539114509135684,-0.1174720630323949
13.55,-0.09951215396214763,-0.1143559519013012,-0.05309649770878472,-0.130255206956988,-0.09950538184195956
13.6,-0.0729847945461333,-0.09284333407387602,-0.03893275405339608,-0.09937799171540895,-0.07298476800995979
13.65,-0.04203516793942537,-0.06395430075190045,-0.02558051899266883,-0.06415534233611037,-0.0420422307613938
13.7,-0.01089426289908163,-0.03198702727704622,-0.01492333444018934,-0.02796701073797997,-0.01090790918323492
13.75,0.01667503548561165,-0.001156993506340465,-0.00827571733799437,0.005625893084413192,0.01665618097655325
13.8,0.03779111431105985,0.02494435826191282,-0.0062179801072198,0.03331362158822798,0.03776913125752784
13.85,0.0507058036668189,0.04371923420676338,-0.008533961832563886,0.05253916572158945,0.05068316159696884
13.9,0.05490373170235891,0.05376806257865685,-0.01429253782809647,0.06195507039681969,0.05488281748453205
13.95,0.05105569648780692,0.05494493334684214,-0.02200400492416177,0.06169566822890143,0.05103831463275793
14,0.04083200325064436,0.048272206094429,-0.02987480647272539,0.05336998765813883,0.04081891299167084
14.05,0.0265918939936918,0.03572318223186816,-0.03611795663867057,0.03977633200198605,0.02658254280115707
14.1,0.01098608787433139,0.01988754685598304,-0.03923125559375257,0.02442673785977989,0.01097859449102911
14.15,-0.003469849196411077,0.00355290705061212,-0.03821835099780019,0.01095580096825122,-0.003478414819668707
14.2,-0.01478343167881451,-0.01074058060560384,-0.03272826708142951,0.002431090035879824,-0.01479654885881404
14.25,-0.02177219554333687,-0.02110035428366347,-0.02307534311838333,0.0006801012641504678,-0.02179327765392669
14.3,-0.02420580401117881,-0.02656432767875855,-0.01025349185827207,0.005870558035110718,-0.02423762307452654
14.35,-0.02278449755248335,-0.02721446173532882,0.00408245481909697,0.01651290805382533,-0.02282876916077115
14.4,-0.01896074256220854,-0.024103314579834,0.01778118027554526,0.02989483687604855,-0.01901790881107635
14.45,-0.01463455620781382,-0.01900916826523502,0.02847516067351286,0.04283007107054237,-0.01470380615439559
14.5,-0.01177458365196282,-0.01406326345405662,0.0338602058966268,0.05251048704778516,-0.01185393988485922
14.55,-0.01203395077177909,-0.01131740915965029,0.03203271028574128,0.05720258909894937,-0.01212049243054963
14.6,-0.01643826911639001,-0.01234200872732583,0.02187372829815887,0.05657804745396405,-0.01652821202782384
14.65,-0.02521221101332515,-0.01793982289403495,0.00329537994566359,0.05160896421973937,-0.02530111891086029
14.7,-0.03777975694462601,-0.02803253469458,-0.0226996547527647,0.04411160172097472,-0.0378626191520301
14.75,-0.05292313481284315,-0.04173435589636237,-0.05406514637546922,0.03610452343295045,-0.0529947608894889
14.8,-0.06903922045268227,-0.05757776977261109,-0.08787118298510965,0.0291651361880445,-0.06909467366450783
14.85,-0.08440589398774248,-0.07381280818769265,-0.1206405751010665,0.02397265473967092,-0.08444131755087958
14.9,-0.09738342418736441,-0.0886837898823053,-0.1487428310157879,0.0202024920239115,-0.09739686479195853
14.95,-0.1065182122385443,-0.1006097484361855,-0.1688295893358953,0.01679132553771462,-0.1065104563547525
15,-0.1105724736584713,-0.1082486305826968,-0.1783206773574502,0.01237785076925429,-0.1105474784513205
15.05,-0.1085435150119199,-0.1104857641125582,-0.1757614442659179,0.005725105350765647,-0.1085082414105802
15.1,-0.09974212324460914,-0.1064306062000851,-0.1609879768596786,-0.003935947358912006,-0.09970567640157035
15.15,-0.08396524788454211,-0.09550111447022075,-0.1351779979355247,-0.01667964480642303,-0.08393732696641787
15.2,-0.06173598205120443,-0.07761956227296174,-0.1007439292572192,-0.03183417858293702,-0.06172504427276326
15.25,-0.03452107568962441,-0.05347516562330495,-0.06098950019269456,-0.04811961514701357,-0.03453254854369109
15.3,-0.004801910537869234,-0.02474876785017399,-0.01966969010828024,-0.06392660080998669,-0.004836987245295576
15.35,0.02410698141435021,0.005835161087992646,0.01939489984193743,-0.07766780224587572,0.02405166219542454
15.4,0.04852558315260087,0.03473569199203869,0.05270420477244847,-0.08812940219514709,0.04845729060256776
15.45,0.06509118640258389,0.05812338675977846,0.07749040536978358,-0.09474007309385701,0.06501960597935658
15.5,0.07148789696225955,0.07261812522402034,0.09203883429779203,-0.09767698477142367,0.07142324512289089
15.55,0.06700741512001679,0.07604761636773683,0.09578259105209058,-0.09773863795118887,0.06695857825654661
15.6,0.0527540440742866,0.06799722924105034,0.08922895910630851,-0.09599221237506206,0.05272720631745526
15.65,0.03140887561931561,0.04996586160745808,0.07386687442639767,-0.09333483725136149,0.03140687403119291
15.7,0.006610734004003887,0.02505956755474203,0.05205059891967229,-0.09014787071180891,0.006633166405876689
15.75,-0.01785680348968162,-0.00269694871651549,0.0267630753195004,-0.08616072952952647,-0.01781288003275694
15.8,-0.03881474059784585,-0.02922474503761202,0.001269929422405169,-0.08053875621865864,-0.03875380570123499
15.85,-0.0541436444966525,-0.05116527497909618,-0.02124189569352131,-0.07211853691166881,-0.05407074832877568
15.9,-0.0628301216611052,-0.06633546601680362,-0.03797440212679642,-0.05970969819315269,-0.06275009424212052
15.95,-0.06465132982506865,-0.07375929290902961,-0.04673012706783369,-0.04242336249067435,-0.06456840338406827
16,-0.05968356101585157,-0.07333614188222959,-0.04605704506173569,-0.01996820763475898,-0.05960117035303825
16.05,-0.0478782974242771,-0.0653368693630505,-0.0354466314232818,0.007189416904784862,-0.04779917310796467
16.1,-0.02890490925595342,-0.04996908605139538,-0.015457925484548,0.03788039094746337,-0.02883104154624433
16.15,-0.002333030448567113,-0.02720598343797043,0.01227842275712882,0.0704839771525243,-0.002265695602657325
16.2,0.03191991414503022,0.003045394042305527,0.04513393808354299,0.1032651449390942,0.03198036822425315
16.25,0.07306312034564269,0.04051212149717215,0.07973949152218651,0.1346573220134368,0.07311735962021693
16.3,0.1190495614055672,0.08405772642775255,0.1124121077556326,0.1633959932148334,0.1190993636647887
16.35,0.1665109804338635,0.1313421388902334,0.1396088187744958,0.1885073501390518,0.1665589917991696
16.4,0.211080884934665,0.1788053834696891,0.1584182148170676,0.2092168864657659,0.2111302497323
16.45,0.2480547646428585,0.2220332887274331,0.166985824298766,0.2248493698382872,0.2481085101888537
16.5,0.2732339632920474,0.2564411876670956,0.1647197979379569,0.2347792024636118,0.2732945179510611
16.55,0.2837447101492652,0.2781100010235485,0.1522841498589929,0.2384419288947728,0.2838135285349305
16.6,0.2786246380176355,0.2845634818113972,0.1314505013114767,0.2353776173462468,0.2787022318611255
16.65,0.2590261656545121,0.2752909831444258,0.104835193480001,0.2253260307000258,0.2591123044778392
16.7,0.2279815823315947,0.2518760948492182,0.07551009095075212,0.2084208924444569,0.2280757271512978
16.75,0.1897876482051519,0.2176920821773128,0.04660015844793158,0.185415096414835,0.1898892277150566
16.8,0.1491647004155255,0.1772417137404938,0.0209047741229933,0.1577974967441221,0.1492732712716754
16.85,0.1104010017053993,0.135307729737273,0.0005909530016409703,0.1277337961291396,0.1105160754212725
16.9,0.07668662831208208,0.09612321447328021,-0.01294507453773058,0.09784486334799386,0.07680738992270253
16.95,0.04977664240563896,0.06275062946346366,-0.01910018042511685,0.07087956608369028,0.04990159827227292
17,0.03001991452837753,0.03679029787495836,-0.01806808793827619,0.04932918018274851,0.03014672333993773
17.05,0.01668403660005511,0.01844032390830269,-0.01079885327965147,0.03498984454782839,0.01680958836368385
17.1,0.008431375922553424,0.006825592448466755,0.001113898898406906,0.02854411876706253,0.00855212435675512
17.15,0.003779535988747521,0.0004614448612019761,0.01562465320452627,0.02933690009695378,0.003892034258862864
17.2,0.001415080135257625,-0.00229631694004262,0.03046275620841532,0.0354579607807321,0.001516458937074749
17.25,0.0003063159329434412,-0.002936128172312258,0.0433705972477651,0.04408602054949018,0.00039467844205332
17.3,-0.0003486900970689061,-0.002658025428121658,0.05235048270380788,0.05198812234996342,-0.000274230929664776
17.35,-0.001235836269841198,-0.002388334885826293,0.05588876350737143,0.05610768586526699,-0.001175272990838028
17.4,-0.002979489802350837,-0.002850382884241998,0.05314441369877387,0.05414366281848959,-0.002932278102340535
17.45,-0.006060012882912058,-0.004590851951537855,0.04411336039303965,0.04495080536029628,-0.006025302586378234
17.5,-0.01060096416589599,-0.007900151190763316,0.02971540785000615,0.02865649543849874,-0.01057772893784914
17.55,-0.01612278394786546,-0.01263882178749659,0.01175080434456521,0.006512964099692542,-0.01610965190585856
17.6,-0.02140877357342543,-0.01805801820410052,-0.007313334401802096,-0.0194251611980033,-0.02140375442620612
17.65,-0.02461081087626618,-0.02274113335157085,-0.02471920288760576,-0.04669344070194031,-0.02461103795727121
17.7,-0.02363699976990473,-0.02477185428291417,-0.03786817277915988,-0.07280785915547155,-0.02363875374993396
17.75,-0.01674595790425156,-0.02214855568092561,-0.04473619573824716,-0.09560865636641153,-0.01674509978712957
17.8,-0.003171516075544667,-0.0133586163759698,-0.04421488897060688,-0.1134962576998029,-0.003164320975635682
17.85,0.0164387592073058,0.002055466869464673,-0.03633552309099353,-0.12549538591923,0.01645456684920477
17.9,0.03994841260789581,0.02313402341904403,-0.02229347649877705,-0.131170579369816,0.0399727349546295
17.95,0.06408980688551431,0.04749577224764934,-0.004281283666670244,-0.1305061943290966,0.06411975272534132
18,0.08518512163034948,0.07174088490256969,0.01479445726476658,-0.1238327797937761,0.08521528977006965
18.05,0.1000373501908353,0.09218366971516428,0.03166459232986096,-0.1118032281216825,0.1000609566077858
18.1,0.1067321354642111,0.1057263195481399,0.04306852695462898,-0.09539827442566029,0.1067427232795005
18.15,0.1051050638015218,0.1106238172446992,0.04610889828776832,-0.07592718388861497,0.1050984791983265
18.2,0.0967214884150519,0.1069073919990943,0.03861627227634506,-0.05497205467240729,0.09669756991374162
18.25,0.08435978134705983,0.09632722361685281,0.01951804329606566,-0.03423875350180405,0.08432329825563467
18.3,0.07114223004946553,0.08181529173651947,-0.01091703585928178,-0.01534032791069967,0.07110276106797786
18.35,0.05957348940595866,0.06661731915500224,-0.05104149721446549,0.0003650987000179406,0.05954415917728584
18.4,0.05078701921737869,0.0533491592704155,-0.0979588632556313,0.01179619232358675,0.0507823532927616
18.45,0.04424885735611732,0.04325492597424191,-0.1477711813762823,0.01819970112292923,0.04428221264473853
18.5,0.03803540096339537,0.03590743104886285,-0.1959608105906417,0.01942845732017778,0.03811654414842031
18.55,0.02962412317635421,0.02947736040433357,-0.2378839582780449,0.01627735065720226,0.02975750217101969
18.6,0.01696697545060557,0.02149465552721341,-0.2692889936054955,0.01055028730229557,0.0171510306165899
18.65,-0.0004888847672216162,0.009890231771457092,-0.2867778274068583,0.004770429764761053,-0.0002613479053004686
18.7,-0.02117073313845577,-0.006002906476275771,-0.2881648071529865,0.001669084902711393,-0.02091114407466177
18.75,-0.04136948163210624,-0.02481282854558986,-0.2727068532574906,0.003619019575132387,-0.04109172111456288
18.8,-0.05589250279955656,-0.04308341273121508,-0.2411556389386229,0.01215876171951263,-0.05561072737298878
18.85,-0.05921916910116774,-0.05587445873981267,-0.1956607885943081,0.02772860835857005,-0.0589461696121546
18.9,-0.04684936017650455,-0.05786214063103717,-0.1395871694950199,0.04966597095510589,-0.04659497352207814
18.95,-0.01648286676972523,-0.04464682546848897,-0.07725658472797464,0.07641408349818379,-0.01625328127196857
19,0.03126739515907901,-0.01392541372085881,-0.01361891539559101,0.1058508538770759,0.03147027521714407
19.05,0.0927860231386414,0.03377105249031642,0.04617726854283194,0.1356640517572264,0.09296441168864344
19.1,0.1619757666511747,0.09494527638791483,0.09733193550118102,0.1637156941707923,0.1621358169175795
19.15,0.2312370733935267,0.1636072577213484,0.1359246372221778,0.1883045743186673,0.2313880014940042
19.2,0.2926736719615675,0.2322210761222121,0.1593394201034941,0.208243121582868,0.2928268293651584
19.25,0.3392822068835734,0.2929077160701419,0.1665322110439325,0.2227541148889265,0.3394495834485476
19.3,0.3659227677060308,0.3386524599439001,0.1580734773194868,0.2312760243880568,0.3661156032602002
19.35,0.3699398806560006,0.3643054782780438,0.1359939848202509,0.233284758982454,0.3701670242200891
19.4,0.3513789968122342,0.3672279634455697,0.1034637489149201,0.2282115895669667,0.3516457860901037
19.45,0.3128152563540201,0.3475153026424239,0.06433325542387375,0.2155088254133946,0.3131225027714295
19.5,0.2588623088743601,0.3078157817876745,0.02266066367223929,0.1948792925954217,0.2592061570582845
19.55,0.1954661227738821,0.252822937616294,-0.01770274367308988,0.1666082725577678,0.1958381609307711
19.6,0.1291010717724694,0.1885527211437044,-0.05345838817498683,0.1318606022046984,0.1294893337746276
19.65,0.0659837123730658,0.1215338613123603,-0.08208061012934875,0.09280057728832231,0.0663737986395323
19.7,0.01139546012306355,0.05802438179847424,-0.1018825975883025,0.05245601396468635,0.01177220147582192
19.75,-0.03082351869134241,0.003340057962334497,-0.1120409821685163,0.0143382164195085,-0.03047456630550699
19.8,-0.05857867354214172,-0.0386470791316037,-0.1126588133160073,-0.01808810637713737,-0.05826971963803296
19.85,-0.07161140088338508,-0.06581139658944402,-0.1047564616027009,-0.04196222544165906,-0.07135133245165826
19.9,-0.07137469178248071,-0.07787043932640253,-0.09011412606045927,-0.0554963447049644,-0.07116839510664941
19.95,-0.06070471263606241,-0.07627451771511429,-0.07106880426385903,-0.05826257591564227,-0.06055286785534558
20,-0.0433228884135923,-0.06389841185049538,-0.05024384997592718,-0.05128902341452235,-0.04322227782660953
20.05,-0.02323868775266084,-0.04456370686665634,-0.03019416403026287,-0.03700532365621501,-0.02318280920945992
20.1,-0.00415408887634361,-0.02244812643969774,-0.01306787065420428,-0.018984873086897,-0.004134101298457149
20.15,0.01102298657871449,-0.001474377290061391,-0.0003642265830597347,-0.001377047457486458,0.01101723078843991
20.2,0.02047964854398053,0.01521369368297176,0.007212342519925252,0.0119057599297,0.02045850200636806
20.25,0.02359204155998088,0.02560108502361202,0.009810132752556433,0.01799111775190976,0.02356503533805238
20.3,0.02084551754017947,0.02894233346577824,0.008361140974217363,0.01559859861917973,0.02082052114622351
20.35,0.01364137732599912,0.02571041962404808,0.004351516515378018,0.005213007068645636,0.01362400087066173
20.4,0.004042022289634906,0.01740330944361768,-0.0004796970094093633,-0.01113964348149821,0.004035409512952337
20.45,-0.005523720296047856,0.006264275529408225,-0.004442699285025886,-0.03040034924907409,-0.005518741471803867
20.5,-0.01259947944413474,-0.005052110770979334,-0.006167791010144419,-0.04906982517531056,-0.01258387720884513
20.55,-0.01508798841138137,-0.01386103310557479,-0.004779602997664889,-0.06375333153817536,-0.01506377372086021
20.6,-0.0116578757544742,-0.01786739690567202,1.630757266457561e-05,-0.07165341504555051,-0.0116272995597767
20.65,-0.002097955453456669,-0.01559293281401608,0.007903050805619927,-0.0710067975852936,-0.002062796603276684
20.7,0.01248413695570783,-0.006738354220489962,0.01798696976511138,-0.06137594483423786,0.0125229695753229
20.75,0.02971320528390529,0.007616337276007801,0.02890928726404984,-0.04374817422765453,0.02975578185072236
20.8,0.04628904129148513,0.02506275848818967,0.03900958782692732,-0.02042896975233843,0.04633616075973473
20.85,0.05858052919437803,0.04220691102484031,0.04652886972323389,0.005289063507700142,0.05863335970204953
20.9,0.06335523712654365,0.0552655789657987,0.04982632486541694,0.02965098779020131,0.06341491099145424
20.95,0.05848446494429969,0.06081269273121942,0.04758468643366259,0.04907687819534245,0.05855192094448408
21,0.04346764430108616,0.05651945321523599,0.03904757605352638,0.06080041083808951,0.04354367689072081
21.05,0.01966399451189158,0.04172136131009929,0.02421838923292557,0.06337930576295103,0.01974960031929607
21.1,-0.009812861926312488,0.01768878307642407,0.003907912216982945,0.05696942738282001,-0.00971610055816613
21.15,-0.04051203886360988,-0.01246078565511122,-0.02032664656810901,0.04331532939324018,-0.0404016015981476
21.2,-0.06729068906173354,-0.0441865970957121,-0.04636736814315656,0.02547487332021625,-0.0671630602097032
21.25,-0.08506778515000925,-0.0721953299701103,-0.07183128252378751,0.007330452337560245,-0.0849186572095445
21.3,-0.08955591801881917,-0.09122578664586511,-0.09439125279585969,-0.007050581870453099,-0.0893807044437418
21.35,-0.07785736781679589,-0.09681039843501077,-0.1120362734415701,-0.01411334363625183,-0.07765184546837106
21.4,-0.04884836382853223,-0.08590138128961844,-0.1232430042438312,-0.01142581781022267,-0.04860933652962846
21.45,-0.003323780200467322,-0.05728074267183003,-0.1270861483182186,0.001953411144559825,-0.003049652187902874
21.5,0.05608081528654171,-0.01171735626976378,-0.1233046835070699,0.02543195590098524,0.05638974132045793
21.55,0.1251437877348846,0.04811536589720206,-0.1123063418505248,0.05712266922852671,0.1254851588651733
21.6,0.1984329723234132,0.1179101044193224,-0.09509821742903402,0.09423118824949211,0.1988027233832274
21.65,0.2697572441490841,0.1921261700659253,-0.07315142877583225,0.1334613729934764,0.2701499336335836
21.7,0.3326675162102257,0.2644695546949908,-0.04822757096665647,0.1713754922189169,0.3330772004649539
21.75,0.3810015272845622,0.3284192694128872,-0.02220424300253887,0.20468922235932,0.3814222179743757
21.8,0.4094674253206196,0.3777839874189135,0.003081629713286294,0.2304931626902713,0.4098938623322059
21.85,0.4142463552202122,0.4072751236640473,0.02595462462152842,0.2464311308874287,0.4146738494866195
21.9,0.3935527135413015,0.4130773356772469,0.04500252788499931,0.2508793977957064,0.3939771327631152
21.95,0.3480553248483087,0.3933758682620314,0.05919740079510794,0.243105339075776,0.3484720966858875
22,0.2810382242003271,0.3487625353631582,0.06800208646133921,0.2233460859322208,0.2814418488908938
22.05,0.1982037632141133,0.2824125899882297,0.07143250656264427,0.1928026385084741,0.1985869678036106
22.1,0.1070784175089665,0.199928824224076,0.07007769835710148,0.1536244119048968,0.1074324648835109
22.15,0.01607905143329248,0.1087980266878583,0.06504857170942646,0.1089124781456925,0.01639425947202056
22.2,-0.06661144191873783,0.01749249880803999,0.05785856805003126,0.06258146360515215,-0.0663440660185925
22.25,-0.1341401436744343,-0.06565219572610415,0.05027948500646895,0.01894640257692137,-0.1339273833820062
22.3,-0.1818260637985817,-0.1335726443409708,0.04417604466788672,-0.01786344924366867,-0.1816708771801189
22.35,-0.2075753220581086,-0.1813861195820584,0.04128607888548075,-0.04444102511152748,-0.2074761791103452
22.4,-0.2118085858345981,-0.2068780970424745,0.04296767262126489,-0.05849359164162005,-0.2117596397043985
22.45,-0.1969681952102856,-0.210482325903992,0.04998893452119058,-0.05914848261876593,-0.1969605229140342
22.5,-0.1667809407872613,-0.1947984352057696,0.06239572801010018,-0.04711142395223478,-0.1668043657758793
22.55,-0.1254999077311763,-0.163812824360535,0.07947673606706651,-0.02452133015485974,-0.1255449358986129
22.6,-0.07732183490596903,-0.1220585921305516,0.0998280612004685,0.005510284694201284,-0.07738114345248098
22.65,-0.02608501652972127,-0.07393683731836342,0.1215058934861938,0.03951273176334774,-0.02615411145383645
22.7,0.02476803435445109,-0.02333624192752987,0.1422863036748164,0.07416609495153609,0.0246910755916232
22.75,0.07208325514153502,0.02643692845542422,0.1600178648316599,0.1065294822721016,0.07199875926602833
22.8,0.1129101628510125,0.07252424267354041,0.1729599066360372,0.1340941310891016,0.1128181800267962
22.85,0.1445767621461077,0.1123448557640494,0.1800292107169121,0.1548882995960316,0.1444782448358333
22.9,0.1649663158922406,0.1435508387089867,0.1809222084675776,0.167605748462018,0.1648638747209232
22.95,0.1729193386765503,0.164188561300209,0.176078222315895,0.1716102669774283,0.1728173203860299
23,0.1685954425858977,0.1730346159014677,0.1665402648691616,0.1668520796885057,0.1684994911034866
23.05,0.1536151863932987,0.1699734810893758,0.1537671376213774,0.1538118477727227,0.1535313301433281
23.1,0.1308695234745117,0.1562304556538622,0.1393998131982733,0.133485893871946,0.1308032200047545
23.15,0.1040071818982185,0.1343124623114807,0.1250431868167172,0.1073574060198603,0.1039623900859691
23.2,0.07673240449398343,0.1076163892271217,0.1120518826164733,0.07734061873592535,0.07671103509803123
23.25,0.05211782140317743,0.07979617277335044,0.1013804561527202,0.04570078115266518,0.05211951114584823
23.3,0.03213018709331564,0.05407536846069594,0.0935268820746683,0.01490633805765168,0.0321525036209554
23.35,0.01748958985424002,0.0327100350023713,0.0885001360727099,-0.01262012459669876,0.01752855394555325
23.4,0.007868238647759729,0.01674834605306619,0.08582188797239931,-0.03480433838770253,0.00791905485893013
23.45,0.002328007310199815,0.006128610447990568,0.08462917480176912,-0.05017326877541689,0.002385935519504667
23.5,-0.0001674245984098295,5.08882528286736e-05,0.08386908022034567,-0.05798238319183568,-0.0001062820887987037
23.55,-0.0003343765643168249,-0.002529536614485517,0.08248269901606098,-0.05820607269148792,-0.0002723501096781877
23.6,0.001636784510736756,-0.002459928521380106,0.07952973002535213,-0.05141421175180921,0.001699355023416282
23.65,0.006037418297988019,-0.0001304297968633406,0.07432981039692688,-0.03858643113132854,0.006102403447955096
23.7,0.01339168017390572,0.004545429071064255,0.06660165490193515,-0.02094190577382171,0.0134629785942858
23.75,0.0241061544468196,0.01193691686612336,0.05651642471758134,0.0001640466636997906,0.02418926647985464
23.8,0.03814111570858487,0.02238254482910396,0.04468731511363078,0.0232709864228216,0.03824234243882935
23.85,0.0548053176044093,0.03587408364429889,0.03211340559929521,0.04680532207353932,0.05493084762335299
23.9,0.07272953085422353,0.05184098353211863,0.02007031352055655,0.06909663621636142,0.07288437507746487
23.95,0.09001878725957138,0.0690987854688847,0.009962547184969139,0.08845378331786108,0.09020594175477664
24,0.1045406888708972,0.085971282344592,0.003131513979597711,0.1032841949539881,0.1047604992072513
24.05,0.1142836626293154,0.1005405779956599,0.0006190412907749465,0.1122409464092486,0.114533710152284
24.1,0.1177161146540644,0.1109586147227364,0.002954142923590586,0.1143901593997976,0.117991444469871
24.15,0.1140826489129788,0.1157553361484058,0.01003518906452566,0.1093746498015326,0.1143763685229698
24.2,0.1035813134915241,0.114088250128052,0.02112534039624736,0.09754251106138057,0.1038852637540403
24.25,0.08737413061002305,0.1058940868570705,0.03492769834127746,0.08000599744233738,0.08767942922214345
24.3,0.06740235250631299,0.09191784956301685,0.04970827829125579,0.05857404529371146,0.06769976270371242
24.35,0.04601722873735429,0.07360397108364125,0.06347288654579392,0.03554438451222974,0.04629721033489531
24.4,0.02549244759842104,0.05284842549996416,0.07419401077981597,0.01346358082161042,0.02574534179448562
24.45,0.007537691086151376,0.03164635185199594,0.08005929738672468,-0.005068822194152833,0.007753951566467743
24.5,-0.007050603939404834,0.01170699786883667,0.07970205022070509,-0.01762438489323964,-0.006879505720627177
24.55,-0.01849952324797515,-0.005869334904754941,0.07238635120799541,-0.02225820782185928,-0.018379903023929
24.6,-0.02791247046520313,-0.02076504125134226,0.05813416117745074,-0.01785503061592097,-0.02784671300600899
24.65,-0.03693450820479835,-0.03343008854963619,0.03777430572580343,-0.004398362427422253,-0.03691960515046078
24.7,-0.04735518754414848,-0.04490208805743323,0.01288218353887916,0.01693315398061529,-0.04738179148489707
24.75,-0.06076368710161048,-0.05653411259368479,-0.0143842473790875,0.04387461092702494,-0.06081633347042947
24.8,-0.07831017477335679,-0.06971550089062961,-0.0415105737426702,0.07337239433213677,-0.07836888112529794
24.85,-0.1005522332675846,-0.08564026683390752,-0.06588278534057945,0.1020372151486902,-0.1005953248832986
24.9,-0.1273212449433729,-0.1051232802819962,-0.0850628327826165,0.1266653604582445,-0.1273290213388797
24.95,-0.1575560797698319,-0.1284224334278441,-0.09704342354038437,0.1446768700437012,-0.1575144106930529
25,-0.1891130071197819,-0.1550263725084874,-0.1004134021059953,0.154361599201229,-0.1890160619088526
25.05,-0.2186415787012301,-0.1834169729415481,-0.09446663187071391,0.1550010998545356,-0.2184929688018848
25.1,-0.2416727450767884,-0.2108783876688016,-0.07933476457477373,0.1469919350767698,-0.2414846483551638
25.15,-0.2530600194390913,-0.2334910490527178,-0.05603247469542283,0.1318920590964227,-0.2528506664087559
25.2,-0.2478310419759368,-0.2464590231102564,-0.02637547631707626,0.1122542473810806,-0.2476209042585246
25.25,-0.2223562239255985,-0.2448333082530129,0.007190744937289772,0.09127170079009855,-0.222164177019492
25.3,-0.1755768416043175,-0.2245730783290988,0.04183082078815442,0.07230718328752284,-0.1754168820894669
25.35,-0.1099232148607043,-0.1837481608099469,0.07461210212401592,0.05834290308468931,-0.1098027641205181
25.4,-0.03156373819967413,-0.1235581675321087,0.1028225755929399,0.05142477838486614,-0.03148352088005257
25.45,0.05022641210927836,-0.04881612280768299,0.1242541063449806,0.05223463997160793,0.05027089245436739
25.5,0.1245375259652097,0.0323573773459338,0.1374012733240066,0.05992565705132097,0.1245536331215226
25.55,0.1808377764996745,0.1096830313031837,0.1415683665358145,0.07228378569206928,0.1808331585324706
25.6,0.211047111928697,0.1725177517313988,0.1368969683188226,0.08617267615229263,0.2110276433981032
25.65,0.2111630224660856,0.2118930705237889,0.124319463225638,0.09814838523441549,0.2111317173808293
25.7,0.1820470944229796,0.2223073358455699,0.1054171665330519,0.1051032460127449,0.1820041254846874
25.75,0.1292013246689662,0.2028382215387818,0.08220678835046691,0.1047935991852106,0.1291449465994284
25.8,0.06161211309083098,0.1573133120056335,0.05692422418057719,0.09613906141687473,0.06154003949225312
25.85,-0.01004964856258511,0.09350893343068134,0.03181907368588005,0.07926831526832379,-0.01013894366145957
25.9,-0.07545674941803922,0.02158248339283636,0.008942426302707196,0.05537837324224099,-0.07556319440384168
25.95,-0.1264410744476817,-0.04788584672647844,-0.01003863794550519,0.02649642387812007,-0.1265628965460902
26,-0.1582288710048667,-0.1058006534231677,-0.02397511324892027,-0.004807854686742719,-0.1583630387575661
26.05,-0.1698785302328954,-0.1460115196898232,-0.03232587235081852,-0.03573721746648195,-0.1700216550186621
26.1,-0.1638964327711095,-0.1660520698227685,-0.03518529300365847,-0.06356995594639425,-0.1640455478072081
26.15,-0.1451945264649775,-0.1670588163845314,-0.0332342192527848,-0.08591822044612041,-0.1453477332861768
26.2,-0.1196952313407271,-0.1529756774156932,-0.0276375772745896,-0.1009456998538775,-0.1198517375073694
26.25,-0.09294620964605545,-0.1293006398662649,-0.01990429956385587,-0.1075524103851786,-0.09310612377759103
26.3,-0.06907120631265529,-0.1017132805754586,-0.01171338774482722,-0.1055169278206382,-0.06923486684491287
26.35,-0.05026069033230484,-0.07491533363929487,-0.004735328302374608,-0.09556193865682994,-0.05042811895166055
26.4,-0.03683983405993726,-0.0519297541943029,-0.0004597964949035749,-0.07927938437089899,-0.03701013236891626
26.45,-0.02778619960471452,-0.03395894510599523,-2.792854592359451e-05,-0.05888860798519507,-0.02795742118097388
26.5,-0.02146133358846138,-0.02073758757124744,-0.004084074948158378,-0.03690426222589421,-0.02163050968009772
26.55,-0.01629544332612995,-0.01117056969890806,-0.0126684799502208,-0.01581526408214662,-0.01645910056917127
26.6,-0.01123086218429055,-0.0040015314738443,-0.02516438758309947,0.002178133983979702,-0.01138557040558397
26.65,-0.00585238836462802,0.001702539250781065,-0.04034001204676707,0.01536249562526942,-0.00599549504038227
26.7,-0.0002647365599418272,0.006359384666754897,-0.05650202706216789,0.02265389918688498,-0.0003948223162096864
26.75,0.005138546621280868,0.009959257981288439,-0.07173221797540058,0.02369667171692913,0.005021400115688412
26.8,0.009861282152175951,0.01231449548978297,-0.08417973203335438,0.01894908103606352,0.009755688533388041
26.85,0.01335889891540136,0.01328938433515181,-0.09235303469413564,0.009796699200344816,0.01326265200372229
26.9,0.0149755404407181,0.01288079549711652,-0.09532409047446117,-0.001345967076049615,0.01488637863374598
26.95,0.01386593561812332,0.01112259944326283,-0.09283352414332346,-0.01110660598441632,0.01378230913386252
27,0.009029881255269042,0.007886517311177399,-0.08532262115896144,-0.01556775044940628,0.008951562494306176
27.05,-0.0004615756263907558,0.002727060282679328,-0.07388891416012711,-0.01103516807440957,-0.0005332288151608244
27.1,-0.01507135816152556,-0.005088091403372408,-0.06016807798520041,0.005029531018121314,-0.01513354264284644
27.15,-0.0343619759786047,-0.01631178677269962,-0.04615667581290839,0.03322520850854332,-0.0344109281076399
27.2,-0.05670738505964628,-0.03128368033459694,-0.0339889477951637,0.07184000495963416,-0.05673910611454835
27.25,-0.07931423171796001,-0.04948372170935961,-0.02568585046244398,0.1170072106297745,-0.07932525727885503
27.3,-0.09861927633635235,-0.0692811662892181,-0.02290934347568446,0.1633912489277624,-0.09860738656784257
27.35,-0.1109994817401195,-0.08802989301165065,-0.02675217737031144,0.2052636625851963,-0.1109642211367049
27.4,-0.1136183821142523,-0.102532692314456,-0.03757755132955509,0.237651421045888,-0.1135613326642106
27.45,-0.1051782205754706,-0.1097713191600602,-0.05493951694273452,0.2572302584485188,-0.1051030071543757
27.5,-0.08636703523266508,-0.1076973044412955,-0.07762179110512624,0.2627857618164688,-0.08627897229014592
27.55,-0.05987162238922586,-0.09584841263023192,-0.1037724589578332,0.2551753942115483,-0.05977712628191656
27.6,-0.0299434715037575,-0.07560950274808437,-0.1310867041726318,0.2368362659017408,-0.02984917265204373
27.65,-0.001618774057111632,-0.05004220204468335,-0.1570175556391383,0.2110707178194088,-0.00153068581431115
27.7,0.02022377563664598,-0.02332354527254821,-0.1790210258310408,0.1813586572942636,0.02030100008216157
27.75,0.03175593813404028,6.385175057710413e-05,-0.1948260907288698,0.1508038941707559,0.03181923551396276
27.8,0.03085995633747402,0.01618913265438704,-0.2026955406551229,0.1217533759493404,0.03090764009585245
27.85,0.01744362402108901,0.02238324826234495,-0.2016292273722776,0.09563235646929047,0.01747462374881892
27.9,-0.006615996229623178,0.01766464983619742,-0.1914804590900441,0.07300584479728911,-0.006603086237885691
27.95,-0.03785172044743908,0.002821228426081013,-0.1729776477816803,0.0537738589291028,-0.03785951836181956
28,-0.07181374319865785,-0.01982610715776834,-0.1476663511877627,0.03736286086415685,-0.07184651939126008
28.05,-0.1037939716412044,-0.04689990083250906,-0.1177625134983799,0.0228633640166892,-0.1038574423148159
28.1,-0.1295594383061659,-0.07457385572712338,-0.08590999719434134,0.009163371699651757,-0.1296599790718481
28.15,-0.1460007917614638,-0.0992003899831958,-0.054870289476042,-0.00485759212497433,-0.1461441777029256
28.2,-0.1516172984402545,-0.1178645300904422,-0.02719444736022097,-0.02006576882761929,-0.1518074378743288
28.25,-0.1467762230890734,-0.1287987323343561,-0.004931386664452586,-0.03681223998297034,-0.1470140598172458
28.3,-0.1337016380902162,-0.131623981153051,0.01058634563862632,-0.05477772096662292,-0.1339846687423787
28.35,-0.1161724152620294,-0.1274026889395172,0.01885608435587549,-0.07299032536016448,-0.1164947400385113
28.4,-0.09894254014850341,-0.1184925128143197,0.02021593353332996,-0.09000542398435774,-0.09929557110263543
28.45,-0.08694283585721149,-0.1082001624784736,0.01575056552224996,-0.1041695488272697,-0.0873163516221373
28.5,-0.08437422421384591,-0.1002580232312839,0.007084218429333877,-0.1138985450296374,-0.08475760717595793
28.55,-0.09384903363109995,-0.09817486269978415,-0.003884827433176585,-0.1179517369650346,-0.09423245711737449
28.6,-0.1157605408040266,-0.1045502558193697,-0.01523260602514565,-0.1156730966601008,-0.1161358357829936
28.65,-0.1480444004884118,-0.1204821605992532,-0.02521881815935723,-0.1071457168227029,-0.148405696213158
28.7,-0.1864304182957935,-0.1452035249924086,-0.03246479803622526,-0.09323700205183444,-0.1867742638657579
28.75,-0.2251723259328099,-0.1760557626410622,-0.03607480732179202,-0.07551414060733508,-0.2254977212969002
28.8,-0.2581180773628146,-0.2088515590941533,-0.03566756195303766,-0.05600881270139074,-0.2584260494622045
28.85,-0.2798798586983677,-0.2385899674432115,-0.03135185962647891,-0.03687515039843386,-0.2801731766172707
28.9,-0.286829154041409,-0.2603878164268397,-0.02367875371753991,-0.02004745967327493,-0.287111684921345
28.95,-0.2776882500916448,-0.2704168222990537,-0.013554749696153,-0.006995904335060255,-0.2779645591284532
29,-0.253608896880171,-0.2666157250359317,-0.002122168719730033,0.001382508228687351,-0.2538835002539167
29.05,-0.2177692306453056,-0.2490067834929598,0.009377685336332431,0.004767891019115456,-0.218046117153306
29.1,-0.1746407669387497,-0.2195674238088046,0.01975522758825027,0.003391605086142446,-0.174922619134254
29.15,-0.129133300202058,-0.1817339715026504,0.02802276666061237,-0.001992926359861313,-0.1294210969944034
29.2,-0.08581751086178058,-0.1396982344664833,0.03351641560027369,-0.01019705983319502,-0.08610999216539239
29.25,-0.04835841001553157,-0.09768152261343965,0.03596412804689231,-0.01976288369695117,-0.04865210827635974
29.3,-0.01920708873117789,-0.05933965275318531,0.03549511096532665,-0.02916866888342828,-0.01949639755566701
29.35,0.0004825527251656175,-0.02738825604595041,0.03259772222226703,-0.03703125172405064,0.0002046524310884701
29.4,0.01078491484105507,-0.003454085161634202,0.02803263007382761,-0.04229686974951913,0.01052606501491526
29.45,0.01285179459562409,0.01190338502259469,0.02272679732262622,-0.04440148739024286,0.012619000054584
29.5,0.008708229831423641,0.01907523047332471,0.01765769687935548,-0.04331582315825733,0.00850678773553043
29.55,0.0009825816126974403,0.01925476860544861,0.01371476492144941,-0.039404800314505,0.000815046472009473
29.6,-0.007457407372260584,0.01427801629409586,0.01156508597804984,-0.03316205412146656,-0.007591665411009196
29.65,-0.01396000668287842,0.006422638198128439,0.01156663645611694,-0.02495436122915617,-0.01406475509320831
29.7,-0.01657553048834183,-0.001875549631201401,0.01375914278927609,-0.01487120003483067,-0.01665696144808049
29.75,-0.01445800249480363,-0.008396147904208562,0.01791765870791795,-0.002720513885382747,-0.0145236371979855
29.8,-0.008056141449235667,-0.01154534682542557,0.02361064507713984,0.01182616714903323,-0.008113554216557239
29.85,0.000988233006695666,-0.01069165457028476,0.03023675226315503,0.0289869790171724,0.0009325332830103505
29.9,0.01022961908133654,-0.006303427524189886,0.0370591395526314,0.04861397533597722,0.01017094623956416
29.95,0.01699935515653324,0.0001735453714712398,0.04327038369903052,0.07001068160920776,0.01693515310863841
30,0.01902164701101602,0.006665292049410798,0.04808117655706584,0.09186217521604184,0.01895138272513713
30.05,0.01490622513530348,0.01096761060804086,0.05081124358159778,0.11230518143268,0.01483100894469747
30.1,0.004408112701105003,0.01125225147556619,0.05097480439067448,0.1291622588943475,0.004330135536337321
30.15,-0.01157797416444235,0.006444994677016869,0.04833915035498548,0.1403162712684189,-0.01165604680344723
30.2,-0.03124761440174575,-0.003603971113653348,0.04294161987594342,0.1441364875730602,-0.03132331669796706
30.25,-0.05225468491332725,-0.01816277498813801,0.03508584260376391,0.1398387678804637,-0.05232636133742641
30.3,-0.07211989460097747,-0.03581715431844151,0.02531687302189545,0.1276723197282461,-0.07218729056993156
30.35,-0.08860050014919073,-0.0547439779289145,0.01433874129879942,0.108853053302034,-0.08866511980298647
30.4,-0.09997489794852267,-0.0729849475454516,0.00289912398011194,0.08523158316292301,-0.1000401516516735
30.45,-0.1052323409117162,-0.08867792345488823,-0.008311017703211743,0.05880304119254526,-0.1053032824026623
30.5,-0.1041834705756577,-0.100240358201795,-0.01873229194514847,0.03126720134850453,-0.1042662511220659
30.55,-0.09751313290018472,-0.1065244677712771,-0.02798634118656257,0.003812986471517399,-0.09761410820393901
30.6,-0.08677812857678567,-0.1069751409252722,-0.03590784409523279,-0.02287846901150992,-0.08690292884488021
30.65,-0.07432313259254232,-0.1017990591808247,-0.04255582258221785,-0.04851975079498183,-0.0744757084332025
30.7,-0.06306954815202731,-0.09210619803529035,-0.04818663196395168,-0.07302998366851526,-0.06325161170039628
30.75,-0.05614962501323018,-0.07995162122049948,-0.05317512665486812,-0.096290540739004,-0.05636037310885122
30.8,-0.05640995755519942,-0.06820086696582117,-0.057908872218984,-0.1179369765267786,-0.05664644938708785
30.85,-0.0658744630700592,-0.06017764718664065,-0.0627123383645426,-0.1372902724991433,-0.0661322464425475
30.9,-0.08529604250324402,-0.05911938206461931,-0.06780922331653472,-0.1534271413371117,-0.08557024517694378
30.95,-0.1139200671729791,-0.06754209404096356,-0.073287309603981,-0.1653002823494922,-0.1142062893647631
31,-0.1495288290132655,-0.08666743494359286,-0.07906026122202248,-0.1718489230624619,-0.1498239713279813
31.05,-0.1887655290300067,-0.1160594013680144,-0.08484050781980879,-0.1721147428749213,-0.189067944275344
31.1,-0.2276706359030989,-0.1535680605897082,-0.09014836115846175,-0.1654029956754257,-0.2279799182473088
31.15,-0.2623241533469941,-0.1956082740705196,-0.09439477654374939,-0.1515127014914119,-0.2626403546687966
31.2,-0.2894701262659929,-0.2377277098017472,-0.09702843703151071,-0.1309919590807815,-0.2897929665438934
31.25,-0.30700639223046,-0.2753499911470336,-0.09766530475629248,-0.1052829420220074,-0.3073345769634905
31.3,-0.3142472452307791,-0.3045379102880543,-0.09613541966832195,-0.07665745498747134,-0.3145783251576624
31.35,-0.3119122413158738,-0.3226297220941262,-0.09246529720992225,-0.04799002327056601,-0.3122430354435629
31.4,-0.3018523176942515,-0.3286249477863871,-0.08683807231964913,-0.02247071181481719,-0.3021798071351496
31.45,-0.2865821375544042,-0.3232430308552503,-0.07956399895374222,-0.003275912636146683,-0.2869046214503786
31.5,-0.2687279896819221,-0.3086505988849244,-0.07105876163110669,0.006843399276743156,-0.2690459746297311
31.55,-0.250511030140247,-0.2879237240306723,-0.06181799351297274,0.006019258109064785,-0.2508277264627049
31.6,-0.2333682139041488,-0.2643698825090427,-0.05239421780763015,-0.006371175692743314,-0.2336890969457706
31.65,-0.2177738148873432,-0.2408673700513865,-0.04335722389230567,-0.02953526967770786,-0.2181055931162719
31.7,-0.2032810479917116,-0.2193655811512047,-0.03524313452881983,-0.0612736849668043,-0.2036297833060776
31.75,-0.1887601380041677,-0.2006386833489754,-0.02850695650526147,-0.09818794569471873,-0.1891294164685355
31.8,-0.172777725583552,-0.1843209052253599,-0.02348258045916796,-0.1361579895462406,-0.1731668016679634
31.85,-0.1540354391473537,-0.1691923972275324,-0.02036240784665455,-0.1710444656712083,-0.1544384742562958
31.9,-0.1317738715688593,-0.1536334793270716,-0.01921416484696536,-0.1993971273544099,-0.1321798840244989
31.95,-0.1060472093297665,-0.136131383010537,-0.02000720464870986,-0.218925364769368,-0.106441532435326
32,-0.07780068060418564,-0.1157250661948722,-0.02262484023040767,-0.2286401877888436,-0.07816688189008925
32.05,-0.04872661449534351,-0.0922938337796726,-0.02686058671197877,-0.2287550698750637,-0.04904913892013041
32.1,-0.0209376108759039,-0.06662630074074055,-0.03239850858723881,-0.2204698735246308,-0.02120380118202658
32.15,0.003454222338834844,-0.04026024794058736,-0.03880802028740787,-0.2056845435480295,0.00325256258891482
32.2,0.02273383693858125,-0.01515029924562472,-0.04557684101282433,-0.1866543950460712,0.0226001292076492
32.25,0.03585196264796433,0.006732538666151089,-0.05217016070021224,-0.1656392707170824,0.03578524763635799
32.3,0.04250850932716553,0.02375935923476885,-0.05810414387799079,-0.1446199073329769,0.04250448687298924
32.35,0.04306046997289355,0.03487592618578705,-0.06300911998282344,-0.1251295691809441,0.04311253586614955
32.4,0.03832235356370634,0.03968080272071184,-0.066653490854505,-0.1082044449891666,0.03842233072401702
32.45,0.02935630590754982,0.03837598922667651,-0.06894544238232514,-0.09439374695538449,0.0294947462110105
32.5,0.01733622125733476,0.03164397871712488,-0.06992958529048532,-0.08374250471022437,0.01750232193716994
32.55,0.003520406746599879,0.02052436031454719,-0.06976682925537553,-0.07572872867881264,0.003701951104167489
32.6,-0.01069738423825317,0.00634443643579985,-0.06870487113979867,-0.06925318712835127,-0.01051385530884508
32.65,-0.0237412984377737,-0.009301091751674984,-0.06705038645217953,-0.06280271734105719,-0.0235697687173384
32.7,-0.03390763477604041,-0.02456815473340146,-0.06514123176426434,-0.05480256199562206,-0.03376142661110282
32.75,-0.03958294458056451,-0.03744420885188959,-0.06330984523560901,-0.0440635917792685,-0.03947323420349519
32.8,-0.03961632231160389,-0.04595250280139884,-0.06182176907800768,-0.03017763344875496,-0.03955071572260227
32.85,-0.03375189778249243,-0.04849939966761896,-0.06080028854694991,-0.01371626184714642,-0.03373348443780533
32.9,-0.02296608407016212,-0.04430855915529053,-0.06016774016804954,0.003839429262490979,-0.02299322397176767
32.95,-0.009545463209449014,-0.03381789437133137,-0.05962975446921243,0.02041006455041017,-0.009612462477688377
33,0.00320092505711654,-0.01888167467250318,-0.05871575781906618,0.03375398780968264,0.003102388626297969
33.05,0.01158930030854884,-0.002641562389807228,-0.05685842975721977,0.0418639553848385,0.01146834766838467
33.1,0.01243395478121131,0.0109837636214134,-0.05349655927116437,0.04324603459737564,0.01229863757488719
33.15,0.003911972224883922,0.01812060300448215,-0.04819759920851713,0.03716190205029701,0.00376790945123795
33.2,-0.0138383417420726,0.01589283651178086,-0.04076252067262343,0.02387754562371214,-0.01398872477269486
33.25,-0.03858280851346572,0.003244284505591721,-0.03127314401726877,0.004795655722339642,-0.03874016070457065
33.3,-0.06638804572392006,-0.01862485636127453,-0.02009366323507644,-0.01766033953940843,-0.06655549602417954
33.35,-0.09246524887226079,-0.046366048696524,-0.007838339928481208,-0.0404333783676103,-0.0926473527293582
33.4,-0.1122488956383803,-0.07515010965220514,0.004694118716607243,-0.06040955934417047,-0.1124507685364839
33.45,-0.1224350506550738,-0.0997402081996141,0.01660214094626389,-0.07502254338409664,-0.1226616195523759
33.5,-0.1217150279950361,-0.1156993804672046,0.02696303363184183,-0.08270386048874767,-0.1219708854968548
33.55,-0.1110238548766505,-0.1204213117501388,0.03490780912746394,-0.08304658442184215,-0.1113132395380371
33.6,-0.09325078832611801,-0.1137160805477729,0.03969715381771233,-0.07664184119734441,-0.09357789802740563
33.65,-0.07250488569655469,-0.09780238544374592,0.04080851306884176,-0.06469623195444485,-0.07287373462811975
33.7,-0.05314692730003478,-0.07671865756155472,0.03802083396656286,-0.04864685281902059,-0.05356100482211068
33.75,-0.03886050464222826,-0.05532328554307986,0.03146772713811496,-0.0299507247979407,-0.03932160353188069
33.8,-0.03200772832051596,-0.0381664991016325,0.02164694717144544,-0.01009161553152327,-0.03251468279676106
33.85,-0.03341000051096271,-0.02854190601761564,0.009394936001106857,0.009283867471897467,-0.0339571336194936
33.9,-0.0425373773063367,-0.02795669905800968,-0.004168653932553334,0.02624767461383309,-0.04311375387477312
33.95,-0.05794905999776899,-0.03612100441640975,-0.0177260872902153,0.03860103673211462,-0.05853841732064946
34,-0.07775199292642361,-0.05138046315674871,-0.02987008050542878,0.04406379084004652,-0.07833408160913924
34.05,-0.09987483968015354,-0.0713685307014959,-0.03923159406059995,0.04065084434731353,-0.1004276069898422
34.1,-0.1220701967749231,-0.09359634808433248,-0.04461997001565449,0.02719236401992486,-0.1225727280518478
34.15,-0.1417138160887405,-0.1157645112743977,-0.04515462249946511,0.003846808012826886,-0.1421491818180771
34.2,-0.1555924034222872,-0.1357275289180826,-0.0403611429614652,-0.02762894397880011,-0.1559499028931787
34.25,-0.1599106479135919,-0.1512114885767631,-0.03021320809331851,-0.06402016966162899,-0.1601870081789278
34.3,-0.150682522294811,-0.1595125520177338,-0.01511694048104145,-0.1011872139217769,-0.1508817952192887
34.35,-0.1245230980154248,-0.157433094629406,0.004151212310295804,-0.1348143265588681,-0.124655543052122
34.4,-0.07967945038182343,-0.1416329255651326,0.02652499111593681,-0.1611433391671968,-0.07975954646522299
34.45,-0.01699732379992357,-0.1093988639775357,0.0507223262680716,-0.1775224680785372,-0.01704152152870453
34.5,0.05952399369465142,-0.05964739676156394,0.0753284924172925,-0.182778898950773,0.05949957231607217
34.55,0.1428565910393583,0.006159951007450148,0.09892018055771956,-0.1774752758292787,0.1428380990210021
34.6,0.2238276185296292,0.08353966026219251,0.120209564165583,-0.1638645181523634,0.2238050206748685
34.65,0.2926068248699318,0.1651984955246465,0.1381696570919926,-0.1454162543682107,0.2925748707528315
34.7,0.3404486411574635,0.2419855961316621,0.1521243288753751,-0.1261057322922428,0.3404072546583958
34.75,0.3612585475096085,0.3044026083353018,0.1617903495671598,-0.1096881068201219,0.3612124975919802
34.8,0.3526118924273518,0.3443187998708492,0.1672616039261187,-0.09907442743118855,0.3525697327654406
34.85,0.3160230255419293,0.3564697716028448,0.1689448162372205,-0.09587513926456526,0.3159952576177512
34.9,0.2564747723146044,0.3393742632172642,0.167477297452351,-0.1001750537463816,0.2564714965194193
34.95,0.1813996151722321,0.2954754429881444,0.1636386759012877,-0.1105937665938174,0.1814279945422852
35,0.0994017016798508,0.2305370668770007,0.1582497984448867,-0.1246286273753615,0.09946382804864973
35.05,0.01900902853033854,0.1525082137971013,0.1520675707384072,-0.139197317031353,0.01910073071393792
35.1,-0.05233302669619391,0.0701688692198329,0.1457083332680311,-0.151253365166945,-0.05222205704003191
35.15,-0.1089301221832528,-0.008131484448965387,0.1396137610468362,-0.1583472169615051,-0.1088147353288533
35.2,-0.1471765560921734,-0.07542424622709681,0.1340484041122987,-0.1590137104728397,-0.1470734537876889
35.25,-0.1656302193132276,-0.1266809124558701,0.1291068355050381,-0.1528887255365821,-0.1655546701689573
35.3,-0.1649011064127653,-0.1590195990478315,0.1247233125842984,-0.1405423061163261,-0.1648639422744463
35.35,-0.1474029598643149,-0.1716547355604657,0.120687222560598,-0.1231553980701628,-0.1474084961035199
35.4,-0.1169844533581826,-0.1656963679685944,0.1166730120492895,-0.1022190369557776,-0.1170298605701106
35.45,-0.07844303067820382,-0.143868131813652,0.112296074868067,-0.0793244122031499,-0.07851921313951471
35.5,-0.03693873366326859,-0.1101524299877462,0.107183816466242,-0.05602561852035715,-0.03703240302587602
35.55,0.002641112118860916,-0.06935362958589109,0.1010483180199303,-0.03376808995196939,0.002544783231994585
35.6,0.03628058755563692,-0.02657708572715567,0.09375085366179631,-0.01386528881139459,0.03619543249085311
35.65,0.06129262350125478,0.01335307915530792,0.08534533483275836,0.00253066020480619,0.06122965642286765
35.7,0.07653996761707052,0.04646646893090917,0.0760827077036193,0.01451588083123118,0.0765064975333235
35.75,0.08236619257512573,0.07010625089640266,0.06637565752089164,0.02157247529070649,0.08236583422023652
35.8,0.08025231524648267,0.08317579420438248,0.05675037508539527,0.02369222368664325,0.08028550563855807
35.85,0.07229255671617901,0.08610524147676746,0.04779703563851001,0.02140718693619764,0.07235718212842668
35.9,0.0606422997147513,0.08053835239963647,0.0401136541582805,0.01568038486410783,0.06073411371697035
35.95,0.04710361356642741,0.06882152640454503,0.03424268688164378,0.007682859131541431,0.04721632890910404
36,0.03296470325452896,0.05344338359151735,0.03060282645507773,-0.001441080794754523,0.0330899978720357
36.05,0.01911145352940286,0.03658980482992913,0.02943938606712188,-0.01070832145551315,0.01923907073614373
36.1,0.006317259657003355,0.01993253556478314,0.0308142645189789,-0.01929226803890738,0.006435670144242345
36.15,-0.004459045986444823,0.004675791288074937,0.03461625151919923,-0.0264300905874405,-0.004361472423023371
36.2,-0.01194449335203597,-0.008219998888087665,0.04056265213946797,-0.03132019232687305,-0.01187770721315418
36.25,-0.01469789131045277,-0.01779086950810305,0.04819336746671266,-0.0330721876919885,-0.01466831511401845
36.3,-0.01151524504321663,-0.02295914762669515,0.05687708735086333,-0.03077584335763806,-0.01152419067154753
36.35,-0.001957740970441046,-0.02265496060343308,0.06584071386825563,-0.02373329204793484,-0.002000677816303531
36.4,0.0132045586149666,-0.01615894027437725,0.07423233841379728,-0.01180414599453966,0.01313764602062623
36.45,0.03183065085302011,-0.003544982039908495,0.081208473278787,0.0042931461727857,0.03175382399441939
36.5,0.05063956489140441,0.01396732646134047,0.08601627614103508,0.02290442362669082,0.05056866552121608
36.55,0.06581677142757107,0.03393094282801856,0.08806899029024085,0.04166431427871509,0.06576692569282744
36.6,0.07385418242246151,0.05295660580842021,0.08702672085016333,0.0579489804648789,0.07383755693908656
36.65,0.07240310833725651,0.06733241014775915,0.08285424139169728,0.06939262351142361,0.07242743778669752
36.7,0.06090990117058685,0.07383268273432153,0.07581892115392341,0.07427836512796226,0.06097795500257563
36.75,0.04086121185538014,0.07050711926814729,0.06643910975092615,0.07166232814484169,0.0409711367585554
36.8,0.01556951585311842,0.05722938545285688,0.05541404259972504,0.06124358954202302,0.01571579737460588
36.85,-0.01045201985821886,0.03585312167412164,0.04355818423725727,0.04314427365094775,-0.01027742325350756
36.9,-0.03237655917156689,0.009935238779159361,0.03174145477526369,0.01774685574101786,-0.03218318014370941
36.95,-0.04600766771092195,-0.01591231495360435,0.02082877038987224,-0.01437888305404694,-0.04580584923151376
37,-0.04857629968266458,-0.03689943020534442,0.01161854662893613,-0.05248683781376468,-0.04837678616337382
37.05,-0.03923813650306536,-0.04896652035065507,0.004787134070756593,-0.09560765628822376,-0.03905178147643812
37.1,-0.01920163026306423,-0.04953234064835355,0.0008459441045539084,-0.1424302764820269,-0.01903897058158877
37.15,0.008497984587188616,-0.03796037488488507,0.0001078384556864598,-0.1911683366562708,0.008627474141469915
37.2,0.03950254963484433,-0.01568325988555758,0.002663496581123692,-0.2395099105279757,0.03959143022249989
37.25,0.06881158122837508,0.01401549225463067,0.008373136854758489,-0.2846705264221997,0.06885548706143269
37.3,0.09154390052721505,0.04650597891669661,0.01686628516215305,-0.3235084634445659,0.09154219692267268
37.35,0.1036989385621584,0.0765186521612129,0.02755229803907533,-0.3527221610133755,0.1036547633833148
37.4,0.1028398528581202,0.09895897366586909,0.03965639139136146,-0.3692190447700813,0.1027594008225958
37.45,0.08860551294468026,0.1097315065547628,0.05228071441957582,-0.3706634851882784,0.08849675693719072
37.5,0.0629400561146978,0.1064703101169251,0.06449426169960581,-0.3560351731716077,0.0628113976755752
37.55,0.02993628160754784,0.08906728198903135,0.07544684706255411,-0.3259617039441416,0.02979552547162778
37.6,-0.004753939157437243,0.05988186448476263,0.08447658204401032,-0.2826824604444838,-0.004899763717481354
37.65,-0.03488179368449555,0.02352862812549622,0.09118400062519882,-0.2296475024285483,-0.03502592002665933
37.7,-0.05475393327025051,-0.01379556689033079,0.09546390331755983,-0.1708901043670149,-0.05488871744024293
37.75,-0.06030632837807946,-0.04537003219485308,0.09749280668176202,-0.1104043374930385,-0.06042225038873628
37.8,-0.04982817048970904,-0.06519586775818653,0.09767606152448749,-0.05173128311267639,-0.04991328709800169
37.85,-0.02415332480626156,-0.06914285749546617,0.09656470274506579,0.002208412427903927,-0.02419373429269839
37.9,0.01370971032978636,-0.05569960977612509,0.09475390031464537,0.04911674626970181,0.01372852501675742
37.95,0.05938057096659334,-0.02613694794186644,0.09278292635003971,0.08721975482573269,0.05947172548606949
38,0.1081041420571243,0.01593610108444532,0.09106332400034711,0.115148333056185,0.1082771825391339
38.05,0.1556729858071507,0.06548219676699546,0.08983644536702107,0.1319239738273198,0.1559322119099706
38.1,0.1990521774644813,0.1171479411740171,0.08914043606767319,0.1371113366878017,0.1993957008183057
38.15,0.2365819539978731,0.1662790613451751,0.08880009739819206,0.1310690418449927,0.2370019451453435
38.2,0.2677574024377445,0.2095958977807165,0.08846830838035219,0.1151463320870173,0.2682410905781704
38.25,0.2927013969359587,0.2454012952331702,0.08770706047916316,0.09167910485064618,0.293232865984811
38.3,0.3115351630351143,0.2733327222312977,0.0860663119658161,0.06371996989611228,0.3120971327091675
38.35,0.3238786193338214,0.2938004039564315,0.08313806922828648,0.03454271830509825,0.324454156276339
38.4,0.3286691821330445,0.3073300858639166,0.07859233588267617,0.007069644781013296,0.3292428366901317
38.45,0.3243739624185821,0.3140407396831786,0.07221120384883112,-0.01658267951349968,0.3249324952702897
38.5,0.3095259171547554,0.313433645551155,0.06392461630107799,-0.03534871905004755,0.3100586775783106
38.55,0.2833915208919037,0.304553661503595,0.05383149905997298,-0.04923834061493693,0.2838906283566988
38.6,0.2465266616722377,0.2864582207593245,0.04218653838674286,-0.05907447964035895,0.2469872455087792
38.65,0.2010187281271185,0.2588066405578096,0.02935829397331136,-0.06598642873679472,0.2014389565322433
38.7,0.1503240115221224,0.2223366702283308,0.01578610209682574,-0.07088571731191678,0.1507050998976101
38.75,0.09874634350372712,0.1790462448115146,0.001942706528174853,-0.07414794108157369,0.09909199338074848
38.8,0.05070846745519347,0.1320151854294223,-0.01170336666933036,-0.07559712798142304,0.05102410851550365
38.85,0.01001504838934353,0.08492780284506846,-0.02471969475384261,-0.07475841305631586,0.01030652196965343
38.9,-0.02071605906859407,0.04144919464456637,-0.03673192849289664,-0.07123965562590506,-0.02044366291313476
38.95,-0.04034362141127192,0.004637050389603659,-0.04744816059373747,-0.06506026314963115,-0.04008711601566417
39,-0.04919093480794352,-0.02346480617047353,-0.05669019069747422,-0.05679921859972786,-0.04894946910362474
39.05,-0.04878398276374401,-0.04198399049576401,-0.0644043954653849,-0.0475187850257513,-0.04855905412598893
39.1,-0.04144370030592534,-0.05114664131079116,-0.0706440816111788,-0.03850777582315884,-0.04123838096426047
39.15,-0.02984954451960567,-0.05204967898671714,-0.07553675965049667,-0.03096996483213788,-0.02966748191645541
39.2,-0.01667313753757095,-0.04637390120745477,-0.0792456330728627,-0.02578509789869288,-0.01651722175438564
39.25,-0.004332351866889773,-0.03611825768764032,-0.08193988790325601,-0.02340490950371132,-0.004203636934927257
39.3,0.005140183436799031,-0.0233987557535334,-0.08378522333802813,-0.02389105784924406,0.005243330497882726
39.35,0.01016715290361233,-0.01032030302550524,-0.08494957693340288,-0.02706218335223964,0.01024923846549158
39.4,0.009700786273824261,0.001098310608913189,-0.08560920411046291,-0.03267694596508802,0.009768766774671478
39.45,0.00334126178380016,0.008999520446982101,-0.08594593294745623,-0.04056411632359802,0.003403378290996628
39.5,-0.008514913143133206,0.01182217778160083,-0.08614073424659657,-0.05064403804392237,-0.008450760813818681
39.55,-0.02456319235949346,0.0085219523193375,-0.08637291818649329,-0.06284628887802746,-0.02449125636310168
39.6,-0.04260565787532935,-0.001152458038460424,-0.08682609703584115,-0.07696962721526807,-0.04252382051919668
39.65,-0.05975937283691039,-0.01641076759702464,-0.08768873490523293,-0.09253412376362097,-0.05966990775251535
39.7,-0.07286621103881068,-0.03531330751646145,-0.0891459584316201,-0.1086585426239386,-0.07277549584530518
39.75,-0.07903906137866896,-0.05490086893274609,-0.09136811015377999,-0.1239883873831933,-0.07895625949943852
39.8,-0.07622311041111297,-0.07159267784982604,-0.0944935722294481,-0.1367259397525427,-0.07615802419735268
39.85,-0.06363167761567312,-0.08179610696241446,-0.09860701060407828,-0.1448294677058967,-0.06359225497195981
39.9,-0.04194004883246756,-0.08259878667132098,-0.1037193289249519,-0.1463870533795935,-0.04193005306251119
39.95,-0.01317802286115104,-0.0723797254821168,-0.1097547981419553,-0.1400720552791841,-0.01319536532317567
40,0.019665362463387,-0.05118891682823512,-0.1165418111594995,-0.1255145651980323,0.01962932069309242
40.05,0.05324260172487564,-0.02079685005563253,-0.1238016951791296,-0.1034299187280976,0.05320265087966247
40.1,0.08452071780458967,0.0156085688569238,-0.1311505524186056,-0.07544791965979003,0.08449645435148667
40.15,0.1113695044235298,0.05402019672819569,-0.1381230092333761,-0.04370118600482098,0.1113832799884971
40.2,0.1329171482758632,0.09038302192233427,-0.1442008480944241,-0.01031895457143084,0.1329917378866412
40.25,0.1495723789953843,0.1213696694200884,-0.1488495977895663,0.02297990241816061,0.1497286966470814
40.3,0.1626950026437312,0.1449741002002678,-0.1515753025176876,0.05505184934232199,0.1629501061907342
40.35,0.1740004195078672,0.1607847455758711,-0.1519906244781982,0.08523194038594462,0.1743660269490511
40.4,0.1848779590189593,0.1698661778143037,-0.1498645539600618,0.113049787284754,0.185359240977389
40.45,0.1958467440711621,0.1742781888017089,-0.1451364043314808,0.1378595055259161,0.1964417292451405
40.5,0.2063422107164103,0.1763713475451453,-0.1379097682515059,0.1584913232563863,0.2070412139887108
40.55,0.2149159799511405,0.1780685382387039,-0.1284469630083327,0.1730695550705276,0.2157018995692279
40.6,0.2197866348373117,0.1803567305281611,-0.1171513991603934,0.1791662480401833,0.2206353479792925
40.65,0.2195449286717112,0.1831496532248827,-0.1045278131324681,0.1743485854993325,0.2204270809540883
40.7,0.2137631791654481,0.1855519427612728,-0.09113174573989158,0.1569492578793003,0.2146462478614762
40.75,0.2032923575973488,0.1864073169484962,-0.07752354898361424,0.1267579595540671,0.2041441283800789
40.8,0.1901531810325148,0.1849102337458635,-0.06422791366883362,0.08539371470478008,0.190944976737759
40.85,0.1770682110790435,0.1810481745816904,-0.05169360748427887,0.03625872289721405,0.1777784613220371
40.9,0.1667998538857238,0.1757215137879219,-0.04025739345461521,-0.01590195166113717,0.1674162538973487
40.95,0.1614947825958641,0.1705178929957369,-0.03011820163762036,-0.06572000950825563,0.1620154624940403
41,0.1622025973189095,0.1672346148741113,-0.0213231440102552,-0.1080428672157451,0.162635338426806
41.05,0.1686520606613526,0.1673245102149989,-0.01377001592412019,-0.138735141473361,0.1690123483304537
41.1,0.1792891197672902,0.171446386956055,-0.007235332722973054,-0.1552776771956641,0.1795970871641779
41.15,0.191529666065308,0.179224477025943,-0.001431084883873224,-0.1569807247849383,0.1918069027647453
41.2,0.2021686051131147,0.1892468588361783,0.003926379544354597,-0.1447600695823504,0.2024352188322308
41.25,0.2078909680744241,0.1992748002351743,0.009062091290529761,-0.1206719119461703,0.208163458158008
41.3,0.2058299520858308,0.2066004122088952,0.01411466176834802,-0.08748520864673315,0.2061199654719398
41.35,0.1940983036421901,0.2084859647454017,0.01913235576433325,-0.04840922521608987,0.1944122330163023
41.4,0.172196147144199,0.202629777055844,0.02408793548724497,-0.006908474967271039,0.1725353639995424
41.45,0.1411939276317872,0.1876018160438711,0.02890131501761672,0.033496619143004,0.1415553247017987
41.5,0.1036224074130353,0.163178011326589,0.03345763892455039,0.06949243954798062,0.103999180153534
41.55,0.0630722154104614,0.1304955961036516,0.03762479440935318,0.09830509544440408,0.06345458743806148
41.6,0.02358648045464713,0.09197548122445459,0.04127993192325285,0.1180675935680056,0.0239626649856004
41.65,-0.01101038329900631,0.05100664076946948,0.04433833361543554,0.128129930374607,-0.01065325542750362
41.7,-0.03769687891346245,0.01143839006151692,0.04677232787053398,0.1291899791469022,-0.0373713997210452
41.75,-0.05464089611724389,-0.02301071254890019,0.04861738453725029,0.1231441501064593,-0.05435806900156825
41.8,-0.06134912967016212,-0.04930001342293322,0.04996639941834646,0.1126338173045441,-0.06111683364475023
41.85,-0.05860251798194289,-0.06547152812155621,0.05095008384825211,0.1003884832555723,-0.058424480287674
41.9,-0.0482366507331048,-0.07086383630316262,0.05170759454286811,0.08857696968115147,-0.04811185254660622
41.95,-0.03282520573520085,-0.0661329186906523,0.05236310512676978,0.07837865729525417,-0.03274825102355877
42,-0.01530850414918603,-0.053108352533208,0.05301716545069457,0.06987828136412688,-0.01527065976834391
42.05,0.001405572593299886,-0.03452325166906944,0.05374509948763917,0.06226451739803868,0.001414780468596555
42.1,0.01483803624043836,-0.01364869849246364,0.05460041441782604,0.05423761810909061,0.01482925427152726
42.15,0.02328729793781833,0.006145551619154421,0.05562628666198316,0.04450160220278243,0.02327022151551372
42.2,0.02606988943151053,0.02187370710695957,0.05686196921377706,0.03221655525565292,0.02605287898733943
42.25,0.02359616108755046,0.0313993521593558,0.05834163649336499,0.01729712294378427,0.0235865796253536
42.3,0.0172499637045448,0.03379799251809307,0.06009490838134346,0.0004854656559398762,0.01725489743980491
42.35,0.009085698093747195,0.02952443408145766,0.06214051138621923,-0.01678780827574855,0.009112595476372776
42.4,0.00140391751618363,0.02031756000809259,0.06447046146940932,-0.03266502008921357,0.001460720060814824
42.45,-0.00369940998889953,0.008838887045304777,0.06703228237973446,-0.0451691150082012,-0.003604857826710439
42.5,-0.004707332737458582,-0.001883506145583413,0.069704239244333,-0.0525400146016059,-0.004568427341273995
42.55,-0.0008994084410433804,-0.009076914806161962,0.0722661572222667,-0.05355595213644038,-0.0007121600301817632
42.6,0.007622219915720407,-0.01076523587188466,0.07438245602624527,-0.04775366549785393,0.007858167201855504
42.65,0.02007717549463738,-0.006107568059540602,0.07560972498301832,-0.0355211984729823,0.02035817897325881
42.7,0.03525241522079613,0.00452891325896293,0.07543163239484563,-0.0180968611472862,0.03557136249291004
42.75,0.05175725974412582,0.01975698795620573,0.07331743872245394,0.002541656934891445,0.05210475167130701
42.8,0.0682079533101594,0.0375477458295666,0.06880116987723695,0.02394509955402008,0.06857379207320935
42.85,0.0833067677466087,0.0556806107788434,0.06157133379518825,0.04359410644621409,0.0836813103509948
42.9,0.09584154113159225,0.07214119407280561,0.05154630124069792,0.05928456264579829,0.09621652929109037
42.95,0.1046814826133224,0.08537935955594078,0.03891387890202891,0.06932186968801901,0.1050504250250569
43,0.1088590255616546,0.09440441762714358,0.02413050674422046,0.07255718841748743,0.1092171186969818
43.05,0.1077898965604688,0.09876294396976243,0.007883278322709297,0.06844967830832127,0.1081341080106496
43.1,0.1016062738433498,0.09848155475568304,-0.008972905003788001,0.0572137985906267,0.1019355655228907
43.15,0.09148743134125317,0.0940552722366228,-0.02549448298426349,0.03996156052373989,0.09180360356836981
43.2,0.07981706004871693,0.08651365320335752,-0.04074790546701179,0.01872998896026651,0.08012559898587523
43.25,0.07000767333952615,0.07751748011634385,-0.05391191574201681,-0.003677615027254055,0.07031853855159609
43.3,0.06592749538465198,0.06937820500614622,-0.06435861776934865,-0.02404932541224025,0.06625479418690977
43.35,0.07101048122665839,0.06488392431192902,-0.07170341117028584,-0.03927101024603313,0.07137099797722263
43.4,0.08727489750565581,0.06686695792042491,-0.07582863649457461,-0.04688200046163771,0.08768490631186965
43.45,0.1145492933881367,0.07754952798479253,-0.07687988794249195,-0.04554016459033033,0.1150206175204256
43.5,0.1501767256636071,0.0978205719512405,-0.07522948214802616,-0.03525258418891808,0.1507124511205259
43.55,0.1893377945318757,0.1266841508662328,-0.07142398276120498,-0.01729690197278755,0.1899295136801744
43.6,0.2259562129515543,0.1611187949911225,-0.06612576887272315,0.006140820733322283,0.22658322189986
43.65,0.2539779379772366,0.1964715403171291,-0.06005635405755105,0.03250462426552087,0.254609727520832
43.7,0.2687060084719238,0.2273354985940306,-0.05394727272091804,0.05942663670944115,0.2693070563610723
43.75,0.2678416524704039,0.2487072253832813,-0.04849053049713914,0.08514860955354708,0.2683782615222431
43.8,0.2519459945686973,0.257116853896132,-0.04428473456338872,0.1087107063245429,0.2523928987774678
43.85,0.2241758834812593,0.2514158638411409,-0.041792230998564,0.1299018777156868,0.2245215327671096
43.9,0.1893477462765357,0.2329980114170948,-0.04131103710229167,0.1490390158950572,0.1895964609429745
43.95,0.1525864284829326,0.2053728050412044,-0.04294797871966471,0.1666598892876535,0.1527571515882556
44,0.1179612035500838,0.1731944006591353,-0.04659721788859572,0.1832055815623312,0.118082926946244
44.05,0.08753102099946784,0.1410049660927553,-0.05194276796724734,0.1987834893683857,0.08763610264086169
44.1,0.06109669458833426,0.112054910249902,-0.05849218369194109,0.2131032526512147,0.06121364834375009
44.15,0.03672327148570516,0.08755773216990859,-0.06563310382271559,0.2255859153063611,0.03687074876949364
44.2,0.01183614576751386,0.06659817188379064,-0.07270083277246431,0.2355377812985042,0.01201947235165168
44.25,-0.01549520067073418,0.04672786656830935,-0.07905270957845933,0.2422894365802851,-0.01528432145368136
44.3,-0.045525382935428,0.02507194133683766,-0.08414699751007848,0.2452743429308084,-0.04530613992183452
44.35,-0.07639618018871162,-0.0004103932810181621,-0.08761153628973839,0.2440525219899879,-0.07619389477364091
44.4,-0.1044317719894973,-0.0299263243501659,-0.08928553824271762,0.2382903087951657,-0.1042723109399947
44.45,-0.1250618227665465,-0.06144410013514828,-0.08923392351180937,0.227730627396773,-0.1249666576909975
44.5,-0.1340738635829297,-0.0910203886226767,-0.08773661114417147,0.2121992742372399,-0.1340565891617153
44.55,-0.1288085518384255,-0.1137541931871539,-0.08524479587778466,0.1916605620786276,-0.1288734276896287
44.6,-0.1089535728197007,-0.1250748529876701,-0.08230024747887954,0.1663171691549498,-0.1090958654907844
44.65,-0.07673771012448877,-0.1219867914426499,-0.07944011849024901,0.1367585115594762,-0.07694532810057431
44.7,-0.03651809679314161,-0.1039199007346769,-0.07712661896864792,0.1041046860661515,-0.03677393767112247
44.75,0.006078377355847667,-0.07297050805003191,-0.07571299470847004,0.07002267228754178,0.005794138706329832
44.8,0.04520714673549047,-0.03350395277019325,-0.07542213262179698,0.03654844419500602,0.04491492175285916
44.85,0.07579765083550626,0.008732768687728876,-0.07633283896458409,0.005760883146810225,0.07551691073829225
44.9,0.09430264015573793,0.04772693012411766,-0.07838177532186397,-0.02058368257269882,0.09405055349498276
44.95,0.09912030883253845,0.0782669632446652,-0.0813755483330722,-0.04132992041610323,0.09891079346102316
45,0.09068940999766059,0.09674542348316206,-0.08501407692033708,-0.05604496008534343,0.09053215504507695
45.05,0.0713001154170011,0.1015878438320035,-0.08892729941869776,-0.06501266290287877,0.07119993668945068
45.1,0.0446725786652894,0.09330343116609652,-0.09271343011033922,-0.06913552385168387,0.0446290248827535
45.15,0.01535041365858198,0.07422648915243379,-0.09596969165980573,-0.06971762645926693,0.01535802217257271
45.2,-0.01203130151686124,0.04803793812328566,-0.09831431582050604,-0.0681533147368098,-0.01198208146207885
45.25,-0.03350791222508641,0.01914661407468948,-0.09940428859967854,-0.06564406839196107,-0.03342913920295737
45.3,-0.04643771865691401,-0.007997146221706497,-0.09895702717104404,-0.06304537317594577,-0.04634199873440881
45.35,-0.04989083443401168,-0.02957936288917856,-0.09677770245031897,-0.06083891460845658,-0.04978943159127192
45.4,-0.04466244270650448,-0.04299663209224591,-0.09278592216953097,-0.05915784451901474,-0.04456380309176811
45.45,-0.03289741944808439,-0.04721414049543232,-0.08703105873678768,-0.05780382947515333,-0.03280640111822458
45.5,-0.01743416862737949,-0.04282283600978248,-0.07968991757394994,-0.05623654223437857,-0.01735191614567821
45.55,-0.001064815258845832,-0.03174560544009253,-0.07105410104235421,-0.05357122153509397,-0.000989136252206313
45.6,0.01407312887801275,-0.01665580674491962,-0.06151096424217717,-0.04864877116760247,0.01414716322446008
45.65,0.02681907234741716,-0.0002693545343772086,-0.05150938912853081,-0.040200374240763,0.02689843976373829
45.7,0.03698042548061932,0.01528274136967489,-0.04151876707079422,-0.02709098036893748,0.03707339829732775
45.75,0.04505875133444288,0.02881374909569512,-0.03199687210785535,-0.008663915208780626,0.04517397711704113
45.8,0.05184980802555343,0.04009663966899252,-0.02336463479151457,0.01482640069035335,0.05199510583617301
45.85,0.05807071546735543,0.04958520832710545,-0.01597818113771265,0.0418727220764491,0.05825165522251186
45.9,0.06412898948190006,0.05798364210640905,-0.01009269645402566,0.06969429244360997,0.0643473863338091
45.95,0.07007694148894721,0.06583947425804076,-0.005834234408182315,0.094638641121225,0.07032975494486821
46,0.07571919740410435,0.07330231279589439,-0.003194550108863048,0.1129383277001513,0.07599806200777448
46.05,0.08078399034666454,0.0801084599923273,-0.002040033952576459,0.1216172772314233,0.08107591057499841
46.1,0.08505152055013422,0.0857580459945117,-0.002124547492371565,0.1192770040390381,0.08534046819333985
46.15,0.0883577528598692,0.08977881863748566,-0.003104104193982715,0.1065241933536098,0.08862724143770156
46.2,0.09045571339442479,0.09194433324238643,-0.004557674889367203,0.08591323146583418,0.09069143055351014
46.25,0.09079021849800337,0.09233886477354125,-0.006019361872075246,0.06143481559586239,0.0909824400884065
46.3,0.08830157961689507,0.0912270106060844,-0.007019056735311224,0.03773080911862792,0.08844642633461225
46.35,0.08138769002263269,0.08877277845113479,-0.007126029344980689,0.01927849980588553,0.08148721905645512
46.4,0.0681178226973542,0.08472149073117996,-0.005986150319450267,0.009733759782644291,0.06817872168207056
46.45,0.04671053431426033,0.07819013210134607,-0.003346095446380093,0.01152398278145017,0.04674194159568174
46.5,0.01619128995775973,0.06769552974061971,0.0009311159621750442,0.02569699772372791,0.01620216900932803
46.55,-0.02293967503864881,0.05147479987187537,0.006854479069746455,0.05195087600304066,-0.02294294138981595
46.6,-0.06824286285316188,0.02804967633556005,0.01429864284714455,0.08872303870150172,-0.06825813961641708
46.65,-0.1152774239337987,-0.003105981014497217,0.0230097958128293,0.1332951639446576,-0.1153074024304868
46.7,-0.1580608044801839,-0.04098949024403831,0.0326245989298064,0.1819924596287738,-0.158112308938219
46.75,-0.1900359148242889,-0.0827774039604246,0.04270292712395451,0.2305470769097291,-0.1901180944557702
46.8,-0.2053768661369272,-0.1239573360827774,0.05277213968603645,0.2746001515695774,-0.2054985593744399
46.85,-0.2003355551904001,-0.1589270007344137,0.0623684966368816,0.310246830633424,-0.2005024298478438
46.9,-0.1742776782590696,-0.18198706341109,0.07107692875575233,0.3345103000662124,-0.1744897214839947
46.95,-0.1301046974708734,-0.1885291479959852,0.07857527517259821,0.3456446022720771,-0.1303547147520265
47,-0.07390157774702566,-0.176142155102072,0.08466819540288895,0.3432078142363846,-0.07417510703460362
47.05,-0.01384749084610152,-0.1453447283682606,0.08929891368894038,0.327960220099013,-0.0141243052391532
47.1,0.04137905632928843,-0.09972176963126572,0.09253641164643789,0.3017198169631911,0.04112199351755741
47.15,0.08433240692261212,-0.04538864747539501,0.09454234332090417,0.2671833497147028,0.08411710072319672
47.2,0.1102581765525323,0.01012053035152083,0.09554628397389181,0.2275929838508256,0.1101015060928948
47.25,0.1179285476087036,0.05930139726875905,0.09581931983817416,0.1862516777342804,0.1178388834036792
47.3,0.1096595168865274,0.09613842928997318,0.09562884212112488,0.1460689690964757,0.1096346453898148
47.35,0.09052346322913872,0.1172317512599796,0.09519630005687352,0.1092896169807037,0.09055037210776323
47.4,0.06697907627417704,0.1223235620595512,0.09466721496160407,0.07737901152195392,0.06703556076616124
47.45,0.04528695045869393,0.1141050001258794,0.09408672379992772,0.05100112066521106,0.04534469946147046
47.5,0.0301176174093098,0.09736726998602507,0.09338808300079798,0.03011969244794765,0.03014617099991573
47.55,0.02367742627815992,0.07773052510812578,0.09240688322380952,0.01422279550822608,0.02364823579444114
47.6,0.02550747774900371,0.0602873659865753,0.09092067464539416,0.002586457037340839,0.02539751126216921
47.65,0.03291527878656861,0.0485044387750958,0.08870035429816647,-0.005504750514922385,0.03270973530732513
47.7,0.04184466837190746,0.04363055860228043,0.08555690049430792,-0.01060591558000418,0.0415385103911281
47.75,0.04791976308394325,0.04469414920591375,0.08137837544793336,-0.01302187917732273,0.04751812491428348
47.8,0.04741754069666289,0.04901319770912493,0.07615777360355624,-0.0127905802511219,0.04693469646830811
47.85,0.03799769222988773,0.0530228212137755,0.07000798010116149,-0.009777303803029103,0.03745504250222659
47.9,0.01910881540811532,0.05317950706933394,0.06315974685089398,-0.003860757000583748,0.01853157632441432
47.95,-0.007942011456033994,0.04674143225665151,0.05594282119593824,0.004886541893563745,-0.008528416967045704
48,-0.04022553032628606,0.03230917363693719,0.04875336518688539,0.01609226773849093,-0.04079939689001599
48.05,-0.07368203364284387,0.01008508560560384,0.04201458327327356,0.02906430946607136,-0.07422825454419912
48.1,-0.1037971019305487,-0.01814740349952593,0.03613435177424379,0.04284991898369717,-0.1043089656521284
48.15,-0.1263689575002759,-0.04930002299981673,0.03145947133615962,0.05634910464538262,-0.126847947001079
48.2,-0.1382481512311843,-0.07947068573194355,0.0282324783543072,0.06843975957357251,-0.1387022477396674
48.25,-0.1379185787756799,-0.1045913470039681,0.02656546351372452,0.07806587296008222,-0.1383591311283899
48.3,-0.125798632925289,-0.1211433168707101,0.0264412737588785,0.08425763564311728,-0.1262368263633072
48.35,-0.1041859048240199,-0.1268162530683584,0.0277364037833906,0.08612327640826184,-0.1046294250126535
48.4,-0.07683897458880753,-0.1209769031255872,0.03025280625191112,0.08292589829513708,-0.07728972697113334
48.45,-0.04827284769519948,-0.1048330878810056,0.03375243767698927,0.07431170174303758,-0.04872608540916246
48.5,-0.02291436876122326,-0.08123644361214633,0.03799043591589124,0.06060039992466637,-0.02335936938569738
48.55,-0.004299240096457267,-0.05415997593734917,0.04273799106120402,0.04295855598923681,-0.004721379349803434
48.6,0.005519999263649417,-0.02796088755086823,0.0477882104184672,0.0233566910118394,0.005136314800090358
48.65,0.006243123017971242,-0.00658002532840618,0.05295052942219197,0.004338400202296921,0.005911086346656547
48.7,-0.0007607680922113627,0.007142993933318076,0.05804876219122523,-0.01133883923699747,-0.001033320774138369
48.75,-0.01283412705248949,0.01190737611741438,0.06292309701185511,-0.02115365706285927,-0.01304690468105907
48.8,-0.02659928340919262,0.008078026341258149,0.06742251022762341,-0.02328444845805433,-0.0267602491601806
48.85,-0.03858431123937187,-0.002492769883295776,0.07139178894994069,-0.0169411027132958,-0.03870892375343332
48.9,-0.04579458524808806,-0.01688162845339725,0.07466755699673788,-0.002437790696791287,-0.04590341741840198
48.95,-0.04615356405025023,-0.03163832628112001,0.07708662082215478,0.01900939613105102,-0.04626884739222559
49,-0.03877286143503012,-0.04334983995929348,0.0784997890155788,0.04566948554823447,-0.03891441226634573
49.05,-0.02403493902763948,-0.04914670678081079,0.07878568944439163,0.07571576161042781,-0.02421635725154692
49.1,-0.003486859441354043,-0.04710481533150074,0.07786724097629533,0.1075146366824666,-0.003712557896737079
49.15,0.02044052124626798,-0.03651255730823538,0.0757331726673135,0.1396973047799561,0.02017671721582248
49.2,0.04484554982114013,-0.01797253152055356,0.07246022964279719,0.1710526566014541,0.04456017134999463
49.25,0.06682624623837964,0.006686237940007,0.06822982140296469,0.2003634914010318,0.06654402905523704
49.3,0.08391020301258242,0.03467924839409192,0.06333560156261442,0.2263050339214017,0.08366056327973853
49.35,0.09435381531499432,0.06267966124289848,0.05817755819564963,0.2474622945074333,0.09416610452471319
49.4,0.09726018867193022,0.08730348776131613,0.05324019432704946,0.2624578023799782,0.09715866670299733
49.45,0.09252713920283433,0.1055764196362302,0.049049840053769,0.2701441482999746,0.09252621884949203
49.5,0.0806913130986521,0.1152977062673506,0.04610475197855962,0.2697996520704306,0.08079207754270545
49.55,0.06276074952249115,0.1152486687612964,0.04480198884908748,0.2612653328664893,0.06294940709294194
49.6,0.04011186203575246,0.1052462957013235,0.0453851719390348,0.2449732848260475,0.04036058709788348
49.65,0.01447469140626256,0.08609140225318895,0.04790595658558733,0.2218402384526764,0.01474491513796095
49.7,-0.01203625434942466,0.05946848353490963,0.05220294366209854,0.1930527154052233,-0.01178872323116997
49.75,-0.03693938087157458,0.02782935186702995,0.0579146163790315,0.1598434551744032,-0.03675828595365749
49.8,-0.05755148600600718,-0.005735992767049947,0.06452780721205359,0.1233877534629469,-0.05747438448615194
49.85,-0.07135177629558576,-0.03767954214228486,0.07144707151181162,0.08486436207705489,-0.07140575811620742
49.9,-0.07650401493102567,-0.06429262501175648,0.07806600208030356,0.04560723261154065,-0.07670365322901818
49.95,-0.0724035273482776,-0.08215949450946547,0.08383251965495508,0.007241453480527127,-0.07275131692656128
50,-0.0600656563260669,-0.08874329584095625,0.08830770355868245,-0.02827300198563482,-0.06055451127354672
