step,Z_site1,Z_site4,Z_site5,Z_site6
0,1.0,-1.0,1.0,-1.0
1,0.84679551300663,-0.8467955130066283,0.8467955130066298,-0.8467955130066296
2,0.4770832450876259,-0.4777121729600253,0.4770832360146978,-0.4777121629018567
3,0.0909241052050394,-0.09254463700788718,0.09092406936429892,-0.09254459341637433
4,-0.14424260874938352,0.14324850102583953,-0.144242687135977,0.14324860680933604
5,-0.1867420779722914,0.1877171379079427,-0.18674219647447332,0.18771732470891883
6,-0.10711872932339758,0.10831767543895238,-0.10711885665586751,0.1083179347600749
7,-0.00831745410880829,0.0072906948931507065,-0.008317538441704686,0.0072909823429794796
8,0.043341303563233256,-0.04608786783038932,0.04334130939983594,-0.046087618652983775
