step,Z_site1,Z_site4,Z_site5,Z_site6
0.0,1.0,-1.0,1.0,-1.0
1.0,0.8467955130066331,-0.8467955130066332,0.8467955130066334,-0.8467955130066332
2.0,0.47708324643866507,-0.4777121725538784,0.4770832464386646,-0.4777121725538784
3.0,0.09092410990811886,-0.09254463746558404,0.0909241099081185,-0.09254463746558403
4.0,-0.14424260178063414,0.14324849339389234,-0.14424260178063425,0.14324849339389242
5.0,-0.18674207301922463,0.18771711675494707,-0.18674207301922463,0.18771711675494698
6.0,-0.10711872645201868,0.10831764264476294,-0.1071187264520184,0.10831764264476287
7.0,-0.008317443323710011,0.007290659407132902,-0.008317443323709983,0.007290659407132825
8.0,0.04334133732961479,-0.04608789716880293,0.04334133732961479,-0.046087897168802995
