step,Z_site1,Z_site4,Z_site5,Z_site6
0.0,1.0,-1.0,1.0,-1.0
1.0,0.8467955130066297,-0.8467955130066296,0.84679551300663,-0.8467955130066299
2.0,0.47708324652834555,-0.47771217255955656,0.47708324642765754,-0.47771217254969683
3.0,0.0909241112300674,-0.09254463723541637,0.09092411032123054,-0.09254463787793488
4.0,-0.14424259523988683,0.14324849468444523,-0.14424259842594378,0.14324849016622096
5.0,-0.18674205586682696,0.18771712048520175,-0.1867420625144895,0.1877171066091704
6.0,-0.10711869818328996,0.10831764995481782,-0.10711870834891199,0.10831762486592955
7.0,-0.008317412580210154,0.007290670258817217,-0.008317425719847393,0.007290641712409673
8.0,0.04334135780326259,-0.04608788414164185,0.043341342302497254,-0.04608790214606184
