t,z_ref_qutip,ADAPTIVE,DOUBLEADAPTIVE,DOUBLEFIXED,FIXED,SINGLE_SITE_TDVP,TWO_SITE_TDVP
0,1,1,1,1,1,1,1
0.01,0.998350933857533,0.9999085029170599,0.9995069924790291,0.9983510820441374,0.9983514477677502,0.9983509334564201,0.9983509334215777
0.02,0.9934149181036025,0.9980311410911287,0.9960983713400215,0.9934156731876161,0.9934172907882547,0.9934149212231069,0.9934149209021568
0.03,0.9852254090535876,0.992872116969186,0.9894188433162884,0.9852274609480343,0.9852314384044604,0.9852254201007797,0.9852254189856501
0.04,0.9738378252983421,0.9844663130068514,0.9795136750689444,0.9738420767739395,0.9738497274255069,0.9738378413945643,0.9738378387276986
0.05,0.9593290065026266,0.972870640148555,0.9664498407576934,0.9593365718550214,0.9593493945875311,0.959329030317088,0.9593290250939629
0.06,0.9417965013486623,0.9581632385797035,0.9503153866834674,0.9418086937013799,0.9418283500248293,0.9417965459825597,0.9417965369522582
0.07000000000000001,0.9213576864690142,0.9404428577083089,0.9312185854819947,0.9213759722119795,0.9214042605050746,0.9213577506715063,0.9213577362717544
0.08,0.8981486222683847,0.919828068272771,0.9092869356510344,0.8981746262175383,0.8982134534457524,0.8981487193139245,0.8981486974777809
0.09,0.8723228558723238,0.8964562578170183,0.8846659824082207,0.8723583035932837,0.8724096548378556,0.8723229822516976,0.8723229499332875
0.1,0.8440499430550982,0.8704818989033172,0.8575179765774625,0.8440966699623527,0.8441625761271645,0.8440501162698693,0.8440500684206983
0.11,0.8135139828089449,0.8420754768342387,0.8280203871753451,0.8135738627243064,0.8136563668158436,0.8135142006031839,0.8135141282427341
0.12,0.7809118818155679,0.8114218103608958,0.7963642902953094,0.7809868286210988,0.7810879510238501,0.7809121561054985,0.7809120427564141
0.13,0.7464515892646999,0.7787183867093823,0.7627526306689857,0.7465435642746846,0.7466652674696334,0.7464519869945738,0.7464518026423426
0.14,0.7103503554683835,0.7441736296334065,0.7273985413635808,0.7104612800793979,0.7106054332764995,0.7103509455367388,0.7103506368515732
0.15,0.6728327347485888,0.708005047421019,0.690523336768574,0.6729645084957672,0.6731328526715845,0.6728336407025348,0.6728331159670996
0.16,0.634128732095898,0.6704373422629661,0.6523546308001815,0.6342831781626608,0.6344772920106234,0.6341301121975025,0.6341292188787776
0.17,0.5944717812368173,0.6317004842356301,0.6131243917314333,0.5946506753175113,0.5948719426295462,0.5944738913484902,0.5944723838319518
0.18,0.5540968385786564,0.5920277479737126,0.573066998303618,0.5543019137914553,0.5545514927945265,0.554100070106228,0.5540975646339222
0.19,0.5132384516407416,0.5516537768064892,0.5324173124369675,0.5134714343329344,0.5137502295010195,0.5132433989156804,0.5132393123017716
0.2,0.4721288939881791,0.5108126706179913,0.4914087857832911,0.4723915532205553,0.4727001900701795,0.4721364334174758,0.4721299017404194
0.21,0.4309963535392841,0.4697361371722903,0.4502716203093189,0.4312905790687668,0.431629382423022,0.4310077488918942,0.4309975219131244
0.22,0.390063203782939,0.4286516708633346,0.409231004344319,0.3903911154279277,0.3907600915986609,0.3900802400611837,0.3900645469719109
0.23,0.3495443718546652,0.3877808671480335,0.3685054262392758,0.3499084652573705,0.3503072885468559,0.349569522350308,0.3495459041694972
0.24,0.3096458177735007,0.3473377748029799,0.3283051208442823,0.3100491516335268,0.310477155494947,0.3096824489979046,0.3096475530642593
0.25,0.2705631381967559,0.3075274000756633,0.2888305674862876,0.2710095671761539,0.2714657402963561,0.2706157565391843,0.2705650886998651
0.26,0.232480314634183,0.2685443190123283,0.250271208520755,0.2329747626674015,0.2334577501463921,0.2325548491838738,0.2324824796712801
0.27,0.1955685724295805,0.2305714207348744,0.2128042457546377,0.1961173832369449,0.1966254929374404,0.1956727305204894,0.1955709501167722
0.28,0.1599854211578096,0.1937788040428891,0.1765936028403349,0.1605967583282192,0.1611279723575824,0.1601290888298884,0.1599880127281047
0.29,0.1258738490731282,0.1583228175594641,0.1417890413792456,0.1265581494840983,0.1271101406526044,0.1260695401231029,0.1258766579684242
0.3,0.09336167172230027,0.1243452565417087,0.1085254352728523,0.09413215783207657,0.0947023108094418,0.09362503086802398,0.09336470266448837
0.31,0.06256104119445471,0.09197272400096757,0.07692220545079143,0.0634342910458765,0.06401972781621101,0.06291140027215064,0.06256429935201824
0.32,0.03356811548021154,0.06131611713689528,0.0470829153334219,0.03456468754664077,0.03516229664529941,0.03402909997835085,0.0335716056802825
0.33,0.006462885596098917,0.03247034908926438,0.01909502544768371,0.00760799381454319,0.008214462723272531,0.007063067138794232,0.006466611623250933
0.34,-0.01869084355138245,0.005514174953189899,-0.00697017377006065,-0.01736661106120185,-0.01675476107659585,-0.01791725491335733,-0.01868687955130888
0.35,-0.04184532118042934,-0.01948982410791555,-0.0310575648796565,-0.04030525103470761,-0.03969162843295759,-0.04085775574995482,-0.04184112216133547
0.36,-0.06296857303544756,-0.04249510059906908,-0.05312794180772323,-0.06116905777437193,-0.06055736343178464,-0.06171936543230749,-0.06296415784385578
0.37,-0.08204402703186923,-0.06347085895212701,-0.07315767847181376,-0.0799337543358522,-0.07932774428463324,-0.08047764051552958,-0.08203941250781731
0.38,-0.09906997047801153,-0.08240164243504816,-0.09113825445367718,-0.09658912877082748,-0.09599257783690662,-0.09712223936097053,-0.09906516995950876
0.39,-0.1140589080390887,-0.09928679855928257,-0.1070756949012346,-0.1111384093345761,-0.1105550764923567,-0.1116562983934624,-0.1140539326290155
0.4,-0.1270368210152455,-0.1141398326917901,-0.1209898473971584,-0.1235975534656721,-0.1230311496602125,-0.1240957214712625,-0.1270316807159583
0.41,-0.138042336913552,-0.1269876622718458,-0.1329136017949343,-0.1339944630088663,-0.133448622100715,-0.134468394856311,-0.1380370415878949
0.42,-0.1471258216869185,-0.137869783786436,-0.1428920169133362,-0.1423681382489194,-0.1418463916161365,-0.1428133403908413,-0.1471203818447143
0.43,-0.1543484073213296,-0.1468373626633115,-0.1509813762980593,-0.1487677832340162,-0.1482735384241752,-0.1491798194178857,-0.1543428347259988
0.44,-0.1597809675978969,-0.1539522589768166,-0.1572481861777835,-0.153251874610886,-0.1527883982784091,-0.1536263997449026,-0.1597752757066896
0.45,-0.1635030491226667,-0.1592860012250088,-0.1617681281793014,-0.1558872057906852,-0.1554576109879342,-0.1562199975615373,-0.1634972590917882
0.46,-0.1656017835358367,-0.1629187213014319,-0.1646249800793307,-0.1567479177368928,-0.1563551554578499,-0.1570349057053236,-0.1655959282374142
0.47,-0.1661708042844551,-0.1649380635370977,-0.1659095168508559,-0.1559145270365409,-0.1555613817466105,-0.1561518190448349,-0.1661649117968277
0.48,-0.1653091234893204,-0.1654380803770782,-0.1657184041192329,-0.1534729612056948,-0.1531620499370199,-0.1536568670395262,-0.1653032178712502
0.49,-0.1631200348733002,-0.1645181267874011,-0.1641530958320925,-0.1495136104095287,-0.1492473848645867,-0.149640662759817,-0.1631141374371575
0.5,-0.1597100374050844,-0.1622817645822979,-0.1613187468205115,-0.1441304039650619,-0.1439111549577812,-0.1441973768280388,-0.1597041677640113
0.51,-0.1551877888447094,-0.1588356874521982,-0.1573231508005818,-0.1374199191560855,-0.1372497826336566,-0.1374238438872807,-0.1551819657187402
0.52,-0.1496630982879448,-0.1542886765211518,-0.1522757132596283,-0.1294805290380894,-0.1293614928710641,-0.1294187083344821,-0.1496573400949454
0.53,-0.143245965901888,-0.1487505954460714,-0.1462864679111754,-0.1204115950558514,-0.120345505760541,-0.1202816151776176,-0.1432402911536219
0.54,-0.1360456770867279,-0.142331433157051,-0.1394651441989724,-0.1103127094453566,-0.1103012780105556,-0.1101124510033509,-0.1360401046034906
0.55,-0.1281699501098236,-0.1351404013803232,-0.1319202928334076,-0.09928299154976089,-0.09932779757769156,-0.09901063917751191,-0.1281645062800872
0.5600000000000001,-0.1197241681384973,-0.1272850930992758,-0.1237584749003863,-0.08742044134984439,-0.08752293478541584,-0.08707449255142363,-0.1197188827096751
0.57,-0.1108106749288365,-0.1188707071267919,-0.1150835192462005,-0.07482135269521462,-0.0749828525038379,-0.07440062611612197,-0.1108055717878051
0.58,-0.1015281281895659,-0.1099993428221396,-0.1059958517725736,-0.06157978792556834,-0.06180147718275536,-0.06108343123726684,-0.101523226723304
0.59,-0.09197093919020163,-0.100769368263174,-0.09659189923806633,-0.04778711479437348,-0.04807003176511232,-0.04721461231927754,-0.0919662553731348
0.6,-0.08222878891574847,-0.09127486377463057,-0.08696356919817283,-0.0335316058535492,-0.03387663076187386,-0.03288278599165051,-0.08222433614535801
0.61,-0.07238622097604418,-0.08160514207973035,-0.0771978068011297,-0.01889809973217815,-0.01930593704839617,-0.01817314218794652,-0.0723820106911971
0.62,-0.06252231058463203,-0.0718443451627041,-0.06737622801211773,-0.003967723050681382,-0.004438879254487493,-0.003167165803863892,-0.06251835269172745
0.63,-0.05271040808289923,-0.06207111712171803,-0.0575748284261316,0.01118232893821108,0.01064757202513045,0.01205758301866033,-0.05270671120472115
0.64,-0.04301795448573913,-0.05235835143117096,-0.04786376553943023,0.02647895549072665,0.02588057156675239,0.02742763252253411,-0.04301452630207436
0.65,-0.03350636142400246,-0.042773010266828,-0.03830721183778985,0.04185326034659631,0.04119151329847009,0.04287370995259071,-0.03350321399732314
0.66,-0.02423097379786853,-0.03337601287059222,-0.02896327535313498,0.05724061206286024,0.05651609388631385,0.05833080269350366,-0.02422811681475295
0.67,-0.01524107765654762,-0.02422218934457609,-0.01988398370541389,0.07258065863314256,0.0717943298726193,0.07373817385531956,-0.01523851586559316
0.68,-0.006579965500110249,-0.01536029575054382,-0.01111532727406089,0.0878173006377555,0.08697053242108094,0.08903933654776075,-0.006577699814030724
0.6899999999999999,0.001714942616063839,-0.006833085931790828,-0.002697356614839053,0.1028986274037398,0.1019932439520078,0.1041819913171926,0.001716914260557201
0.7,0.009611931372023607,0.001322564929964853,0.005335671012176357,0.1177768208003777,0.1168151411043769,0.1191179313690081,0.009613613363750551
0.71,0.0170847813270869,0.009075490332888791,0.01295510138080536,0.1324080313553249,0.1313929085436954,0.1338029202629591,0.01708617989293693
0.72,0.02411252448439996,0.01640002157042081,0.02013765482774321,0.1467522313526079,0.1456870881526337,0.1481965467514385,0.0241136473556442
0.73,0.03067916987274659,0.02327574155974971,0.02686516516923232,0.1607730494717864,0.1596619081015859,0.1622620613349615,0.03068002605981374
0.74,0.03677340509840867,0.02968720900824207,0.03312429158413255,0.1744375913552716,0.1732850962047954,0.1759661989410137,0.03677400434101857
0.75,0.04238827980807949,0.03562365842616533,0.03890620895536778,0.1877162502573186,0.1865276818290759,0.1892789918996758,0.04238863076184807
0.76,0.04752086866318594,0.04107868143276444,0.04420628200759402,0.2005825116437481,0.1993637904396646,0.2021735771011624,0.04752098253052967
0.77,0.05217193474240118,0.04604989453589442,0.04902372838263469,0.2130127552869373,0.2117704346428041,0.2146260008866882,0.05217182514489455
0.78,0.0563455857493109,0.05053859836968932,0.05336127547935887,0.2249860580465008,0.2237273053180453,0.2266150248557096,0.05634526797311801
0.79,0.06004892972224589,0.05454943304865645,0.05722481560645043,0.2364840001529118,0.2352165661253754,0.2381219353806159,0.06004842014344181
0.8,0.06329173508356427,0.05809003398112078,0.0606230636174091,0.247490477428294,0.2462226543244072,0.2491303592152188,0.06329105073935848
0.8100000000000001,0.06608609861739839,0.06117069209773285,0.06356722080787264,0.2579915214944163,0.2567320904581508,0.2596260871762757,0.06608525689211708
0.82,0.0684461245388714,0.06380402204853497,0.06607064843787736,0.2679751296395941,0.2667332990375824,0.269596907477374,0.06844514293688186
0.83,0.07038761737879823,0.0660046414974621,0.06814855380739088,0.2774311056502701,0.2762164419237612,0.279032449910222,0.0703865133603398
0.84,0.0719277911014909,0.06778886420621222,0.06981769137030513,0.2863509125643571,0.285173265652383,0.2879240417070923,0.07192658182320288
0.85,0.07308499577568321,0.06917440915753992,0.07109608092734443,0.2947275379764552,0.2935969634943449,0.2962645755856259,0.07308369809854587
0.86,0.0738784633460243,0.07018012752808644,0.07200274449892802,0.3025553722230194,0.301482052609531,0.3040483901779184,0.07387709433256684
0.87,0.07432807510331504,0.07082574888937854,0.07255746305169541,0.3098300995012119,0.3088242662435797,0.3112711627827761,0.07432665161481955
0.88,0.07445414907149639,0.07113164759868557,0.07278055384278981,0.3165486017304268,0.3156204605520133,0.3179298141549484,0.07445268744558708
0.89,0.07427724848030949,0.07111862994447249,0.07269266875970548,0.3227088747516236,0.321868535323414,0.324022424858197,0.07427576431406968
0.9,0.07381801124393415,0.07080774223951797,0.07231461367499226,0.3283099562771886,0.3275673676207403,0.329548162559696,0.07381651925674698
0.91,0.07309699999953215,0.07022009971248955,0.07166718850846632,0.3333518648532442,0.3327167571711887,0.3345072195294568,0.07309551395406644
0.92,0.07213457198465742,0.06937673573997116,0.07077104739803508,0.3378355489761588,0.3373173822102581,0.338900759527697,0.07213310464857059
0.93,0.07095076779575016,0.06829847068826789,0.06964657812604647,0.3417628454147537,0.3413707644215212,0.3427308732121451,0.07094933093055178
0.9399999999999999,0.06956521767670475,0.06700579940033635,0.06831379973319263,0.3451364457275384,0.3448792416038606,0.3460005411722483,0.06956382223976121
0.95,0.06799706455987603,0.06551879616912898,0.06679227707709279,0.347959869928589,0.3478459467345077,0.3487136036944224,0.06799572077395188
0.96,0.06626490237833456,0.06385703588520253,0.06510105095797503,0.3502374462444804,0.3502747921698655,0.3508747363774326,0.06626361937709868
0.97,0.06438672709903742,0.06203952993348372,0.06325858233880072,0.3519742959160149,0.3521704578270828,0.3524894307459271,0.06438551290092975
0.98,0.06237989995609249,0.06008467534065198,0.06128270913036638,0.353176322030072,0.3535383823083539,0.3535639790490334,0.06237876149143662
0.99,0.06026112107346803,0.05801021563905312,0.05919061399151321,0.3538502014167031,0.3543847560583009,0.3541054624762892,0.06026006424517355
1,0.05804641194118469,0.05583321191298302,0.05699880160795828,0.354003378711904,0.3547165157748399,0.3541217420719423,0.05804544170575632
1.01,0.05575110526673327,0.0535700225257511,0.05472308395754433,0.353644061764424,0.3545413394194869,0.3536214516780956,0.05575022572563998
1.02,0.05338984080451933,0.05123629008769581,0.05237857214125263,0.3527812176524048,0.3538676412889087,0.3526139922853912,0.05338905529889537
1.03,0.05097656586673943,0.04884693431234854,0.04997967345452414,0.351424568668653,0.3527045667122289,0.3511095272153228,0.05097587707309315
1.04,0.04852453922492048,0.04641614951628226,0.04754009248806224,0.3495845877282089,0.3510619860258267,0.3491189776000989,0.04852394936870807
1.05,0.04604633792117829,0.0439574056433486,0.04507283517730309,0.3472724927445715,0.3489504875482127,0.3466540176638142,0.04604584866848643
1.06,0.04355386523665524,0.04148345183178781,0.04259021486071102,0.3445002396076542,0.3463813693323596,0.343727069342747,0.04355347768281381
1.07,0.04105835945189362,0.03900632168859275,0.04010385955489604,0.3412805134741953,0.3433666295129215,0.3403512958134632,0.04105807424608465
1.08,0.03857040298634254,0.0365373395853319,0.03762471980503679,0.3376267181474175,0.3399189550932995,0.336540593525904,0.03857022044948077
1.09,0.0360999313324973,0.0340871274393546,0.03516307661834051,0.3335529633758446,0.3360517090352387,0.332309582365633,0.03609985156365814
1.1,0.03365624147850958,0.03166561159004971,0.03272854913269541,0.3290740499408409,0.3317789155245814,0.3276735935961792,0.03365626444710079
1.11,0.03124799964692328,0.02928202951820552,0.03033010180887702,0.3242054524293886,0.3271152432938442,0.3226486552594359,0.03124812526923737
1.12,0.02888324829932338,0.02694493628446437,0.0279760510599546,0.3189632996040728,0.3220759868879564,0.3172514747402787,0.02888347649917455
1.13,0.02656941249280526,0.02466221067766178,0.02567407134325395,0.3133643522883791,0.3166770457656073,0.3114994182310075,0.02656974321872224
1.14,0.02431330595359653,0.02244106116353856,0.02343120083676936,0.3074259786843613,0.3109349011361803,0.3054104868618194,0.02431373891062083
1.15,0.02212113605151277,0.02028803180708805,0.02125384690152887,0.3011661270337866,0.3048665904412545,0.2990032892948235,0.02212167094824791
1.16,0.01999850938130318,0.01820900840692202,0.01914779159357249,0.2946032955249589,0.2984896793992308,0.2922970106101626,0.01999914607068048
1.17,0.01795043765171024,0.01620922512674822,0.01711819753334304,0.2877564993370922,0.2918222315402425,0.285311377342633,0.0179511761668526
1.18,0.01598134414480791,0.01429327193782309,0.01516961446666792,0.2806452347033144,0.2848827751640758,0.2780666185545881,0.01598218471459673
1.19,0.01409507117962917,0.01246510319749672,0.01330598686073037,0.273289439862727,0.277690267654312,0.2705834228549068,0.01409601422547829
1.2,0.01229488891981971,0.01072804768408225,0.01153066287153104,0.2657094527616013,0.2702640570754817,0.2628828912935181,0.01229593503551818
1.21,0.0105835058398876,0.009084820388626458,0.009846404997761293,0.2579259653539815,0.26262384096564,0.2549864860763127,0.01058465575661371
1.22,0.008963081126682405,0.007537536331726491,0.008255402701304759,0.2499599743426855,0.254789622214478,0.2469159750562273,0.008964335665454848
1.23,0.007435239448233924,0.00608772663026913,0.006759287228872646,0.2418327281938037,0.2467816618879785,0.2386933719640147,0.007436599257963084
1.24,0.006001088233457953,0.004736356986858703,0.005359148814396197,0.2335656702520641,0.2386204288274143,0.2303408723480795,0.006002553139938471
1.25,0.004661235529322401,0.00348384871602897,0.004055556380171466,0.2251803777826951,0.2303265458168411,0.2218807851989382,0.004662805360883093
1.26,0.003415812584118295,0.002330102357979702,0.002848579788400529,0.2166984967697366,0.2219207320840738,0.2133354602429174,0.003417487230292948
1.27,0.002264498230734669,0.001274523864744914,0.001737814626186607,0.2081416723139106,0.2134237418808352,0.2047272109042579,0.002266277586207177
1.28,0.001206545517656849,0.0003160532773721636,0.0007224094381983459,0.1995314744979351,0.2048562988840187,0.1960782329578521,0.001208429416830414
1.29,0.0002408105250674959,-0.0005468042521096783,-0.000198904745528361,0.1908893196265737,0.1962390261770772,0.1874105189286971,0.0002427986695013873
1.3,-0.0006342168619167183,-0.001315945301651078,-0.001027782802040855,0.1822363868051925,0.1875923716129035,0.1787457683411319,-0.0006321249807307305
1.31,-0.001420380506886506,-0.001993633147227891,-0.001766232100676668,0.1735935298960945,0.1789365284303651,0.1701052939823838,-0.00141818568678731
1.32,-0.002119824235171305,-0.002582461172402517,-0.002416577603507164,0.1649811849873708,0.1702913510972479,0.161509924421705,-0.00211752764174189
1.33,-0.002734956436231948,-0.003085315076599482,-0.002981425845081209,0.1564192736242647,0.1616762664825312,0.1529799031182844,-0.002732560319740451
1.34,-0.00326841503570618,-0.003505334273312788,-0.00346362818789081,0.1479271021865884,0.1531101806179025,0.1445347845572514,-0.003265923148140559
1.35,-0.003723033792785558,-0.003845872893246838,-0.003866243772455202,0.1395232579451655,0.1446113814879338,0.1361933279716917,-0.003720450033622535
1.36,-0.004101805750815121,-0.004110460819238493,-0.004192502593701242,0.1312255024916442,0.1361974384833791,0.1279733893371762,-0.004099134174787633
1.37,-0.004407848731142769,-0.004302765179522661,-0.004445769138761602,0.123050663405191,0.1278850993524985,0.119891812460785,-0.004405093593065845
1.38,-0.004644372001543816,-0.004426552715930399,-0.004629507016595369,0.1150145251912795,0.1196901856758824,0.1119643201254013,-0.004641537802791529
1.39,-0.004814644486675393,-0.004485653429897263,-0.004747244997685307,0.1071317206961329,0.1116274880465689,0.1042054063881703,-0.004811736020487234
1.4,-0.004921964890966401,-0.00448392589968305,-0.004802544862235691,0.09941562435611773,0.1037106622237091,0.09662823126524384,-0.004918987283408893
1.41,-0.004969634065787666,-0.004425224661285587,-0.004798971426053067,0.09187824876901618,0.09595212750839671,0.08924451915903819,-0.004966592809014347
1.42,-0.004960929903251457,-0.004313370047438647,-0.004740065072398048,0.0845301461482787,0.08836296847815084,0.08206446249459215,-0.004957830881188841
1.43,-0.004899083646173036,-0.004152120864314268,-0.00462931706385844,0.07738031622178898,0.08095284118406199,0.07509663212409529,-0.004895934497008814
1.44,-0.004787262604503581,-0.003945150229364813,-0.004470147842189465,0.07043612209507599,0.07372988534439168,0.06834789612877151,-0.004784071950454494
1.45,-0.004628554361260522,-0.00369602478416875,-0.004265888450180499,0.06370321564347803,0.06670064521620334,0.06182334869112577,-0.0046253304683882
1.46,-0.004425952160874995,-0.00340818734997711,-0.004019765134390285,0.05718547424761511,0.0598700030481687,0.05552625072411982,-0.004422702950252377
1.47,-0.004182344736027481,-0.003084942954370673,-0.003734887117414987,0.05088495099079043,0.05324112882273135,0.04945798392378387,-0.004179077797844266
1.48,-0.003900509150383362,-0.002729448069415885,-0.003414237467386338,0.04480184041080049,0.04681544797232706,0.04361801985509284,-0.003897231756361585
1.49,-0.003583106514390329,-0.002344702880763772,-0.00306066693971685,0.03893446144699242,0.04059262670170316,0.03800390558526656,-0.0035798256240126
1.5,-0.003232680369550201,-0.00193354642802146,-0.002676890616769345,0.03327925871882942,0.03457057420277521,0.03261126724257202,-0.003229402626046263
1.51,-0.002851657478552415,-0.001498654472820105,-0.002265487119702148,0.02783082302271678,0.02874546197773875,0.02743383270138061,-0.002848389191314582
1.52,-0.002442350592379814,-0.001042539926735586,-0.001828900112814114,0.02258193186571589,0.02311176130436199,0.02246347437641399,-0.002439097816551272
1.53,-0.002006961544662555,-0.0005675556028732487,-0.00136944176958198,0.0175236107658589,0.01766229999337632,0.01769027285210534,-0.002003731656349927
1.54,-0.001547590667690374,-7.589896697901555e-05,-0.0008892978269257057,0.0126452158508506,0.01238833921595062,0.01310260178003375,-0.001544390436583276
1.55,-0.001066242452019987,0.0004303815127680299,-0.0003905338207080833,0.007934537996005742,0.007279670663228099,0.008687234152470469,-0.001063077256268641
1.56,-0.0005648319454818248,0.0009493788651507296,0.0001248979325697563,0.003377928395302376,0.002324733814695279,0.004429469708815914,-0.0005617058186619395
1.57,-4.519194505128623e-05,0.001479319431786308,0.0006551510667450189,-0.001039554919376517,-0.002489247322301713,0.0003132828608682914,-4.21076171833179e-05
1.58,0.0004909203320092193,0.002018554475715417,0.001198478085559007,-0.005333980494765078,-0.007176108991193753,-0.003678509859795565,0.0004939614038905749
1.59,0.001041817574992892,0.002565552073323984,0.001753223953519123,-0.009522358104985917,-0.01175057527136086,-0.007564064214682253,0.00104481518964461
1.6,0.001605878167392677,0.003118889803253033,0.002317820835824047,-0.01362243634852228,-0.01622807000708604,-0.01136230629317275,0.001608833376863961
1.61,0.0021815438733385,0.003677248764402397,0.002890784447686423,-0.01765248533024871,-0.02062451481436556,-0.0150927162940282,0.002184458994891836
1.62,0.002767320132938821,0.004239409446630704,0.003470712441822954,-0.02163106698594508,-0.02495611504925271,-0.01877510051560438,0.002770198466456708
1.63,0.003361779515051613,0.004804249923730908,0.004056285216483546,-0.02557679603643498,-0.02923913575466031,-0.02242935431831783,0.003364624265064842
1.64,0.00396356430809919,0.005370746738835752,0.00464626946685559,-0.02950809502422741,-0.03348966980872758,-0.02607521908006449,0.003966380531241043
1.65,0.004571397099037113,0.005937978730393034,0.005239524734558854,-0.03344294743263826,-0.03772340097420418,-0.02973203636984734,0.004574191886683066
1.66,0.005184093256495962,0.006505133935214125,0.005835013138681511,-0.03739865354867183,-0.04195536564917118,-0.03341850271033941,0.005186875614210495
1.67,0.005800576547795748,0.007071519626512091,0.006431812400217063,-0.04139159443255869,-0.04619971932709188,-0.03715242838104532,0.005803357293167777
1.68,0.006419898218540783,0.007636575498720821,0.007029132199576127,-0.04543700975020176,-0.05046951737960631,-0.04095050372675657,0.006422689895773825
1.69,0.007041259453375258,0.008199889978830144,0.007626333831177834,-0.04954879460460621,-0.05477652394952992,-0.04482807637951025,0.00704407626130088
1.7,0.007664037044329323,0.008761219604441095,0.008222953037933189,-0.05373931823404493,-0.05913106406603036,-0.04879894267631718,0.007666894773290744
1.71,0.008287811999557972,0.009320511349178939,0.008818725820943785,-0.05801926405625002,-0.06354192639815082,-0.05287515636170365,0.008290727971891176
1.72,0.00891240124707836,0.0098779276959578,0.009413616927629542,-0.06239748805584228,-0.06801630362319849,-0.05706685740731898,0.008915393740652477
1.73,0.009537890980074177,0.01043387416484176,0.01000785062775611,-0.06688089226492566,-0.07255973346209033,-0.06138212346573912,0.009540978616539353
1.74,0.01016466962695591,0.01098902890395559,0.01060194329457581,-0.07147431108222119,-0.07717599932954733,-0.06582684610880535,0.01016787268530528
1.75,0.01079346513326742,0.01154437385611168,0.01119673722096676,-0.07618041016401245,-0.08186697867508497,-0.07040463359018284,0.0107968054438109
1.76,0.01142538114740699,0.01210122692477567,0.01179343502073471,-0.0809996019246475,-0.08663246887330789,-0.07511674142622188,0.01142888193801728
1.77,0.01206193266717647,0.01266127448253251,0.0123936338956061,-0.08592998611906189,-0.0914700395722412,-0.07996203161858856,0.01206561842232046
1.78,0.01270508041001946,0.01322660349430416,0.01299935899072813,-0.09096732400661045,-0.09637494715462014,-0.08493696085731589,0.01270897673411447
1.79,0.01335726306163624,0.01379973246754251,0.01361309501710356,-0.09610505015037712,-0.101340121044347,-0.09003559755530238,0.0133613965388058
1.8,0.01402142653274601,0.014383640394797,0.01423781528951218,-0.1013343208953335,-0.1063562132277541,-0.09524966708630117,0.01402582457619572
1.81,0.0147010493446358,0.0149817928232745,0.01487700731381736,-0.1066440956291392,-0.1114116963151836,-0.1005686241386736,0.01470574003057601
1.82,0.01540016448469698,0.01559816417411575,0.01553469405915414,-0.1120212460006385,-0.1164929967337947,-0.1059797506657376,0.01540517515487605
1.83,0.01612337329332173,0.01623725544255539,0.01621545006877434,-0.1174506883245257,-0.1215846528450677,-0.1114682775172453,0.01612873030461326
1.84,0.0168758525873024,0.0169041064392188,0.01692441159893077,-0.1229155347382038,-0.12666949048481,-0.1170175274797497,0.01688158258043709
1.85,0.01766335754953247,0.01760430178153705,0.01766728002824192,-0.1283972590794965,-0.1317288102923143,-0.1226090771387405,0.01766948733894241
1.86,0.0184922154553925,0.01834396991104315,0.01845031785040868,-0.1338758739135164,-0.1367425825745795,-0.1282229347035087,0.01849877190978283
1.87,0.01936931104737402,0.01912977449571818,0.019280336650352,-0.1393301156562842,-0.1416896466340767,-0.1338377307074189,0.01937632095228436
1.88,0.02030206310020994,0.01996889767487803,0.02016467656706439,-0.1447376352731978,-0.1465479125482017,-0.1394309183130343,0.02030955299582377
1.89,0.02129839184292725,0.02086901471603242,0.02111117686421726,-0.150075192489745,-0.1512945642507824,-0.1449789798162062,0.02130638783367639
1.9,0.02236667704240337,0.02183825977725873,0.0221281373605805,-0.1553188517621183,-0.1559062633199858,-0.1504576358604186,0.02237520457834596
1.91,0.02351570680642597,0.02288518260355271,0.02322427061444926,-0.1604441783731772,-0.1603593530551959,-0.1558420538491899,0.02352479033530719
1.92,0.02475462010793328,0.02401869612959501,0.02440864490791012,-0.1654264329489792,-0.164630062237272,-0.161107052088741,0.02476427960942129
1.93,0.02609283189993493,0.0252480151130432,0.02569061823519825,-0.1702407624816188,-0.1686947074952397,-0.1662272963152308,0.02610308472135481
1.94,0.02753995513355818,0.0265825860797051,0.02707976366244941,-0.1748623856743289,-0.1725298925792629,-0.1711774854708149,0.02755081767733403
1.95,0.0291057163894817,0.02803200902272496,0.02858578659091354,-0.179266770184289,-0.1761127022114441,-0.1759325238991317,0.0291172041013828
1.96,0.0307998626984091,0.02960595145971634,0.03021843461901097,-0.1834297992095596,-0.1794208876836893,-0.1804676775390646,0.03081199000174856
1.97,0.03263206212257801,0.03131405561164713,0.03198740085752694,-0.1873279249089114,-0.18243304109041,-0.184758712205265,0.03264484229935105
1.98,0.03461179916802559,0.03316583962186953,0.03390222170318874,-0.1909383063866477,-0.1851287550705043,-0.1887820126467212,0.03462524419230262
1.99,0.03674826623132611,0.03517059387962207,0.03597217021549703,-0.1942389304158387,-0.1874887651883356,-0.1925146817524915,0.03676238656401032
2,0.03905025240269519,0.037337273645765,0.03820614636678488,-0.197208713679863,-0.1894950725673907,-0.1959346199978966,0.03906505675971517
2.01,0.04152603189353583,0.03967438929598183,0.04061256554263215,-0.1998275860288984,-0.1911310450351484,-0.1990205859569038,0.04154152615490581
2.02,0.0441832564513646,0.04218989559479713,0.04319924675634601,-0.2020765550063511,-0.1923814957609274,-0.2017522394019943,0.04419943801612197
2.03,0.04702883325884014,0.04489108148960463,0.04597330210459682,-0.2039377526288714,-0.1932327390862598,-0.2041101691242733,0.04704569720804747
2.04,0.05006882260877843,0.04778446196521496,0.0489410290296739,-0.2053944660371377,-0.1936726238860602,-0.206075908090436,0.05008636332855698
2.05,0.05330833767854817,0.05087567352495082,0.05210780696610728,-0.2064311541204046,-0.1936905453033191,-0.2076319388757547,0.05332654885405463
2.06,0.0567514493232587,0.05416937486380491,0.0554779999351413,-0.2070334525188557,-0.1932774360372777,-0.2087616924548047,0.05677032385013825
2.07,0.06040109891611125,0.05766915427365099,0.05905486660959619,-0.2071881694975149,-0.1924257385203163,-0.2094495433937038,0.06042062874683907
2.08,0.06425902064884004,0.06137744527106404,0.06284047930405207,-0.2068832750338527,-0.1911293592792881,-0.2096808042869532,0.0642791965936238
2.09,0.06832567459464139,0.06529545186438579,0.0668356532500326,-0.2061078850036287,-0.1893836064946106,-0.2094417219517605,0.06834648609769001
2.1,0.07260019169922076,0.06942308477484999,0.0710398873918453,-0.2048522414344626,-0.1871851110976404,-0.2087194774768508,0.07262162661114091
2.11,0.07708033452724686,0.07375890979086286,0.07545131778586556,-0.2031076881150438,-0.1845317303508593,-0.2075021917689747,0.07710237607026577
2.12,0.08176247112733576,0.07830010926145159,0.08006668450638504,-0.2008666379231844,-0.1814224301642889,-0.2057789377947293,0.08178509270591849
2.13,0.08664154575634278,0.08304245752846212,0.08488131275991134,-0.1981225238700008,-0.1778571377712381,-0.2035397603171225,0.08666472114060264
2.14,0.09171108924744517,0.08798031086953029,0.0898891086928244,-0.1948697224621638,-0.173836550060866,-0.200775703605706,0.09173479326915768
2.15,0.09696323573251876,0.09310661229044143,0.09508257015009819,-0.1911034478416835,-0.1693618793141668,-0.1974788473758534,0.096987444089358
2.16,0.1023887534197293,0.09841291127577045,0.1004528124089717,-0.1868196686699327,-0.1644345351370953,-0.1936423510974009,0.1024134424107945
2.17,0.107977089907825,0.1038893983821499,0.1059896086738228,-0.182015199932164,-0.1590558265250945,-0.1892605068073647,0.1080022361293949
2.18,0.1137164314868135,0.1095249543357377,0.1116814448802324,-0.1766880780445552,-0.1532269886921215,-0.1843288006592507,0.1137420115156235
2.19,0.1195937756426105,0.1153072130712458,0.1175155881210256,-0.1708379655284997,-0.1469500901873278,-0.1788439836267631,0.1196197657313065
2.2,0.1255950157620312,0.1212226379249893,0.1234781677796288,-0.1644662975549432,-0.1402299146211008,-0.1728041520239143,0.1256213915681132
2.21,0.1317050428111045,0.1272566099728243,0.1295542682410049,-0.15757627567662,-0.1330751143560048,-0.1662088387619384,0.1317317731941185
2.22,0.1379078447759932,0.1333935272918569,0.1357280318526627,-0.1501727463848342,-0.1254967302893524,-0.1590591164715169,0.1379348915083729
2.23,0.1441866093283336,0.1396169137296897,0.1419827706320492,-0.1422620366419342,-0.1175060523004097,-0.1513577136913772,0.1442139375404815
2.24,0.1505238543898885,0.1459095355937702,0.1483010850665434,-0.1338519087966371,-0.1091145215166386,-0.1431091451599107,0.1505514321966952
2.25,0.1569015525591787,0.1522535245326966,0.1546649882319061,-0.1249516491863639,-0.1003346236321938,-0.1343198567385958,0.156929350548853
2.26,0.1633012580746808,0.158630504775722,0.16105603336737,-0.1155722240419411,-0.09118029491609059,-0.1249983845539663,0.1633292487899827
2.27,0.1697042345011443,0.1650217228285121,0.1674554429928363,-0.1057264561312675,-0.08166691989680663,-0.1151555265221553,0.1697323919424325
2.28,0.1760915812274081,0.1714081776917892,0.1738442376363615,-0.0954292036329385,-0.07181130952513715,-0.1048045225461454,0.1761198804019412
2.29,0.1824443568977857,0.1777707496729505,0.1802033622585852,-0.08469753449646311,-0.06163177034273004,-0.09396123748466451,0.1824727734344797
2.3,0.1887436980954281,0.1840903258968882,0.1865138085141591,-0.07355089133974191,-0.05114823136145741,-0.08264433873257981,0.1887722078116305
2.31,0.1949709401014069,0.1903479206899003,0.1927567310775853,-0.06201124037163352,-0.04038238174458503,-0.07087545827482267,0.1949995098735116
2.32,0.2011077044039126,0.1965247891097401,0.1989135563811271,-0.05010319597289825,-0.02935778948002776,-0.05867932777726942,0.2011362994440223
2.33,0.2071359938152747,0.2026025320256487,0.2049660822638151,-0.03785411158905166,-0.01809998484326958,-0.04608387502325012,0.2071645841888931
2.34,0.2130382833458598,0.2085631913141055,0.2108965672105634,-0.02529412788111624,-0.006636499774454629,-0.03312027102927362,0.2130668431997325
2.35,0.2187975919645561,0.2143893339271955,0.2166878080661592,-0.01245617068166588,0.005003141651705234,-0.01982291950459542,0.2188260988030341
2.36,0.2243975417934182,0.2200641238075616,0.2223232053362233,0.0006241059916478608,0.01678748353529946,-0.006229383737784699,0.2244259758280681
2.37,0.2298224042264577,0.2255713808625401,0.2277868154320517,0.01390843319232249,0.02868324838278713,0.007619749936080666,0.2298507478172057
2.38,0.2350571327217303,0.2308956264649872,0.2330633894735713,0.02735609425333801,0.04065549373644228,0.02168106877486375,0.2350853699215027
2.39,0.2400873822797936,0.2360221152139947,0.2381383985295622,0.04092414025406654,0.05266780920116321,0.03590858338320768,0.2401154984887532
2.4,0.2448995168230471,0.2409368529597133,0.242998045441754,0.05456764534356146,0.06468254575970883,0.05025402084124619,0.2449274976154839
2.41,0.2494806104138024,0.2456266013672447,0.2476292636441976,0.06823999171745404,0.07666106764930791,0.06466714991088696,0.2495084331933187
2.42,0.2538184101990085,0.2500788695600183,0.2520197036465263,0.08189317322720757,0.08856401600363367,0.07909612669180499,0.2538460552295623
2.43,0.2579013164075084,0.2542818936380606,0.2561577080943719,0.09547810671541812,0.1003515729953571,0.09348784984594455,0.2579287694564392
2.44,0.2617183479778886,0.2582246051062485,0.2600322765477501,0.1089449411265326,0.1119837154804683,0.1077883160599559,0.2617455994592295
2.45,0.2652590965119274,0.2618965894675074,0.2636330213243895,0.1222433561852973,0.1234204484438119,0.121942968448194,0.2652861407466759
2.46,0.268513673753384,0.2652880364316676,0.2669501159360623,0.135322844986024,0.134622011321188,0.1358970328083216,0.2685405083536795
2.47,0.2714726543257311,0.2683896833588015,0.2699742377986507,0.1481329782251823,0.1455490549113865,0.1495958387760981,0.2714992797038556
2.48,0.2741270155673712,0.2711927536938179,0.2726965070187339,0.1606236518779705,0.1561627929758305,0.1629851248077295,0.2741534345651987
2.49,0.276468076374084,0.273688892254862,0.2751084231486504,0.1727453242498365,0.166425139637402,0.1760113274399964,0.2764942940041956
2.5,0.2784874390661655,0.275870099311048,0.2772018018573824,0.1844492513453539,0.1762988490922056,0.1886218563923194,0.2785134602808804
2.51,0.2801769348226663,0.2777286654246544,0.2789687134850859,0.1956877299957075,0.1857476752969486,0.2007653577728956,0.2802027596287494
2.52,0.2815285561147721,0.2792571090388691,0.2804014254344182,0.2064143554010139,0.1947365646531765,0.2123919679479758,0.2815541898291565
2.53,0.2825344209361442,0.2804481187642153,0.2814923503019665,0.2165842943196035,0.2032318851888795,0.2234535605530708,0.2825598744200116
2.54,0.2831867364708705,0.281294502254324,0.2822340015682818,0.2261545690852172,0.2112016846536764,0.2339039886937143,0.2832120252745962
2.55,0.2834777715099625,0.2817891434646782,0.2826189585462036,0.2350843432447812,0.2186159613277772,0.2436993236312949,0.2835029151492814
2.56,0.2833998402775212,0.2819249699565369,0.2826398421356421,0.2433351981267874,0.2254469277910371,0.2527980902150852,0.2834248616311809
2.57,0.2829452989048589,0.2816949317439673,0.2822893027509927,0.2508713907622439,0.2316692495065819,0.2611614980582105,0.2829702237205408
2.58,0.282106555568099,0.2810919929869342,0.2815600215773869,0.2576600859792541,0.237260245003628,0.2687536660355243,0.2821314120611
2.59,0.2808760950600068,0.2801091376109662,0.28044472607749,0.2636715578425364,0.2422000403144733,0.2755418362016004,0.280900913587771
2.6,0.2792465215231758,0.2787393896877746,0.2789362204148767,0.2688793571869822,0.24647167536787,0.2814965718108051,0.2792713310985472
2.61,0.2772106107843198,0.2769758491453743,0.2770274311872147,0.2732604427758013,0.2500611635326164,0.2865919329193309,0.2772354379804325
2.62,0.2747613718870084,0.2748117430949477,0.2747114685763404,0.2767952740222362,0.2529575075458086,0.2908056222323797,0.2747862480315116
2.63,0.271892139686058,0.2722404927695409,0.2719817027270435,0.2794678638064103,0.2551526761810237,0.2941190936040408,0.2719171000273295
2.64,0.2685966735816973,0.2692557957709564,0.2688318548664735,0.2812657911587688,0.2566415468210788,0.2965176160570672,0.2686217563840776
2.65,0.2648692692298909,0.2658517230207904,0.2652561023759319,0.2821801757071456,0.2574218200728621,0.2979902874638595,0.2648945149782618
2.66,0.2607048822000567,0.2620228295132329,0.2612491967315141,0.2822056187399602,0.2574939139243339,0.2985299941287593,0.2607303328969803
2.67,0.2560992620806085,0.2577642776747817,0.2568065929442783,0.2813401191483547,0.2568608465971713,0.2981333153302981,0.256124960619584
2.68,0.2510490952749249,0.2530719718521007,0.2519245888593404,0.2795849757071233,0.2555281187354386,0.2968003751933067,0.2510750848744326
2.69,0.2455521545033113,0.2479427021770155,0.2466004724207607,0.276944689291212,0.2535036061529114,0.2945346477332342,0.24557847817849
2.7,0.2396074576242203,0.2423742958007771,0.2408326747800658,0.2734268788877788,0.2507974732780492,0.2913427241576971,0.2396341528564052
2.71,0.2332154157953204,0.2363657732539506,0.2346209269241896,0.2690422231557142,0.2474221142935465,0.2872340541358881,0.2332425171538423
2.72,0.2263779875850832,0.2299175074806764,0.2279664173281618,0.2638044348706007,0.2433921240750749,0.2822206744390582,0.226405530910356
2.73,0.219098836731781,0.2230313829247059,0.220871948002323,0.2577302695882219,0.2387242954222293,0.2763169389250421,0.2191268581436507
2.74,0.2113834788130107,0.2157109519169786,0.2133420862068668,0.2508395634657351,0.2334376341230115,0.2695392632509575,0.2114120138221708
2.75,0.2032394193609387,0.2079615855357487,0.2053833090510659,0.2431552897123636,0.2275533802471175,0.2619058960640129,0.2032685020689642
2.76,0.1946762806723234,0.1997906160829915,0.1970041381825045,0.2347036196067732,0.2210950231938925,0.2534367259699964,0.1947059430486152
2.77,0.1857059146146575,0.1912074683437806,0.1882152618042916,0.2255139728308713,0.2140882991564382,0.2441531306069729,0.18573618584148
2.78,0.1763424988265155,0.1822237768654372,0.1790296413356608,0.215619042825313,0.206561162062707,0.2340778709647406,0.1763734047063348
2.79,0.1666026142796017,0.1728534866055602,0.1694626001528364,0.2050547853415316,0.1985437218956892,0.2232350309640282,0.1666341762735771
2.8,0.1565053072065446,0.1631129344485095,0.1595318920116171,0.1938603615819756,0.1900681469594424,0.2116499994600154,0.1565375353952201
2.81,0.1460721078245428,0.1530209092760736,0.1492577469591818,0.1820780306210402,0.1811685288296896,0.199349489411014,0.1461050076038439
2.82,0.135327041780948,0.1425986884995654,0.1386628927887399,0.1697529887484441,0.1718807103460498,0.1863615870389177,0.1353606163977462
2.83,0.1242966140449772,0.1318700492185377,0.1277725503747212,0.1569331557785804,0.1622420781560691,0.1727158224353721,0.1243308638710007
2.84,0.1130097616479451,0.1208612524665985,0.1166144015457455,0.1436689102098932,0.1522913221492158,0.1584432522312655,0.1130446835412175
2.85,0.1014977778399297,0.1096009993364776,0.105218528503837,0.1300127764921323,0.1420681647495312,0.1435765446180501,0.1015333645900663
2.86,0.08979420726065239,0.09812035814171255,0.09361732417698038,0.1160190687050227,0.1316130635511964,0.1281500571449091,0.08983044711739618
2.87,0.07793471212664921,0.08645266216555869,0.08184537329254499,0.1017434958060315,0.1209668912063031,0.1121998982649837,0.07797158841342228
2.88,0.0659569098533548,0.07463337796216835,0.06993930437553081,0.08724273435891161,0.1101705967719869,0.09576396451072444,0.0659944006692158
2.89,0.05390018470842479,0.06269994460296369,0.05793761330124036,0.07257397529160436,0.09926485280708597,0.07888194638199275,0.05393826096743104
2.9,0.04180547638385606,0.05069158469452795,0.04588045946049879,0.05779445153405771,0.08828969227559663,0.06159529746561448,0.04184409481621099
2.91,0.02971502072029065,0.03864908842557901,0.03380943601969183,0.04296095287897461,0.07728413873462892,0.04394716290186473,0.02975413490323292
2.92,0.01767209534328734,0.02661457232318887,0.02176731617137806,0.02812933257555195,0.06628583253250575,0.02598226499988288,0.01771165714685519
2.93,0.005720737291221353,0.01463121480678364,0.009797777667089058,0.0133540072841461,0.05533065532189518,0.007746745507428709,0.005760696501063867
2.94,-0.006094558695101503,0.002742971018473872,-0.002054891703514583,-0.001312549590052892,0.0444523559157507,-0.01071203430912138,-0.006054254676153004
2.95,-0.01772915619624552,-0.009005730223917929,-0.01374610468007531,-0.01582031733924316,0.03368218315905208,-0.02934573308551192,-0.01768856256139378
2.96,-0.02913860404021635,-0.02057030416527561,-0.02523129783123046,-0.03012222533074327,0.02304853613610347,-0.04810530423195131,-0.0290977787002844
2.97,-0.04027897048104893,-0.03190633905726675,-0.03646626400745057,-0.04417461188321037,0.01257664744282017,-0.06694130106698792,-0.04023797408900009
2.98,-0.05110718078996758,-0.04296993257956594,-0.04740749015384116,-0.05793761811952397,0.002288318960693814,-0.08580420613673406,-0.05106607666475094
2.99,-0.06158135016688546,-0.0537180318427431,-0.05801249653343532,-0.07137550518638436,-0.007798270952003972,-0.1046447780395542,-0.06154020823005618
3,-0.07166111660120376,-0.06410877299071732,-0.06824017331676624,-0.08445690076000556,-0.01766867561346358,-0.1234144087775765,-0.07162001675401597
3.01,-0.0813079805275055,-0.07410181638815605,-0.07805111045511026,-0.09715498625722718,-0.02731219957326891,-0.1420654846870461,-0.08126699996995412
3.02,-0.09048560321087833,-0.08365867335396365,-0.08740791676278531,-0.1094476287500442,-0.03672183528931661,-0.1605517443946156,-0.09044481622419659
3.03,-0.09916010035613436,-0.09274302036654614,-0.09627552418195318,-0.1213174512989482,-0.0458941295372951,-0.1788286280676269,-0.09911957862601894
3.04,-0.1073003158434051,-0.1013209966629385,-0.1046214733001783,-0.1327518304660379,-0.05482899477295927,-0.1968536135820702,-0.1072601287035775
3.05,-0.1148780713944482,-0.1093614812499717,-0.1124161763521916,-0.1437428112001605,-0.06352947943354859,-0.2145865373143043,-0.1148382859835693
3.06,-0.1218683888527645,-0.1168363455575937,-0.1196331541725463,-0.1542869342937844,-0.07200150774851621,-0.2319899003953163,-0.1218290701813175
3.07,-0.1282496820822392,-0.123720678253846,-0.1262492438742674,-0.1643849775042979,-0.08025359590042302,-0.2490291659641031,-0.1282108930100151
3.08,-0.1340039158598585,-0.1299929790839796,-0.1322447744045342,-0.1740416168701339,-0.08829654867876102,-0.2656730599373294,-0.1339657169884579
3.09,-0.1391167229282207,-0.1356353190179564,-0.1376037075629709,-0.1832650192885648,-0.09614313963584808,-0.2818938977259755,-0.1390791790417109
3.1,-0.1435775002100211,-0.1406334645141428,-0.1423137425441185,-0.1920663808895493,-0.1038077779871679,-0.297667971360649,-0.1435406771425186
3.11,-0.1473794632784133,-0.1449769642933987,-0.146366382559837,-0.2004594279914097,-0.1113061664700336,-0.3129760381852617,-0.1473434187269714
3.12,-0.1505196458267909,-0.1486591975786355,-0.1497569625928341,-0.2084598983446,-0.1186549553816438,-0.3278039240846145,-0.1504844301290612
3.13,-0.1529988699829112,-0.1516773832328239,-0.1524846378294323,-0.216085019964821,-0.1258713985596097,-0.3421431069444973,-0.1529645268076562
3.14,-0.1548216777413235,-0.154032549646045,-0.1545523328281124,-0.2233530033017673,-0.1329730169556627,-0.3559907367831502,-0.1547882446786512
3.15,-0.1559962243526258,-0.15572946564815,-0.1559666520066728,-0.2302825601068967,-0.1399772747678028,-0.3693479649629916,-0.1559637334059696
3.16,-0.1565341350536908,-0.1567765332038555,-0.1567377525694564,-0.2368924595486718,-0.1469012720647795,-0.382215788176352,-0.1565026130398185
3.17,-0.1564503270435875,-0.1571856431781239,-0.1568791815329015,-0.2432011292568258,-0.1537614567097776,-0.3945901936839409,-0.1564197959104753
3.18,-0.1557627988624108,-0.1569719960092826,-0.1564076790283258,-0.2492263063510694,-0.1605733573610507,-0.4064606513109671,-0.1557332761825764
3.19,-0.1544923839269116,-0.1561538896632682,-0.1553429505537809,-0.2549847412926148,-0.1673513385060569,-0.4178130046310333,-0.1544638899404155
3.2,-0.1526624989282858,-0.1547524777462929,-0.1537074113032579,-0.260491955632428,-0.1741083779070158,-0.4286330595807861,-0.1526350491011856
3.21,-0.1502988513119914,-0.1527915011161627,-0.1515259061148856,-0.2657620533650055,-0.1808558664825811,-0.4389081644653019,-0.1502724528331961
3.22,-0.1474291274606734,-0.1502969967501249,-0.1488254089427868,-0.270807584522351,-0.1876034304797952,-0.4486272186633413,-0.1474037804830215
3.23,-0.1440826715517276,-0.1472969879910699,-0.1456347060618152,-0.2756394587419054,-0.1943587757545899,-0.4577801634099916,-0.1440583702835662
3.24,-0.1402901546613248,-0.1438211605888501,-0.1419840674509951,-0.2802669057231572,-0.2011275540382747,-0.4663574451208243,-0.1402668883186616
3.25,-0.1360832387231442,-0.1399005291585672,-0.1379049109620963,-0.2846974787087126,-0.2079132511952572,-0.4743495655450901,-0.1360609923552042
3.26,-0.1314942400149723,-0.1355670987765375,-0.1334294639603049,-0.2889370963992659,-0.2147170976571411,-0.4817467135628845,-0.1314729952177376
3.27,-0.1265557968377333,-0.1308535264299379,-0.1285904271275506,-0.2929901180925245,-0.2215380014335627,-0.4885384575312653,-0.1265355323708942
3.28,-0.1213005452195741,-0.1257927869530305,-0.123420645053275,-0.2968594463931888,-0.2283725043209044,-0.4947134883759103,-0.1212812382913054
3.29,-0.1157608053112859,-0.1204178479550035,-0.1179527881087562,-0.3005466516298001,-0.2352147621048374,-0.5002594128774335,-0.115742436053249
3.3,-0.1099682992307639,-0.1147613580884533,-0.1122190499099652,-0.3040521121503248,-0.2420565496121598,-0.5051625964446573,-0.1099508443231168
3.31,-0.1039538732168181,-0.1088553528129927,-0.1062508644163818,-0.3073751649213659,-0.2488872913429531,-0.5094080521851274,-0.1039373056594544
3.32,-0.09774724933817719,-0.1027309815507665,-0.1000786463861986,-0.310514261259694,-0.2556941180678495,-0.5129793762305956,-0.09773153965294068
3.33,-0.09137680677265589,-0.09641825979233654,-0.09373155851377324,-0.3134671230040706,-0.2624619492279336,-0.515858736204218,-0.09136192401887305
3.34,-0.08486939365763235,-0.08994584929260929,-0.08723730812034292,-0.3162308949305743,-0.2691736003153726,-0.5180269234433024,-0.08485530628086457
3.35,-0.0782501716322641,-0.08334086900979831,-0.08062197576374985,-0.3188022896992992,-0.2758099137798671,-0.5194634772262017,-0.07823684816582421
3.36,-0.07154249463786404,-0.07662873890244615,-0.07390987758736056,-0.321177722098471,-0.2823499115448376,-0.5201468832049668,-0.07152990427572004
3.37,-0.06476782296200503,-0.06983305812542978,-0.06712346265300584,-0.3233534298438392,-0.2887709670305932,-0.5200548420421622,-0.06475593602030816
3.38,-0.05794567202877884,-0.06297551856864436,-0.06028324590741485,-0.3253255787148898,-0.2950489946933546,-0.5191645997596759,-0.05793446119717149
3.39,-0.05109359736809131,-0.05607585407431515,-0.05340777682689618,-0.3270903503674917,-0.3011586554358895,-0.5174533287374059,-0.0510830390012737
3.4,-0.04422721887865808,-0.04915182506358928,-0.04651364318167289,-0.328644011742624,-0.307073576697954,-0.5148985471573313,-0.04421728964662752
3.41,-0.0373602697940827,-0.04221923771220748,-0.03961550876988801,-0.3299829655734833,-0.3127665864328705,-0.511478564445158,-0.03735094719822174
3.42,-0.03050468065383887,-0.03529199624924967,-0.03272618340220074,-0.3311037820675801,-0.3182099603724238,-0.5071729405694975,-0.03049594365370056
3.43,-0.02367069231749393,-0.02838218641799317,-0.02585672288061264,-0.3320032124134492,-0.3233756818775079,-0.5019629477316436,-0.0236625217915582
3.44,-0.0168669947620557,-0.02150018763738309,-0.01901655621859411,-0.3326781853627797,-0.3282357132529206,-0.4958320239229067,-0.01685937382544628
3.45,-0.01010088828134512,-0.0146548109386565,-0.01221363690217314,-0.3331257888118376,-0.3327622767700172,-0.4887662089811609,-0.01009380248156366
3.46,-0.003378463346015638,-0.007853459329114909,-0.005454614601841212,-0.333343239092599,-0.3369281430101993,-0.4807545550885851,-0.003371900755725299
3.47,0.003295204908404358,-0.001102306863378033,0.00125497657951712,-0.3333278416024419,-0.3407069238145027,-0.4717895050578813,0.003301253684476535
3.48,0.009915852203716175,0.005593507605706871,0.007910517489789326,-0.3330769474253755,-0.3440733673609844,-0.4618672331893993,0.009921393703354264
3.49,0.01647981348527,0.012229676255402,0.01450809528377206,-0.332587911643776,-0.3470036537166002,-0.4509879448808533,0.01648485189518767
3.5,0.0229838101954066,0.01880251210407691,0.02104429118725537,-0.3318580599610331,-0.3494756902133523,-0.4391561324757775,0.02298834822116003
3.51,0.02942474177265618,0.02530873726209215,0.02751596911368048,-0.3308846708504258,-0.351469406293185,-0.4263807859975373,0.029428780502814
3.52,0.03579948320470919,0.03174527404461858,0.03392006950409326,-0.3296649804706201,-0.3529670459969491,-0.4126755583988213,0.03580302208057973
3.53,0.04210469387799587,0.03810904324913139,0.04025341260518234,-0.3281962167851942,-0.3539534524937089,-0.39805888574279,0.04210773075646573
3.54,0.04833664158372445,0.04439677370259076,0.04651251516568167,-0.3264756674661675,-0.3544163336487977,-0.3825540633183807,0.04833917287376577
3.55,0.05449104519319477,0.05060482691245916,0.05269342422300938,-0.324500783141509,-0.3543464926849583,-0.3661892790882252,0.0544930660487184
3.56,0.06056293911218533,0.056729040316089,0.05879157127588597,-0.3222693134996495,-0.3537380060586863,-0.3489976060940878,0.06056444366581526
3.57,0.06654656215556022,0.06276459221979336,0.06480164970206992,-0.3197794691978794,-0.3525883332032999,-0.3310169555299848,0.06654754378783378
3.58,0.07243527226355563,0.06870589105849995,0.07071751779141755,-0.3170300983453147,-0.3508983489979162,-0.3122899921697323,0.07243572462218761
3.59,0.07822149112283772,0.07454649109753381,0.07653212923260805,-0.3140208636732791,-0.3486722970628865,-0.2928640137374851,0.07822140813727596
3.6,0.08389667731940474,0.08027903614986009,0.08223749232666777,-0.3107524062865265,-0.3459176674375557,-0.2727907956693393,0.08389605284615687
3.61,0.08945132822041382,0.08589523230523782,0.08782465861296013,-0.3072264843144633,-0.3426450045552211,-0.2521264025603069,0.08945015618185359
3.62,0.09487501173103549,0.09138585007253802,0.09328374099435932,-0.3034460790868695,-0.338867651385222,-0.2309309674483433,0.09487328629018621
3.63,0.1001564267164296,0.0967407557322581,0.09860396084994777,-0.2994154661650107,-0.334601435072192,-0.2092684399746009,0.1001541424739484
3.64,0.1052834907468529,0.1019489710926038,0.1037737230378198,-0.2951402521819971,-0.3298643002364856,-0.187206304390121,0.1052806429482135
3.65,0.1102434532791926,0.1069987602523357,0.1087807171308591,-0.2906273802242063,-0.3246758992187069,-0.164815268362565,0.1102400380217893
3.66,0.1150230318834796,0.1118777414170423,0.1136120427082163,-0.2858851066476108,-0.3190571536217266,-0.1421689235766013,0.1150190463148394
3.67,0.1196085684882632,0.1165730213189977,0.1182543560571591,-0.2809229516604444,-0.3130298071638135,-0.1193433792200908,0.1196040111677387
3.68,0.1239862011513008,0.1210713493776767,0.1226940352320061,-0.2757516256419323,-0.3066159942124455,-0.0964168696052064,0.1239810739997846
3.69,0.1281420546064779,0.1253592884117398,0.1269173600716234,-0.2703829334755224,-0.299837849611612,-0.07346933738909422,0.1281363610465713
3.7,0.1320624352889736,0.1294233984503995,0.1309107034932731,-0.2648296600679138,-0.2927171824486139,-0.05058199413375253,0.1320561796478638
3.71,0.1357340324695018,0.1332504299598154,0.1346607301606458,-0.2591054412854484,-0.2852752293164464,-0.02783686028324212,0.1357272200785339
3.72,0.1391441215242719,0.1368275225880199,0.1381545984748672,-0.2532246253403008,-0.2775324928068002,-0.005316287046884471,0.1391367588171947
3.73,0.1422807645285057,0.1401424053656198,0.1413801617702202,-0.2472021299754117,-0.269508660736136,0.01689753682271378,0.142272859131915
3.74,0.1451330041194041,0.1431835942235872,0.1443261646195511,-0.2410533006380287,-0.2612225934004926,0.03872308974373928,0.1451245649301383
3.75,0.147691046723374,0.1459405827347104,0.1469824302687637,-0.2347937743367979,-0.2526923616223372,0.06008002907970855,0.1476820839687318
3.76,0.1499464314690611,0.1484040221540139,0.1493400354199486,-0.228439353183339,-0.2439353178134902,0.08088970438262999,0.149936956746797
3.77,0.1518921807465083,0.1505658871047668,0.1513914688590457,-0.2220058907822667,-0.2349681848194835,0.1010756646876502,0.1518822077034495
3.78,0.1535229295871112,0.152419623601219,0.153130770766309,-0.215509193641124,-0.2258071514056307,0.1205641492108793,0.1535124757084807
3.79,0.1548350379070065,0.1539602764922439,0.1545536499469814,-0.2089649386281369,-0.2164679674689928,0.1392845443843866,0.1548241212585424
3.8,0.1558266693640524,0.1551845938369096,0.1556575766677024,-0.2023886063192175,-0.2069660355220925,0.1571697760427667,0.1558153082653426
3.81,0.1564978457445972,0.1560911061788864,0.1564418492735782,-0.1957954290723694,-0.1973164973779681,0.1741565717021847,0.1564860588358448
3.82,0.1568504736841204,0.156680179171474,0.1569076332838769,-0.1892003520921849,-0.1875343163345133,0.1901854413399077,0.1568382799867399
3.83,0.1568883428267943,0.1569540385182533,0.1570579722110375,-0.1826180056982901,-0.177634355725944,0.2052000069932686,0.1568757617948781
3.84,0.1566170954900762,0.1569167667308149,0.1568977699074717,-0.1760626873360769,-0.1676314547174361,0.2191449707066451,0.1566041470504134
3.85,0.1560441684593337,0.15657427175482,0.1564337448050666,-0.169548352222165,-0.1575405018811097,0.2319640416881608,0.1560308730383669
3.86,0.1551787080787706,0.1559342280660894,0.155674356961633,-0.1630886115762559,-0.1473765066006225,0.2436136281672922,0.1551650866154713
3.87,0.1540314589667466,0.1550059913764353,0.1546297093545175,-0.1566967370515172,-0.1371546678753841,0.2540869876505878,0.1540175342615748
3.88,0.1526146319716899,0.1538004886015953,0.1533114253537339,-0.1503856693963407,-0.1268904397577938,0.2633843776078,0.1526004292580324
3.89,0.1509417548272142,0.1523300852194462,0.1517325047546867,-0.1441680288514171,-0.1165995925184691,0.2714860670238657,0.1509272985700496
3.9,0.1490274984113721,0.1506084325739708,0.1499071611450256,-0.1380561245471251,-0.1062982686866992,0.2783695559835553,0.1490128123773101
3.91,0.1468874920951584,0.1486502980493129,0.14785064371318,-0.1320619603036175,-0.09600303329551158,0.2840219780523474,0.1468725995006749
3.92,0.1445381285590308,0.1464713813405094,0.1455790468717471,-0.1261972346933647,-0.08573091788977388,0.2884413130662524,0.1445230522062939
3.93,0.1419963616308026,0.1440881202780707,0.1431091112621083,-0.1204733338787806,-0.07549945805845648,0.2916351239965534,0.1419811240286651
3.94,0.1392795008697529,0.1415174898199978,0.1404580198248657,-0.1149013164636192,-0.06532672438278025,0.2936193518548458,0.1392641243378827
3.95,0.1364050066289631,0.1387767979062182,0.1376431926626261,-0.1094918903106814,-0.0552313467365465,0.2944174099768531,0.136389513383662
3.96,0.133390289256434,0.1358834818769976,0.134682084387338,-0.1042553819332288,-0.04523253184218928,0.2940594706347263,0.1333747014799501
3.97,0.1302525139746915,0.1328549090891156,0.1315919875355848,-0.09920169964147263,-0.0353500738956542,0.2925818471083615,0.1302368558521692
3.98,0.1270084219442421,0.1297081852231736,0.1283898454552104,-0.09434029210821326,-0.02560435794501364,0.2900264151523317,0.1269927184582265
3.99,0.1236741628692092,0.1264599735649292,0.1250920778202076,-0.08968010440131963,-0.01601635555721487,0.2864400456638698,0.1236584378200573
4,0.1202651413528492,0.123126328267679,0.121714421624356,-0.08522953380699055,-0.006607612144271413,0.2818740364138874,0.1202494175715298
4.01,0.1167958845148949,0.1197225442683451,0.1182717901452779,-0.08099638792673225,0.0025997748488234,0.2763835396384724,0.1167801840488689
4.02,0.1132799305600223,0.1162630261462033,0.114778151968411,-0.07698784756262589,0.01158318786051948,0.2700269872124793,0.113264274830414
4.03,0.109729739753845,0.1127611777909898,0.1112464317244563,-0.07321043680155104,0.02031953235720241,0.2628655177663043,0.1097141496827233
4.04,0.1061566287929205,0.1092293142985131,0.1076884337343619,-0.06967000246648147,0.02878529246028316,0.2549624113910079,0.1061411249001709
4.05,0.1025707290751341,0.10567859704819,0.1041147892832007,-0.06637170472609566,0.03695660039074944,0.2463825380146266,0.1025553315450193
4.06,0.09898096877401116,0.1021189924487122,0.1005349277685433,-0.06332002015460897,0.04480932106432223,0.2371918254157951,0.09896569761498569
4.07,0.09539507671283083,0.09855925437369856,0.09695707149930211,-0.06051875792908828,0.05231915304990387,0.2274567523491735,0.09537995369528496
4.08,0.09181961478031396,0.09500692985593512,0.09338825346664281,-0.0579710891612028,0.05946174682724265,0.2172438715119904,0.09180466120151254
4.09,0.08826002609225185,0.09146838717316597,0.08983435697747749,-0.05567958860619343,0.06621284081603745,0.2066193661735249,0.08824526189732962
4.1,0.08472070306028838,0.0879488650470317,0.08630017564085513,-0.05364628720020215,0.07254841498442433,0.1956486432946292,0.08470614698465107
4.11,0.08120507404218376,0.08445254129705038,0.08278949183559042,-0.05187273308380524,0.07844486099307285,0.1843959649480831,0.08119074372078933
4.12,0.07771570517790573,0.0809826189509566,0.07930517147032778,-0.05036005802451043,0.0838791668407895,0.1729241188705056,0.07770161722272606
4.13,0.07425441483027631,0.0775414275186006,0.07584927258041707,-0.04910904551846285,0.08882911293579332,0.161294128081534,0.07424058487784657
4.14,0.07082239786505849,0.07413053689437266,0.07242316509411484,-0.04812019640634058,0.09327347554392096,0.1495649987331093,0.07080884059660669
4.15,0.06742035688045549,0.07075088116720479,0.06902765894664353,-0.04739378765459501,0.09719223279926886,0.1377935047237147,0.06740708601751555
4.16,0.06404863710662334,0.06740288948970458,0.06566313762596815,-0.04692992009017111,0.1005667680362336,0.1260340071362992,0.06403566570975977
4.17,0.06070736172745456,0.06408662108986696,0.0623296941991533,-0.04672855136358606,0.1033800652111737,0.1143383062270616,0.06069470341269412
4.18,0.05739656966252776,0.06080190149952225,0.05902726689143545,-0.0467895112374217,0.1056168916612517,0.1027555234875236,0.05738423640333462
4.19,0.05411634332705218,0.05754845712155976,0.05575577136985166,-0.0471124973925322,0.1072639643529119,0.09133201120166917,0.05410434518958951
4.2,0.05086693064606912,0.0543260453601761,0.05251522701565697,-0.0476970512065058,0.1083100969813434,0.08011128690031238,0.05085527588491068
4.21,0.04764885768742078,0.05113457769093777,0.04930587465130626,-0.04854251425372047,0.1087463266190682,0.06913399015654387,0.04763755282467075
4.22,0.0444630293397424,0.04797423324536448,0.0461282834127868,-0.04964796746355027,0.1085660198833719,0.05843785925301143,0.0444520792304568
4.23,0.04131081612288973,0.04484556072263568,0.04298344472162569,-0.05101215583204516,0.1077649596301891,0.04805772537154052,0.04130022400982081
4.24,0.03819412552876272,0.04174956671313729,0.0398728516063932,-0.05263340223143903,0.106341413874616,0.03802552209798415,0.0381838930895364
4.25,0.03511545662351991,0.03868778881983514,0.03679856194512915,-0.05450951417142369,0.1042961889443909,0.02837030819175074,0.03510558401333452
4.26,0.0320779364862786,0.03566235228866199,0.03376324454096158,-0.05663768735669661,0.1016326688170751,0.01911830173308637,0.03206842288368583
4.27,0.02908533899266368,0.03267600920339508,0.03077020729697666,-0.05901440961758014,0.098356842246202,0.01029292392638714,0.02907618308481208
4.28,0.02614208710539603,0.02973215965783782,0.02782340711585723,-0.06163536834810934,0.09447731874321974,0.001914851000523798,0.02613328558379713
4.29,0.02325323329114532,0.02683485468109703,0.02492744150814186,-0.06449536405748951,0.09000533385255644,-0.005997927194728192,0.02324478096227567
4.3,0.0204244237017022,0.02398878105126989,0.02208752224261756,-0.06758823210492504,0.08495474352903637,-0.01343004314476537,0.02041631367640462
4.31,0.01766184549086622,0.02119922847898709,0.01930943170649335,-0.07090677420436836,0.07934200687493209,-0.02036868328072983,0.0176540693720163
4.32,0.0149721583206435,0.01847203996608293,0.01659946295535714,-0.07444270089147731,0.07318615607028145,-0.02680351620528765,0.01496470638995617
4.33,0.0123624114741379,0.01581354643988453,0.01396434471871433,-0.07818658585558375,0.06650875206273826,-0.03272661835789531,0.0123552728787607
4.34,0.00983994824489972,0.01323048702783197,0.01141115288382899,-0.0821278328513092,0.05933382447675067,-0.03813239781183836,0.009833111184262222
4.35,0.007412299491630175,0.01072991657137956,0.00894721020848166,-0.08625465580073705,0.05168779424085002,-0.0430175167679327,0.007405751404778227
4.36,0.005087067803420019,0.008319102185574745,0.006579976213148653,-0.0905540726508009,0.04359937758610355,-0.04738081318730897,0.005080796183666525
4.37,0.002871806633268218,0.006005410853102744,0.004316929375163758,-0.09501191352823207,0.03509947030046856,-0.05122322188911976,0.002865798956046772
4.38,0.0007738949285568912,0.003796190198588789,0.002165443887808371,-0.09961284369985041,0.02622101139323207,-0.0545476953292563,0.000768137971914773
4.39,-0.00119959165472788,0.001698644715561803,0.0001326633487659379,-0.1043404017637543,0.01699882559601845,-0.05735912417474665,-0.001205111517005752
4.4,-0.003042007982909468,-0.0002802901916434397,-0.001774626203476792,-0.1091770533399944,0.007469444377734447,-0.05966425769666361,-0.003047304494828151
4.41,-0.004747263700460727,-0.002134073942602455,-0.003550121484204083,-0.1141042602893547,-0.002329094624775041,-0.06147162392354466,-0.004752350447257359
4.42,-0.006309942170764982,-0.003856683884582601,-0.005188123013380008,-0.1191025651874247,-0.01235746963782758,-0.06279144942878523,-0.006314832314164298
4.43,-0.007725411852981378,-0.005442733404829481,-0.006683649734931352,-0.124151690475931,-0.02257531784689654,-0.06363557857029067,-0.007730117880161869
4.44,-0.008989927994591317,-0.00688758277980317,-0.008032545033860417,-0.1292306514873306,-0.03294149874822561,-0.06401739195972017,-0.008994461482729255
4.45,-0.01010072270141075,-0.008187440617064889,-0.009231572124026477,-0.1343178824688808,-0.04341437630852452,-0.06395172391264992,-0.01010509407904758
4.46,-0.01105608217051259,-0.00933945391092722,-0.01027849694970145,-0.1393913748452108,-0.05395211757248153,-0.06345477862013221,-0.01106029990495672
4.47,-0.0118554070758475,-0.01034178493754723,-0.01117215694513424,-0.1444288271969558,-0.06451300420351769,-0.06254404478660874,-0.01185947817887162
4.48,-0.01249925832756064,-0.01119367345498717,-0.01191251422893597,-0.1494078066666373,-0.07505575218087179,-0.06123820849863781,-0.01250318854688026
4.49,-0.01298938564100643,-0.01189548293611908,-0.01250069206909848,-0.1543059215821543,-0.08553983371784757,-0.05955706412285638,-0.01299317922853382
4.5,-0.01332873759439778,-0.01244872983049594,-0.01293899373105589,-0.1591010049217376,-0.09592579464040452,-0.05752142307916275,-0.01333239710218137
4.51,-0.01352145315332757,-0.01285609511676561,-0.01323090310768765,-0.1637713078446406,-0.106175560144509,-0.05515302039506231,-0.01352497925982465
4.52,-0.01357283449110293,-0.01312141767327718,-0.01338106682240725,-0.1682957019836103,-0.116252722099686,-0.05247441901798489,-0.01357622586000318
4.53,-0.01348930123547933,-0.01324966927052296,-0.01339525779257955,-0.1726538886710369,-0.1261228018362118,-0.04950891194238211,-0.01349255440883645
4.54,-0.01327832657255316,-0.01324691127894917,-0.01328032053825712,-0.1768266128426574,-0.1357534835152724,-0.04628042229559459,-0.01328143589939212
4.55,-0.01294835599968506,-0.01312023348355806,-0.0130440988161295,-0.1807958790459786,-0.1451148145747216,-0.04281340161855685,-0.0129513135338335
4.56,-0.01250870987043922,-0.01287767569177056,-0.01269534644551618,-0.1845451667241611,-0.1541793712175368,-0.03913272667231626,-0.01251150503664605
4.57,-0.01196946952146345,-0.01252813310323697,-0.01224362246731919,-0.1880596416729991,-0.1629223883448557,-0.03526359519666944,-0.01197208983663001
4.58,-0.01134135145977877,-0.01208124667485722,-0.01169917203420356,-0.1913263602202994,-0.1713218546413074,-0.03123142114128763,-0.0113437826460675
4.59,-0.01063556921930485,-0.01154727995995064,-0.0110727946675534,-0.1943344622419641,-0.1793585746328127,-0.02706172998096446,-0.01063779519376484
4.6,-0.009863685167249454,-0.01093698412674293,-0.01037570173106939,-0.1970753486506734,-0.1870162004120229,-0.02278005481493017,-0.009865688070894163
4.61,-0.009037454554571481,-0.01026145306627901,-0.009619365158706261,-0.1995428385595849,-0.1942812363406075,-0.01841183403678182,-0.009039214821647157
4.62,-0.008168664084468721,-0.009531970679381996,-0.008815359632863784,-0.2017333010494912,-0.2011430203907998,-0.01398231145051565,-0.008170160551707772
4.63,-0.007268967379521537,-0.008759852581619099,-0.007975200534131144,-0.2036457564695742,-0.2075936859065823,-0.009516439807573829,-0.00727017743424041
4.64,-0.006349719798543414,-0.007956284579768991,-0.007110180074065386,-0.2052819425735127,-0.2136281074952192,-0.005038788863717558,-0.006350619563506354
4.65,-0.005421815103135865,-0.007132160349750449,-0.006231204075207941,-0.2066463415829023,-0.2192438345637229,-0.0005734592259818982,-0.005422379639120067
4.66,-0.004495526253153461,-0.006297920782552702,-0.005348631876804733,-0.207746165467398,-0.2244410157545519,0.003855996485760571,-0.00449572995845493
4.67,-0.003580353090196667,-0.005463397461049957,-0.004472121819852737,-0.208591298259525,-0.2292223172610506,0.008226643249942656,-0.003580170150736806
4.68,-0.002684879460034601,-0.004637662687901556,-0.003610484701542294,-0.2091941959505302,-0.2335928377423665,0.01251622152477744,-0.002684284004287274
4.69,-0.001816641345722922,-0.003828888404850406,-0.002771547488006287,-0.2095697462771398,-0.2375600223008906,0.01670319003351084,-0.001815607619230331
4.7,-0.000982008390368003,-0.003044216228883956,-0.001962029436985313,-0.2097350923370979,-0.2411335776758882,0.02076674891417379,-0.0009805109633778675
4.71,-0.0001860807159523791,-0.002289640682438365,-0.001187432610661787,-0.2097094253142729,-0.2443253903275001,0.0246868373452982,-0.0001840947212854438
4.72,0.0005673972888266677,-0.001569907514251567,-0.0004519485557025749,-0.2095137525443196,-0.24714944824993,0.02844409883000187,0.0005698958917414454
4.73,0.001276104784094448,-0.0008884287955205905,0.0002416173046431158,-0.2091706476537919,-0.2496217659262022,0.03201980843700047,0.001279138924060286
4.74,0.001939192738697262,-0.0002472162345980577,0.0008919022792320264,-0.2087039895568872,-0.2517603096180741,0.03539576281429158,0.001942783932398995
4.75,0.002557312183118047,0.0003531661138029274,0.001499023010454792,-0.2081386967386162,-0.2535849172052674,0.0385541506150352,0.002561479806101274
4.76,0.003132620946475712,0.0009136288575024576,0.00206459135631698,-0.2075004625690997,-0.2551172036275736,0.04147745073308862,0.003137381602005718
4.77,0.003668768189391085,0.001436563410798897,0.002591709149212751,-0.2068154964798745,-0.2563804410440627,0.04414843854900519,0.003674136132262862
4.78,0.004170859349998994,0.00192582700588384,0.003084941742863667,-0.2061102747949441,-0.2573994041393058,0.04655038392805222,0.00417684636310206
4.79,0.004645399755256248,0.002386706625443047,0.00355027057659324,-0.2054113039469434,-0.2582001770703363,0.04866746026890384,0.004652014997323206
4.8,0.005100218084509727,0.002825862231340515,0.003995025300231492,-0.2047448978066375,-0.2588099283095374,0.05048526208326398,0.005107467922065789
4.81,0.005544370670882137,0.003251249977388126,0.004427796307160059,-0.204136969975517,-0.2592566683798952,0.05199124006330247,0.005552258500960472
4.82,0.005988027900221733,0.003672026390045824,0.00485832881076842,-0.2036128411751033,-0.2595690070586919,0.05317489575444367,0.005996553971139795
4.83,0.006442344228172471,0.004098434771906689,0.005297399865697661,-0.2031970613302591,-0.2597759188637668,0.0540277062783765,0.006451505466120055
4.84,0.006919313586897341,0.004541675326278638,0.005756679976595347,-0.2029132455870338,-0.259906513663157,0.05454286414365356,0.006929103420891258
4.85,0.007431613572378618,0.005013760719419724,0.006248581152386246,-0.2027839233177191,-0.2599898017426213,0.05471495300240381,0.007442020321873355
4.86,0.007992435383715206,0.005527358994630915,0.006786093452448072,-0.2028303991306821,-0.2600544440091103,0.05453965432109487,0.008003442938260497
4.87,0.008615307355351546,0.00609562593028018,0.007382612229932306,-0.2030726249998321,-0.2601284851167538,0.0540135366292544,0.00862689631007707
4.88,0.009313914157836729,0.00673202908749515,0.008051758402715992,-0.2035290828302221,-0.2602390739916887,0.0531339440590714,0.009326061869817603
4.89,0.01010191150366795,0.007450165914272555,0.008807194169780763,-0.2042166770383191,-0.2604121790170408,0.05189897817819666,0.01011459213752464
4.9,0.01099273988183682,0.008263578353506051,0.009662436637036198,-0.205150636980351,-0.2606723046173454,0.0503075537266956,0.01100592445290044
4.91,0.01199943976916468,0.00918556643805124,0.01063067182141142,-0.2063444292214884,-0.2610422144818639,0.04835950469404737,0.01201309619261159
4.92,0.01313447071313035,0.01022900334599158,0.01172457146616296,-0.2078096796146595,-0.2615426658544902,0.04605572167489635,0.01314856386719876
4.93,0.01440953659066454,0.01140615433594194,0.01295611502640209,-0.2095561049092317,-0.2621921595338187,0.04339830881970502,0.01442402840145385
4.94,0.01583541944437099,0.012728501890032,0.01433641907409672,-0.2115914531949807,-0.263006710999778,0.04039075280012655,0.01585026877700429
4.95,0.01742182553574045,0.01420657926553592,0.0158755762293043,-0.2139214520905544,-0.2639996487936246,0.03703809660354218,0.01743698605895139
4.96,0.0191772366843406,0.01584981449835443,0.01758250555176089,-0.2165497634759267,-0.2651814465067476,0.03334711060563483,0.01919265964331129
4.97,0.02110878199461078,0.0176663867153794,0.01946481612783429,-0.2194779439728662,-0.2665595943214084,0.02932645392225441,0.02112441735235532
4.98,0.02322212412894679,0.01966309640054975,0.02152868536588326,-0.2227054113325879,-0.2681385150267811,0.02498682029428723,0.0232379207752626
4.99,0.02552136105559467,0.02184525102502682,0.02377875327315615,-0.2262294181640833,-0.2699195279469422,0.02034106409459557,0.02553726700627867
5,0.02800894508148161,0.02421656720074905,0.02621803373434756,-0.2300450356069095,-0.2719008624469896,0.01540430321710856,0.02802490767659566
5.01,0.03068561980554906,0.02677909025568143,0.02884784355155207,-0.2341451502051595,-0.2740777208153048,0.01019399664074783,0.03070158591437205
5.02,0.03355037536565317,0.0295331318655967,0.03166774974262804,-0.2385204771747607,-0.2764423885206239,0.004729995412663057,0.0335662916045657
5.03,0.03660042209332139,0.03247722611736703,0.0346755353349496,-0.2431595925593282,-0.2789843882465705,-0.0009654333434640505,0.03661623506124734
5.04,0.03983118310558566,0.03560810412713267,0.03786718363830788,-0.2480489857247926,-0.2816906728111608,-0.006867609080199677,0.03984683897440366
5.05,0.04323630526479144,0.03892068709579266,0.04123688073804571,-0.2531731325667269,-0.2845458511443378,-0.01294946634553162,0.04325174825515032
5.06,0.04680768108982756,0.04240809745568164,0.04477703572063463,-0.2585145889127275,-0.2875324409477043,-0.01918160816940401,0.04682285718148915
5.07,0.05053549554038696,0.0460616875469636,0.04847831793183333,-0.2640541029687634,-0.2906311414906491,-0.025532383398639,0.05055035304473121
5.08,0.05440828563088136,0.04987108506193372,0.05232971037552681,-0.2697707452494065,-0.2938211201727843,-0.03196798738734113,0.05442277531723139
5.09,0.05841301399437284,0.05382425431246268,0.05631857819204461,-0.275642054172854,-0.2970803069475584,-0.03845258594512879,0.05842708920741785
5.1,0.06253515556447174,0.05790757221368908,0.0604307510109186,-0.2816441953276173,-0.3003856913809846,-0.04494846300705613,0.06254877233982453
5.11,0.06675879601419409,0.06210591773938201,0.06465061785661891,-0.2877521322961324,-0.3037136179227906,-0.05141619300525208,0.06677191319720177
5.12,0.07106674051792659,0.0664027734936527,0.06896123319749214,-0.2939398068480578,-0.3070400757963557,-0.05781483929113851,0.07107931988880556
5.13,0.07544063135745702,0.07078033796129019,0.0733444326679214,-0.3001803263051784,-0.3103409806680788,-0.06410218010199981,0.07545263776397071
5.14,0.07986107389457607,0.075219646944234,0.0777809569607596,-0.3064461559437315,-0.313592445844786,-0.07023496344646485,0.07987247437172484
5.15,0.08430776666024038,0.07970070266337548,0.08225058237978156,-0.3127093144429797,-0.3167710411000064,-0.07616919189881999,0.08431853027470787
5.16,0.08875963373879614,0.08420260900123067,0.08673225655868344,-0.3189415706028922,-0.3198540373143166,-0.08186043767297357,0.08876973425685947
5.17,0.09319496569628648,0.08870371138061034,0.09120423789219367,-0.3251146398202724,-0.3228196349509471,-0.08726418754358611,0.09320438151720811
5.18,0.09759155949857325,0.09318173981588135,0.09564423728409738,-0.3312003791058246,-0.3256471740520463,-0.09233621624778032,0.09760027351401301
5.19,0.1019268587515216,0.09761395373539239,0.1000295608942758,-0.3371709797168938,-0.3283173230602116,-0.09703298598002535,0.1019348582116733
5.2,0.1061780931942205,0.101977287254463,0.1043372526596913,-0.3429991567454272,-0.3308122434964579,-0.1013120685132272,0.1061853695840509
5.21,0.1103224164122869,0.1062484936762883,0.1085442354703113,-0.3486583352160759,-0.3331157275010306,-0.1051325853545864,0.1103289653392644
5.22,0.1143370408560862,0.1104042881107731,0.1126274499969953,-0.3541228323979543,-0.3352133055580233,-0.1084556601822025,0.1143428619490239
5.23,0.1181993693710479,0.1144214872259243,0.1165639902912117,-0.3593680361050421,-0.3370923223919223,-0.1112448766183889,0.1182044661873125
5.24,0.1218871234348465,0.1182771452788646,0.120331235402181,-0.3643705787505525,-0.338741979976394,-0.1134667332032294,0.1218915025055072
5.25,0.1253784641355021,0.121948685708251,0.1239069763814081,-0.3691085068337954,-0.3401533477053091,-0.1150910862849394,0.1253821356908423
5.26,0.1286521096159761,0.1254140277002802,0.127269538163888,-0.3735614453852264,-0.3413193408940172,-0.1160915705179215,0.1286550883700359
5.27,0.1316874482431495,0.1286517072605755,0.1303978959264287,-0.3777107566943708,-0.3422346697730966,-0.1164459858599739,0.1316897530272207
5.28,0.134464644876758,0.1316409924301856,0.1332717856248809,-0.3815396924183061,-0.3428957619191387,-0.1161366395172709,0.1344662983032088
5.29,0.1369647412735976,0.1343619923752667,0.1358718085028798,-0.3850335379392746,-0.3433006616013638,-0.11515063134537,0.1369657694297804
5.3,0.1391697505563842,0.1367957601585258,0.1381795294442577,-0.3881797476309242,-0.3434489098160738,-0.113480071921974,0.1391701827267056
5.31,0.1410627457367651,0.138924389069038,0.1401775691094274,-0.3909680695226519,-0.3433414088662227,-0.1111222239833747,0.1410626141497657
5.32,0.1426279423281599,0.1407311024472542,0.1418496898517811,-0.3933906577330472,-0.3429802752623923,-0.1080795602290033,0.1426272819245713
5.33,0.1438507751331482,0.1422003369943107,0.1431808754530667,-0.3954421709844489,-0.3423686845133045,-0.1043597336301836,0.1438496233332726
5.34,0.1447179694148159,0.1433178195982336,0.1441574047463867,-0.3971198555126643,-0.3415107110715724,-0.09997546020130993,0.1447163657397715
5.35,0.1452176055780921,0.1440706377426019,0.1447669192118655,-0.3984236107463175,-0.3404111663321297,-0.09494431844932749,0.1452155919441202
5.36,0.1453391794444294,0.1444473035843628,0.1449984846336516,-0.3993560362422529,-0.339075437175908,-0.08928847403614681,0.1453367999497909
5.37,0.1450736566565513,0.1444378117953956,0.1448426468985802,-0.3999224585172361,-0.337509327142906,-0.08303434211009736,0.1450709572094109
5.38,0.1444135213986922,0.1440336912572743,0.1442914819976751,-0.4001309366002782,-0.3357189019450507,-0.07621220280922286,0.1444105493871205
5.39,0.1433528196422876,0.1432280506809843,0.1433386402634459,-0.3999922453320104,-0.333710340729685,-0.06885578720045671,0.143349623640748
5.4,0.1418871968801549,0.1420156181953762,0.1419793848405227,-0.399519835646474,-0.3314897943140882,-0.06100185113709711,0.1418838263864817
5.41,0.1400139302680114,0.1403927749120515,0.1402106243465985,-0.3987297712774163,-0.329063251553142,-0.05268975315137114,0.1400104354647888
5.42,0.137731955046772,0.1383575824330743,0.1380309396373484,-0.39764064153033,-0.326436415082393,-0.04396104974229309,0.1377283865812793
5.43,0.1350418850536716,0.135909804224267,0.1354406045452283,-0.3962734499511071,-0.3236145878863779,-0.0348591176658759,0.1350382938522251
5.44,0.1319460270082227,0.1330509207335376,0.1324416004204356,-0.394651478904669,-0.3206025724540664,-0.02542880860643448,0.1319424642437873
5.45,0.128448388850292,0.1297841380937421,0.1290376242652083,-0.3928001302575131,-0.3174045846714882,-0.0157161374569621,0.1284449056588277
5.46,0.1245546812272401,0.1261143902154606,0.1252340902225534,-0.3907467425443268,-0.3140241850373818,-0.005768001854140503,0.1245513283974202
5.47,0.1202723119859589,0.1220483340494378,0.1210381241594214,-0.3885203851994652,-0.3104642302380962,0.004368072043763882,0.1202691396986663
5.48,0.1156103734663868,0.1175943377827937,0.1164585510737675,-0.3861516306575565,-0.3067268485329661,0.01464416409713876,0.115607431063772
5.49,0.110579622287049,0.11276246172898,0.1115058750560716,-0.3836723053808893,-0.3028134426972267,0.02501218203945671,0.1105769580646303
5.5,0.1051924513435641,0.1075644316786162,0.1061922515489991,-0.3811152211584757,-0.298724724319221,0.03542407710651274,0.1051901123595536
5.51,0.0994628537718239,0.1020136044971826,0.1005314516744383,-0.3785138883427904,-0.2944607828898218,0.04583205863991513,0.09946088566859346
5.52,0.09340637867197613,0.09612492578548582,0.09453881843490364,-0.3759022130400316,-0.2900211921847941,0.05618881116792235,0.09340482550549467
5.53,0.08704007849501587,0.08991487945978183,0.08823121464659189,-0.3733141806378062,-0.2854051547904868,0.06644771561923779,0.0870389825213268
5.54,0.08038244792899364,0.08340142916056309,0.08162696252362417,-0.3707835284250564,-0.2806116832050239,0.0765630745667446,0.08038184938566706
5.55,0.07345335414619246,0.07660395146220766,0.07474577490717266,-0.3683434104135483,-0.2756398128272904,0.0864903399017577,0.07345329121378713
5.56,0.06627395901671466,0.06954316092962065,0.06760867821815464,-0.3660260577876009,-0.2704888385451545,0.09618634020646205,0.06627446764118594
5.57,0.05886663302273634,0.0622410271518285,0.06023792730668248,-0.3638624386683602,-0.2651585629599671,0.1056095043579529,0.05886774674817991
5.58,0.05125486132952321,0.05472068397482666,0.05265691247363546,-0.3618819210637245,-0.2596495411572252,0.1147200775453651,0.05125661114497082
5.59,0.04346314244262039,0.0470063312549423,0.0448900590471869,-0.360111942972474,-0.2539633051830132,0.1234803258600351,0.04346555663929391
5.6,0.03551687998535005,0.03912312955772512,0.03696272000719864,-0.3585776936155358,-0.2481025519558004,0.1318547258579756,0.03551998402171452
5.61,0.02744226824219872,0.03109708833382674,0.02890106226017553,-0.3573018096798865,-0.2420712820176987,0.1398101359199937,0.02744608461503129
5.62,0.01926617222081596,0.02295494821053295,0.02073194727402405,-0.3563040902895941,-0.2358748834326452,0.1473159467804461,0.01927072034142896
5.63,0.01101600366858636,0.01472405814300976,0.01248280688218628,-0.3556012341778098,-0.2295201641169844,0.154344209206309,0.01102129916076999
5.64,0.002719592164403353,0.006432248269843899,0.004181515158181437,-0.3552066022414925,-0.2230153441755534,0.1608697374453106,0.002725646823208749
5.65,-0.00559494653393335,-0.001892300591207818,-0.004143742658370253,-0.3551300083366062,-0.2163700236316192,0.1668701877006997,-0.005588124043617304
5.66,-0.01389934217688616,-0.01022118979386177,-0.01246460313672482,-0.3553775408342185,-0.2095951373731905,0.1723261115170637,-0.01389174643066482
5.67,-0.02216530298537713,-0.01852593698760474,-0.02075265843264257,-0.3559514171210957,-0.202702898646082,0.1772209845680701,-0.02215693189995716
5.68,-0.03036464791729019,-0.02677811040431727,-0.02897958973694631,-0.3568498728994279,-0.1957067199341939,0.1815412119151175,-0.03035550284085115
5.69,-0.03846943707925788,-0.03494946217827921,-0.03711729924878332,-0.358067087817447,-0.1886210928727149,0.1852761113438227,-0.03845952287200022
5.7,-0.04645209914189612,-0.04301205957204046,-0.04513803953272444,-0.3595931486356213,-0.1814614119182349,0.1884178768665575,-0.04644142424647374
5.71,-0.05428555465347778,-0.0509384129989538,-0.05301453914453952,-0.3614140507843293,-0.1742437388336106,0.1909615248825873,-0.05427413115439572
5.72,-0.06194333415842653,-0.05870159976669787,-0.06072012345636624,-0.3635117387776909,-0.166984520290369,0.1929048257905094,-0.06193117787541957
5.73,-0.06939968867743802,-0.06627538251506304,-0.06822882967762844,-0.3658641854959455,-0.1597002818705821,0.1942482240306523,-0.06938682081160574
5.74,-0.07662969776251685,-0.0736343213868329,-0.07551551515265009,-0.3684455098244545,-0.1524073248370819,0.1949947495840859,-0.0766161435284532
5.75,-0.08360936640642627,-0.08075387905364639,-0.08255595811834893,-0.3712261315433049,-0.1451214482087824,0.1951499238648369,-0.08359515404609469
5.76,-0.09031571292186387,-0.08761051781973445,-0.08932695022404558,-0.3741729617157944,-0.1378577114564653,0.194721662717307,-0.09030087375170093
5.77,-0.09672684900133427,-0.0941817881442551,-0.09580638024806437,-0.377249626161709,-0.1306302459187782,0.1937201788847895,-0.09671141744521194
5.78,-0.1028220505736151,-0.1004464080554013,-0.1019733085897966,-0.380416718971028,-0.1234521176484843,0.1921578858672986,-0.1028060641805991
5.79,-0.1085818192751596,-0.1063843330737001,-0.1078080322678202,-0.3836320824727743,-0.1163352411040598,0.1900493045614329,-0.1085653187204971
5.8,-0.1139879345124951,-0.1119768164142267,-0.1132921403112347,-0.3868511096804492,-0.1092903413342878,0.1874109734970428,-0.1139709635799915
5.81,-0.119023496247898,-0.1172064593941176,-0.1184085595887558,-0.390027065041228,-0.102326961339047,0.1842613628797897,-0.1190061017916482
5.82,-0.1236729584659769,-0.1220572521287032,-0.1231415912746185,-0.3931114193574196,-0.09545351059936269,0.1806207920380223,-0.1236551906752905
5.83,-0.1279221526088095,-0.1265146047529657,-0.1274769382986009,-0.3960541950413802,-0.08867735009583499,0.1765113492774487,-0.1279040670389903
5.84,-0.131758309808846,-0.1305653695512934,-0.1314017242659514,-0.3988043183999639,-0.08200490842429886,0.1719568125861164,-0.1317399643688275
5.85,-0.1351700684628505,-0.134197854514296,-0.134904504458644,-0.4013099763858329,-0.07544182293131663,0.1669825691224227,-0.1351515226815477
5.86,-0.1381474767935442,-0.1374018289644388,-0.137975269639635,-0.4035189761390269,-0.0689930992299741,0.1616155309771624,-0.1381287918134073
5.87,-0.1406819904504255,-0.1401685220002806,-0.1406054434740145,-0.4053791065894649,-0.0626632821148167,0.1558840443446835,-0.1406632289982373
5.88,-0.1427664653137932,-0.1424906146006619,-0.1427878744533694,-0.4068385023000507,-0.05645663084527447,0.1498177889878726,-0.1427476916463623
5.89,-0.1443951464498552,-0.1443622263035723,-0.1445168232606233,-0.4078460104944794,-0.05037729204798075,0.1434476647593086,-0.1443764262723411
5.9,-0.145563654178032,-0.1457788974269052,-0.1457879465408614,-0.40835156273257,-0.04442946410297843,0.1368056619714314,-0.1455450545328983
5.91,-0.1462689682018227,-0.1467375678263564,-0.146598278048363,-0.4083065528860701,-0.03861754779453069,0.1299247126190368,-0.1462505573267888
5.92,-0.1465094099202664,-0.1472365531851022,-0.146946208121343,-0.4076642228786457,-0.03294627915904635,0.1228385198743605,-0.1464912578763249
5.93,-0.1462846248297905,-0.1472755197982419,-0.1468314623941438,-0.4063800570768045,-0.02742084175706389,0.1155813639220048,-0.1462668046567365
5.94,-0.1455955707488516,-0.146855458754502,-0.1462550805939068,-0.4044121852934236,-0.02204695692006553,0.1081878830932617,-0.1455781549658199
5.95,-0.1444444995358935,-0.1459786603356117,-0.14521939618762,-0.401721793175118,-0.01683095175431859,0.1006928303985157,-0.1444275598346696
5.96,-0.1428349436815864,-0.1446486893603037,-0.1437280175487508,-0.3982735373997447,-0.01177980570899784,0.09313080692422543,-0.1428185508725078
5.97,-0.1407717055961188,-0.1428703621031422,-0.1417858112031949,-0.3940359617235634,-0.006901177244722501,0.08553597511307798,-0.1407559295176131
5.98,-0.138260849644415,-0.1406497253200413,-0.1393988875940099,-0.3889819085735381,-0.002203412522239823,0.07794175660889918,-0.1382457590347326
5.99,-0.135309697129421,-0.1379940378090133,-0.1365745896749145,-0.3830889196113024,0.002304461928813728,0.07038052101788705,-0.1352953594598859
6,-0.1319268242793762,-0.1349117548209803,-0.1333214845060894,-0.3763396174854543,0.006612760850774502,0.06288327348592759,-0.1319133055495195
6.01,-0.1281220631490715,-0.1314125155093661,-0.1296493578842726,-0.3687220598190699,0.01071117494227858,0.05547935027363216,-0.1281094276450144
6.02,-0.1239065041416914,-0.1275071334697025,-0.12556921189573,-0.3602300554215541,0.0145888178424548,0.04819613238252896,-0.123894815218847
6.03,-0.1192925031054335,-0.1232075902761319,-0.1210932651383733,-0.3508634320328113,0.01823428516152487,0.04105878762264886,-0.1192818227278825
6.04,-0.114293690892999,-0.118527031775531,-0.1162349552206208,-0.3406282450825555,0.0216357256804719,0.03409005122742603,-0.1142840772648834
6.05,-0.1089249798923309,-0.1134797667561808,-0.1110089430128355,-0.3295369184975648,0.02478092506720764,0.02731005418466875,-0.108916487373808
6.06,-0.1032025732726695,-0.1080812674711206,-0.1054311180043001,-0.3176083116716396,0.02765740253806204,0.02073620689379302,-0.1031952522798434
6.07,-0.09714397381973519,-0.1023481713703968,-0.09951860400751344,-0.3048677106881308,0.03025252087144265,0.01438314367375382,-0.09713787068325158
6.08,-0.09076799139290438,-0.09629828328549039,-0.0932897643538852,-0.2913467452846735,0.03255361010595681,0.008262731179616956,-0.09076314817865566
6.09,-0.08409474799268706,-0.08995057721696248,-0.08676420564300524,-0.2770832342759363,0.03454810516499679,0.002384141119040672,-0.08409120228934547
6.1,-0.07714567937152118,-0.0833251968045905,-0.07996277904239102,-0.2621209606522307,0.03622369755015376,-0.003246015014587766,-0.07714346405093098
6.11,-0.06994353207723858,-0.07644345350754195,-0.07290757808724391,-0.2465093745637579,0.03756850110633819,-0.008623493976477881,-0.06994267504058838
6.12,-0.06251235434913481,-0.0693278214872125,-0.06562193189980781,-0.2303032202830265,0.03857123162211074,-0.01374617853117949,-0.06251287872805578
6.13,-0.05487748186454434,-0.06200192816296929,-0.05813039273473053,-0.213562083996813,0.03922139961836546,-0.01861379363649135,-0.05487940502253907
6.14,-0.04706551395179606,-0.05449053939772808,-0.05045871675980618,-0.196349863161183,0.03950951503797367,-0.02322759098313398,-0.04706884690594726
6.15,-0.03910428065939465,-0.04681953826537211,-0.0426338369991886,-0.1787341636978312,0.03942730165381086,-0.0275900125362688,-0.03910902807767785
6.16,-0.03102280041546522,-0.03901589635782998,-0.0346838273996361,-0.1607856365173438,0.0389679178880864,-0.03170434393362531,-0.03102896058864157
6.17,-0.02285122671634148,-0.03110763660951044,-0.02663785702988419,-0.1425772683909232,0.03812617946130614,-0.03557436834564676,-0.02285879151301495
6.18,-0.01462078297985782,-0.02312378665489823,-0.01852613349067544,-0.1241836437994152,0.03689877799115066,-0.03920403076152235,-0.01462973779419097
6.19,-0.006363684804299655,-0.01509432179433168,-0.010379834699419,-0.1056801945367393,0.03528448849647059,-0.04259712170786778,-0.006374008506494777
6.2,0.001886951004127328,-0.007050096724965038,-0.002231028319347739,-0.0871424531576182,0.03328435789480844,-0.04575698821358321,0.001875286104247087
6.21,0.0100972110660197,0.0009772347009625593,0.005887421772771628,-0.06864532525585731,0.03090186616345342,-0.04868627848230012,0.0100842393008157
6.22,0.01823250343210739,0.008955312301949014,0.0139419624448251,-0.05026239419885287,0.02814305197934619,-0.05138672529423,0.01821826660253278
6.23,0.026257692150202,0.01685117544331982,0.02189847200130757,-0.03206527034186901,0.02501659542614565,-0.05385897169516018,0.02624223878177867
6.24,0.03413724431133924,0.02463138226870165,0.02972239474669441,-0.01412299490171715,0.02153385176015321,-0.05610244109629015,0.03412062911017971
6.25,0.04183539108908978,0.03226214241797226,0.03737888937536454,0.003498493368268407,0.01770883219691655,-0.05811525254915351,0.04181767466430092
6.26,0.04931630272329173,0.03970946317779944,0.04483299094969628,0.02073682269431965,0.01355813008852236,-0.05989418071112917,0.04929755129889335
6.27,0.05654427657886115,0.04693930881703878,0.05204978602525262,0.03753358009786567,0.009100793522929584,-0.0614346589058774,0.05652456168535214
6.28,0.06348393745939297,0.05391777265851166,0.05899460027126036,0.05383462861682203,0.004358148066029632,-0.06273082272861907,0.06346333559592598
6.29,0.07010044913320267,0.06061126123229554,0.06563319771842391,0.06959034985082829,-0.000646424156044767,-0.06377559085952589,0.07007904139247401
6.3,0.07635973580542421,0.06698668964515492,0.07193199054612964,0.08475581334371696,-0.005887740797873076,-0.06456077913410196,0.0763376074548538
6.31,0.08222871159755121,0.07301168708669015,0.0778582581006817,0.09929087569118233,-0.01133910139993233,-0.06507724347508048,0.08220595206104353
6.32,0.08767551631408685,0.07865481117622086,0.08338037361716849,0.1131602134284569,-0.01697258489713205,-0.06531504700852586,0.08765222001181772
6.33,0.0926697605815853,0.08388576963663186,0.08846803690336674,0.1263332947303713,-0.02275935220418102,-0.0652636465553828,0.09264602408062383
6.34,0.09718276803994419,0.08867564756475893,0.09309251103712146,0.138784295759442,-0.0286699442502828,-0.06491209369292344,0.09715868916778403
6.35,0.1011878196076712,0.09299713835516454,0.09722686093128019,0.150491968135901,-0.0346745670590039,-0.0642492457004129,0.1011634968507883
6.36,0.1046603959676126,0.09682477612913676,0.100846191434927,0.1614394644778708,-0.04074335703963278,-0.06326398192025673,0.1046359278532844
6.37,0.107578415349601,0.1001351673275445,0.1039278824706441,0.1716141292664832,-0.04684662139384332,-0.06194542136023978,0.1075538998080603
6.38,0.1099224638618834,0.1029072189517528,0.1064518185601877,0.1810072624224789,-0.05295505029318126,-0.0602831377147619,0.1098979975680239
6.39,0.11167601553128,0.1051223607902222,0.1084006099730177,0.1896138629317285,-0.05903989913995666,-0.05826736837523294,0.1116516932271018
6.4,0.1128256391532798,0.1067647588593934,0.1097598026495981,0.197432359624376,-0.06507314072466192,-0.05588921441564687,0.112801552954232
6.41,0.11336118806679,0.1078215172214178,0.1105180740085548,0.2044643357984755,-0.07102758841242673,-0.05314082896425587,0.1133374277211359
6.42,0.1132759723495033,0.108282865317614,0.1106674117435541,0.2107142537939826,-0.07687699262578762,-0.05001559179427129,0.1132526250210677
6.43,0.1125669115396969,0.1081423279704851,0.1102032727529778,0.216189184884597,-0.08259611384221194,-0.04650826837531996,0.1125440587340412
6.44,0.1112346574326095,0.1073968752547643,0.1091247194221439,0.2208985489905764,-0.08816077608464429,-0.04261515201517418,0.1112123743954152
6.45,0.1092836920636472,0.1060470495195447,0.1074345305960177,0.224853867762589,-0.09354790543096908,-0.03833418808202271,0.1092620472708671
6.46,0.1067223961635161,0.104097066962445,0.10513928474136,0.2280685335925083,-0.09873555837054465,-0.03366507962706244,0.1067014508317614
6.47,0.103563085838631,0.1015548913174628,0.1022494130022031,0.230557596127746,-0.1037029448567403,-0.02860937402302488,0.1035428934606176
6.48,0.09982201558452121,0.09843227742415561,0.09877922010203066,0.232337566962002,-0.1084304506160503,-0.02317053049548456,0.09980262149560515
6.49,0.09551934606124377,0.09474478269797892,0.0947468713386222,0.2334262424064256,-0.1128996626707274,-0.01735396865106886,0.09550078704392223
6.5,0.09067907541928805,0.09051174481916802,0.09017434425148174,0.2338425436611268,-0.1170934011392702,-0.01116709830187723,0.09066137935356067
6.51,0.08532893216490438,0.08575622429790092,0.08508734391365225,0.2336063733408305,-0.1209957592606987,-0.004619331051744779,0.08531211892790203
6.52,0.07950023342340333,0.08050491095263468,0.07951518120600476,0.2327384871696234,-0.1245921523436344,0.00227792574838237,0.0794843139933451
6.53,0.07322770432795585,0.07478799375186024,0.07349061386727285,0.231260379731097,-0.127869375093817,0.009511291946927569,0.07321267938160836
6.54,0.06654925840599951,0.06863899391127715,0.06704965057219237,0.229194183398666,-0.1308156656561194,0.01706545360378259,0.06653511835961545
6.55,0.05950574332796237,0.06209456160232196,0.06023131876643573,0.2265625799124983,-0.1334207738375323,0.02492321713411616,0.05949246842456862
6.56,0.05214065212455281,0.05519423710733656,0.05307739747365781,0.2233887244381516,-0.1356760304388021,0.03306557755749251,0.05212821257319089
6.57,0.04449980187244511,0.04798017774411051,0.04563211677979362,0.2196961822593717,-0.1375744144464878,0.0414717997351064,0.04448815804436357
6.58,0.0366309823307536,0.04049685237068257,0.03794182618487713,0.2155088784545844,-0.139110614999683,0.05011951138753368,0.03662008501674391
6.59,0.02858357747712898,0.03279070576233922,0.03005463448544426,0.2108510609329746,-0.1402810854724762,0.05898480659547312,0.0285733682088169
6.6,0.02040816328045619,0.02490979561907458,0.02202002430367378,0.2057472770371226,-0.1410840875968752,0.06804235839905393,0.02039857477127721
6.61,0.01215608463771537,0.01690340540536267,0.01388844480482421,0.2002223635595047,-0.1415197241724044,0.07726553903188954,0.01214704227261038
6.62,0.003879019491684591,0.008821636637742269,0.005710886535856718,0.1943014495032076,-0.1415899594578386,0.08662654626028771,0.003870440951096565
6.63,-0.004371470606020332,0.000714984612379399,-0.002461557331817854,0.1880099703001422,-0.1412986267310996,0.09609653425329567,-0.004379675266576788
6.64,-0.01254439647658065,-0.007366098101704466,-0.01057813876953484,0.1813736915560743,-0.1406514226789732,0.1056457473937138,-0.0125523242048946
6.65,-0.02058979825634197,-0.01537164579318595,-0.01858890683263936,0.1744187397988869,-0.1396558882152257,0.1152436554617723,-0.02059755234450678
6.66,-0.02845919865762264,-0.02325262652082039,-0.0264451587481892,0.1671716372351634,-0.1383213750340382,0.1248590886894859,-0.02846688804482317
6.67,-0.03610604730943338,-0.03096138679254756,-0.03409988499305444,0.1596593372222091,-0.1366589967391268,0.1344603713011887,-0.03611378584778679
6.68,-0.04348615092061953,-0.03845208888551832,-0.04150820314545067,0.1519092570619447,-0.1346815628589854,0.1440154523296584,-0.04349405660748984
6.69,-0.05055808406084818,-0.04568113563721909,-0.04862777530330892,0.1439493048129209,-0.1324034936494101,0.1534920327310539,-0.05056627824300919
6.7,-0.05728357571063442,-0.05260757756416035,-0.05541920394667865,0.1358078970619967,-0.1298407135431158,0.1628576881175057,-0.05729218203741154
6.71,-0.06362786725950841,-0.05919349726372641,-0.06184640127932794,0.127513964944022,-0.1270105216895188,0.1720799867835356,-0.06363700960387081
6.72,-0.06956003297684711,-0.06540436622797274,-0.06787692731566081,0.1190969460875243,-0.1239314393932992,0.181126603119347,-0.0695698359095398
6.73,-0.07505326569698154,-0.07120936944443818,-0.07348229228036318,0.1105867605471411,-0.1206230363392181,0.1899654269758178,-0.07506385408635935
6.74,-0.0800851198217646,-0.07658169347600435,-0.07863821925595466,0.1020137691321291,-0.1171057399173653,0.1985646700653471,-0.08009661816232883
6.75,-0.08463770858024554,-0.08149877409491396,-0.08332486344323842,0.09340871285342933,-0.1134006341485986,0.2068929710384924,-0.08465024031221802
6.76,-0.08869785292273859,-0.08594249999042536,-0.08752698488669741,0.08480263251372167,-0.1095292560686595,0.2149195014525958,-0.08871153974772239
6.77,-0.09225717973781011,-0.08989936956909106,-0.09123407205578682,0.07622676779430276,-0.1055133976511624,0.2226140754220067,-0.09227214093733282
6.78,-0.0953121676932091,-0.09336059841539524,-0.09444041425765992,0.06771243558886475,-0.101374920538582,0.2299472662753208,-0.09532851945817367
6.79,-0.09786413964800189,-0.09632217557187794,-0.09714512148021404,0.05929088782292602,-0.09713558942767525,0.2368905339909762,-0.09788199442786849
6.8,-0.09991920221083389,-0.09878486742458686,-0.099352090917944,0.05099314958008583,-0.092816928389233,0.2434163674609205,-0.09993866713523075
6.81,-0.1014881314132733,-0.1007541686339489,-0.1010699201083329,0.04284983900594608,-0.08844010295973159,0.2494984456314055,-0.1015093061750543
6.82,-0.1025862009436749,-0.1022402002241375,-0.1023117672934021,0.03489097112788531,-0.08402582952446525,0.2551118211406067,-0.1026091800848339
6.83,-0.1032329663676615,-0.1032575556266696,-0.1030951603099516,0.02714574835164196,-0.07959431216795254,0.2602331290323091,-0.1032578391699732
6.84,-0.1034519986762037,-0.1038250961563405,-0.1034417559927018,0.0196423409133677,-0.07516520568101226,0.2648408212847934,-0.1034788488788296
6.85,-0.103270572231901,-0.1039656980701794,-0.1033770527370652,0.01240766093228518,-0.0707576018190238,0.26891542511315,-0.1032994777401176
6.86,-0.1027193108997496,-0.1037059540125457,-0.102930059502782,0.005467133902239407,-0.06639003438793856,0.2724398192756567,-0.102750343492597
6.87,-0.1018317965666133,-0.1030758322721517,-0.1021329251365001,-0.001155528514338922,-0.06208049754264372,0.2753995181741329,-0.1018650216115506
6.88,-0.1006441447767134,-0.1021082978599865,-0.1010205324414982,-0.007438550640383623,-0.05784647102195573,0.2777829489471764,-0.1006796209592846
6.89,-0.0991945526733872,-0.1008388999514223,-0.0996300619173246,-0.01336230634388819,-0.05370494600609538,0.2795817029176187,-0.09923233174945462
6.9,-0.09752282777339982,-0.09930533071252207,-0.09800053052333557,-0.01890952071311641,-0.04967244582483188,0.2807907407916482,-0.09756295141019422
6.91,-0.09566989459661898,-0.09754696094172716,-0.0961723111808459,-0.02406545681074285,-0.04576503672772092,0.2814085319639695,-0.09571239425207723
6.92,-0.09367729005885865,-0.09560435829601094,-0.09418663901280055,-0.02881808469847863,-0.04199832516907021,0.2814371127379621,-0.09372219108848628
6.93,-0.09158666342223161,-0.0935187941293939,-0.09208511052269958,-0.033158230117458,-0.03838743938889222,0.280882055974796,-0.09163398511377807
6.94,-0.08943927486697605,-0.09133174514630582,-0.08990918203235132,-0.03707970037693042,-0.03494699436382009,0.279752354448517,-0.08948903041531597
6.95,-0.08727550303326179,-0.0890843961597016,-0.0876996737285064,-0.04057938516347903,-0.03169104039481585,0.278060230107908,-0.08732769947754981
6.96,-0.08513436779520625,-0.08681715024300551,-0.08549628561034073,-0.04365733015747841,-0.02863299667416219,0.2758208894778521,-0.08518900592911982
6.97,-0.08305307432278136,-0.08456915247707075,-0.08333713148317545,-0.04631678155349223,-0.02578557213889388,0.2730522500064857,-0.08311014858840837
6.98,-0.0810665842058659,-0.08237783332062798,-0.08125829691006403,-0.04856419984170141,-0.02316067677399303,0.2697746626488871,-0.08112608258150478
6.99,-0.07920721920992617,-0.08027847737845045,-0.07929342671447015,-0.05040924152672061,-0.02076932725741076,0.266010652758628,-0.07926912294258714
7,-0.07750430823319963,-0.07830382300849098,-0.07747334722884452,-0.05186470784155711,-0.01862155139411714,0.2617846955642905,-0.07756858566533309
7.01,-0.0759838593580594,-0.07648369780071712,-0.07582572801057236,-0.05294645995481018,-0.01672629610388277,0.2571230355587984,-0.07605047066143727
7.02,-0.07466828946646027,-0.07484469447963471,-0.07437478720561308,-0.05367330066042797,-0.01509134374508492,0.2520535523141292,-0.07473719050572164
7.03,-0.07357620596161532,-0.07340989123435226,-0.07314104413887595,-0.05406682306508348,-0.0137232412359195,0.2466056694542086,-0.07364734821541796
7.04,-0.07272223620765235,-0.07219861987134624,-0.07214112205784995,-0.05415122732352851,-0.01262724577835167,0.240810299225458,-0.07279556663289666
7.05,-0.07211691041035805,-0.07122628452419544,-0.0713876032622266,-0.05395310698321609,-0.01180729005041758,0.2346998123726471,-0.07219237126700018
7.06,-0.0717665990545233,-0.07050423295208402,-0.07088893812778868,-0.05350120694593691,-0.01126596860176265,0.2283080216902301,-0.07184412770836485
7.07,-0.07167350525957897,-0.07003968172661429,-0.07064940878892279,-0.05282615539749946,-0.01100454598242079,0.2216701673972191,-0.07175303398010185
7.08,-0.07183571165855071,-0.06983569585716043,-0.07066914749201419,-0.05196017226970151,-0.01102298597320628,0.2148228930800868,-0.07191716742842547
7.09,-0.07224728177339003,-0.06989122265128606,-0.07094420888258635,-0.05093675688052024,-0.01132000026512697,0.2078042021020429,-0.07233058500915296
7.1,-0.07289841842575702,-0.07020117886115512,-0.07146669475352507,-0.04979035738333548,-0.01189311411720873,0.2006533858830071,-0.07298347509741665
7.11,-0.07377564669817527,-0.07075658944122015,-0.07222492907051298,-0.04855602461815473,-0.01273874593017815,0.1934109171634101,-0.07386235824975634
7.12,-0.07486206790527461,-0.0715447755476436,-0.07320368041460623,-0.04726905299821726,-0.01385229729525972,0.1861183031749506,-0.07495033369063187
7.13,-0.07613765067003006,-0.07254958875586115,-0.07438442835050407,-0.04596461128101426,-0.01522824987690408,0.1788178954860988,-0.07622736768923183
7.14,-0.0775795568229459,-0.07375168786788566,-0.07574566965196156,-0.04467736651277926,-0.01686026541979169,0.1715526551282134,-0.07767061944558246
7.15,-0.07916249992717465,-0.07512885413188408,-0.0772632598010195,-0.04344110506196996,-0.01874128519269047,0.1643658734145355,-0.07925479962586623
7.16,-0.08085913116550918,-0.07665634020866519,-0.07891078473206292,-0.04228835533583686,-0.02086362526884145,0.1573008506230444,-0.08095255628164
7.17,-0.08264044700032412,-0.07830724779758924,-0.08065995742128884,-0.04125001731206068,-0.02321906419053726,0.150400536413098,-0.08273488256229361
7.18,-0.08447621277652141,-0.08005292848305634,-0.08248103363137888,-0.04035500424137417,-0.02579891979195148,0.1437071374709845,-0.08457154038840764
7.19,-0.08633539939852543,-0.08186340208736198,-0.08434324091415912,-0.03962990171381647,-0.02859411229157888,0.1372616994107991,-0.08643149409858286
7.2,-0.08818662361349462,-0.08370778662208433,-0.08621521485330869,-0.03909864879457753,-0.03159521124948372,0.131103671363504,-0.08828334801537524
7.21,-0.08999856466444361,-0.0855547338225921,-0.08806543649640097,-0.03878224529379481,-0.03479246463723551,0.1252704629235202,-0.09009578189667683
7.22,-0.09174040378051784,-0.08737286423204071,-0.08986266498074069,-0.0386984886291078,-0.03817580908587204,0.1197970041283085,-0.09183797834646901
7.23,-0.09338223895059405,-0.08913119587309826,-0.0915763594990624,-0.03886174329838599,-0.04173486131879611,0.114715319848039,-0.09348003645009739
7.24,-0.09489547927476608,-0.09079956070691875,-0.09317708497668442,-0.03928274572535739,-0.04545889176779772,0.1100541302778089,-0.09499336617028387
7.25,-0.09625321493653276,-0.09234900332648799,-0.09463689613659731,-0.03996844710236525,-0.04933678231484101,0.1058384890746923,-0.0963510583858479
7.26,-0.09743055809571417,-0.09375215666066838,-0.0959296950075022,-0.04092189671664082,-0.05335697090275737,0.1020894700032156,-0.0975282258692558
7.27,-0.09840495047813465,-0.09498358986870525,-0.09703155737498337,-0.04214216800219883,-0.05750738634035046,0.09882391171394522,-0.09850231097453621
7.28,-0.09915643396725668,-0.09602012407338023,-0.09792102417906301,-0.0436243291436571,-0.06177537695818192,0.09605422849414602,-0.09925335633572374
7.29,-0.09966788676397917,-0.09684111210331436,-0.098579354413319,-0.04535945945863135,-0.06614763686396485,0.09378829256262011,-0.0997642354494796
7.3,-0.09992520580504237,-0.09742867898039681,-0.09899073667188063,-0.04733471203352768,-0.07061013345430839,0.09202939085207001,-0.1000208406243371
7.31,-0.09991743871549286,-0.09776792048636274,-0.09914245711157543,-0.04953342224389712,-0.07514803963733463,0.09077625639388887,-0.1000122264141807
7.32,-0.09963689331253128,-0.09784705776503444,-0.09902502223804155,-0.05193526092740486,-0.07974567398231636,0.09002317158136997,-0.09973070730517475
7.33,-0.09907918906958009,-0.09765754655604697,-0.09863223557784462,-0.05451643016721774,-0.08438645179143439,0.08976013793096466,-0.09917190908375556
7.34,-0.0982432621665484,-0.09719414030503903,-0.09796122795448881,-0.05724989894886884,-0.08905284990661178,0.08997310466230496,-0.09833477396914414
7.35,-0.09713132501958262,-0.09645490704676452,-0.09701244173582846,-0.06010567542263162,-0.0937263879098284,0.09064424661330728,-0.09722152023771441
7.36,-0.09574878164698242,-0.09544120060257116,-0.09578957005493621,-0.06305111216560932,-0.09838762821177205,0.09175228078415959,-0.09583755768962893
7.37,-0.09410410082165174,-0.09415758726311951,-0.09429945261715944,-0.06605124070418866,-0.1030161973022554,0.09327281019699685,-0.09419136090192931
7.38,-0.09220864958370177,-0.09261172973168974,-0.09255193028487702,-0.06906913162038003,-0.10759083010937,0.09517868374952188,-0.09229430276919154
7.39,-0.09007649734265066,-0.0908142306743393,-0.09055966117078329,-0.07206627680057992,-0.112089438949377,0.09744036127265843,-0.09016045134556994
7.4,-0.08772416559690389,-0.08877843875259639,-0.08833790146350173,-0.07500299075154554,-0.1164892079329551,0.1000262739872334,-0.08780633346433364
7.41,-0.08517036271850745,-0.08652022049490854,-0.08590425464984708,-0.07783882834389255,-0.1207667129364447,0.1029031718889876,-0.0852506690173726
7.42,-0.08243570011670875,-0.08405770178740352,-0.08327839318071606,-0.08053301675543184,-0.1248980663809691,0.1060364511663243,-0.08251408012287775
7.43,-0.07954238069780478,-0.08141098312614181,-0.08048175694762805,-0.08304489963901274,-0.1288590851360314,0.1093904564662129,-0.0796187796907703
7.44,-0.07651387144286406,-0.07860183306761886,-0.07753723319067829,-0.08533439144911448,-0.1326254789348508,0.1129287545754901,-0.07658824410969906
7.45,-0.07337456497908744,-0.07565336454142624,-0.07446882264397381,-0.08736243922397896,-0.1361730558158299,0.1166143777953117,-0.07344687492462876
7.46,-0.07014943509480524,-0.07258969885140021,-0.07130129684008568,-0.08909148777717057,-0.1394779403434134,0.1204100368874389,-0.07021965444922351
7.47,-0.06686369115221082,-0.06943562229028244,-0.06805985154036864,-0.09048594219757528,-0.1425167997585518,0.1242783049081962,-0.06693180026248247
7.48,-0.06354243686688903,-0.06621624032429418,-0.06476976123312916,-0.09151261903501728,-0.1452670727987169,0.128181774477314,-0.06360842347523754
7.49,-0.06021034224503716,-0.06295663426173986,-0.06145603954742662,-0.09214117508330422,-0.1477071957326314,0.1320831920245489,-0.06027419552100233
7.5,-0.05689130948386553,-0.05968152520256603,-0.05814311026936858,-0.09234450096512536,-0.1498168201865601,0.1359455732971948,-0.05695302802986757
7.51,-0.05360817666687986,-0.05641494988048068,-0.05485449342393045,-0.09209906643106391,-0.151577017597797,0.1397323048871069,-0.05366777008725421
7.52,-0.05038243920648108,-0.05317995276567933,-0.05161251060282857,-0.09138520576779519,-0.1529704656072641,0.1434072367472558,-0.05043992686547538
7.53,-0.04723399332434854,-0.04999829850156046,-0.04843801338240167,-0.09018733486707753,-0.1539816123764818,0.1469347706256982,-0.0472894032502218
7.54,-0.04418090775037589,-0.04689020840493713,-0.04535013828921464,-0.08849409578938228,-0.1545968156518781,0.150279949069686,-0.04423427567196719
7.55,-0.04123922640128495,-0.04387412436732407,-0.0423660913405618,-0.08629842925194914,-0.1548044543548271,0.1534085491734342,-0.04129059489993925
7.56,-0.03842280431284454,-0.04096650305763694,-0.03950096471857972,-0.0835975795709068,-0.1545950114893762,0.1562871845962116,-0.03847222207063367
7.57,-0.03574317858626191,-0.0381816428505547,-0.03676758763694121,-0.0803930396246727,-0.1539611281618524,0.1588834186032249,-0.03579069971083831
7.58,-0.03320947667166792,-0.03553154539847547,-0.03417641293619733,-0.07669044519082768,-0.1528976294254178,0.1611658900216716,-0.03325515898448239
7.59,-0.03082836212126233,-0.03302581323826559,-0.03173544040537768,-0.07249942870745985,-0.1514015234332081,0.1631044530972171,-0.03087226385088887
7.6,-0.02860400694949632,-0.03067158428597999,-0.02945017728185056,-0.06783344246992012,-0.1494719759580382,0.1646703313155018,-0.02864619227734144
7.61,-0.02653811569224057,-0.02847350353065786,-0.02732363583693936,-0.06270956076856066,-0.1471102626925415,0.1658362843461718,-0.02657865410901761
7.62,-0.02462997966477258,-0.02643373169675217,-0.02535636741930414,-0.05714826953826069,-0.1443197018877987,0.1665767863944222,-0.02466894467231429
7.63,-0.02287656470078359,-0.02455199010670994,-0.02354653180913191,-0.05117325062764583,-0.1411055698559469,0.166868213424779,-0.02291403268106817
7.64,-0.02127263130789775,-0.02282564044593977,-0.02189000024031329,-0.04481116588536055,-0.1374750017091255,0.166689035971489,-0.02130868053654433
7.65,-0.01981088488556555,-0.02124979762416557,-0.02038048998140224,-0.03809144434301492,-0.1334368795004731,0.1660200135905429,-0.01984559466828517
7.66,-0.01848215324786748,-0.01981747345851675,-0.01900972793566191,-0.03104607440769203,-0.1290017097388347,0.1648443864666901,-0.0185156031605026
7.67,-0.01727558833782696,-0.01851974849114701,-0.01776764033282496,-0.02370940235948055,-0.124181492120488,0.1631480592966176,-0.01730785755331987
7.68,-0.01617889009494835,-0.01734596890238382,-0.01664256524718843,-0.01611793822129426,-0.118989581289455,0.1609197723612487,-0.01621005540500758
7.69,-0.01517854509451866,-0.0162839651826473,-0.01562148439417221,-0.0083101696089668,-0.1134405435061321,0.1581512547079541,-0.01520867995444336
7.7,-0.01426007550171648,-0.01532028897535354,-0.0146902704349281,-0.0003263830792222255,-0.1075500102467839,0.1548373546108936,-0.01428925303582596
7.71,-0.01340830514458647,-0.01444046430085555,-0.01383394585860115,0.007791509183495582,-0.1013345309249193,0.1509761429733766,-0.01343659727218727
7.72,-0.01260762689360069,-0.01362924922664777,-0.01303694941594502,0.0160001413980112,-0.09481142705572732,0.1465689860684319,-0.01263510351201691
7.73,-0.01184227115060049,-0.01287090396862289,-0.01228340604542411,0.02425487068959759,-0.08799865021021186,0.1416205849477101,-0.01186899947425979
7.74,-0.01109657159580411,-0.01214946139105066,-0.01155739626305963,0.03250996502229375,-0.08091464597109888,0.1361389799267734,-0.01112261563026595
7.75,-0.01035522434181489,-0.01144899591172088,-0.01084322107787539,0.04071881009235945,-0.07357822577657364,0.1301355197008125,-0.01038064447500003
7.76,-0.009603536824824895,-0.01075388690679657,-0.01012565864360138,0.04883414264225022,-0.06600844802336414,0.1236247957732315,-0.009628389520880409
7.77,-0.008827662998489531,-0.01004907284825518,-0.009390209061651222,0.05680831696138039,-0.05822450914159,0.116624543905646,-0.008852000582153352
7.78,-0.008014823338930376,-0.0093202926042108,-0.00862332400623067,0.06459361006091952,-0.05024564463744841,0.1091555151493699,-0.008038692200718067
7.79,-0.007153500780761975,-0.008554310596370962,-0.007812618145010108,0.07214256917857792,-0.04209103945161519,0.1012413196448597,-0.007176942390312357
7.8,-0.006233616576502832,-0.007739122836848911,-0.006947059672381906,0.0794084029284719,-0.03377974654947968,0.09290824675359233,-0.006256669238468127
7.81,-0.005246684681135271,-0.006864141243645705,-0.006017137650096149,0.08634541463177403,-0.02533061258608116,0.08418506522180974,-0.005269383297884067
7.82,-0.004185938157708478,-0.005920354041867859,-0.005015004254943611,0.09290947326157167,-0.01676220986715005,0.07510280699750593,-0.004208314113503642
7.83,-0.003046428513158521,-0.004900460481259805,-0.003934590457411069,0.09905851417994033,-0.008092774656397017,0.06569453807936476,-0.003068509661124486
7.84,-0.001825097174041074,-0.003798978531071751,-0.002771694091432075,0.1047530586575104,0.0006598469716549982,0.0559951194268109,-0.001846907910162177
7.85,-0.0005208187489124085,-0.002612324645859143,-0.001524039715730341,0.1099567383029115,0.00947824331934749,0.0460409605629778,-0.0005423801596147748
7.86,0.0008655838465930117,-0.001338865127525568,-0.0001913101045442622,0.1146368082578487,0.01834546793026115,0.03586976810996578,0.0008442537749056012
7.87,0.002331351816014147,2.106096280041214e-05,0.001224850367857577,0.1187646315753925,0.02724505339581118,0.02552029115012011,0.00231023803125352
7.88,0.003871828117623286,0.00146514696789346,0.002720859775702578,0.1223161167778012,0.03616100477661738,0.01503206503615862,0.003850919943310993
7.89,0.005480525977269572,0.002989151088839292,0.00429124906633882,0.1252720912829196,0.04507777050863254,0.004445155090584074,0.005459814805929331
7.9,0.007149216431162791,0.004586954960189682,0.005928737451466437,0.127618595189326,0.05398019047075159,-0.006200098458317926,0.007128694579074502
7.91,0.008868038106691714,0.006250646821368555,0.007624331039256693,0.129347082711136,0.06285342298765112,-0.01686333297050985,0.008847698651891944
7.92,0.01062562794761012,0.007970627447940637,0.009367442705372486,0.1304545221541311,0.07168285456686069,-0.02750441193737385,0.01060546453184275
7.93,0.0124092695055053,0.009735736742247481,0.01114603096710831,0.1309433894593405,0.08045399781266244,-0.03808366810700647,0.01238927611178597
7.94,0.01420505628448116,0.01153339866820807,0.01294675543546103,0.1308215547041588,0.08915238402608427,-0.04856213962435257,0.01418522700069225
7.95,0.01599806750446543,0.01334978204826331,0.01475514627608659,0.1301020652336636,0.09776345742619241,-0.0589017975287095,0.01597839628247499
7.96,0.01777255357323014,0.01516997461811437,0.01655578501199373,0.1288028330067933,0.1062724777593422,-0.06906576289241778,0.01775303399229783
7.97,0.01951212820571002,0.01697816765252935,0.01833249394744341,0.1269462370409525,0.1146644374145048,-0.07901851187459469,0.01949275356987118
7.98,0.02119996401244478,0.01875784842915595,0.02006853148179755,0.1245586543482177,0.1229239981744386,-0.08872606701446095,0.02118072856287623
7.99,0.02281899443288468,0.02049199778675881,0.02174679061152018,0.1216699343805046,0.1310354515388361,-0.09815617320616621,0.02279989090893059
8,0.02435210896731494,0.02216329006492257,0.02334999798672038,0.1183128327304727,0.1389827052688596,-0.1072784569805316,0.02433312821782685
8.01,0.02578234655403301,0.02375429279198499,0.02486091099375798,0.1145224197445311,0.1467492975089919,-0.1160645679622021,0.02576347760446912
8.02,0.02709308364609697,0.02524766361905056,0.02626251047516642,0.1103354789398616,0.1543184386054204,-0.1244883016608666,0.02707431378233227
8.029999999999999,0.02826821444025349,0.02662634217050092,0.02753818686800891,0.1057899088703795,0.1616730796072279,-0.1325257030748752,0.02824952931383373
8.039999999999999,0.02929232136392705,0.02787373467727877,0.02867191773602434,0.1009241405599851,0.168796005442906,-0.1401551509135117,0.0292737051227927
8.050000000000001,0.03015083415300062,0.02897388946440749,0.02964843488511043,0.09577658099296671,0.1756699499364675,-0.1473574225574358,0.03013226960090198
8.06,0.03083017609321911,0.02991166158048081,0.03045337948383564,0.09038509154444463,0.1822777291828089,-0.1541157401534189,0.03081164488009669
8.07,0.03131789557259364,0.03067286509714667,0.03107344385908672,0.08478650870528881,0.1886023893492289,-0.1604157984630753,0.03129937909131331
8.08,0.03160278323749578,0.03124441186959137,0.03149649889467121,0.07901621300552475,0.1946273647069713,-0.1662457752494594,0.03158426368309175
8.09,0.03167497662253795,0.03161443579589807,0.03171170621266894,0.07310775063651376,0.2003366416102229,-0.1715963250994638,0.03165643512644312
8.1,0.03152604363239678,0.03177240179307339,0.03170961455402221,0.06709251088375068,0.2057149242072568,-0.1764605576708358,0.03150746058142934
8.109999999999999,0.03114905185375493,0.03170919883769507,0.03148224000541844,0.06099946110330073,0.2107477978601541,-0.180834001462052,0.03113040734246864
8.119999999999999,0.03053862182446642,0.03141721660215924,0.03102312995950851,0.05485493963342142,0.2154218865330757,-0.184714554373734,0.03051989610998029
8.130000000000001,0.02969096439445723,0.03089040551923622,0.03032741093872127,0.04868250578296118,0.2197250007532918,-0.1881024225845161,0.02967213835283428
8.140000000000001,0.02860390264440308,0.03012432045949148,0.02939182063640405,0.04250284494259693,0.223646273127316,-0.1910000495828539,0.02858495822656637
8.15,0.02727687901029248,0.02911614849399263,0.02821472472115433,0.03633372597542545,0.2271762787865027,-0.1934120375131099,0.02725779969424313
8.16,0.02571094842364286,0.02786472140720442,0.02679611911639829,0.03019000738817079,0.230307138530064,-0.1953450632170102,0.02569171965858114
8.17,0.02390875715477083,0.02637051376431765,0.02513761861461528,0.0240836883622958,0.2330326028235828,-0.1968077914000106,0.02388936805391401
8.18,0.02187451239109914,0.02463562746223624,0.02324243281482702,0.01802400050975089,0.2353481151985992,-0.1978107871872782,0.02185495596391718
8.19,0.01961394125573481,0.02266376380862201,0.0211153304791003,0.01201753616696033,0.2372508539889105,-0.1983664299557968,0.019594212925026
8.199999999999999,0.01713423662596091,0.02046018426809582,0.01876259348672377,0.006068409101140593,0.2387397517392172,-0.1984888297555357,0.01711433464582951
8.210000000000001,0.01444399657749998,0.01803166108151666,0.01619196162252057,0.0001784436225115149,0.239815492039689,-0.1981937468904135,0.01442392241941165
8.220000000000001,0.01155315683081698,0.01538641900474902,0.01341256946986569,-0.005652611772114069,0.2404804839825126,-0.1974985143712936,0.01153291552902508
8.23,0.008472917495138203,0.01253406943298818,0.01043487669100363,-0.01142684999129046,0.240738814907519,-0.1964219620748981,0.008452517948015825
8.24,0.005215665390729361,0.00948553818103115,0.007270592969330081,-0.01714795388485091,0.2405961826032929,-0.1949843406755383,0.005195120613653126
8.25,0.001794893187426314,0.006252988181383423,0.003932598862244396,-0.0228209314337845,0.2400598086519166,-0.1932072428880274,0.001774220512249181
8.26,-0.001774883512980741,0.002849738339607444,0.0004348637702135116,-0.02845184136349677,0.2391383351369678,-0.1911135193518877,-0.001795662248814001
8.27,-0.005478211846660553,-0.0007098202540467557,-0.003207637832234655,-0.03404751305180109,0.2378417074554542,-0.1887271866154805,-0.005499068286395903
8.279999999999999,-0.00929878177142133,-0.004410309621138642,-0.006979010835711896,-0.03961526472145582,0.2361810464568347,-0.186073325101312,-0.009319682704833576
8.289999999999999,-0.01321950920232256,-0.008235450652975373,-0.01086252363408857,-0.04516262400895621,0.2341685135418061,-0.1831779655688538,-0.01324041788845798
8.300000000000001,-0.01722261835256401,-0.01216814839490787,-0.01484069110530684,-0.05069705505078892,0.2318171726509684,-0.180067963340211,-0.0172434945581541
8.31,-0.02128972037514721,-0.01619057604743757,-0.0188953557087167,-0.05622569619273154,0.2291408532200752,-0.1767708603198393,-0.02131052046047194
8.32,-0.02540188914481202,-0.02028425700371517,-0.02300776611349342,-0.0617551122825209,0.226154018140072,-0.1733147355396419,-0.02542256619948002
8.33,-0.02953973383779128,-0.02443014436971236,-0.02715865291913444,-0.06729106523958472,0.2228716405131956,-0.1697280455367082,-0.02956023786909312
8.34,-0.03368346811795303,-0.0286086975390043,-0.03132830117778201,-0.07283830621092091,0.2193090925336074,-0.1660394562920485,-0.03370374629393957
8.35,-0.03781297588934381,-0.03279995552501569,-0.03549661957717454,-0.07840039213772881,0.2154820491546796,-0.1622776687224661,-0.03783297283794201
8.359999999999999,-0.04190787398507054,-0.03698360689482433,-0.03964320629120333,-0.08397952900331096,0.2114064083686191,-0.1584712398440157,-0.04192753188847731
8.369999999999999,-0.04594757303205715,-0.04113905630004855,-0.0437474116503187,-0.0895764434457017,0.2070982289703032,-0.1546484017483706,-0.04596683026793036
8.380000000000001,-0.04991132979330296,-0.04524548775620202,-0.04778839792418227,-0.09519028383590611,0.2025736856733418,-0.1508368804912913,-0.0499301239607039
8.390000000000001,-0.0537783037309454,-0.04928192497420675,-0.0517451966409177,-0.1008185513760921,0.197849040466954,-0.1470637169198079,-0.0537965726697609
8.4,-0.05752761069307059,-0.05322728918915665,-0.05559676398807351,-0.1064570612831568,0.1929406282204039,-0.1433550913871982,-0.05754529282991694
8.41,-0.06113837509447837,-0.05706045505695923,-0.0593220349471989,-0.1120999337012655,0.1878648538207844,-0.1397361542360179,-0.06115540980279299
8.42,-0.06458978208189806,-0.06076030529648985,-0.0628999769043424,-0.1177396136299915,0.1826381976164833,-0.1362308638722176,-0.06460611005841155
8.43,-0.06786113055020174,-0.0643057848420171,-0.06630964355089036,-0.1233669188518652,0.1772772256583708,-0.1328618342023117,-0.06787669420853348
8.44,-0.07093188791484038,-0.0676759553371743,-0.06953022994116048,-0.1289711145788496,0.1717986011872008,-0.1296501931498343,-0.0709466317952766
8.449999999999999,-0.07378174756092941,-0.0708500508470587,-0.07254112960374359,-0.1345400132956605,0.1662190939919302,-0.1266154538947593,-0.07379561875363227
8.460000000000001,-0.07639069032284307,-0.07380753568813692,-0.07532199461124356,-0.1400600980458338,0.1605555846262072,-0.123775400379062,-0.07640363845699177
8.470000000000001,-0.07873905018559714,-0.07652816527587947,-0.07785279949646517,-0.1455166671757471,0.1548250609742008,-0.1211459884850565,-0.07875102721991672
8.48,-0.08080758240171795,-0.07899205086638639,-0.08011390986121958,-0.1508939983195093,0.1490446052513092,-0.1187412641167607,-0.08081854507159841
8.49,-0.08257754239396678,-0.08117972902066106,-0.0820861564558929,-0.1561755291753744,0.1432313701586473,-0.1165732991987547,-0.08258745252685645
8.5,-0.08403076934142301,-0.08307223654799217,-0.08375091541357826,-0.1613440523975643,0.1374025435353555,-0.1146521463559022,-0.08403959396982702
8.51,-0.08514977666317425,-0.08465119158829953,-0.08509019520234939,-0.1663819217135405,0.1315753014315746,-0.1129858127576301,-0.0851574881293764
8.52,-0.08591784991202063,-0.08589888137219809,-0.08608673071450251,-0.1712712661850365,0.1257667500321239,-0.1115802533103459,-0.08592442596676775
8.529999999999999,-0.08631915222169595,-0.08679835705224614,-0.08672408474435384,-0.1759942093709346,0.1199938572878471,-0.1104393830688225,-0.08632457611703992
8.539999999999999,-0.08633883725399953,-0.08733353583100439,-0.08698675691912139,-0.1805330900312989,0.1142733754663872,-0.1095651084190791,-0.0863430978286554
8.550000000000001,-0.08596316938033899,-0.08748931042323527,-0.08686029994401423,-0.1848706809439457,0.1086217561399895,-0.1089573762664198,-0.08596626113441536
8.56,-0.08517965082418499,-0.08725166568477971,-0.08633144280635213,-0.1889904023970086,0.1030550594153024,-0.1086142401463261,-0.08518157376400803
8.57,-0.08397715405472125,-0.08660780202302665,-0.0853882203582591,-0.1928765269810169,0.09758885950520907,-0.1085319418650444,-0.08397791407872751
8.58,-0.08234605967519462,-0.08554626497784357,-0.08402010846725827,-0.1965143724392269,0.09223814905317806,-0.108705006973163,-0.08234566907652674
8.59,-0.08027839913185895,-0.08405708013103858,-0.08221816369291346,-0.1998904795505616,0.08701724492210283,-0.109126352082711,-0.08027687628484598
8.6,-0.07776799907728116,-0.08213189227090645,-0.07997516622021394,-0.2029927723193356,0.08193969839035453,-0.1097874017627462,-0.07776536813486934
8.609999999999999,-0.0748106265845128,-0.07976410751014962,-0.07728576456110842,-0.2058106981311206,0.07701821276392917,-0.1106782125000482,-0.07480691719853277
8.619999999999999,-0.07140413340940927,-0.0769490368347151,-0.07414662032932856,-0.2083353460028636,0.07226457121162211,-0.1117876010049011,-0.07139938047387823
8.630000000000001,-0.06754859731400817,-0.07368403935296092,-0.07055655120530752,-0.210559541602005,0.0676895770818049,-0.1131032739951571,-0.06754284072991218
8.640000000000001,-0.06324645831486565,-0.06996866332382745,-0.06651667004209411,-0.2124779183229945,0.06330300805338729,-0.1146119565250874,-0.06323974277361855
8.65,-0.05850264759839182,-0.06580478287535324,-0.06203051792451758,-0.2140869643731257,0.05911358429758673,-0.1162995159590048,-0.0584950223833991
8.66,-0.05332470624693213,-0.06119672818632382,-0.05710418888650198,-0.2153850465088972,0.05512894957439357,-0.1181510788402244,-0.05331622556882998
8.67,-0.04772289296641135,-0.05615140679984754,-0.05174644391959693,-0.2163724117471693,0.05135566312421036,-0.1201511381837218,-0.04771361576955169
8.68,-0.04171027735163244,-0.05067841367312953,-0.04596881187256663,-0.217051169012992,0.04779919961070145,-0.122283649127466,-0.04170026659891202
8.69,-0.03530281548067996,-0.04479012754627537,-0.03978567485041495,-0.2174252532333859,0.04446395441061046,-0.1245321114031003,-0.0352921377728474
8.699999999999999,-0.02851940667356227,-0.03850179123671482,-0.0332143357729755,-0.2175003747954221,0.04135325225660169,-0.1268796377111139,-0.02850813194242274
8.710000000000001,-0.02138192900073948,-0.03183157353528898,-0.02627506584950762,-0.2172839575118339,0.03846935846187566,-0.1293090077784833,-0.02137013027000667
8.720000000000001,-0.01391525154773099,-0.02480061049422311,-0.01899112986616386,-0.216785068240232,0.03581349338281103,-0.1318027086005629,-0.01390300475377426
8.73,-0.006147221648033932,-0.01743302405408537,-0.0113887873669053,-0.2160143410606564,0.0333858520412561,-0.1343429620827395,-0.006134605511810665
8.74,0.001891374457515491,-0.009755916154023825,-0.00349726803356698,-0.2149838984323469,0.03118563161290111,-0.1369117419605821,0.001904278516547508
8.75,0.01016687887748739,-0.001799336704078169,0.004651280165329452,-0.2137072710549304,0.02921106961031794,-0.1394907824535356,0.01017998671143538
8.76,0.01864285893453462,0.006403775932049383,0.01302187118727161,-0.2121993173135692,0.02745949504028655,-0.142061581567849,0.01865608269813368
8.77,0.02728023040361263,0.01481768299238428,0.02157679028736814,-0.2104761422794403,0.02592739374118824,-0.1446054022895675,0.02729347965588597
8.779999999999999,0.0360374130228179,0.02340396262277344,0.0302757329847374,-0.2085550153685841,0.02461048774938179,-0.1471032750884622,0.03605059523938531
8.789999999999999,0.04487051535575103,0.03212165677685774,0.03907597367519056,-0.2064542850332256,0.02350382716720889,-0.1495360051887014,0.04488353595598338
8.800000000000001,0.05373354813327824,0.04092744765401318,0.0479325635431348,-0.2041932883497096,0.02260189183231398,-0.1518841879604105,0.05374631044320499
8.81,0.06257866551822217,0.04977586320130384,0.05679855702247594,-0.2017922531209302,0.02189869926296084,-0.1541282355635668,0.06259107068696479
8.82,0.07135643293029485,0.0586195107878944,0.06562526565715632,-0.199272190132734,0.02138791493387859,-0.1562484176528051,0.07136837981764882
8.83,0.08001611967338097,0.06740933776306057,0.07436253782133168,-0.1966547734601043,0.02106296090369397,-0.1582249185530447,0.08002750472555942
8.84,0.08850601422617602,0.07609491724042783,0.08295906237810435,-0.1939622071515884,0.02091711909787958,-0.160037912868319,0.08851673135542104
8.85,0.09677375987687757,0.08462475710434347,0.09136269398605912,-0.1912170771619612,0.02094362605437605,-0.161667661017145,0.09678370017853366
8.859999999999999,0.1047667077117366,0.09294662989572777,0.09952079740981323,-0.1884421879918511,0.02113575656182931,-0.1630946257242756,0.1047757590063355
8.869999999999999,0.1124322820020273,0.1010079208988175,0.1073806078627052,-0.1856603840836766,0.02148689427273093,-0.164299610064762,0.1124403300066406
8.880000000000001,0.1197183591485697,0.1087559914248235,0.1148896041158677,-0.1828943565897643,0.02199058798482867,-0.1652639172710457,0.1197252875185694
8.890000000000001,0.1265736528223367,0.1161385539894291,0.12199589085496,-0.1801664366610684,0.02264059280632552,-0.1659695321871599,0.126579343038967
8.9,0.1329481022967578,0.1231040558231008,0.1286485865590037,-0.1774983769025366,0.0234308958297158,-0.1663993239830907,0.1329524335756714
8.91,0.1387932601928124,0.1296020669458192,0.1347982130180171,-0.1749111231031238,0.02435572623490651,-0.1665372695046432,0.1387961094346143
8.92,0.1440626756299481,0.135583668885075,0.1403970824997,-0.1724245787690575,0.02540954994416333,-0.1663686963833121,0.1440639174307966
8.93,0.1487122687525499,0.1410018400191782,0.1453996785218498,-0.1700573653579733,0.02658704909644383,-0.1658805446895453,0.148711775489368
8.94,0.1527006926321305,0.1458118334869862,0.1497630261876139,-0.1678265814236006,0.02788308674599865,-0.165061645371383,0.152698334633103
8.949999999999999,0.1559896783976745,0.1499715436197095,0.1534470480951738,-0.1657475641531001,0.0292926573739955,-0.1639030128375148,0.1559853244364375
8.960000000000001,0.1585443597443716,0.153441856919894,0.1564149019423307,-0.1638336570691329,0.0308108240831953,-0.1623981476610361,0.158537878163262
8.970000000000001,0.1603335751319399,0.1561869837362668,0.1586332961076595,-0.162095988071529,0.03243264376151445,-0.1605433433524645,0.1603248339940525
8.98,0.1613301417340624,0.1581747669591272,0.1600727797024469,-0.1605432625979037,0.03415308206304579,-0.1583379884011964,0.1613190089853868
8.99,0.1615110989626252,0.1593769642874874,0.1607080038480183,-0.159181577476623,0.03596692074346741,-0.1557848513844171,0.1614974426884614
9,0.1608579188985137,0.159769500892971,0.1605179512378825,-0.158014261814487,0.03786866063904737,-0.1528903332038065,0.1608416076788699
9.01,0.1593566812406131,0.1593326896228974,0.1594861313894705,-0.1570417515793153,0.03985242429414082,-0.14966466706142,0.1593375846136015
9.02,0.1569982107914483,0.1580514162411369,0.1576007393706614,-0.156261503938549,0.04191186279130266,-0.1461220445731712,0.1569761998278835
9.029999999999999,0.1537781759222696,0.1559152875952746,0.1548547761972612,-0.1556679557095769,0.04404007158397144,-0.1422806465692561,0.1537531239087729
9.039999999999999,0.1496971469061599,0.1529187410166723,0.1512461295330245,-0.1552525277943912,0.04622951996080682,-0.1381625606474577,0.1496689301286183
9.050000000000001,0.1447606113098613,0.1490611137009282,0.1467776137784719,-0.1550036749811235,0.04847199812870645,-0.1337935748670963,0.144729112083416
9.06,0.1389789525807995,0.144346671274547,0.1414569691024267,-0.1549069788008594,0.05075858482094042,-0.1292028475723653,0.1389440603526038
9.07,0.1323673885480628,0.1387845952239753,0.1352968194450164,-0.1549452806060529,0.05307963694697726,-0.124422465582454,0.1323289984711004
9.08,0.1249458655467489,0.1323889293399595,0.1283145899963445,-0.155098852469575,0.05542480130957789,-0.1194869144501505,0.1249038789751777
9.09,0.1167389156576853,0.125178485807057,0.1205323851244876,-0.1553456042951016,0.05778304706418302,-0.1144324926608696,0.1166932407443191
9.1,0.1077754769154121,0.1171767120383896,0.1119768281833839,-0.155661326085776,0.06014271660020276,-0.1092967047910063,0.1077260293051098
9.109999999999999,0.09808867857849575,0.108411519811909,0.1026788650685644,-0.1560199643190366,0.06249159201434501,-0.1041176664053316,0.09803538218424013
9.119999999999999,0.08771559394762281,0.09891507869935473,0.09267353380025717,-0.1563939308228889,0.06481697433886602,-0.09893354688576939,0.0876583817899157
9.130000000000001,0.07669696357364904,0.08872357618558713,0.08199970279307778,-0.1567544416485455,0.06710577308778964,-0.09378206739441386,0.07663577865870608
9.140000000000001,0.06507689176125943,0.07787694724780153,0.07069978081359596,-0.1570718824443892,0.06934460432268574,-0.08870006190324287,0.06501168822307168
9.15,0.05290251491872842,0.06641857649577942,0.05881940192682811,-0.1573161959605632,0.07151989612510412,-0.08372310134502359,0.05283326452895071
9.16,0.04022366580139981,0.05439497626115841,0.04640708898563478,-0.157457286663561,0.07361800093066073,-0.07888517537347595,0.04015035455898536
9.17,0.02709251135626983,0.04185544426195875,0.03351389941984406,-0.1574654370413856,0.07562531452240739,-0.07421842315053284,0.02701513699188762
9.18,0.01356317718234293,0.02885170465526721,0.02019305723182219,-0.1573117299988267,0.07752840155729357,-0.06975290367120784,0.01348174934987978
9.19,-0.0003086329750645713,0.01543753642425583,0.006499575200384966,-0.1569684717143199,0.07931412732424553,-0.06551639680842558,-0.0003940924475961394
9.199999999999999,-0.01446602126786322,0.001668393123862855,-0.007510128665569882,-0.1564096093819629,0.08096979505951146,-0.06153422789081914,-0.01455547809529611
9.210000000000001,-0.0288512793391166,-0.01239898196765959,-0.02177861639867373,-0.1556111383293385,0.08248328764695456,-0.05782911068720065,-0.02894468649525195
9.220000000000001,-0.04340626758133723,-0.02670694127636597,-0.03624781311639452,-0.1545514930369498,0.08384321198276556,-0.05442100577386955,-0.04350356504774033
9.23,-0.05807278632708231,-0.04119731501093282,-0.0508593840073453,-0.1532119165653526,0.08503904375204879,-0.05132699315609091,-0.05817390090841945
9.24,-0.07279293694842974,-0.05581178610199988,-0.06555510160788891,-0.1515768028229144,0.08606126989968887,-0.04856115956795665,-0.07289778068147357
9.25,-0.08750947283429976,-0.07049225440164686,-0.08027719994011306,-0.1496340060041817,0.08690152571384741,-0.04613450203301755,-0.08761793526588668
9.26,-0.1021661082849074,-0.08518118677754938,-0.09496871234969007,-0.1473751114362571,0.08755272319565816,-0.04405485003450027,-0.1022780668604284
9.27,-0.1167078326760972,-0.09982195001446204,-0.1095737901886498,-0.1447956620388487,0.08800916727053171,-0.04232680905550995,-0.1168231554572768
9.279999999999999,-0.1310811962421278,-0.1143591237516657,-0.1240379998280351,-0.1418953346890935,0.0882666564073647,-0.04095172836265237,-0.1311997425087591
9.289999999999999,-0.1452345690123252,-0.1287387910334635,-0.1383085958528984,-0.1386780610419189,0.08832256435466412,-0.03992769578587896,-0.1453561898299491
9.300000000000001,-0.159118373406137,-0.1429088044246668,-0.1523347686802529,-0.1351520878470555,0.0881758999834692,-0.03924956195887558,-0.1592429121952579
9.31,-0.1726852893525826,-0.1568190260372161,-0.1660678652429698,-0.1313299725756799,0.08782734265518921,-0.03890899608849807,-0.1728125824929634
9.32,-0.185890431210897,-0.1704215402207817,-0.1794615817911729,-0.1272285112636822,0.08727925111521312,-0.03889457486848424,-0.1860203087106004
9.33,-0.1986914961760583,-0.1836708380808643,-0.1924721282712518,-0.1228685969160326,0.08653564464801999,-0.03919190567715769,-0.1988237824296314
9.34,-0.211048888362965,-0.1965239733952614,-0.2050583641436473,-0.118275008588815,0.0856021560970272,-0.03978378471884658,-0.2111833989032122
9.35,-0.2229258122077727,-0.208940689896857,-0.2171819058890545,-0.113476133322567,0.08448595731114972,-0.0406503902841106,-0.2230623491696528
9.359999999999999,-0.2342883182131972,-0.2208835202734319,-0.2288072068231359,-0.1085036253452142,0.08319565856783706,-0.0417695107977587,-0.23442668501056
9.369999999999999,-0.2451053547751194,-0.2323178576014312,-0.2399016101875715,-0.1033920092499329,0.08174118446291134,-0.04311680676697976,-0.2452453578917781
9.380000000000001,-0.255348783479399,-0.2432120002788312,-0.2504353768048562,-0.09817823600129399,0.0801336295730945,-0.04466610509917063,-0.25549023332175
9.390000000000001,-0.2649933706398462,-0.2535371718458432,-0.2603816888690121,-0.09290120243503969,0.07838509782163922,-0.04638972349639287,-0.2651360823229401
9.4,-0.2740167578352719,-0.2632675173708048,-0.2697166316891404,-0.08760124621049481,0.07650852986916878,-0.04825882172736745,-0.2741605519337015
9.41,-0.2823994135507045,-0.272380078319064,-0.2784191554035925,-0.08231962881377908,0.07451752299973774,-0.05024377552411324,-0.2825441168388346
9.42,-0.2901245681668313,-0.2808547480080404,-0.2864710188390887,-0.07709801913134562,0.07242614789717089,-0.05231456767146658,-0.2902700143654988
9.43,-0.297178134637408,-0.2886742098835235,-0.2938567178025034,-0.07197798934054089,0.07024876645696027,-0.05444118960841304,-0.297324165176719
9.44,-0.3035486248578659,-0.2958238609384713,-0.3005634001651237,-0.06700053350408391,0.0679998544214197,-0.05659404562890408,-0.3036950820479822
9.449999999999999,-0.309227039850295,-0.302291722644117,-0.3065807701309985,-0.06220561747913067,0.06569383223694125,-0.05874435067472661,-0.3093737691242006
9.460000000000001,-0.3142067515581952,-0.3080683417785961,-0.3119009840740543,-0.05763176676056919,0.06334490718838159,-0.06086451189215886,-0.3143536140268045
9.470000000000001,-0.3184834026199903,-0.3131466835208773,-0.316518540283945,-0.05331569686792115,0.06096692963080841,-0.06292848371916265,-0.3186302751160056
9.48,-0.3220547911571516,-0.3175220191270547,-0.3204301648802959,-0.04929198901377502,0.05857326604448898,-0.06491208640504065,-0.3222015661144946
9.49,-0.3249207549185211,-0.3211918104215196,-0.3236346960420859,-0.04559281215913835,0.05617669164763894,-0.06679327862392104,-0.3250673401692981
9.5,-0.3270830567584574,-0.3241555932187944,-0.3261329685563854,-0.0422476912041182,0.05378930524744818,-0.06855237625092087,-0.3272293752719479
9.51,-0.3285452731966925,-0.3264148616455725,-0.3279277005230958,-0.0392833199643402,0.05142246853015497,-0.07017221137592877,-0.328691262777152
9.52,-0.3293126876078354,-0.3279729551604293,-0.3290233838628882,-0.03672341669396439,0.04908677050334509,-0.07163822811056442,-0.329458300561253
9.529999999999999,-0.3293921896165632,-0.3288349498747625,-0.3294261800690161,-0.03458861917878325,0.04679201466041916,-0.07293851451133976,-0.3295373921473543
9.539999999999999,-0.3287921913926383,-0.3290075555669826,-0.3291438224235885,-0.03289641580122304,0.04454722141916673,-0.07406377276878562,-0.3289369528986588
9.550000000000001,-0.3275225219578541,-0.3284990195568004,-0.3281855256692744,-0.03166110847681691,0.04236063253517575,-0.07500723246080926,-0.3276668241486104
9.56,-0.3255943528814522,-0.327319038371896,-0.3265619038919395,-0.03089380302853639,0.04023970046734426,-0.07576451392411454,-0.3257381958998911
9.57,-0.3230201376193311,-0.3254786778991668,-0.3242848971320691,-0.03060242248425415,0.03819104828621234,-0.07633345049564738,-0.3231635384875827
9.58,-0.3198135523218355,-0.3229903024710167,-0.3213677070061519,-0.03079173903946136,0.03622039723518511,-0.07671387941994334,-0.3199565433679109
9.59,-0.3159894456768458,-0.3198675130975595,-0.3178247413870197,-0.03146342106833599,0.03433247660352284,-0.0769074115858317,-0.3161320729662493
9.6,-0.3115637975094033,-0.3161250948214529,-0.313671567967185,-0.03261609256005504,0.03253094513698268,-0.07691718999297464,-0.3117061192989165
9.609999999999999,-0.3065536856500075,-0.3117789729468692,-0.3089248763145863,-0.03424540357577011,0.03081835504265862,-0.07674764605513246,-0.3066957708753379
9.619999999999999,-0.300977260387965,-0.3068461776805051,-0.3036024478281806,-0.03634411155391681,0.02919617631817539,-0.07640426165617142,-0.3011191871928122
9.630000000000001,-0.294853727017053,-0.3013448165234001,-0.2977231328140215,-0.03890217429041221,0.02766487826706715,-0.07589334343292431,-0.2949955799571352
9.640000000000001,-0.288203341110743,-0.2952940535696295,-0.291306833732599,-0.04190685596927679,0.02622404832026159,-0.07522181420567958,-0.2883452000009098
9.65,-0.281047376591438,-0.2887140947038385,-0.2843744935172433,-0.04534284759776708,0.02487252275504104,-0.07439702493234368,-0.2811893287291284
9.66,-0.2734081312261037,-0.2816261775455509,-0.276948087732529,-0.04919240262275482,0.02360850876469317,-0.07342658911769068,-0.2735502727999386
9.67,-0.2653089268433851,-0.2740525648657287,-0.2690506192325543,-0.05343548752208871,0.0224296869896829,-0.07231824032605139,-0.2654513606493258
9.68,-0.2567741060979989,-0.2660165401013443,-0.2607061138926857,-0.05804994602022651,0.02133329261014039,-0.07107971235742544,-0.2569169393925134
9.69,-0.2478290280840169,-0.257542403518028,-0.251939615926278,-0.06301167454384665,0.02031617868063379,-0.06971864076397738,-0.2479723705839175
9.699999999999999,-0.2385000612575877,-0.2486554675191015,-0.242777181260975,-0.06829480583901737,0.01937486739736916,-0.06824248370061914,-0.2386440232921762
9.710000000000001,-0.2288145721299792,-0.2393820495725065,-0.2332458674383078,-0.07387189744873773,0.01850559453036288,-0.06665845960632877,-0.2289592629482352
9.720000000000001,-0.2188009082199046,-0.2297494612246656,-0.2233737185162059,-0.07971412201228628,0.01770435059525632,-0.06497349888622639,-0.2189464344532471
9.73,-0.2084883772275023,-0.2197859916930098,-0.2131897434968928,-0.08579145700368729,0.01696692040888814,-0.06319420659618097,-0.2086348380896004
9.74,-0.1979072176220764,-0.2095208845774104,-0.2027238868729493,-0.09207287241468881,0.01628892100577067,-0.06132683311494752,-0.1980546968629918
9.75,-0.1870885345234488,-0.1989843063064816,-0.1920069899818544,-0.09852651582404237,0.01566583675855537,-0.05937724992120624,-0.1872371140156985
9.76,-0.17606426038953,-0.1882073050389869,-0.1810707419839848,-0.1051198951154722,0.01509305007358308,-0.05735092787154217,-0.1762140195907153
9.77,-0.1648670909085553,-0.1772217588736857,-0.1699476194303021,-0.1118200596934129,0.01456586626949946,-0.05525291579185065,-0.1650181050921045
9.779999999999999,-0.153530406772398,-0.1660603123819837,-0.158670813562801,-0.1185937813376553,0.01407953214904861,-0.05308781772947496,-0.1536827454771845
9.789999999999999,-0.1420881822360316,-0.154756300664304,-0.1472741446916432,-0.1254077358264016,0.01362924916580577,-0.05085976783501756,-0.142241907929264
9.800000000000001,-0.1305748801465473,-0.1433436603397336,-0.1357919632154921,-0.1322286861722751,0.01321018364368998,-0.048572402509101,-0.130730047092793
9.81,-0.1190253333750617,-0.1318568271058939,-0.1242590370932726,-0.1390236678120766,0.01281747780464504,-0.0462288301133803,-0.1191819867030799
9.82,-0.1074746128483221,-0.1203306197490303,-0.1127104258326928,-0.1457601754354101,0.01244626601187354,-0.04383159916068852,-0.1076327878065702
9.83,-0.09595788928772797,-0.1088001107402227,-0.1011813413297483,-0.1524063504013982,0.0120917004545138,-0.04138266642706873,-0.09611760404093461
9.84,-0.08451027058880174,-0.0973004838197512,-0.08970699616935457,-0.15893116695077,0.01174898959507525,-0.03888336683982868,-0.08467152472235673
9.85,-0.07316661907182936,-0.08586687924417963,-0.07832244027554219,-0.1653046147477911,0.01141345143739209,-0.03633438727351807,-0.07332940676565747
9.859999999999999,-0.06196138759498048,-0.07453422764543499,-0.06706238707533241,-0.1714978747583801,0.01108058248676747,-0.0337357465238397,-0.062125696735852
9.869999999999999,-0.05092843333714384,-0.06333707372288377,-0.0559610306081193,-0.1774834851570802,0.01074614245445604,-0.03108678373048823,-0.05109424459209544
9.880000000000001,-0.04010082485888677,-0.05230939125283152,-0.04505185526697686,-0.1832354939133226,0.01040625431878167,-0.02838615739268607,-0.04026811093128041
9.890000000000001,-0.02951064470644445,-0.04148439115020286,-0.03436744009431497,-0.1887295949687149,0.01005751905723262,-0.02563185687820002,-0.0296793697631984
9.9,-0.0191887897884869,-0.03089432454978175,-0.02393925976677774,-0.193943245479815,0.009697143864513758,-0.02282122798253255,-0.0193589090469759
9.91,-0.009164771921368957,-0.02057028308498365,-0.01379748458744945,-0.198855762422448,0.009323081696798685,-0.01995101366540786,-0.009336231384494909
9.92,0.0005334788622956194,-0.010541998725902,-0.003970781953132829,-0.2034483978527412,0.008934178451066366,-0.01701741059324835,0.0003607426040830308
9.93,0.009879795019242752,-0.0008376456898321893,0.005513878124355998,-0.2077043931859561,0.008530322150218983,-0.01401614156687736,0.009705865608377939
9.94,0.01884997367264935,0.008516352949934636,0.01463141079494257,-0.2116090138634802,0.008112586501254793,-0.01094254333268158,0.01867494699981193
9.949999999999999,0.02742195071959634,0.01749551126468785,0.02335879477350761,-0.2151495666145421,0.007683359566713621,-0.007791668684392128,0.02724592558873007
9.960000000000001,0.03557595024467426,0.02607745637359232,0.03167523872198852,-0.218315402091307,0.007246447462848804,-0.004558401185217498,0.03539902915640047
9.970000000000001,0.043294628443939,0.03424209158507713,0.03956233303565737,-0.2210979059112963,0.006807143266165439,-0.001237580301385488,0.04311691824877256
9.98,0.05056319943721858,0.04197174421016014,0.04700418458057753,-0.2234904810706986,0.006372252760861952,0.002175865735757565,0.0503848118638921
9.99,0.05736954079290437,0.0492512956326237,0.0539875320987836,-0.2254885243277629,0.005950071153582259,0.005686782405771584,0.05719059285681005
10,0.06370427682526936,0.0560682914178407,0.06050184021267846,-0.2270893985605357,0.005550308090789213,0.009299650050771824,0.06352489112164222
