step,Z_site1,Z_site3,Z_site6
0,1.0,1.0,-1.0
1,0.9604311616717026,0.9604311616717032,-0.9604311616717031
2,0.8479169155631485,0.8479169155631493,-0.8479169155631484
