step,Z_site1,Z_site4,Z_site5,Z_site6
0,1.0,-1.0,1.0,-1.0
1,0.8467955130066327,-0.8467955130066281,0.8467955130066305,-0.8467955130066298
2,0.4770832464386705,-0.4777121725538716,0.4770832464386667,-0.4777121725538758
3,0.09092410990812588,-0.09254463746557673,0.09092410990811817,-0.09254463746557151
4,-0.14424260178063247,0.14324849339389378,-0.14424260178062903,0.14324849339390278
5,-0.18674207301923376,0.18771711675495079,-0.18674207301921958,0.1877171167549596
6,-0.10711872645203314,0.10831764264476673,-0.10711872645200837,0.10831764264477395
7,-0.008317443323734183,0.007290659407135691,-0.008317443323697327,0.007290659407141242
8,0.043341337329591174,-0.04608789716879602,0.043341337329625695,-0.0460878971687938
