step,Z_site1,Z_site8,Z_site16
0.0,1.0,-1.0,-1.0
1.0,0.7648421872844886,-1.0,-0.7648421872844886
