step,Z_site1,Z_site8,Z_site16
0,1.0,-1.0,-1.0
1,0.9987502603949662,-0.9987502603949676,-0.9987502603949671
2,0.9950538951310979,-0.9950538951310973,-0.9950538951310988
