step,Z_site1,Z_site4,Z_site5,Z_site6,Z_site7,Z_site8,Z_site20,Z_site49
0,1.0,-1.0,1.0,-1.0,1.0,-1.0,-1.0,1.0
1,0.9801163698825163,-0.9604311616717045,0.9604311616717033,-0.960431161671704,0.9604311616717037,-0.9604311616717033,-0.9604311616717033,0.9801163698825133
2,0.9174429638855911,-0.8479329636251816,0.8479186772272926,-0.8479329170946177,0.8479186767748972,-0.8479329165610625,-0.8479329167289552,0.9174429638873165
3,0.8266796948222357,-0.6797958305804306,0.6797251596998214,-0.6797964872597841,0.679725158582508,-0.6797964863246223,-0.6797964865059495,0.8266796948460124
4,0.7111444286185556,-0.4807520012121821,0.4805817570976383,-0.4807643748726738,0.48058166480509723,-0.4807643704536023,-0.48076437053895554,0.7111444287298192
5,0.5812801244053631,-0.27799664660543766,0.2777595715625842,-0.2780768744167311,0.27775834842262304,-0.2780768555750896,-0.27807685551147665,0.581280124743757
