step,Z_site1,Z_site4,Z_site5,Z_site6,Z_site7,Z_site8,Z_site20,Z_site49
0,1.0,-1.0,1.0,-1.0,1.0,-1.0,-1.0,1.0
1,0.9801163710911854,-0.960431166494605,0.9604311664822809,-0.9604311664822814,0.9604311664822813,-0.9604311664822821,-0.9604311664822812,0.980116371091187
2,0.9174429751441241,-0.8479328304171162,0.8479185433646398,-0.8479327809679413,0.8479185431733394,-0.8479327843995168,-0.8479327870264665,0.9174429757547494
3,0.8266797563286883,-0.6797948356377865,0.6797239264301074,-0.6797952524377593,0.6797239281833769,-0.6797952577365675,-0.679795293053274,0.8266798378817978
4,0.7111447192391913,-0.48075094924841033,0.48057910795350645,-0.4807617941460532,0.48057949854882565,-0.48076199560051186,-0.4807618907503399,0.7111448290826289
5,0.581280548981213,-0.2779935921153382,0.2777548752597453,-0.27807237015127273,0.27775425855190533,-0.27807255337671466,-0.27807215364790816,0.5812807079983678
