t,z_ref_qutip,DOUBLEADAPTIVE,DOUBLEFIXED,SINGLE_SITE_TDVP,TWO_SITE_TDVP
0,1,1,1,1,1
0.01,0.998350933857533,0.9995069924790291,0.9983510820441387,0.9983509334564199,0.9983509334215777
0.02,0.9934149181036025,0.9960983713400215,0.9934156731876159,0.9934149212231056,0.9934149209021568
0.03,0.9852254090535876,0.9894188433162884,0.9852274609480339,0.9852254201007795,0.9852254189856501
0.04,0.9738378252983421,0.9795136750689444,0.9738420767739391,0.9738378413945644,0.9738378387276986
0.05,0.9593290065026266,0.9664498407576934,0.9593365718550214,0.9593290303170878,0.9593290250939629
0.06,0.9417965013486623,0.9503153866834674,0.9418086937013787,0.9417965459825592,0.9417965369522582
0.07000000000000001,0.9213576864690142,0.9312185854819947,0.9213759722119784,0.9213577506715062,0.9213577362717544
0.08,0.8981486222683847,0.9092869356510344,0.8981746262175372,0.8981487193139247,0.8981486974777809
0.09,0.8723228558723238,0.8846659824082207,0.8723583035932818,0.8723229822516985,0.8723229499332875
0.1,0.8440499430550982,0.8575179765774625,0.844096669962353,0.8440501162698696,0.8440500684206983
0.11,0.8135139828089449,0.8280203871753451,0.8135738627243081,0.8135142006031844,0.8135141282427341
0.12,0.7809118818155679,0.7963642902953094,0.780986828621095,0.780912156105498,0.7809120427564141
0.13,0.7464515892646999,0.7627526306689857,0.7465435642746839,0.7464519869945736,0.7464518026423426
0.14,0.7103503554683835,0.7273985413635808,0.7104612800793949,0.7103509455367392,0.7103506368515732
0.15,0.6728327347485888,0.690523336768574,0.6729645084957656,0.672833640702535,0.6728331159670996
0.16,0.634128732095898,0.6523546308001815,0.6342831781626592,0.6341301121975029,0.6341292188787776
0.17,0.5944717812368173,0.6131243917314333,0.5946506753175113,0.5944738913484916,0.5944723838319518
0.18,0.5540968385786564,0.573066998303618,0.5543019137914562,0.5541000701062293,0.5540975646339222
0.19,0.5132384516407416,0.5324173124369675,0.5134714343329374,0.5132433989156807,0.5132393123017716
0.2,0.4721288939881791,0.4914087857832911,0.4723915532205573,0.4721364334174765,0.4721299017404194
0.21,0.4309963535392841,0.4502716203093189,0.4312905790687672,0.4310077488918945,0.4309975219131244
0.22,0.390063203782939,0.409231004344319,0.390391115427927,0.3900802400611846,0.3900645469719109
0.23,0.3495443718546652,0.3685054262392758,0.349908465257372,0.3495695223503088,0.3495459041694972
0.24,0.3096458177735007,0.3283051208442823,0.3100491516335286,0.3096824489979042,0.3096475530642593
0.25,0.2705631381967559,0.2888305674862876,0.2710095671761548,0.2706157565391827,0.2705650886998651
0.26,0.232480314634183,0.250271208520755,0.2329747626674021,0.2325548491838709,0.2324824796712801
0.27,0.1955685724295805,0.2128042457546377,0.1961173832369454,0.1956727305204854,0.1955709501167722
0.28,0.1599854211578096,0.1765936028403349,0.1605967583282203,0.1601290888298845,0.1599880127281047
0.29,0.1258738490731282,0.1417890413792456,0.126558149484101,0.1260695401230996,0.1258766579684242
0.3,0.09336167172230027,0.1085254352728523,0.09413215783208151,0.09362503086801988,0.09336470266448837
0.31,0.06256104119445471,0.07692220545079143,0.06343429104588028,0.06291140027214531,0.06256429935201824
0.32,0.03356811548021154,0.0470829153334219,0.03456468754664349,0.03402909997834686,0.0335716056802825
0.33,0.006462885596098917,0.01909502544768371,0.007607993814544634,0.007063067138789014,0.006466611623250933
0.34,-0.01869084355138245,-0.00697017377006065,-0.01736661106120091,-0.01791725491336177,-0.01868687955130888
0.35,-0.04184532118042934,-0.0310575648796565,-0.04030525103470528,-0.04085775574995892,-0.04184112216133547
0.36,-0.06296857303544756,-0.05312794180772323,-0.06116905777436715,-0.06171936543231143,-0.06296415784385578
0.37,-0.08204402703186923,-0.07315767847181376,-0.07993375433584621,-0.08047764051553291,-0.08203941250781731
0.38,-0.09906997047801153,-0.09113825445367718,-0.09658912877082476,-0.09712223936097353,-0.09906516995950876
0.39,-0.1140589080390887,-0.1070756949012346,-0.1111384093345745,-0.1116562983934634,-0.1140539326290155
0.4,-0.1270368210152455,-0.1209898473971584,-0.12359755346567,-0.1240957214712629,-0.1270316807159583
0.41,-0.138042336913552,-0.1329136017949343,-0.1339944630088633,-0.1344683948563108,-0.1380370415878949
0.42,-0.1471258216869185,-0.1428920169133362,-0.1423681382489176,-0.1428133403908403,-0.1471203818447143
0.43,-0.1543484073213296,-0.1509813762980593,-0.1487677832340144,-0.1491798194178822,-0.1543428347259988
0.44,-0.1597809675978969,-0.1572481861777835,-0.1532518746108835,-0.1536263997448982,-0.1597752757066896
0.45,-0.1635030491226667,-0.1617681281793014,-0.155887205790683,-0.156219997561532,-0.1634972590917882
0.46,-0.1656017835358367,-0.1646249800793307,-0.1567479177368888,-0.1570349057053179,-0.1655959282374142
0.47,-0.1661708042844551,-0.1659095168508559,-0.1559145270365366,-0.1561518190448288,-0.1661649117968277
0.48,-0.1653091234893204,-0.1657184041192329,-0.1534729612056904,-0.1536568670395198,-0.1653032178712502
0.49,-0.1631200348733002,-0.1641530958320925,-0.1495136104095261,-0.1496406627598115,-0.1631141374371575
0.5,-0.1597100374050844,-0.1613187468205115,-0.1441304039650592,-0.1441973768280325,-0.1597041677640113
0.51,-0.1551877888447094,-0.1573231508005818,-0.1374199191560828,-0.1374238438872765,-0.1551819657187402
0.52,-0.1496630982879448,-0.1522757132596283,-0.1294805290380855,-0.1294187083344761,-0.1496573400949454
0.53,-0.143245965901888,-0.1462864679111754,-0.1204115950558483,-0.1202816151776117,-0.1432402911536219
0.54,-0.1360456770867279,-0.1394651441989724,-0.1103127094453537,-0.110112451003347,-0.1360401046034906
0.55,-0.1281699501098236,-0.1319202928334076,-0.09928299154975817,-0.09901063917750907,-0.1281645062800872
0.5600000000000001,-0.1197241681384973,-0.1237584749003863,-0.08742044134984095,-0.08707449255142174,-0.1197188827096751
0.57,-0.1108106749288365,-0.1150835192462005,-0.07482135269521079,-0.07440062611612119,-0.1108055717878051
0.58,-0.1015281281895659,-0.1059958517725736,-0.06157978792556595,-0.06108343123726651,-0.101523226723304
0.59,-0.09197093919020163,-0.09659189923806633,-0.04778711479437087,-0.04721461231927809,-0.0919662553731348
0.6,-0.08222878891574847,-0.08696356919817283,-0.03353160585354642,-0.0328827859916514,-0.08222433614535801
0.61,-0.07238622097604418,-0.0771978068011297,-0.01889809973217688,-0.01817314218794847,-0.0723820106911971
0.62,-0.06252231058463203,-0.06737622801211773,-0.003967723050681549,-0.003167165803865279,-0.06251835269172745
0.63,-0.05271040808289923,-0.0575748284261316,0.01118232893821008,0.01205758301865945,-0.05270671120472115
0.64,-0.04301795448573913,-0.04786376553943023,0.02647895549072404,0.02742763252253333,-0.04301452630207436
0.65,-0.03350636142400246,-0.03830721183778985,0.04185326034659226,0.04287370995259149,-0.03350321399732314
0.66,-0.02423097379786853,-0.02896327535313498,0.05724061206285397,0.0583308026935041,-0.02422811681475295
0.67,-0.01524107765654762,-0.01988398370541389,0.07258065863313556,0.07373817385531978,-0.01523851586559316
0.68,-0.006579965500110249,-0.01111532727406089,0.08781730063774712,0.08903933654775958,-0.006577699814030724
0.6899999999999999,0.001714942616063839,-0.002697356614839053,0.1028986274037306,0.1041819913171903,0.001716914260557201
0.7,0.009611931372023607,0.005335671012176357,0.1177768208003669,0.1191179313690068,0.009613613363750551
0.71,0.0170847813270869,0.01295510138080536,0.1324080313553134,0.1338029202629567,0.01708617989293693
0.72,0.02411252448439996,0.02013765482774321,0.1467522313525973,0.1481965467514357,0.0241136473556442
0.73,0.03067916987274659,0.02686516516923232,0.1607730494717748,0.162262061334959,0.03068002605981374
0.74,0.03677340509840867,0.03312429158413255,0.1744375913552607,0.1759661989410096,0.03677400434101857
0.75,0.04238827980807949,0.03890620895536778,0.1877162502573048,0.1892789918996718,0.04238863076184807
0.76,0.04752086866318594,0.04420628200759402,0.2005825116437333,0.2021735771011584,0.04752098253052967
0.77,0.05217193474240118,0.04902372838263469,0.2130127552869215,0.2146260008866845,0.05217182514489455
0.78,0.0563455857493109,0.05336127547935887,0.2249860580464845,0.2266150248557056,0.05634526797311801
0.79,0.06004892972224589,0.05722481560645043,0.2364840001528941,0.2381219353806122,0.06004842014344181
0.8,0.06329173508356427,0.0606230636174091,0.2474904774282761,0.2491303592152145,0.06329105073935848
0.8100000000000001,0.06608609861739839,0.06356722080787264,0.2579915214943975,0.2596260871762718,0.06608525689211708
0.82,0.0684461245388714,0.06607064843787736,0.2679751296395748,0.2695969074773706,0.06844514293688186
0.83,0.07038761737879823,0.06814855380739088,0.2774311056502503,0.2790324499102181,0.0703865133603398
0.84,0.0719277911014909,0.06981769137030513,0.2863509125643375,0.2879240417070872,0.07192658182320288
0.85,0.07308499577568321,0.07109608092734443,0.2947275379764368,0.2962645755856208,0.07308369809854587
0.86,0.0738784633460243,0.07200274449892802,0.3025553722230024,0.3040483901779124,0.07387709433256684
0.87,0.07432807510331504,0.07255746305169541,0.3098300995011956,0.3112711627827708,0.07432665161481955
0.88,0.07445414907149639,0.07278055384278981,0.3165486017304108,0.3179298141549435,0.07445268744558708
0.89,0.07427724848030949,0.07269266875970548,0.3227088747516082,0.3240224248581924,0.07427576431406968
0.9,0.07381801124393415,0.07231461367499226,0.3283099562771755,0.3295481625596922,0.07381651925674698
0.91,0.07309699999953215,0.07166718850846632,0.3333518648532321,0.3345072195294527,0.07309551395406644
0.92,0.07213457198465742,0.07077104739803508,0.3378355489761461,0.3389007595276942,0.07213310464857059
0.93,0.07095076779575016,0.06964657812604647,0.3417628454147425,0.3427308732121416,0.07094933093055178
0.9399999999999999,0.06956521767670475,0.06831379973319263,0.3451364457275292,0.346000541172244,0.06956382223976121
0.95,0.06799706455987603,0.06679227707709279,0.3479598699285782,0.3487136036944171,0.06799572077395188
0.96,0.06626490237833456,0.06510105095797503,0.3502374462444696,0.3508747363774258,0.06626361937709868
0.97,0.06438672709903742,0.06325858233880072,0.3519742959160043,0.3524894307459201,0.06438551290092975
0.98,0.06237989995609249,0.06128270913036638,0.3531763220300612,0.3535639790490269,0.06237876149143662
0.99,0.06026112107346803,0.05919061399151321,0.3538502014166933,0.3541054624762827,0.06026006424517355
1,0.05804641194118469,0.05699880160795828,0.3540033787118949,0.3541217420719363,0.05804544170575632
1.01,0.05575110526673327,0.05472308395754433,0.3536440617644151,0.3536214516780904,0.05575022572563998
1.02,0.05338984080451933,0.05237857214125263,0.3527812176523984,0.3526139922853864,0.05338905529889537
1.03,0.05097656586673943,0.04997967345452414,0.3514245686686465,0.3511095272153163,0.05097587707309315
1.04,0.04852453922492048,0.04754009248806224,0.3495845877282032,0.3491189776000935,0.04852394936870807
1.05,0.04604633792117829,0.04507283517730309,0.3472724927445665,0.3466540176638089,0.04604584866848643
1.06,0.04355386523665524,0.04259021486071102,0.3445002396076502,0.3437270693427411,0.04355347768281381
1.07,0.04105835945189362,0.04010385955489604,0.3412805134741917,0.3403512958134585,0.04105807424608465
1.08,0.03857040298634254,0.03762471980503679,0.3376267181474156,0.3365405935258988,0.03857022044948077
1.09,0.0360999313324973,0.03516307661834051,0.3335529633758441,0.3323095823656281,0.03609985156365814
1.1,0.03365624147850958,0.03272854913269541,0.3290740499408412,0.3276735935961751,0.03365626444710079
1.11,0.03124799964692328,0.03033010180887702,0.3242054524293906,0.3226486552594315,0.03124812526923737
1.12,0.02888324829932338,0.0279760510599546,0.3189632996040755,0.3172514747402749,0.02888347649917455
1.13,0.02656941249280526,0.02567407134325395,0.3133643522883821,0.3114994182310038,0.02656974321872224
1.14,0.02431330595359653,0.02343120083676936,0.3074259786843653,0.305410486861816,0.02431373891062083
1.15,0.02212113605151277,0.02125384690152887,0.3011661270337902,0.2990032892948206,0.02212167094824791
1.16,0.01999850938130318,0.01914779159357249,0.2946032955249639,0.292297010610159,0.01999914607068048
1.17,0.01795043765171024,0.01711819753334304,0.2877564993370968,0.2853113773426283,0.0179511761668526
1.18,0.01598134414480791,0.01516961446666792,0.2806452347033195,0.278066618554584,0.01598218471459673
1.19,0.01409507117962917,0.01330598686073037,0.2732894398627314,0.2705834228549027,0.01409601422547829
1.2,0.01229488891981971,0.01153066287153104,0.2657094527616052,0.2628828912935133,0.01229593503551818
1.21,0.0105835058398876,0.009846404997761293,0.2579259653539847,0.2549864860763073,0.01058465575661371
1.22,0.008963081126682405,0.008255402701304759,0.2499599743426876,0.2469159750562218,0.008964335665454848
1.23,0.007435239448233924,0.006759287228872646,0.2418327281938046,0.23869337196401,0.007436599257963084
1.24,0.006001088233457953,0.005359148814396197,0.2335656702520641,0.2303408723480743,0.006002553139938471
1.25,0.004661235529322401,0.004055556380171466,0.2251803777826944,0.2218807851989346,0.004662805360883093
1.26,0.003415812584118295,0.002848579788400529,0.2166984967697346,0.2133354602429142,0.003417487230292948
1.27,0.002264498230734669,0.001737814626186607,0.2081416723139079,0.2047272109042554,0.002266277586207177
1.28,0.001206545517656849,0.0007224094381983459,0.1995314744979323,0.1960782329578482,0.001208429416830414
1.29,0.0002408105250674959,-0.000198904745528361,0.1908893196265711,0.1874105189286928,0.0002427986695013873
1.3,-0.0006342168619167183,-0.001027782802040855,0.1822363868051886,0.1787457683411277,-0.0006321249807307305
1.31,-0.001420380506886506,-0.001766232100676668,0.1735935298960888,0.1701052939823784,-0.00141818568678731
1.32,-0.002119824235171305,-0.002416577603507164,0.1649811849873659,0.1615099244216984,-0.00211752764174189
1.33,-0.002734956436231948,-0.002981425845081209,0.15641927362426,0.1529799031182767,-0.002732560319740451
1.34,-0.00326841503570618,-0.00346362818789081,0.1479271021865836,0.1445347845572446,-0.003265923148140559
1.35,-0.003723033792785558,-0.003866243772455202,0.1395232579451606,0.136193327971686,-0.003720450033622535
1.36,-0.004101805750815121,-0.004192502593701242,0.1312255024916388,0.1279733893371697,-0.004099134174787633
1.37,-0.004407848731142769,-0.004445769138761602,0.1230506634051839,0.1198918124607792,-0.004405093593065845
1.38,-0.004644372001543816,-0.004629507016595369,0.1150145251912728,0.1119643201253963,-0.004641537802791529
1.39,-0.004814644486675393,-0.004747244997685307,0.1071317206961251,0.1042054063881647,-0.004811736020487234
1.4,-0.004921964890966401,-0.004802544862235691,0.09941562435610973,0.09662823126523856,-0.004918987283408893
1.41,-0.004969634065787666,-0.004798971426053067,0.09187824876900841,0.0892445191590327,-0.004966592809014347
1.42,-0.004960929903251457,-0.004740065072398048,0.08453014614827237,0.0820644624945871,-0.004957830881188841
1.43,-0.004899083646173036,-0.00462931706385844,0.07738031622178249,0.0750966321240904,-0.004895934497008814
1.44,-0.004787262604503581,-0.004470147842189465,0.07043612209506811,0.06834789612876641,-0.004784071950454494
1.45,-0.004628554361260522,-0.004265888450180499,0.0637032156434697,0.06182334869112005,-0.0046253304683882
1.46,-0.004425952160874995,-0.004019765134390285,0.05718547424760734,0.0555262507241141,-0.004422702950252377
1.47,-0.004182344736027481,-0.003734887117414987,0.05088495099078255,0.04945798392377787,-0.004179077797844266
1.48,-0.003900509150383362,-0.003414237467386338,0.04480184041079177,0.04361801985508607,-0.003897231756361585
1.49,-0.003583106514390329,-0.00306066693971685,0.03893446144698343,0.03800390558526051,-0.0035798256240126
1.5,-0.003232680369550201,-0.002676890616769345,0.03327925871882104,0.0326112672425643,-0.003229402626046263
1.51,-0.002851657478552415,-0.002265487119702148,0.0278308230227084,0.02743383270137401,-0.002848389191314582
1.52,-0.002442350592379814,-0.001828900112814114,0.02258193186570889,0.02246347437640739,-0.002439097816551272
1.53,-0.002006961544662555,-0.00136944176958198,0.01752361076585285,0.01769027285209762,-0.002003731656349927
1.54,-0.001547590667690374,-0.0008892978269257057,0.01264521585084366,0.01310260178002504,-0.001544390436583276
1.55,-0.001066242452019987,-0.0003905338207080833,0.007934537995999358,0.008687234152460699,-0.001063077256268641
1.56,-0.0005648319454818248,0.0001248979325697563,0.003377928395296714,0.004429469708805422,-0.0005617058186619395
1.57,-4.519194505128623e-05,0.0006551510667450189,-0.001039554919382568,0.000313282860856523,-4.21076171833179e-05
1.58,0.0004909203320092193,0.001198478085559007,-0.005333980494769186,-0.003678509859807111,0.0004939614038905749
1.59,0.001041817574992892,0.001753223953519123,-0.009522358104988249,-0.0075640642146938,0.00104481518964461
1.6,0.001605878167392677,0.002317820835824047,-0.013622436348524,-0.01136230629318302,0.001608833376863961
1.61,0.0021815438733385,0.002890784447686423,-0.01765248533025099,-0.01509271629403847,0.002184458994891836
1.62,0.002767320132938821,0.003470712441822954,-0.02163106698594841,-0.01877510051561315,0.002770198466456708
1.63,0.003361779515051613,0.004056285216483546,-0.0255767960364387,-0.02242935431832738,0.003364624265064842
1.64,0.00396356430809919,0.00464626946685559,-0.02950809502423074,-0.02607521908007299,0.003966380531241043
1.65,0.004571397099037113,0.005239524734558854,-0.03344294743264059,-0.02973203636985422,0.004574191886683066
1.66,0.005184093256495962,0.005835013138681511,-0.03739865354867455,-0.03341850271034602,0.005186875614210495
1.67,0.005800576547795748,0.006431812400217063,-0.04139159443256013,-0.03715242838105132,0.005803357293167777
1.68,0.006419898218540783,0.007029132199576127,-0.04543700975020248,-0.0409505037267609,0.006422689895773825
1.69,0.007041259453375258,0.007626333831177834,-0.04954879460460654,-0.0448280763795148,0.00704407626130088
1.7,0.007664037044329323,0.008222953037933189,-0.05373931823404487,-0.04879894267632023,0.007666894773290744
1.71,0.008287811999557972,0.008818725820943785,-0.05801926405624963,-0.0528751563617057,0.008290727971891176
1.72,0.00891240124707836,0.009413616927629542,-0.06239748805584089,-0.05706685740732059,0.008915393740652477
1.73,0.009537890980074177,0.01000785062775611,-0.06688089226492366,-0.06138212346573968,0.009540978616539353
1.74,0.01016466962695591,0.01060194329457581,-0.07147431108221908,-0.06582684610880574,0.01016787268530528
1.75,0.01079346513326742,0.01119673722096676,-0.07618041016400945,-0.07040463359018218,0.0107968054438109
1.76,0.01142538114740699,0.01179343502073471,-0.08099960192464611,-0.07511674142622127,0.01142888193801728
1.77,0.01206193266717647,0.0123936338956061,-0.08592998611905911,-0.07996203161858784,0.01206561842232046
1.78,0.01270508041001946,0.01299935899072813,-0.09096732400660945,-0.08493696085731461,0.01270897673411447
1.79,0.01335726306163624,0.01361309501710356,-0.09610505015037524,-0.09003559755530188,0.0133613965388058
1.8,0.01402142653274601,0.01423781528951218,-0.1013343208953317,-0.0952496670863005,0.01402582457619572
1.81,0.0147010493446358,0.01487700731381736,-0.1066440956291357,-0.1005686241386727,0.01470574003057601
1.82,0.01540016448469698,0.01553469405915414,-0.1120212460006351,-0.1059797506657362,0.01540517515487605
1.83,0.01612337329332173,0.01621545006877434,-0.1174506883245224,-0.1114682775172452,0.01612873030461326
1.84,0.0168758525873024,0.01692441159893077,-0.1229155347381983,-0.1170175274797502,0.01688158258043709
1.85,0.01766335754953247,0.01766728002824192,-0.1283972590794907,-0.1226090771387401,0.01766948733894241
1.86,0.0184922154553925,0.01845031785040868,-0.1338758739135096,-0.1282229347035082,0.01849877190978283
1.87,0.01936931104737402,0.019280336650352,-0.1393301156562767,-0.1338377307074181,0.01937632095228436
1.88,0.02030206310020994,0.02016467656706439,-0.1447376352731905,-0.1394309183130339,0.02030955299582377
1.89,0.02129839184292725,0.02111117686421726,-0.1500751924897374,-0.1449789798162066,0.02130638783367639
1.9,0.02236667704240337,0.0221281373605805,-0.1553188517621107,-0.1504576358604188,0.02237520457834596
1.91,0.02351570680642597,0.02322427061444926,-0.1604441783731704,-0.1558420538491901,0.02352479033530719
1.92,0.02475462010793328,0.02440864490791012,-0.1654264329489701,-0.1611070520887408,0.02476427960942129
1.93,0.02609283189993493,0.02569061823519825,-0.1702407624816078,-0.1662272963152314,0.02610308472135481
1.94,0.02753995513355818,0.02707976366244941,-0.1748623856743174,-0.1711774854708151,0.02755081767733403
1.95,0.0291057163894817,0.02858578659091354,-0.1792667701842781,-0.1759325238991314,0.0291172041013828
1.96,0.0307998626984091,0.03021843461901097,-0.1834297992095483,-0.1804676775390648,0.03081199000174856
1.97,0.03263206212257801,0.03198740085752694,-0.1873279249088982,-0.1847587122052639,0.03264484229935105
1.98,0.03461179916802559,0.03390222170318874,-0.1909383063866333,-0.1887820126467206,0.03462524419230262
1.99,0.03674826623132611,0.03597217021549703,-0.194238930415823,-0.192514681752493,0.03676238656401032
2,0.03905025240269519,0.03820614636678488,-0.1972087136798464,-0.1959346199978981,0.03906505675971517
2.01,0.04152603189353583,0.04061256554263215,-0.199827586028882,-0.1990205859569049,0.04154152615490581
2.02,0.0441832564513646,0.04319924675634601,-0.202076555006334,-0.2017522394019966,0.04419943801612197
2.03,0.04702883325884014,0.04597330210459682,-0.203937752628855,-0.2041101691242764,0.04704569720804747
2.04,0.05006882260877843,0.0489410290296739,-0.2053944660371209,-0.2060759080904404,0.05008636332855698
2.05,0.05330833767854817,0.05210780696610728,-0.2064311541203889,-0.2076319388757589,0.05332654885405463
2.06,0.0567514493232587,0.0554779999351413,-0.207033452518839,-0.2087616924548078,0.05677032385013825
2.07,0.06040109891611125,0.05905486660959619,-0.2071881694974987,-0.2094495433937064,0.06042062874683907
2.08,0.06425902064884004,0.06284047930405207,-0.2068832750338376,-0.2096808042869552,0.0642791965936238
2.09,0.06832567459464139,0.0668356532500326,-0.2061078850036148,-0.2094417219517637,0.06834648609769001
2.1,0.07260019169922076,0.0710398873918453,-0.2048522414344509,-0.2087194774768532,0.07262162661114091
2.11,0.07708033452724686,0.07545131778586556,-0.2031076881150329,-0.2075021917689782,0.07710237607026577
2.12,0.08176247112733576,0.08006668450638504,-0.2008666379231747,-0.2057789377947316,0.08178509270591849
2.13,0.08664154575634278,0.08488131275991134,-0.1981225238699925,-0.2035397603171245,0.08666472114060264
2.14,0.09171108924744517,0.0898891086928244,-0.1948697224621551,-0.2007757036057073,0.09173479326915768
2.15,0.09696323573251876,0.09508257015009819,-0.1911034478416758,-0.1974788473758532,0.096987444089358
2.16,0.1023887534197293,0.1004528124089717,-0.1868196686699222,-0.193642351097399,0.1024134424107945
2.17,0.107977089907825,0.1059896086738228,-0.1820151999321541,-0.1892605068073606,0.1080022361293949
2.18,0.1137164314868135,0.1116814448802324,-0.1766880780445476,-0.184328800659246,0.1137420115156235
2.19,0.1195937756426105,0.1175155881210256,-0.1708379655284947,-0.1788439836267582,0.1196197657313065
2.2,0.1255950157620312,0.1234781677796288,-0.1644662975549394,-0.172804152023909,0.1256213915681132
2.21,0.1317050428111045,0.1295542682410049,-0.1575762756766156,-0.1662088387619324,0.1317317731941185
2.22,0.1379078447759932,0.1357280318526627,-0.1501727463848323,-0.1590591164715106,0.1379348915083729
2.23,0.1441866093283336,0.1419827706320492,-0.1422620366419346,-0.1513577136913709,0.1442139375404815
2.24,0.1505238543898885,0.1483010850665434,-0.1338519087966398,-0.1431091451599044,0.1505514321966952
2.25,0.1569015525591787,0.1546649882319061,-0.1249516491863688,-0.1343198567385887,0.156929350548853
2.26,0.1633012580746808,0.16105603336737,-0.1155722240419461,-0.1249983845539592,0.1633292487899827
2.27,0.1697042345011443,0.1674554429928363,-0.105726456131273,-0.1151555265221476,0.1697323919424325
2.28,0.1760915812274081,0.1738442376363615,-0.09542920363294655,-0.1048045225461367,0.1761198804019412
2.29,0.1824443568977857,0.1802033622585852,-0.08469753449647377,-0.09396123748465546,0.1824727734344797
2.3,0.1887436980954281,0.1865138085141591,-0.07355089133975001,-0.08264433873256938,0.1887722078116305
2.31,0.1949709401014069,0.1927567310775853,-0.06201124037164246,-0.07087545827481034,0.1949995098735116
2.32,0.2011077044039126,0.1989135563811271,-0.05010319597290808,-0.0586793277772571,0.2011362994440223
2.33,0.2071359938152747,0.2049660822638151,-0.03785411158906105,-0.0460838750232383,0.2071645841888931
2.34,0.2130382833458598,0.2108965672105634,-0.02529412788112784,-0.0331202710292624,0.2130668431997325
2.35,0.2187975919645561,0.2166878080661592,-0.01245617068168126,-0.01982291950458387,0.2188260988030341
2.36,0.2243975417934182,0.2223232053362233,0.0006241059916300973,-0.00622938373777332,0.2244259758280681
2.37,0.2298224042264577,0.2277868154320517,0.013908433192303,0.007619749936093101,0.2298507478172057
2.38,0.2350571327217303,0.2330633894735713,0.02735609425331842,0.02168106877487785,0.2350853699215027
2.39,0.2400873822797936,0.2381383985295622,0.04092414025404795,0.03590858338322078,0.2401154984887532
2.4,0.2448995168230471,0.242998045441754,0.05456764534354169,0.05025402084125874,0.2449274976154839
2.41,0.2494806104138024,0.2476292636441976,0.06823999171743106,0.06466714991090039,0.2495084331933187
2.42,0.2538184101990085,0.2520197036465263,0.08189317322718287,0.07909612669182015,0.2538460552295623
2.43,0.2579013164075084,0.2561577080943719,0.09547810671539414,0.09348784984596126,0.2579287694564392
2.44,0.2617183479778886,0.2600322765477501,0.1089449411265069,0.1077883160599731,0.2617455994592295
2.45,0.2652590965119274,0.2636330213243895,0.1222433561852705,0.1219429684482135,0.2652861407466759
2.46,0.268513673753384,0.2669501159360623,0.1353228449859977,0.1358970328083376,0.2685405083536795
2.47,0.2714726543257311,0.2699742377986507,0.1481329782251556,0.1495958387761141,0.2714992797038556
2.48,0.2741270155673712,0.2726965070187339,0.1606236518779469,0.1629851248077468,0.2741534345651987
2.49,0.276468076374084,0.2751084231486504,0.172745324249812,0.1760113274400126,0.2764942940041956
2.5,0.2784874390661655,0.2772018018573824,0.1844492513453295,0.188621856392336,0.2785134602808804
2.51,0.2801769348226663,0.2789687134850859,0.1956877299956843,0.2007653577729134,0.2802027596287494
2.52,0.2815285561147721,0.2804014254344182,0.2064143554009901,0.2123919679479953,0.2815541898291565
2.53,0.2825344209361442,0.2814923503019665,0.2165842943195778,0.2234535605530888,0.2825598744200116
2.54,0.2831867364708705,0.2822340015682818,0.2261545690851957,0.2339039886937325,0.2832120252745962
2.55,0.2834777715099625,0.2826189585462036,0.2350843432447628,0.2436993236313131,0.2835029151492814
2.56,0.2833998402775212,0.2826398421356421,0.2433351981267697,0.2527980902151032,0.2834248616311809
2.57,0.2829452989048589,0.2822893027509927,0.2508713907622301,0.2611614980582291,0.2829702237205408
2.58,0.282106555568099,0.2815600215773869,0.2576600859792403,0.2687536660355434,0.2821314120611
2.59,0.2808760950600068,0.28044472607749,0.2636715578425243,0.275541836201617,0.280900913587771
2.6,0.2792465215231758,0.2789362204148767,0.2688793571869693,0.2814965718108206,0.2792713310985472
2.61,0.2772106107843198,0.2770274311872147,0.2732604427757894,0.2865919329193465,0.2772354379804325
2.62,0.2747613718870084,0.2747114685763404,0.2767952740222296,0.2908056222323955,0.2747862480315116
2.63,0.271892139686058,0.2719817027270435,0.2794678638064049,0.2941190936040573,0.2719171000273295
2.64,0.2685966735816973,0.2688318548664735,0.2812657911587703,0.2965176160570815,0.2686217563840776
2.65,0.2648692692298909,0.2652561023759319,0.2821801757071487,0.2979902874638728,0.2648945149782618
2.66,0.2607048822000567,0.2612491967315141,0.2822056187399675,0.2985299941287712,0.2607303328969803
2.67,0.2560992620806085,0.2568065929442783,0.2813401191483642,0.2981333153303081,0.256124960619584
2.68,0.2510490952749249,0.2519245888593404,0.2795849757071353,0.2968003751933141,0.2510750848744326
2.69,0.2455521545033113,0.2466004724207607,0.2769446892912265,0.2945346477332399,0.24557847817849
2.7,0.2396074576242203,0.2408326747800658,0.2734268788877956,0.2913427241577011,0.2396341528564052
2.71,0.2332154157953204,0.2346209269241896,0.2690422231557328,0.2872340541358915,0.2332425171538423
2.72,0.2263779875850832,0.2279664173281618,0.2638044348706222,0.2822206744390608,0.226405530910356
2.73,0.219098836731781,0.220871948002323,0.2577302695882485,0.2763169389250421,0.2191268581436507
2.74,0.2113834788130107,0.2133420862068668,0.250839563465765,0.2695392632509568,0.2114120138221708
2.75,0.2032394193609387,0.2053833090510659,0.2431552897124005,0.2619058960640103,0.2032685020689642
2.76,0.1946762806723234,0.1970041381825045,0.2347036196068142,0.2534367259699913,0.1947059430486152
2.77,0.1857059146146575,0.1882152618042916,0.2255139728309157,0.2441531306069672,0.18573618584148
2.78,0.1763424988265155,0.1790296413356608,0.215619042825363,0.2340778709647323,0.1763734047063348
2.79,0.1666026142796017,0.1694626001528364,0.2050547853415871,0.2232350309640184,0.1666341762735771
2.8,0.1565053072065446,0.1595318920116171,0.1938603615820346,0.2116499994600035,0.1565375353952201
2.81,0.1460721078245428,0.1492577469591818,0.1820780306211046,0.1993494894110006,0.1461050076038439
2.82,0.135327041780948,0.1386628927887399,0.1697529887485135,0.1863615870389029,0.1353606163977462
2.83,0.1242966140449772,0.1277725503747212,0.1569331557786536,0.1727158224353559,0.1243308638710007
2.84,0.1130097616479451,0.1166144015457455,0.1436689102099705,0.1584432522312467,0.1130446835412175
2.85,0.1014977778399297,0.105218528503837,0.1300127764922133,0.1435765446180289,0.1015333645900663
2.86,0.08979420726065239,0.09361732417698038,0.1160190687051095,0.128150057144887,0.08983044711739618
2.87,0.07793471212664921,0.08184537329254499,0.1017434958061231,0.11219989826496,0.07797158841342228
2.88,0.0659569098533548,0.06993930437553081,0.0872427343590092,0.09576396451069846,0.0659944006692158
2.89,0.05390018470842479,0.05793761330124036,0.07257397529170645,0.07888194638196505,0.05393826096743104
2.9,0.04180547638385606,0.04588045946049879,0.05779445153416585,0.06159529746558579,0.04184409481621099
2.91,0.02971502072029065,0.03380943601969183,0.0429609528790853,0.04394716290183776,0.02975413490323292
2.92,0.01767209534328734,0.02176731617137806,0.02812933257566419,0.02598226499985529,0.01771165714685519
2.93,0.005720737291221353,0.009797777667089058,0.01335400728426106,0.007746745507401287,0.005760696501063867
2.94,-0.006094558695101503,-0.002054891703514583,-0.001312549589935874,-0.01071203430915085,-0.006054254676153004
2.95,-0.01772915619624552,-0.01374610468007531,-0.01582031733912115,-0.02934573308553973,-0.01768856256139378
2.96,-0.02913860404021635,-0.02523129783123046,-0.03012222533061992,-0.04810530423197912,-0.0290977787002844
2.97,-0.04027897048104893,-0.03646626400745057,-0.04417461188308441,-0.06694130106701457,-0.04023797408900009
2.98,-0.05110718078996758,-0.04740749015384116,-0.05793761811939563,-0.08580420613676021,-0.05106607666475094
2.99,-0.06158135016688546,-0.05801249653343532,-0.07137550518625468,-0.1046447780395786,-0.06154020823005618
3,-0.07166111660120376,-0.06824017331676624,-0.08445690075987572,-0.123414408777599,-0.07162001675401597
3.01,-0.0813079805275055,-0.07805111045511026,-0.09715498625709662,-0.1420654846870675,-0.08126699996995412
3.02,-0.09048560321087833,-0.08740791676278531,-0.1094476287499125,-0.1605517443946383,-0.09044481622419659
3.03,-0.09916010035613436,-0.09627552418195318,-0.1213174512988184,-0.1788286280676467,-0.09911957862601894
3.04,-0.1073003158434051,-0.1046214733001783,-0.1327518304659071,-0.1968536135820875,-0.1072601287035775
3.05,-0.1148780713944482,-0.1124161763521916,-0.143742811200027,-0.2145865373143207,-0.1148382859835693
3.06,-0.1218683888527645,-0.1196331541725463,-0.1542869342936521,-0.2319899003953299,-0.1218290701813175
3.07,-0.1282496820822392,-0.1262492438742674,-0.1643849775041663,-0.2490291659641123,-0.1282108930100151
3.08,-0.1340039158598585,-0.1322447744045342,-0.1740416168700025,-0.2656730599373381,-0.1339657169884579
3.09,-0.1391167229282207,-0.1376037075629709,-0.1832650192884349,-0.2818938977259811,-0.1390791790417109
3.1,-0.1435775002100211,-0.1423137425441185,-0.1920663808894191,-0.2976679713606489,-0.1435406771425186
3.11,-0.1473794632784133,-0.146366382559837,-0.2004594279912824,-0.3129760381852598,-0.1473434187269714
3.12,-0.1505196458267909,-0.1497569625928341,-0.2084598983444744,-0.3278039240846092,-0.1504844301290612
3.13,-0.1529988699829112,-0.1524846378294323,-0.2160850199646962,-0.3421431069444874,-0.1529645268076562
3.14,-0.1548216777413235,-0.1545523328281124,-0.2233530033016443,-0.3559907367831391,-0.1547882446786512
3.15,-0.1559962243526258,-0.1559666520066728,-0.2302825601067757,-0.3693479649629759,-0.1559637334059696
3.16,-0.1565341350536908,-0.1567377525694564,-0.2368924595485539,-0.3822157881763328,-0.1565026130398185
3.17,-0.1564503270435875,-0.1568791815329015,-0.2432011292567104,-0.3945901936839168,-0.1564197959104753
3.18,-0.1557627988624108,-0.1564076790283258,-0.2492263063509575,-0.4064606513109372,-0.1557332761825764
3.19,-0.1544923839269116,-0.1553429505537809,-0.2549847412925044,-0.4178130046309977,-0.1544638899404155
3.2,-0.1526624989282858,-0.1537074113032579,-0.2604919556323175,-0.428633059580743,-0.1526350491011856
3.21,-0.1502988513119914,-0.1515259061148856,-0.2657620533648976,-0.4389081644652525,-0.1502724528331961
3.22,-0.1474291274606734,-0.1488254089427868,-0.2708075845222467,-0.4486272186632856,-0.1474037804830215
3.23,-0.1440826715517276,-0.1456347060618152,-0.2756394587418014,-0.4577801634099301,-0.1440583702835662
3.24,-0.1402901546613248,-0.1419840674509951,-0.2802669057230593,-0.4663574451207563,-0.1402668883186616
3.25,-0.1360832387231442,-0.1379049109620963,-0.2846974787086144,-0.4743495655450169,-0.1360609923552042
3.26,-0.1314942400149723,-0.1334294639603049,-0.2889370963991666,-0.4817467135628055,-0.1314729952177376
3.27,-0.1265557968377333,-0.1285904271275506,-0.2929901180924245,-0.4885384575311786,-0.1265355323708942
3.28,-0.1213005452195741,-0.123420645053275,-0.2968594463930915,-0.4947134883758181,-0.1212812382913054
3.29,-0.1157608053112859,-0.1179527881087562,-0.3005466516297018,-0.5002594128773368,-0.115742436053249
3.3,-0.1099682992307639,-0.1122190499099652,-0.3040521121502274,-0.5051625964445546,-0.1099508443231168
3.31,-0.1039538732168181,-0.1062508644163818,-0.3073751649212656,-0.5094080521850199,-0.1039373056594544
3.32,-0.09774724933817719,-0.1000786463861986,-0.3105142612595944,-0.5129793762304828,-0.09773153965294068
3.33,-0.09137680677265589,-0.09373155851377324,-0.3134671230039704,-0.5158587362041016,-0.09136192401887305
3.34,-0.08486939365763235,-0.08723730812034292,-0.3162308949304707,-0.5180269234431836,-0.08485530628086457
3.35,-0.0782501716322641,-0.08062197576374985,-0.3188022896991945,-0.5194634772260798,-0.07823684816582421
3.36,-0.07154249463786404,-0.07390987758736056,-0.3211777220983658,-0.5201468832048408,-0.07152990427572004
3.37,-0.06476782296200503,-0.06712346265300584,-0.3233534298437322,-0.5200548420420343,-0.06475593602030816
3.38,-0.05794567202877884,-0.06028324590741485,-0.3253255787147804,-0.5191645997595447,-0.05793446119717149
3.39,-0.05109359736809131,-0.05340777682689618,-0.3270903503673814,-0.5174533287372738,-0.0510830390012737
3.4,-0.04422721887865808,-0.04651364318167289,-0.328644011742513,-0.5148985471571985,-0.04421728964662752
3.41,-0.0373602697940827,-0.03961550876988801,-0.3299829655733688,-0.5114785644450249,-0.03735094719822174
3.42,-0.03050468065383887,-0.03272618340220074,-0.331103782067461,-0.5071729405693646,-0.03049594365370056
3.43,-0.02367069231749393,-0.02585672288061264,-0.3320032124133233,-0.501962947731512,-0.0236625217915582
3.44,-0.0168669947620557,-0.01901655621859411,-0.3326781853626503,-0.4958320239227744,-0.01685937382544628
3.45,-0.01010088828134512,-0.01221363690217314,-0.3331257888117011,-0.4887662089810306,-0.01009380248156366
3.46,-0.003378463346015638,-0.005454614601841212,-0.3333432390924578,-0.4807545550884554,-0.003371900755725299
3.47,0.003295204908404358,0.00125497657951712,-0.3333278416022958,-0.4717895050577569,0.003301253684476535
3.48,0.009915852203716175,0.007910517489789326,-0.3330769474252243,-0.4618672331892781,0.009921393703354264
3.49,0.01647981348527,0.01450809528377206,-0.3325879116436186,-0.450987944880736,0.01648485189518767
3.5,0.0229838101954066,0.02104429118725537,-0.3318580599608697,-0.4391561324756611,0.02298834822116003
3.51,0.02942474177265618,0.02751596911368048,-0.3308846708502561,-0.4263807859974252,0.029428780502814
3.52,0.03579948320470919,0.03392006950409326,-0.3296649804704439,-0.4126755583987146,0.03580302208057973
3.53,0.04210469387799587,0.04025341260518234,-0.3281962167850106,-0.3980588857426905,0.04210773075646573
3.54,0.04833664158372445,0.04651251516568167,-0.3264756674659782,-0.3825540633182879,0.04833917287376577
3.55,0.05449104519319477,0.05269342422300938,-0.3245007831413143,-0.3661892790881378,0.0544930660487184
3.56,0.06056293911218533,0.05879157127588597,-0.3222693134994481,-0.348997606094006,0.06056444366581526
3.57,0.06654656215556022,0.06480164970206992,-0.3197794691976708,-0.331016955529909,0.06654754378783378
3.58,0.07243527226355563,0.07071751779141755,-0.3170300983451002,-0.3122899921696631,0.07243572462218761
3.59,0.07822149112283772,0.07653212923260805,-0.3140208636730582,-0.2928640137374235,0.07822140813727596
3.6,0.08389667731940474,0.08223749232666777,-0.310752406286299,-0.2727907956692847,0.08389605284615687
3.61,0.08945132822041382,0.08782465861296013,-0.3072264843142299,-0.2521264025602584,0.08945015618185359
3.62,0.09487501173103549,0.09328374099435932,-0.3034460790866277,-0.2309309674483013,0.09487328629018621
3.63,0.1001564267164296,0.09860396084994777,-0.2994154661647647,-0.2092684399745643,0.1001541424739484
3.64,0.1052834907468529,0.1037737230378198,-0.2951402521817439,-0.1872063043900898,0.1052806429482135
3.65,0.1102434532791926,0.1087807171308591,-0.2906273802239469,-0.1648152683625411,0.1102400380217893
3.66,0.1150230318834796,0.1136120427082163,-0.2858851066473452,-0.1421689235765844,0.1150190463148394
3.67,0.1196085684882632,0.1182543560571591,-0.2809229516601752,-0.1193433792200805,0.1196040111677387
3.68,0.1239862011513008,0.1226940352320061,-0.2757516256416606,-0.09641686960520096,0.1239810739997846
3.69,0.1281420546064779,0.1269173600716234,-0.2703829334752485,-0.07346933738909317,0.1281363610465713
3.7,0.1320624352889736,0.1309107034932731,-0.2648296600676351,-0.05058199413375858,0.1320561796478638
3.71,0.1357340324695018,0.1346607301606458,-0.2591054412851698,-0.02783686028325394,0.1357272200785339
3.72,0.1391441215242719,0.1381545984748672,-0.253224625340023,-0.005316287046902568,0.1391367588171947
3.73,0.1422807645285057,0.1413801617702202,-0.2472021299751348,0.01689753682268924,0.142272859131915
3.74,0.1451330041194041,0.1443261646195511,-0.241053300637755,0.03872308974370864,0.1451245649301383
3.75,0.147691046723374,0.1469824302687637,-0.2347937743365262,0.06008002907967069,0.1476820839687318
3.76,0.1499464314690611,0.1493400354199486,-0.2284393531830699,0.08088970438258702,0.149936956746797
3.77,0.1518921807465083,0.1513914688590457,-0.2220058907820021,0.1010756646876,0.1518822077034495
3.78,0.1535229295871112,0.153130770766309,-0.215509193640865,0.1205641492108231,0.1535124757084807
3.79,0.1548350379070065,0.1545536499469814,-0.2089649386278826,0.1392845443843221,0.1548241212585424
3.8,0.1558266693640524,0.1556575766677024,-0.2023886063189696,0.1571697760426937,0.1558153082653426
3.81,0.1564978457445972,0.1564418492735782,-0.1957954290721302,0.174156571702103,0.1564860588358448
3.82,0.1568504736841204,0.1569076332838769,-0.189200352091955,0.1901854413398198,0.1568382799867399
3.83,0.1568883428267943,0.1570579722110375,-0.1826180056980714,0.2052000069931759,0.1568757617948781
3.84,0.1566170954900762,0.1568977699074717,-0.1760626873358709,0.2191449707065536,0.1566041470504134
3.85,0.1560441684593337,0.1564337448050666,-0.1695483522219703,0.2319640416880788,0.1560308730383669
3.86,0.1551787080787706,0.155674356961633,-0.163088611576075,0.2436136281672229,0.1551650866154713
3.87,0.1540314589667466,0.1546297093545175,-0.1566967370513497,0.2540869876505228,0.1540175342615748
3.88,0.1526146319716899,0.1533114253537339,-0.1503856693961882,0.2633843776077284,0.1526004292580324
3.89,0.1509417548272142,0.1517325047546867,-0.1441680288512799,0.2714860670237688,0.1509272985700496
3.9,0.1490274984113721,0.1499071611450256,-0.1380561245470014,0.2783695559834189,0.1490128123773101
3.91,0.1468874920951584,0.14785064371318,-0.1320619603035098,0.2840219780521634,0.1468725995006749
3.92,0.1445381285590308,0.1455790468717471,-0.126197234693273,0.2884413130660138,0.1445230522062939
3.93,0.1419963616308026,0.1431091112621083,-0.1204733338787065,0.2916351239962544,0.1419811240286651
3.94,0.1392795008697529,0.1404580198248657,-0.1149013164635635,0.2936193518544862,0.1392641243378827
3.95,0.1364050066289631,0.1376431926626261,-0.109491890310643,0.29441740997643,0.136389513383662
3.96,0.133390289256434,0.134682084387338,-0.104255381933207,0.2940594706342416,0.1333747014799501
3.97,0.1302525139746915,0.1315919875355848,-0.09920169964146947,0.292581847107814,0.1302368558521692
3.98,0.1270084219442421,0.1283898454552104,-0.09434029210822781,0.2900264151517238,0.1269927184582265
3.99,0.1236741628692092,0.1250920778202076,-0.08968010440135277,0.286440045663202,0.1236584378200573
4,0.1202651413528492,0.121714421624356,-0.08522953380704379,0.2818740364131604,0.1202494175715298
4.01,0.1167958845148949,0.1182717901452779,-0.08099638792680558,0.2763835396376894,0.1167801840488689
4.02,0.1132799305600223,0.114778151968411,-0.07698784756272053,0.2700269872116404,0.113264274830414
4.03,0.109729739753845,0.1112464317244563,-0.0732104368016665,0.2628655177654107,0.1097141496827233
4.04,0.1061566287929205,0.1076884337343619,-0.06967000246661659,0.2549624113900618,0.1061411249001709
4.05,0.1025707290751341,0.1041147892832007,-0.06637170472625192,0.2463825380136248,0.1025553315450193
4.06,0.09898096877401116,0.1005349277685433,-0.06332002015478588,0.2371918254147382,0.09896569761498569
4.07,0.09539507671283083,0.09695707149930211,-0.06051875792928452,0.2274567523480625,0.09537995369528496
4.08,0.09181961478031396,0.09338825346664281,-0.05797108916141835,0.2172438715108247,0.09180466120151254
4.09,0.08826002609225185,0.08983435697747749,-0.05567958860642819,0.2066193661723055,0.08824526189732962
4.1,0.08472070306028838,0.08630017564085513,-0.05364628720045583,0.1956486432933547,0.08470614698465107
4.11,0.08120507404218376,0.08278949183559042,-0.05187273308407808,0.1843959649467523,0.08119074372078933
4.12,0.07771570517790573,0.07930517147032778,-0.05036005802480009,0.1729241188691173,0.07770161722272606
4.13,0.07425441483027631,0.07584927258041707,-0.04910904551877115,0.1612941280800863,0.07424058487784657
4.14,0.07082239786505849,0.07242316509411484,-0.04812019640666571,0.1495649987316003,0.07080884059660669
4.15,0.06742035688045549,0.06902765894664353,-0.04739378765493518,0.1377935047221416,0.06740708601751555
4.16,0.06404863710662334,0.06566313762596815,-0.04692992009052616,0.1260340071346607,0.06403566570975977
4.17,0.06070736172745456,0.0623296941991533,-0.04672855136395526,0.1143383062253558,0.06069470341269412
4.18,0.05739656966252776,0.05902726689143545,-0.0467895112378045,0.1027555234857472,0.05738423640333462
4.19,0.05411634332705218,0.05575577136985166,-0.04711249739292761,0.0913320111998181,0.05410434518958951
4.2,0.05086693064606912,0.05251522701565697,-0.04769705120691309,0.08011128689838243,0.05085527588491068
4.21,0.04764885768742078,0.04930587465130626,-0.04854251425413608,0.0691339901545327,0.04763755282467075
4.22,0.0444630293397424,0.0461282834127868,-0.04964796746397548,0.05843785925091449,0.0444520792304568
4.23,0.04131081612288973,0.04298344472162569,-0.0510121558324777,0.04805772536935471,0.04130022400982081
4.24,0.03819412552876272,0.0398728516063932,-0.05263340223187796,0.03802552209570276,0.0381838930895364
4.25,0.03511545662351991,0.03679856194512915,-0.05450951417186789,0.02837030818936692,0.03510558401333452
4.26,0.0320779364862786,0.03376324454096158,-0.05663768735714497,0.01911830173059459,0.03206842288368583
4.27,0.02908533899266368,0.03077020729697666,-0.05901440961803051,0.01029292392377951,0.02907618308481208
4.28,0.02614208710539603,0.02782340711585723,-0.06163536834855937,0.001914850997793371,0.02613328558379713
4.29,0.02325323329114532,0.02492744150814186,-0.0644953640579386,-0.005997927197587904,0.02324478096227567
4.3,0.0204244237017022,0.02208752224261756,-0.06758823210537374,-0.01343004314776319,0.02041631367640462
4.31,0.01766184549086622,0.01930943170649335,-0.07090677420481278,-0.0203686832838747,0.0176540693720163
4.32,0.0149721583206435,0.01659946295535714,-0.07444270089191574,-0.02680351620858828,0.01496470638995617
4.33,0.0123624114741379,0.01396434471871433,-0.07818658585601646,-0.03272661836135748,0.0123552728787607
4.34,0.00983994824489972,0.01141115288382899,-0.08212783285173497,-0.03813239781547345,0.009833111184262222
4.35,0.007412299491630175,0.00894721020848166,-0.08625465580115554,-0.04301751677174714,0.007405751404778227
4.36,0.005087067803420019,0.006579976213148653,-0.09055407265120979,-0.04738081319131304,0.005080796183666525
4.37,0.002871806633268218,0.004316929375163758,-0.09501191352863081,-0.05122322189332135,0.002865798956046772
4.38,0.0007738949285568912,0.002165443887808371,-0.09961284370023726,-0.05454769533366466,0.000768137971914773
4.39,-0.00119959165472788,0.0001326633487659379,-0.1043404017641272,-0.05735912417936984,-0.001205111517005752
4.4,-0.003042007982909468,-0.001774626203476792,-0.1091770533403515,-0.05966425770150874,-0.003047304494828151
4.41,-0.004747263700460727,-0.003550121484204083,-0.1141042602896946,-0.06147162392861871,-0.004752350447257359
4.42,-0.006309942170764982,-0.005188123013380008,-0.1191025651877479,-0.06279144943409504,-0.006314832314164298
4.43,-0.007725411852981378,-0.006683649734931352,-0.124151690476236,-0.06363557857584146,-0.007730117880161869
4.44,-0.008989927994591317,-0.008032545033860417,-0.129230651487614,-0.06401739196551443,-0.008994461482729255
4.45,-0.01010072270141075,-0.009231572124026477,-0.1343178824691418,-0.06395172391869214,-0.01010509407904758
4.46,-0.01105608217051259,-0.01027849694970145,-0.1393913748454478,-0.06345477862642634,-0.01106029990495672
4.47,-0.0118554070758475,-0.01117215694513424,-0.1444288271971692,-0.06254404479315795,-0.01185947817887162
4.48,-0.01249925832756064,-0.01191251422893597,-0.149407806666823,-0.06123820850544237,-0.01250318854688026
4.49,-0.01298938564100643,-0.01250069206909848,-0.1543059215823102,-0.05955706412991607,-0.01299317922853382
4.5,-0.01332873759439778,-0.01293899373105589,-0.1591010049218605,-0.05752142308647368,-0.01333239710218137
4.51,-0.01352145315332757,-0.01323090310768765,-0.1637713078447313,-0.05515302040262271,-0.01352497925982465
4.52,-0.01357283449110293,-0.01338106682240725,-0.1682957019836672,-0.05247441902578998,-0.01357622586000318
4.53,-0.01348930123547933,-0.01339525779257955,-0.1726538886710562,-0.04950891195042711,-0.01349255440883645
4.54,-0.01327832657255316,-0.01328032053825712,-0.1768266128426378,-0.04628042230387197,-0.01328143589939212
4.55,-0.01294835599968506,-0.0130440988161295,-0.1807958790459183,-0.04281340162705732,-0.0129513135338335
4.56,-0.01250870987043922,-0.01269534644551618,-0.1845451667240579,-0.03913272668103002,-0.01251150503664605
4.57,-0.01196946952146345,-0.01224362246731919,-0.1880596416728518,-0.03526359520558675,-0.01197208983663001
4.58,-0.01134135145977877,-0.01169917203420356,-0.1913263602201055,-0.03123142115039584,-0.0113437826460675
4.59,-0.01063556921930485,-0.0110727946675534,-0.1943344622417222,-0.02706172999024964,-0.01063779519376484
4.6,-0.009863685167249454,-0.01037570173106939,-0.1970753486503815,-0.0227800548243805,-0.009865688070894163
4.61,-0.009037454554571481,-0.009619365158706261,-0.1995428385592413,-0.01841183404637997,-0.009039214821647157
4.62,-0.008168664084468721,-0.008815359632863784,-0.2017333010490947,-0.01398231146024559,-0.008170160551707772
4.63,-0.007268967379521537,-0.007975200534131144,-0.2036457564691201,-0.009516439817417455,-0.00727017743424041
4.64,-0.006349719798543414,-0.007110180074065386,-0.2052819425730036,-0.00503878887365572,-0.006350619563506354
4.65,-0.005421815103135865,-0.006231204075207941,-0.2066463415823359,-0.0005734592359966095,-0.005422379639120067
4.66,-0.004495526253153461,-0.005348631876804733,-0.2077461654667715,0.003855996475688295,-0.00449572995845493
4.67,-0.003580353090196667,-0.004472121819852737,-0.2085912982588389,0.008226643239832743,-0.003580170150736806
4.68,-0.002684879460034601,-0.003610484701542294,-0.2091941959497804,0.01251622151464987,-0.002684284004287274
4.69,-0.001816641345722922,-0.002771547488006287,-0.2095697462763266,0.01670319002338549,-0.001815607619230331
4.7,-0.000982008390368003,-0.001962029436985313,-0.2097350923362207,0.02076674890407004,-0.0009805109633778675
4.71,-0.0001860807159523791,-0.001187432610661787,-0.2097094253133296,0.02468683733523697,-0.0001840947212854438
4.72,0.0005673972888266677,-0.0004519485557025749,-0.2095137525433139,0.02844409882000398,0.0005698958917414454
4.73,0.001276104784094448,0.0002416173046431158,-0.2091706476527195,0.03201980842708407,0.001279138924060286
4.74,0.001939192738697262,0.0008919022792320264,-0.2087039895557484,0.03539576280447709,0.001942783932398995
4.75,0.002557312183118047,0.001499023010454792,-0.2081386967374135,0.03855415060534101,0.002561479806101274
4.76,0.003132620946475712,0.00206459135631698,-0.2075004625678344,0.04147745072353304,0.003137381602005718
4.77,0.003668768189391085,0.002591709149212751,-0.2068154964785455,0.04414843853960537,0.003674136132262862
4.78,0.004170859349998994,0.003084941742863667,-0.2061102747935579,0.04655038391882549,0.00417684636310206
4.79,0.004645399755256248,0.00355027057659324,-0.2054113039454991,0.0486674602598654,0.004652014997323206
4.8,0.005100218084509727,0.003995025300231492,-0.2047448978051359,0.05048526207442694,0.005107467922065789
4.81,0.005544370670882137,0.004427796307160059,-0.2041369699739622,0.0519912400546797,0.005552258500960472
4.82,0.005988027900221733,0.00485832881076842,-0.2036128411734963,0.05317489574604123,0.005996553971139795
4.83,0.006442344228172471,0.005297399865697661,-0.2031970613286017,0.05402770627020098,0.006451505466120055
4.84,0.006919313586897341,0.005756679976595347,-0.2029132455853286,0.05454286413570775,0.006929103420891258
4.85,0.007431613572378618,0.006248581152386246,-0.2027839233159701,0.0547149529946856,0.007442020321873355
4.86,0.007992435383715206,0.006786093452448072,-0.2028303991288951,0.05453965431360014,0.008003442938260497
4.87,0.008615307355351546,0.007382612229932306,-0.203072624998009,0.054013536621978,0.00862689631007707
4.88,0.009313914157836729,0.008051758402715992,-0.2035290828283686,0.05313394405200395,0.009326061869817603
4.89,0.01010191150366795,0.008807194169780763,-0.2042166770364389,0.05189897817132783,0.01011459213752464
4.9,0.01099273988183682,0.009662436637036198,-0.2051506369784487,0.0503075537200135,0.01100592445290044
4.91,0.01199943976916468,0.01063067182141142,-0.2063444292195681,0.04835950468753614,0.01201309619261159
4.92,0.01313447071313035,0.01172457146616296,-0.2078096796127265,0.04605572166854177,0.01314856386719876
4.93,0.01440953659066454,0.01295611502640209,-0.2095561049072913,0.04339830881348955,0.01442402840145385
4.94,0.01583541944437099,0.01433641907409672,-0.2115914531930381,0.0403907527940327,0.01585026877700429
4.95,0.01742182553574045,0.0158755762293043,-0.2139214520886163,0.03703809659754914,0.01743698605895139
4.96,0.0191772366843406,0.01758250555176089,-0.2165497634739965,0.0333471105997224,0.01919265964331129
4.97,0.02110878199461078,0.01946481612783429,-0.2194779439709501,0.02932645391640276,0.02112441735235532
4.98,0.02322212412894679,0.02152868536588326,-0.222705411330689,0.02498682028847171,0.0232379207752626
4.99,0.02552136105559467,0.02377875327315615,-0.2262294181622066,0.02034106408879705,0.02553726700627867
5,0.02800894508148161,0.02621803373434756,-0.2300450356050598,0.01540430321130326,0.02802490767659566
5.01,0.03068561980554906,0.02884784355155207,-0.2341451502033389,0.01019399663491583,0.03070158591437205
5.02,0.03355037536565317,0.03166774974262804,-0.2385204771729742,0.004729995406780652,0.0335662916045657
5.03,0.03660042209332139,0.0346755353349496,-0.243159592557578,-0.0009654333494144574,0.03661623506124734
5.04,0.03983118310558566,0.03786718363830788,-0.2480489857230859,-0.006867609086238624,0.03984683897440366
5.05,0.04323630526479144,0.04123688073804571,-0.2531731325650646,-0.01294946635167249,0.04325174825515032
5.06,0.04680768108982756,0.04477703572063463,-0.258514588911112,-0.01918160817566139,0.04682285718148915
5.07,0.05053549554038696,0.04847831793183333,-0.2640541029671968,-0.0255323834050265,0.05055035304473121
5.08,0.05440828563088136,0.05232971037552681,-0.2697707452478919,-0.0319679873938653,0.05442277531723139
5.09,0.05841301399437284,0.05631857819204461,-0.2756420541713936,-0.03845258595179585,0.05842708920741785
5.1,0.06253515556447174,0.0604307510109186,-0.2816441953262133,-0.04494846301386668,0.06254877233982453
5.11,0.06675879601419409,0.06465061785661891,-0.287752132294784,-0.05141619301220468,0.06677191319720177
5.12,0.07106674051792659,0.06896123319749214,-0.2939398068467659,-0.05781483929822828,0.07107931988880556
5.13,0.07544063135745702,0.0733444326679214,-0.3001803263039431,-0.06410218010921576,0.07545263776397071
5.14,0.07986107389457607,0.0777809569607596,-0.3064461559425515,-0.07023496345379654,0.07987247437172484
5.15,0.08430776666024038,0.08225058237978156,-0.3127093144418562,-0.07616919190625115,0.08431853027470787
5.16,0.08875963373879614,0.08673225655868344,-0.3189415706018248,-0.08186043768048845,0.08876973425685947
5.17,0.09319496569628648,0.09120423789219367,-0.3251146398192589,-0.08726418755116422,0.09320438151720811
5.18,0.09759155949857325,0.09564423728409738,-0.3312003791048649,-0.09233621625540062,0.09760027351401301
5.19,0.1019268587515216,0.1000295608942758,-0.3371709797159847,-0.09703298598766757,0.1019348582116733
5.2,0.1061780931942205,0.1043372526596913,-0.3429991567445679,-0.1013120685208714,0.1061853695840509
5.21,0.1103224164122869,0.1085442354703113,-0.3486583352152638,-0.1051325853622128,0.1103289653392644
5.22,0.1143370408560862,0.1126274499969953,-0.3541228323971856,-0.1084556601897934,0.1143428619490239
5.23,0.1181993693710479,0.1165639902912117,-0.3593680361043168,-0.1112448766259278,0.1182044661873125
5.24,0.1218871234348465,0.120331235402181,-0.3643705787498654,-0.1134667332107065,0.1218915025055072
5.25,0.1253784641355021,0.1239069763814081,-0.3691085068331448,-0.1150910862923485,0.1253821356908423
5.26,0.1286521096159761,0.127269538163888,-0.3735614453846082,-0.1160915705252608,0.1286550883700359
5.27,0.1316874482431495,0.1303978959264287,-0.3777107566937825,-0.1164459858672463,0.1316897530272207
5.28,0.134464644876758,0.1332717856248809,-0.3815396924177456,-0.1161366395244858,0.1344662983032088
5.29,0.1369647412735976,0.1358718085028798,-0.3850335379387364,-0.1151506313525426,0.1369657694297804
5.3,0.1391697505563842,0.1381795294442577,-0.3881797476304049,-0.113480071929125,0.1391701827267056
5.31,0.1410627457367651,0.1401775691094274,-0.3909680695221463,-0.1111222239905308,0.1410626141497657
5.32,0.1426279423281599,0.1418496898517811,-0.3933906577325548,-0.1080795602361976,0.1426272819245713
5.33,0.1438507751331482,0.1431808754530667,-0.3954421709839652,-0.1043597336374526,0.1438496233332726
5.34,0.1447179694148159,0.1441574047463867,-0.397119855512186,-0.09997546020869491,0.1447163657397715
5.35,0.1452176055780921,0.1447669192118655,-0.3984236107458405,-0.09494431845687479,0.1452155919441202
5.36,0.1453391794444294,0.1449984846336516,-0.3993560362417733,-0.08928847404390594,0.1453367999497909
5.37,0.1450736566565513,0.1448426468985802,-0.3999224585167508,-0.08303434211811828,0.1450709572094109
5.38,0.1444135213986922,0.1442914819976751,-0.4001309365997841,-0.07621220281755847,0.1444105493871205
5.39,0.1433528196422876,0.1433386402634459,-0.399992245331506,-0.06885578720915952,0.143349623640748
5.4,0.1418871968801549,0.1419793848405227,-0.3995198356459522,-0.06100185114621787,0.1418838263864817
5.41,0.1400139302680114,0.1402106243465985,-0.3987297712768759,-0.05268975316095775,0.1400104354647888
5.42,0.137731955046772,0.1380309396373484,-0.3976406415297687,-0.04396104975238796,0.1377283865812793
5.43,0.1350418850536716,0.1354406045452283,-0.3962734499505209,-0.03485911767651861,0.1350382938522251
5.44,0.1319460270082227,0.1324416004204356,-0.3946514789040534,-0.02542880861766122,0.1319424642437873
5.45,0.128448388850292,0.1290376242652083,-0.3928001302568672,-0.01571613746879708,0.1284449056588277
5.46,0.1245546812272401,0.1252340902225534,-0.3907467425436503,-0.005768001866600703,0.1245513283974202
5.47,0.1202723119859589,0.1210381241594214,-0.3885203851987535,0.004368072030667136,0.1202691396986663
5.48,0.1156103734663868,0.1164585510737675,-0.3861516306568059,0.01464416408340552,0.115607431063772
5.49,0.110579622287049,0.1115058750560716,-0.3836723053800981,0.02501218202509942,0.1105769580646303
5.5,0.1051924513435641,0.1061922515489991,-0.3811152211576397,0.03542407709155226,0.1051901123595536
5.51,0.0994628537718239,0.1005314516744383,-0.3785138883419104,0.04583205862438355,0.09946088566859346
5.52,0.09340637867197613,0.09453881843490364,-0.3759022130391042,0.05618881115186281,0.09340482550549467
5.53,0.08704007849501587,0.08823121464659189,-0.3733141806368277,0.06644771560270596,0.0870389825213268
5.54,0.08038244792899364,0.08162696252362417,-0.3707835284240238,0.07656307454980232,0.08038184938566706
5.55,0.07345335414619246,0.07474577490717266,-0.36834341041246,0.08649033988448152,0.07345329121378713
5.56,0.06627395901671466,0.06760867821815464,-0.3660260577864535,0.09618634018893524,0.06627446764118594
5.57,0.05886663302273634,0.06023792730668248,-0.3638624386671495,0.1056095043402706,0.05886774674817991
5.58,0.05125486132952321,0.05265691247363546,-0.3618819210624492,0.1147200775276277,0.05125661114497082
5.59,0.04346314244262039,0.0448900590471869,-0.3601119429711294,0.1234803258423509,0.04346555663929391
5.6,0.03551687998535005,0.03696272000719864,-0.3585776936141177,0.1318547258404565,0.03551998402171452
5.61,0.02744226824219872,0.02890106226017553,-0.3573018096783931,0.1398101359027599,0.02744608461503129
5.62,0.01926617222081596,0.02073194727402405,-0.3563040902880206,0.1473159467636176,0.01927072034142896
5.63,0.01101600366858636,0.01248280688218628,-0.3556012341761533,0.1543442091900094,0.01102129916076999
5.64,0.002719592164403353,0.004181515158181437,-0.3552066022397482,0.1608697374296634,0.002725646823208749
5.65,-0.00559494653393335,-0.004143742658370253,-0.355130008334773,0.1668701876858297,-0.005588124043617304
5.66,-0.01389934217688616,-0.01246460313672482,-0.3553775408322911,0.1723261115030914,-0.01389174643066482
5.67,-0.02216530298537713,-0.02075265843264257,-0.3559514171190713,0.177220984555113,-0.02215693189995716
5.68,-0.03036464791729019,-0.02897958973694631,-0.3568498728973019,0.1815412119032908,-0.03035550284085115
5.69,-0.03846943707925788,-0.03711729924878332,-0.3580670878152153,0.1852761113332378,-0.03845952287200022
5.7,-0.04645209914189612,-0.04513803953272444,-0.3595931486332801,0.1884178768573199,-0.04644142424647374
5.71,-0.05428555465347778,-0.05301453914453952,-0.3614140507818754,0.1909615248747953,-0.05427413115439572
5.72,-0.06194333415842653,-0.06072012345636624,-0.3635117387751222,0.1929048257842537,-0.06193117787541957
5.73,-0.06939968867743802,-0.06822882967762844,-0.3658641854932596,0.1942482240260204,-0.06938682081160574
5.74,-0.07662969776251685,-0.07551551515265009,-0.3684455098216474,0.1949947495811569,-0.0766161435284532
5.75,-0.08360936640642627,-0.08255595811834893,-0.3712261315403744,0.1951499238636817,-0.08359515404609469
5.76,-0.09031571292186387,-0.08932695022404558,-0.3741729617127408,0.1947216627179917,-0.09030087375170093
5.77,-0.09672684900133427,-0.09580638024806437,-0.3772496261585314,0.1937201788873728,-0.09671141744521194
5.78,-0.1028220505736151,-0.1019733085897966,-0.3804167189677262,0.1921578858718336,-0.1028060641805991
5.79,-0.1085818192751596,-0.1078080322678202,-0.3836320824693462,0.1900493045679635,-0.1085653187204971
5.8,-0.1139879345124951,-0.1132921403112347,-0.3868511096768957,0.1874109735056092,-0.1139709635799915
5.81,-0.119023496247898,-0.1184085595887558,-0.3900270650375514,0.1842613628904284,-0.1190061017916482
5.82,-0.1236729584659769,-0.1231415912746185,-0.3931114193536204,0.1806207920507628,-0.1236551906752905
5.83,-0.1279221526088095,-0.1274769382986009,-0.3960541950374615,0.1765113492923164,-0.1279040670389903
5.84,-0.131758309808846,-0.1314017242659514,-0.3988043183959289,0.1719568126031331,-0.1317399643688275
5.85,-0.1351700684628505,-0.134904504458644,-0.4013099763816864,0.166982569141609,-0.1351515226815477
5.86,-0.1381474767935442,-0.137975269639635,-0.4035189761347732,0.1616155309985368,-0.1381287918134073
5.87,-0.1406819904504255,-0.1406054434740145,-0.4053791065851087,0.1558840443682624,-0.1406632289982373
5.88,-0.1427664653137932,-0.1427878744533694,-0.4068385022955977,0.1498177890136746,-0.1427476916463623
5.89,-0.1443951464498552,-0.1445168232606233,-0.4078460104899382,0.143447664787349,-0.1443764262723411
5.9,-0.145563654178032,-0.1457879465408614,-0.4083515627279471,0.136805662001728,-0.1455450545328983
5.91,-0.1462689682018227,-0.146598278048363,-0.4083065528813732,0.129924712651609,-0.1462505573267888
5.92,-0.1465094099202664,-0.146946208121343,-0.4076642228738871,0.1228385199092276,-0.1464912578763249
5.93,-0.1462846248297905,-0.1468314623941438,-0.4063800570719922,0.1155813639591935,-0.1462668046567365
5.94,-0.1455955707488516,-0.1462550805939068,-0.4044121852885684,0.108187883132798,-0.1455781549658199
5.95,-0.1444444995358935,-0.14521939618762,-0.4017217931702303,0.1006928304404304,-0.1444275598346696
5.96,-0.1428349436815864,-0.1437280175487508,-0.3982735373948355,0.0931308069685523,-0.1428185508725078
5.97,-0.1407717055961188,-0.1417858112031949,-0.3940359617186479,0.08553597515985784,-0.1407559295176131
5.98,-0.138260849644415,-0.1393988875940099,-0.3889819085686269,0.07794175665817538,-0.1382457590347326
5.99,-0.135309697129421,-0.1365745896749145,-0.3830889196064112,0.0703805210697076,-0.1352953594598859
6,-0.1319268242793762,-0.1333214845060894,-0.3763396174805981,0.06288327354034351,-0.1319133055495195
6.01,-0.1281220631490715,-0.1296493578842726,-0.3687220598142616,0.05547935033069717,-0.1281094276450144
6.02,-0.1239065041416914,-0.12556921189573,-0.3602300554168085,0.04819613244230225,-0.123894815218847
6.03,-0.1192925031054335,-0.1210932651383733,-0.3508634320281448,0.04105878768518989,-0.1192818227278825
6.04,-0.114293690892999,-0.1162349552206208,-0.3406282450779803,0.0340900512927938,-0.1142840772648834
6.05,-0.1089249798923309,-0.1110089430128355,-0.3295369184930939,0.02731005425292304,-0.108916487373808
6.06,-0.1032025732726695,-0.1054311180043001,-0.3176083116672863,0.02073620696498885,-0.1031952522798434
6.07,-0.09714397381973519,-0.09951860400751344,-0.3048677106839073,0.01438314374794269,-0.09713787068325158
6.08,-0.09076799139290438,-0.0932897643538852,-0.2913467452805926,0.008262731256841516,-0.09076314817865566
6.09,-0.08409474799268706,-0.08676420564300524,-0.2770832342720089,0.002384141199335443,-0.08409120228934547
6.1,-0.07714567937152118,-0.07996277904239102,-0.2621209606484686,-0.003246014931199304,-0.07714346405093098
6.11,-0.06994353207723858,-0.07290757808724391,-0.2465093745601681,-0.00862349388998751,-0.06994267504058838
6.12,-0.06251235434913481,-0.06562193189980781,-0.230303220279621,-0.01374617844159537,-0.06251287872805578
6.13,-0.05487748186454434,-0.05813039273473053,-0.2135620839936004,-0.01861379354384018,-0.05487940502253907
6.14,-0.04706551395179606,-0.05045871675980618,-0.1963498631581674,-0.02322759088746584,-0.04706884690594726
6.15,-0.03910428065939465,-0.0426338369991886,-0.1787341636950188,-0.02759001243765385,-0.03910902807767785
6.16,-0.03102280041546522,-0.0346838273996361,-0.1607856365147398,-0.03170434383215898,-0.03102896058864157
6.17,-0.02285122671634148,-0.02663785702988419,-0.1425772683885306,-0.03557436824145066,-0.02285879151301495
6.18,-0.01462078297985782,-0.01852613349067544,-0.1241836437972372,-0.03920403065474332,-0.01462973779419097
6.19,-0.006363684804299655,-0.010379834699419,-0.1056801945347775,-0.04259712159867823,-0.006374008506494777
6.2,0.001886951004127328,-0.002231028319347739,-0.08714245315587299,-0.04575698810218143,0.001875286104247087
6.21,0.0100972110660197,0.005887421772771628,-0.06864532525433048,-0.04868627836891204,0.0100842393008157
6.22,0.01823250343210739,0.0139419624448251,-0.05026239419754192,-0.05138672517910337,0.01821826660253278
6.23,0.026257692150202,0.02189847200130757,-0.03206527034077422,-0.05385897157856645,0.02624223878177867
6.24,0.03413724431133924,0.02972239474669441,-0.01412299490083391,-0.05610244097851963,0.03412062911017971
6.25,0.04183539108908978,0.03737888937536454,0.003498493368941036,-0.0581152524305189,0.04181767466430092
6.26,0.04931630272329173,0.04483299094969628,0.02073682269478566,-0.05989418059195473,0.04929755129889335
6.27,0.05654427657886115,0.05204978602525262,0.03753358009812813,-0.06143465878650212,0.05652456168535214
6.28,0.06348393745939297,0.05899460027126036,0.05383462861688665,-0.06273082260939267,0.06346333559592598
6.29,0.07010044913320267,0.06563319771842391,0.0695903498506994,-0.06377559074080325,0.07007904139247401
6.3,0.07635973580542421,0.07193199054612964,0.08475581334339899,-0.0645607790162393,0.0763376074548538
6.31,0.08222871159755121,0.0778582581006817,0.09929087569067985,-0.06507724335843301,0.08220595206104353
6.32,0.08767551631408685,0.08338037361716849,0.1131602134277765,-0.06531504689344497,0.08765222001181772
6.33,0.0926697605815853,0.08846803690336674,0.1263332947295178,-0.065263646442213,0.09264602408062383
6.34,0.09718276803994419,0.09309251103712146,0.1387842957584224,-0.06491209358199845,0.09715868916778403
6.35,0.1011878196076712,0.09722686093128019,0.1504919681347209,-0.0642492455920487,0.1011634968507883
6.36,0.1046603959676126,0.100846191434927,0.1614394644765366,-0.06326398181475523,0.1046359278532844
6.37,0.107578415349601,0.1039278824706441,0.1716141292650024,-0.06194542125787961,0.1075538998080603
6.38,0.1099224638618834,0.1064518185601877,0.1810072624208566,-0.06028313761579734,0.1098979975680239
6.39,0.11167601553128,0.1084006099730177,0.1896138629299721,-0.05826736827989637,0.1116516932271018
6.4,0.1128256391532798,0.1097598026495981,0.1974323596224903,-0.0558892143241394,0.112801552954232
6.41,0.11336118806679,0.1105180740085548,0.2044643357964691,-0.05314082887675009,0.1133374277211359
6.42,0.1132759723495033,0.1106674117435541,0.210714253791863,-0.05001559171090658,0.1132526250210677
6.43,0.1125669115396969,0.1102032727529778,0.2161891848823679,-0.04650826829620436,0.1125440587340412
6.44,0.1112346574326095,0.1091247194221439,0.2208985489882457,-0.04261515194038312,0.1112123743954152
6.45,0.1092836920636472,0.1074345305960177,0.2248538677601637,-0.03833418801159466,0.1092620472708671
6.46,0.1067223961635161,0.10513928474136,0.2280685335899941,-0.03366507956100318,0.1067014508317614
6.47,0.103563085838631,0.1022494130022031,0.2305575961251514,-0.0286093739613037,0.1035428934606176
6.48,0.09982201558452121,0.09877922010203066,0.2323375669593311,-0.02317053043803796,0.09980262149560515
6.49,0.09551934606124377,0.0947468713386222,0.233426242403685,-0.01735396859780208,0.09550078704392223
6.5,0.09067907541928805,0.09017434425148174,0.2338425436583234,-0.01116709825265982,0.09066137935356067
6.51,0.08532893216490438,0.08508734391365225,0.2336063733379711,-0.004619331006415428,0.08531211892790203
6.52,0.07950023342340333,0.07951518120600476,0.2327384871667141,0.002277925790015289,0.0794843139933451
6.53,0.07322770432795585,0.07349061386727285,0.2312603797281452,0.009511291985087711,0.07321267938160836
6.54,0.06654925840599951,0.06704965057219237,0.2291941833956764,0.0170654536387137,0.06653511835961545
6.55,0.05950574332796237,0.06023131876643573,0.226562579909477,0.02492321716609225,0.05949246842456862
6.56,0.05214065212455281,0.05307739747365781,0.2233887244351033,0.03306557758680695,0.05212821257319089
6.57,0.04449980187244511,0.04563211677979362,0.2196961822563047,0.04147179976207438,0.04448815804436357
6.58,0.0366309823307536,0.03794182618487713,0.2155088784515022,0.05011951141248933,0.03662008501674391
6.59,0.02858357747712898,0.03005463448544426,0.2108510609298861,0.05898480661876349,0.0285733682088169
6.6,0.02040816328045619,0.02202002430367378,0.2057472770340365,0.06804235842103906,0.02039857477127721
6.61,0.01215608463771537,0.01388844480482421,0.2002223635564258,0.0772655390529397,0.01214704227261038
6.62,0.003879019491684591,0.005710886535856718,0.1943014495001421,0.08662654628077826,0.003870440951096565
6.63,-0.004371470606020332,-0.002461557331817854,0.1880099702970941,0.09609653427360504,-0.004379675266576788
6.64,-0.01254439647658065,-0.01057813876953484,0.1813736915530508,0.1056457474142215,-0.0125523242048946
6.65,-0.02058979825634197,-0.01858890683263936,0.17441873979589,0.115243655482856,-0.02059755234450678
6.66,-0.02845919865762264,-0.0264451587481892,0.1671716372321985,0.1248590887115165,-0.02846688804482317
6.67,-0.03610604730943338,-0.03409988499305444,0.1596593372192828,0.1344603713245294,-0.03611378584778679
6.68,-0.04348615092061953,-0.04150820314545067,0.1519092570590589,0.1440154523546602,-0.04349405660748984
6.69,-0.05055808406084818,-0.04862777530330892,0.1439493048100812,0.1534920327580536,-0.05056627824300919
6.7,-0.05728357571063442,-0.05541920394667865,0.1358078970592027,0.1628576881468236,-0.05729218203741154
6.71,-0.06362786725950841,-0.06184640127932794,0.1275139649412814,0.1720799868154743,-0.06363700960387081
6.72,-0.06956003297684711,-0.06787692731566081,0.1190969460848387,0.1811266031541866,-0.0695698359095398
6.73,-0.07505326569698154,-0.07348229228036318,0.1105867605445094,0.1899654270138175,-0.07506385408635935
6.74,-0.0800851198217646,-0.07863821925595466,0.1020137691295557,0.1985646701067385,-0.08009661816232883
6.75,-0.08463770858024554,-0.08332486344323842,0.09340871285091529,0.2068929710834815,-0.08465024031221802
6.76,-0.08869785292273859,-0.08752698488669741,0.08480263251126952,0.2149195015013579,-0.08871153974772239
6.77,-0.09225717973781011,-0.09123407205578682,0.07622676779191345,0.2226140754746888,-0.09227214093733282
6.78,-0.0953121676932091,-0.09444041425765992,0.06771243558654161,0.2299472663320373,-0.09532851945817367
6.79,-0.09786413964800189,-0.09714512148021404,0.05929088782066894,0.2368905340518097,-0.09788199442786849
6.8,-0.09991920221083389,-0.099352090917944,0.05099314957789547,0.2434163675259162,-0.09993866713523075
6.81,-0.1014881314132733,-0.1010699201083329,0.04284983900382405,0.2494984457005778,-0.1015093061750543
6.82,-0.1025862009436749,-0.1023117672934021,0.03489097112583472,0.2551118212139314,-0.1026091800848339
6.83,-0.1032329663676615,-0.1030951603099516,0.02714574834966527,0.2602331291097291,-0.1032578391699732
6.84,-0.1034519986762037,-0.1034417559927018,0.0196423409114711,0.2648408213662088,-0.1034788488788296
6.85,-0.103270572231901,-0.1033770527370652,0.01240766093047219,0.2689154251984321,-0.1032994777401176
6.86,-0.1027193108997496,-0.102930059502782,0.005467133900516674,0.2724398193646388,-0.102750343492597
6.87,-0.1018317965666133,-0.1021329251365001,-0.001155528515965121,0.2753995182666132,-0.1018650216115506
6.88,-0.1006441447767134,-0.1010205324414982,-0.007438550641906905,0.2777829490429249,-0.1006796209592846
6.89,-0.0991945526733872,-0.0996300619173246,-0.01336230634529789,0.2795817030163747,-0.09923233174945462
6.9,-0.09752282777339982,-0.09800053052333557,-0.01890952071440377,0.2807907408931272,-0.09756295141019422
6.91,-0.09566989459661898,-0.0961723111808459,-0.0240654568118942,0.2814085320678643,-0.09571239425207723
6.92,-0.09367729005885865,-0.09418663901280055,-0.02881808469948532,0.2814371128439469,-0.09372219108848628
6.93,-0.09158666342223161,-0.09208511052269958,-0.03315823011830421,0.2808820560825347,-0.09163398511377807
6.94,-0.08943927486697605,-0.08990918203235132,-0.03707970037760305,0.2797523545576639,-0.08948903041531597
6.95,-0.08727550303326179,-0.0876996737285064,-0.04057938516396181,0.2780602302181085,-0.08732769947754981
6.96,-0.08513436779520625,-0.08549628561034073,-0.04365733015775242,0.2758208895887458,-0.08518900592911982
6.97,-0.08305307432278136,-0.08333713148317545,-0.04631678155354058,0.2730522501177124,-0.08311014858840837
6.98,-0.0810665842058659,-0.08125829691006403,-0.04856419984150406,0.2697746627600836,-0.08112608258150478
6.99,-0.07920721920992617,-0.07929342671447015,-0.05040924152625775,0.2660106528694297,-0.07926912294258714
7,-0.07750430823319963,-0.07747334722884452,-0.05186470784081099,0.2617846956743337,-0.07756858566533309
7.01,-0.0759838593580594,-0.07582572801057236,-0.05294645995375802,0.2571230356677179,-0.07605047066143727
7.02,-0.07466828946646027,-0.07437478720561308,-0.0536733006590504,0.2520535524215614,-0.07473719050572164
7.03,-0.07357620596161532,-0.07314104413887595,-0.05406682306335742,0.246605669559792,-0.07364734821541796
7.04,-0.07272223620765235,-0.07214112205784995,-0.05415122732143324,0.240810299328829,-0.07279556663289666
7.05,-0.07211691041035805,-0.0713876032622266,-0.05395310698073097,0.2346998124734427,-0.07219237126700018
7.06,-0.0717665990545233,-0.07088893812778868,-0.05350120694304311,0.2283080217880897,-0.07184412770836485
7.07,-0.07167350525957897,-0.07064940878892279,-0.05282615539417657,0.2216701674917887,-0.07175303398010185
7.08,-0.07183571165855071,-0.07066914749201419,-0.05196017226593075,0.2148228931710132,-0.07191716742842547
7.09,-0.07224728177339003,-0.07094420888258635,-0.05093675687628163,0.2078042021889819,-0.07233058500915296
7.1,-0.07289841842575702,-0.07146669475352507,-0.04979035737861393,0.2006533859656231,-0.07298347509741665
7.11,-0.07377564669817527,-0.07222492907051298,-0.04855602461293407,0.1934109172413772,-0.07386235824975634
7.12,-0.07486206790527461,-0.07320368041460623,-0.04726905299248141,0.1861183032479578,-0.07495033369063187
7.13,-0.07613765067003006,-0.07438442835050407,-0.04596461127475088,0.1788178955538462,-0.07622736768923183
7.14,-0.0775795568229459,-0.07574566965196156,-0.04467736650597653,0.171552655190421,-0.07767061944558246
7.15,-0.07916249992717465,-0.0772632598010195,-0.04344110505461946,0.1643658734709424,-0.07925479962586623
7.16,-0.08085913116550918,-0.07891078473206292,-0.04228835532793074,0.157300850673411,-0.08095255628164
7.17,-0.08264044700032412,-0.08065995742128884,-0.04125001730359434,0.1504005364572092,-0.08273488256229361
7.18,-0.08447621277652141,-0.08248103363137888,-0.04035500423234528,0.1437071375086504,-0.08457154038840764
7.19,-0.08633539939852543,-0.08434324091415912,-0.03962990170422592,0.1372616994418555,-0.08643149409858286
7.2,-0.08818662361349462,-0.08621521485330869,-0.03909864878442759,0.1311036713878156,-0.08828334801537524
7.21,-0.08999856466444361,-0.08806543649640097,-0.03878224528308921,0.1252704629409837,-0.09009578189667683
7.22,-0.09174040378051784,-0.08986266498074069,-0.03869848861785452,0.1197970041388525,-0.09183797834646901
7.23,-0.09338223895059405,-0.0915763594990624,-0.03886174328659464,0.1147153198516234,-0.09348003645009739
7.24,-0.09489547927476608,-0.09317708497668442,-0.03928274571304369,0.1100541302744301,-0.09499336617028387
7.25,-0.09625321493653276,-0.09463689613659731,-0.03996844708954389,0.1058384890643834,-0.0963510583858479
7.26,-0.09743055809571417,-0.0959296950075022,-0.04092189670333346,0.1020894699860461,-0.0975282258692558
7.27,-0.09840495047813465,-0.09703155737498337,-0.04214216798842596,0.09882391169002364,-0.09850231097453621
7.28,-0.09915643396725668,-0.09792102417906301,-0.04362432912944447,0.09605422846362299,-0.09925335633572374
7.29,-0.09966788676397917,-0.098579354413319,-0.04535945944400638,0.09378829252569237,-0.0997642354494796
7.3,-0.09992520580504237,-0.09899073667188063,-0.04733471201852241,0.0920293908089761,-0.1000208406243371
7.31,-0.09991743871549286,-0.09914245711157543,-0.04953342222854484,0.09077625634491759,-0.1000122264141807
7.32,-0.09963689331253128,-0.09902502223804155,-0.05193526091174305,0.09002317152685879,-0.09973070730517475
7.33,-0.09907918906958009,-0.09863223557784462,-0.05451643015128199,0.0897601378713031,-0.09917190908375556
7.34,-0.0982432621665484,-0.09796122795448881,-0.05724989893270216,0.08997310459794272,-0.09833477396914414
7.35,-0.09713132501958262,-0.09701244173582846,-0.06010567540627781,0.09064424654474856,-0.09722152023771441
7.36,-0.09574878164698242,-0.09578957005493621,-0.06305111214911036,0.09175228071196656,-0.09583755768962893
7.37,-0.09410410082165174,-0.09429945261715944,-0.0660512406875931,0.093272810121793,-0.09419136090192931
7.38,-0.09220864958370177,-0.09255193028487702,-0.06906913160373529,0.09517868367199045,-0.09229430276919154
7.39,-0.09007649734265066,-0.09055966117078329,-0.07206627678393546,0.0974403611935416,-0.09016045134556994
7.4,-0.08772416559690389,-0.08833790146350173,-0.07500299073495315,0.100026273907332,-0.08780633346433364
7.41,-0.08517036271850745,-0.08590425464984708,-0.07783882832740135,0.1029031718091569,-0.0852506690173726
7.42,-0.08243570011670875,-0.08327839318071606,-0.08053301673909602,0.1060364510874766,-0.08251408012287775
7.43,-0.07954238069780478,-0.08048175694762805,-0.0830448996228827,0.1093904563893056,-0.0796187796907703
7.44,-0.07651387144286406,-0.07753723319067829,-0.08533439143324167,0.1129287545015246,-0.07658824410969906
7.45,-0.07337456497908744,-0.07446882264397381,-0.08736243920841535,0.1166143777253271,-0.07344687492462876
7.46,-0.07014943509480524,-0.07130129684008568,-0.08909148776196441,0.1204100368225038,-0.07021965444922351
7.47,-0.06686369115221082,-0.06805985154036864,-0.09048594218277706,0.1242783048494007,-0.06693180026248247
7.48,-0.06354243686688903,-0.06476976123312916,-0.09151261902067309,0.1281817744257645,-0.06360842347523754
7.49,-0.06021034224503716,-0.06145603954742662,-0.09214117506946018,0.1320831919813546,-0.06027419552100233
7.5,-0.05689130948386553,-0.05814311026936858,-0.09234450095182017,0.1359455732634577,-0.05695302802986757
7.51,-0.05360817666687986,-0.05485449342393045,-0.09209906641833687,0.1397323048639134,-0.05366777008725421
7.52,-0.05038243920648108,-0.05161251060282857,-0.09138520575568171,0.1434072367356624,-0.05043992686547538
7.53,-0.04723399332434854,-0.04843801338240167,-0.09018733485560793,0.146934770626731,-0.0472894032502218
7.54,-0.04418090775037589,-0.04535013828921464,-0.08849409577858419,0.1502799490843194,-0.04423427567196719
7.55,-0.04123922640128495,-0.0423660913405618,-0.08629842924184422,0.1534085492025863,-0.04129059489993925
7.56,-0.03842280431284454,-0.03950096471857972,-0.08359757956151465,0.1562871846407377,-0.03847222207063367
7.57,-0.03574317858626191,-0.03676758763694121,-0.0803930396160053,0.1588834186639019,-0.03579069971083831
7.58,-0.03320947667166792,-0.03417641293619733,-0.07669044518289453,0.1611658900991956,-0.03325515898448239
7.59,-0.03082836212126233,-0.03173544040537768,-0.07249942870026316,0.1631044531921948,-0.03087226385088887
7.6,-0.02860400694949632,-0.02945017728185056,-0.06783344246345946,0.1646703314284461,-0.02864619227734144
7.61,-0.02653811569224057,-0.02732363583693936,-0.06270956076283069,0.1658362844774953,-0.02657865410901761
7.62,-0.02462997966477258,-0.02535636741930414,-0.05714826953325025,0.1665767865444356,-0.02466894467231429
7.63,-0.02287656470078359,-0.02354653180913191,-0.05117325062334094,0.1668682135936862,-0.02291403268106817
7.64,-0.02127263130789775,-0.02189000024031329,-0.04481116588174128,0.1666890361593857,-0.02130868053654433
7.65,-0.01981088488556555,-0.02038048998140224,-0.0380914443400614,0.1660200137974174,-0.01984559466828517
7.66,-0.01848215324786748,-0.01900972793566191,-0.03104607440537777,0.1648443866924224,-0.0185156031605026
7.67,-0.01727558833782696,-0.01776764033282496,-0.02370940235777952,0.1631480595409801,-0.01730785755331987
7.68,-0.01617889009494835,-0.01664256524718843,-0.01611793822017427,0.1609197726239089,-0.01621005540500758
7.69,-0.01517854509451866,-0.01562148439417221,-0.008310169608396811,0.15815125498848,-0.01520867995444336
7.7,-0.01426007550171648,-0.0146902704349281,-0.0003263830791675471,0.1548373549087547,-0.01428925303582596
7.71,-0.01340830514458647,-0.01383394585860115,0.007791509183069201,0.1509761432879497,-0.01343659727218727
7.72,-0.01260762689360069,-0.01303694941594502,0.01600014139713934,0.1465689863990069,-0.01263510351201691
7.73,-0.01184227115060049,-0.01228340604542411,0.02425487068831556,0.1416205852934938,-0.01186899947425979
7.74,-0.01109657159580411,-0.01155739626305963,0.03250996502063824,0.1361389802868983,-0.01112261563026595
7.75,-0.01035522434181489,-0.01084322107787539,0.04071881009036438,0.1301355200743425,-0.01038064447500003
7.76,-0.009603536824824895,-0.01012565864360138,0.04883414263995256,0.1236247961591691,-0.009628389520880409
7.77,-0.008827662998489531,-0.009390209061651222,0.05680831695881361,0.1166245443029394,-0.008852000582153352
7.78,-0.008014823338930376,-0.00862332400623067,0.06459361005811926,0.1091555155569215,-0.008038692200718067
7.79,-0.007153500780761975,-0.007812618145010108,0.07214256917557715,0.1012413200615301,-0.007176942390312357
7.8,-0.006233616576502832,-0.006947059672381906,0.07940840292530665,0.09290824717821394,-0.006256669238468127
7.81,-0.005246684681135271,-0.006017137650096149,0.086345414628477,0.08418506565318767,-0.005269383297884067
7.82,-0.004185938157708478,-0.005015004254943611,0.09290947325817933,0.07510280743443026,-0.004208314113503642
7.83,-0.003046428513158521,-0.003934590457411069,0.09905851417649014,0.06569453852061136,-0.003068509661124486
7.84,-0.001825097174041074,-0.002771694091432075,0.1047530586540419,0.05599511987115385,-0.001846907910162177
7.85,-0.0005208187489124085,-0.001524039715730341,0.1099567382994651,0.04604096100919197,-0.0005423801596147748
7.86,0.0008655838465930117,-0.0001913101045442622,0.1146368082544694,0.03586976855683288,0.0008442537749056012
7.87,0.002331351816014147,0.001224850367857577,0.1187646315721279,0.02552029159643476,0.00231023803125352
7.88,0.003871828117623286,0.002720859775702578,0.1223161167747054,0.01503206548073355,0.003850919943310993
7.89,0.005480525977269572,0.00429124906633882,0.1252720912800467,0.004445155532253553,0.005459814805929331
7.9,0.007149216431162791,0.005928737451466437,0.1276185951867354,-0.006200098020693212,0.007128694579074502
7.91,0.008868038106691714,0.007624331039256693,0.1293470827088911,-0.01686333253803984,0.008847698651891944
7.92,0.01062562794761012,0.009367442705372486,0.1304545221523017,-0.02750441151113481,0.01060546453184275
7.93,0.0124092695055053,0.01114603096710831,0.1309433894580007,-0.03808366768804,0.01238927611178597
7.94,0.01420505628448116,0.01294675543546103,0.1308215547033832,-0.04856213921365993,0.01418522700069225
7.95,0.01599806750446543,0.01475514627608659,0.1301020652335333,-0.05890179712725035,0.01597839628247499
7.96,0.01777255357323014,0.01655578501199373,0.1288028330073883,-0.06906576250111246,0.01775303399229783
7.97,0.01951212820571002,0.01833249394744341,0.1269462370423577,-0.07901851149431816,0.01949275356987118
7.98,0.02119996401244478,0.02006853148179755,0.1245586543505188,-0.08872606664604388,0.02118072856287623
7.99,0.02281899443288468,0.02174679061152018,0.1216699343837871,-0.09815617285039424,0.02279989090893059
8,0.02435210896731494,0.02334999798672038,0.118312832734822,-0.1072784566381471,0.02433312821782685
8.01,0.02578234655403301,0.02486091099375798,0.1145224197500334,-0.1160645676339017,0.02576347760446912
8.02,0.02709308364609697,0.02626251047516642,0.1103354789465997,-0.1244883013473043,0.02707431378233227
8.029999999999999,0.02826821444025349,0.02753818686800891,0.1057899088784323,-0.1325257027766611,0.02824952931383373
8.039999999999999,0.02929232136392705,0.02867191773602434,0.1009241405694306,-0.1401551506312138,0.0292737051227927
8.050000000000001,0.03015083415300062,0.02964843488511043,0.09577658100387593,-0.1473574222915811,0.03013226960090198
8.06,0.03083017609321911,0.03045337948383564,0.09038509155688595,-0.1541157399044956,0.03081164488009669
8.07,0.03131789557259364,0.03107344385908672,0.0847865087193268,-0.1604157982315321,0.03129937909131331
8.08,0.03160278323749578,0.03149649889467121,0.07901621302121797,-0.1662457750357058,0.03158426368309175
8.09,0.03167497662253795,0.03171170621266894,0.07310775065391417,-0.1715963249038711,0.03165643512644312
8.1,0.03152604363239678,0.03170961455402221,0.06709251090290191,-0.1764605574937449,0.03150746058142934
8.109999999999999,0.03114905185375493,0.03148224000541844,0.06099946112424315,-0.1808340013037636,0.03113040734246864
8.119999999999999,0.03053862182446642,0.03102312995950851,0.05485493965618621,-0.1847145542345162,0.03051989610998029
8.130000000000001,0.02969096439445723,0.03032741093872127,0.04868250580757377,-0.1881024224646021,0.02967213835283428
8.140000000000001,0.02860390264440308,0.02939182063640405,0.04250284496907542,-0.1910000494824423,0.02858495822656637
8.15,0.02727687901029248,0.02821472472115433,0.03633372600378215,-0.1934120374323655,0.02725779969424313
8.16,0.02571094842364286,0.02679611911639829,0.03019000741840666,-0.1953450631560631,0.02569171965858114
8.17,0.02390875715477083,0.02513761861461528,0.02408368839440811,-0.1968077913589544,0.02388936805391401
8.18,0.02187451239109914,0.02324243281482702,0.01802400054372971,-0.197810787166173,0.02185495596391718
8.19,0.01961394125573481,0.0211153304791003,0.01201753620278545,-0.1983664299546633,0.019594212925026
8.199999999999999,0.01713423662596091,0.01876259348672377,0.006068409138786923,-0.1984888297743589,0.01711433464582951
8.210000000000001,0.01444399657749998,0.01619196162252057,0.0001784436619472474,-0.1981937469291404,0.01442392241941165
8.220000000000001,0.01155315683081698,0.01341256946986569,-0.005652611730926627,-0.1974985144298271,0.01153291552902508
8.23,0.008472917495138203,0.01043487669100363,-0.0114268499483956,-0.1964219621531048,0.008452517948015825
8.24,0.005215665390729361,0.007270592969330081,-0.01714795384030166,-0.1949843407732365,0.005195120613653126
8.25,0.001794893187426314,0.003932598862244396,-0.02282093138763602,-0.1932072430049918,0.001774220512249181
8.26,-0.001774883512980741,0.0004348637702135116,-0.02845184131581302,-0.1911135194878472,-0.001795662248814001
8.27,-0.005478211846660553,-0.003207637832234655,-0.03404751300265013,-0.1887271867701169,-0.005499068286395903
8.279999999999999,-0.00929878177142133,-0.006979010835711896,-0.03961526467091137,-0.1860733252742615,-0.009319682704833576
8.289999999999999,-0.01321950920232256,-0.01086252363408857,-0.04516262395709714,-0.1831779657597001,-0.01324041788845798
8.300000000000001,-0.01722261835256401,-0.01484069110530684,-0.05069705499769911,-0.1800679635484931,-0.0172434945581541
8.31,-0.02128972037514721,-0.0188953557087167,-0.05622569613849815,-0.176770860545048,-0.02131052046047194
8.32,-0.02540188914481202,-0.02300776611349342,-0.06175511222723445,-0.1733147357812195,-0.02542256619948002
8.33,-0.02953973383779128,-0.02715865291913444,-0.06729106518333933,-0.1697280457940525,-0.02956023786909312
8.34,-0.03368346811795303,-0.03132830117778201,-0.07283830615381276,-0.1660394565645151,-0.03370374629393957
8.35,-0.03781297588934381,-0.03549661957717454,-0.07840039207985916,-0.1622776690093674,-0.03783297283794201
8.359999999999999,-0.04190787398507054,-0.03964320629120333,-0.08397952894478194,-0.1584712401446279,-0.04192753188847731
8.369999999999999,-0.04594757303205715,-0.0437474116503187,-0.0895764433866163,-0.1546484020619344,-0.04596683026793036
8.380000000000001,-0.04991132979330296,-0.04778839792418227,-0.09519028377636984,-0.1508368808170127,-0.0499301239607039
8.390000000000001,-0.0537783037309454,-0.0517451966409177,-0.1008185513162096,-0.1470637172568626,-0.0537965726697609
8.4,-0.05752761069307059,-0.05559676398807351,-0.1064570612230344,-0.1433550917347389,-0.05754529282991694
8.41,-0.06113837509447837,-0.0593220349471989,-0.1120999336410083,-0.1397361545931708,-0.06115540980279299
8.42,-0.06458978208189806,-0.0628999769043424,-0.1177396135697042,-0.1362308642380921,-0.06460611005841155
8.43,-0.06786113055020174,-0.06630964355089036,-0.1233669187916497,-0.1328618345760038,-0.06787669420853348
8.44,-0.07093188791484038,-0.06953022994116048,-0.1289711145188059,-0.1296501935304286,-0.0709466317952766
8.449999999999999,-0.07378174756092941,-0.07254112960374359,-0.1345400132358913,-0.1266154542813332,-0.07379561875363227
8.460000000000001,-0.07639069032284307,-0.07532199461124356,-0.1400600979864355,-0.1237754007706898,-0.07640363845699177
8.470000000000001,-0.07873905018559714,-0.07785279949646517,-0.1455166671168146,-0.1211459888808151,-0.07875102721991672
8.48,-0.08080758240171795,-0.08011390986121958,-0.1508939982611321,-0.1187412645157316,-0.08081854507159841
8.49,-0.08257754239396678,-0.0820861564558929,-0.1561755291176395,-0.1165732996000275,-0.08258745252685645
8.5,-0.08403076934142301,-0.08375091541357826,-0.1613440523405559,-0.1146521467585781,-0.08403959396982702
8.51,-0.08514977666317425,-0.08509019520234939,-0.1663819216573378,-0.112985813160825,-0.0851574881293764
8.52,-0.08591784991202063,-0.08608673071450251,-0.1712712661297162,-0.1115802537131945,-0.08592442596676775
8.529999999999999,-0.08631915222169595,-0.08672408474435384,-0.1759942093165682,-0.1104393834704781,-0.08632457611703992
8.539999999999999,-0.08633883725399953,-0.08698675691912139,-0.1805330899779531,-0.1095651088187207,-0.0863430978286554
8.550000000000001,-0.08596316938033899,-0.08686029994401423,-0.1848706808916858,-0.1089573766632485,-0.08596626113441536
8.56,-0.08517965082418499,-0.08633144280635213,-0.1889904023458935,-0.1086142405395706,-0.08518157376400803
8.57,-0.08397715405472125,-0.0853882203582591,-0.1928765269311035,-0.1085319422539621,-0.08397791407872751
8.58,-0.08234605967519462,-0.08402010846725827,-0.1965143723905715,-0.1087050073570356,-0.08234566907652674
8.59,-0.08027839913185895,-0.08221816369291346,-0.1998904795032125,-0.1091263524608486,-0.08027687628484598
8.6,-0.07776799907728116,-0.07997516622021394,-0.2029927722733373,-0.1097874021344891,-0.07776536813486934
8.609999999999999,-0.0748106265845128,-0.07728576456110842,-0.205810698086521,-0.1106782128647633,-0.07480691719853277
8.619999999999999,-0.07140413340940927,-0.07414662032932856,-0.2083353459597053,-0.1117876013619801,-0.07139938047387823
8.630000000000001,-0.06754859731400817,-0.07055655120530752,-0.21055954156033,-0.113103274344022,-0.06754284072991218
8.640000000000001,-0.06324645831486565,-0.06651667004209411,-0.2124779182828452,-0.1146119568651832,-0.06323974277361855
8.65,-0.05850264759839182,-0.06203051792451758,-0.2140869643345401,-0.1162995162898049,-0.0584950223833991
8.66,-0.05332470624693213,-0.05710418888650198,-0.2153850464719186,-0.1181510791612254,-0.05331622556882998
8.67,-0.04772289296641135,-0.05174644391959693,-0.2163724117118382,-0.1201511384944441,-0.04771361576955169
8.68,-0.04171027735163244,-0.04596881187256663,-0.2170511689793493,-0.1222836494274528,-0.04170026659891202
8.69,-0.03530281548067996,-0.03978567485041495,-0.217425253201479,-0.1245321116919199,-0.0352921377728474
8.699999999999999,-0.02851940667356227,-0.0332143357729755,-0.2175003747652944,-0.1268796379883582,-0.02850813194242274
8.710000000000001,-0.02138192900073948,-0.02627506584950762,-0.2172839574835348,-0.129309008043767,-0.02137013027000667
8.720000000000001,-0.01391525154773099,-0.01899112986616386,-0.216785068213813,-0.1318027088535265,-0.01390300475377426
8.73,-0.006147221648033932,-0.0113887873669053,-0.2160143410361733,-0.1343429623230498,-0.006134605511810665
8.74,0.001891374457515491,-0.00349726803356698,-0.2149838984098572,-0.1369117421879292,0.001904278516547508
8.75,0.01016687887748739,0.004651280165329452,-0.2137072710344979,-0.1394907826676404,0.01017998671143538
8.76,0.01864285893453462,0.01302187118727161,-0.2121993172952576,-0.1420615817684605,0.01865608269813368
8.77,0.02728023040361263,0.02157679028736814,-0.210476142263318,-0.1446054024764641,0.02729347965588597
8.779999999999999,0.0360374130228179,0.0302757329847374,-0.2085550153547228,-0.1471032752614542,0.03605059523938531
8.789999999999999,0.04487051535575103,0.03907597367519056,-0.2064542850216978,-0.1495360053476295,0.04488353595598338
8.800000000000001,0.05373354813327824,0.0479325635431348,-0.2041932883405931,-0.1518841881051486,0.05374631044320499
8.81,0.06257866551822217,0.05679855702247594,-0.2017922531143021,-0.1541282356940233,0.06259107068696479
8.82,0.07135643293029485,0.06562526565715632,-0.1992721901286725,-0.1562484177689222,0.07136837981764882
8.83,0.08001611967338097,0.07436253782133168,-0.1966547734586903,-0.1582249186548008,0.08002750472555942
8.84,0.08850601422617602,0.08295906237810435,-0.1939622071528985,-0.1600379129557241,0.08851673135542104
8.85,0.09677375987687757,0.09136269398605912,-0.1912170771660696,-0.1616676610902459,0.09678370017853366
8.859999999999999,0.1047667077117366,0.09952079740981323,-0.1884421879988284,-0.1630946257831516,0.1047757590063355
8.869999999999999,0.1124322820020273,0.1073806078627052,-0.1856603840935881,-0.1642996101095288,0.1124403300066406
8.880000000000001,0.1197183591485697,0.1148896041158677,-0.1828943566026692,-0.1652639173018504,0.1197252875185694
8.890000000000001,0.1265736528223367,0.12199589085496,-0.1801664366770207,-0.1659695322041833,0.126579343038967
8.9,0.1329481022967578,0.1286485865590037,-0.1774983769215787,-0.1663993239865431,0.1329524335756714
8.91,0.1387932601928124,0.1347982130180171,-0.1749111231252884,-0.1665372694947673,0.1387961094346143
8.92,0.1440626756299481,0.1403970824997,-0.1724245787943642,-0.166368696360378,0.1440639174307966
8.93,0.1487122687525499,0.1453996785218498,-0.1700573653864309,-0.1658805446538494,0.148711775489368
8.94,0.1527006926321305,0.1497630261876139,-0.1678265814552047,-0.165061645323242,0.152698334633103
8.949999999999999,0.1559896783976745,0.1534470480951738,-0.1657475641878309,-0.1639030127772679,0.1559853244364375
8.960000000000001,0.1585443597443716,0.1564149019423307,-0.1638336571069546,-0.1623981475890373,0.158537878163262
8.970000000000001,0.1603335751319399,0.1586332961076595,-0.1620959881123876,-0.160543343269079,0.1603248339940525
8.98,0.1613301417340624,0.1600727797024469,-0.1605432626417336,-0.1583379883067938,0.1613190089853868
8.99,0.1615110989626252,0.1607080038480183,-0.1591815775233391,-0.1557848512793657,0.1614974426884614
9,0.1608579188985137,0.1605179512378825,-0.1580142618639865,-0.1528903330884617,0.1608416076788699
9.01,0.1593566812406131,0.1594861313894705,-0.1570417516314813,-0.1496646669361206,0.1593375846136015
9.02,0.1569982107914483,0.1576007393706614,-0.156261503993243,-0.1461220444382271,0.1569761998278835
9.029999999999999,0.1537781759222696,0.1548547761972612,-0.1556679557666459,-0.1422806464249378,0.1537531239087729
9.039999999999999,0.1496971469061599,0.1512461295330245,-0.1552525278536673,-0.1381625604939891,0.1496689301286183
9.050000000000001,0.1447606113098613,0.1467776137784719,-0.1550036750424234,-0.1337935747046434,0.144729112083416
9.06,0.1389789525807995,0.1414569691024267,-0.1549069788639865,-0.1292028474010251,0.1389440603526038
9.07,0.1323673885480628,0.1352968194450164,-0.1549452806707929,-0.1244224654022493,0.1323289984711004
9.08,0.1249458655467489,0.1283145899963445,-0.1550988525357049,-0.1194869142610218,0.1249038789751777
9.09,0.1167389156576853,0.1205323851244876,-0.1553456043623898,-0.1144324924626715,0.1166932407443191
9.1,0.1077754769154121,0.1119768281833839,-0.1556613261539815,-0.1092967045835085,0.1077260293051098
9.109999999999999,0.09808867857849575,0.1026788650685644,-0.1560199643879083,-0.1041176661882144,0.09803538218424013
9.119999999999999,0.08771559394762281,0.09267353380025717,-0.1563939308921716,-0.09893354665863041,0.0876583817899157
9.130000000000001,0.07669696357364904,0.08199970279307778,-0.1567544417179815,-0.09378206715676674,0.07663577865870608
9.140000000000001,0.06507689176125943,0.07069978081359596,-0.157071882513714,-0.08870006165453131,0.06501168822307168
9.15,0.05290251491872842,0.05881940192682811,-0.1573161960295118,-0.08372310108462366,0.05283326452895071
9.16,0.04022366580139981,0.04640708898563478,-0.1574572867318673,-0.07888517510071019,0.04015035455898536
9.17,0.02709251135626983,0.03351389941984406,-0.1574654371087872,-0.07421842286467584,0.02701513699188762
9.18,0.01356317718234293,0.02019305723182219,-0.1573117300650622,-0.0697529033715022,0.01348174934987978
9.19,-0.0003086329750645713,0.006499575200384966,-0.1569684717791322,-0.06551639649409435,-0.0003940924475961394
9.199999999999999,-0.01446602126786322,-0.007510128665569882,-0.1564096094450983,-0.06153422756107307,-0.01455547809529611
9.210000000000001,-0.0288512793391166,-0.02177861639867373,-0.1556111383905479,-0.05782911034125449,-0.02894468649525195
9.220000000000001,-0.04340626758133723,-0.03624781311639452,-0.1545514930959939,-0.05442100541095185,-0.04350356504774033
9.23,-0.05807278632708231,-0.0508593840073453,-0.1532119166220022,-0.05132699277545039,-0.05817390090841945
9.24,-0.07279293694842974,-0.06555510160788891,-0.1515768028769462,-0.04856115916887416,-0.07289778068147357
9.25,-0.08750947283429976,-0.08027719994011306,-0.1496340060553856,-0.04613450161481181,-0.08761793526588668
9.26,-0.1021661082849074,-0.09496871234969007,-0.1473751114844285,-0.04405484959653339,-0.1022780668604284
9.27,-0.1167078326760972,-0.1095737901886498,-0.1447956620837979,-0.04232680859718585,-0.1168231554572768
9.279999999999999,-0.1310811962421278,-0.1240379998280351,-0.1418953347306386,-0.04095172788342438,-0.1311997425087591
9.289999999999999,-0.1452345690123252,-0.1383085958528984,-0.1386780610798959,-0.03992769528524376,-0.1453561898299491
9.300000000000001,-0.159118373406137,-0.1523347686802529,-0.1351520878813096,-0.03924956143637187,-0.1592429121952579
9.31,-0.1726852893525826,-0.1660678652429698,-0.1313299726060694,-0.03890899554369887,-0.1728125824929634
9.32,-0.185890431210897,-0.1794615817911729,-0.1272285112900753,-0.03889457430099152,-0.1860203087106004
9.33,-0.1986914961760583,-0.1924721282712518,-0.1228685969383128,-0.03919190508659209,-0.1988237824296314
9.34,-0.211048888362965,-0.2050583641436473,-0.1182750086068744,-0.03978378410483796,-0.2111833989032122
9.35,-0.2229258122077727,-0.2171819058890545,-0.1134761333363116,-0.04065038964628598,-0.2230623491696528
9.359999999999999,-0.2342883182131972,-0.2288072068231359,-0.1085036253545567,-0.04176951013572949,-0.23442668501056
9.369999999999999,-0.2451053547751194,-0.2399016101875715,-0.1033920092547964,-0.04311680608032598,-0.2452453578917781
9.380000000000001,-0.255348783479399,-0.2504353768048562,-0.09817823600161524,-0.04466610438743313,-0.25549023332175
9.390000000000001,-0.2649933706398462,-0.2603816888690121,-0.09290120243076128,-0.04638972275905812,-0.2651360823229401
9.4,-0.2740167578352719,-0.2697166316891404,-0.08760124620156845,-0.04825882096385292,-0.2741605519337015
9.41,-0.2823994135507045,-0.2784191554035925,-0.08231962880016352,-0.05024377473375929,-0.2825441168388346
9.42,-0.2901245681668313,-0.2864710188390887,-0.07709801911300856,-0.05231456685352626,-0.2902700143654988
9.43,-0.297178134637408,-0.2938567178025034,-0.07197798931745875,-0.05444118876203796,-0.297324165176719
9.44,-0.3035486248578659,-0.3005634001651237,-0.0670005334762398,-0.05659404475313906,-0.3036950820479822
9.449999999999999,-0.309227039850295,-0.3065807701309985,-0.06220561744651543,-0.05874434976850357,-0.3093737691242006
9.460000000000001,-0.3142067515581952,-0.3119009840740543,-0.05763176672318748,-0.06086451095429013,-0.3143536140268045
9.470000000000001,-0.3184834026199903,-0.316518540283945,-0.05331569682578274,-0.06292848274833995,-0.3186302751160056
9.48,-0.3220547911571516,-0.3204301648802959,-0.04929198896690545,-0.06491208539983268,-0.3222015661144946
9.49,-0.3249207549185211,-0.3236346960420859,-0.04559281210757049,-0.06679327758277942,-0.3250673401692981
9.5,-0.3270830567584574,-0.3261329685563854,-0.04224769114789939,-0.06855237517217716,-0.3272293752719479
9.51,-0.3285452731966925,-0.3279277005230958,-0.03928331990353096,-0.07017221025780618,-0.328691262777152
9.52,-0.3293126876078354,-0.3290233838628882,-0.0367234166286402,-0.07163822695118444,-0.329458300561253
9.529999999999999,-0.3293921896165632,-0.3294261800690161,-0.03458861910903477,-0.0729385133087363,-0.3295373921473543
9.539999999999999,-0.3287921913926383,-0.3291438224235885,-0.03289641572715868,-0.07406377152092264,-0.3289369528986588
9.550000000000001,-0.3275225219578541,-0.3281855256692744,-0.03166110839856118,-0.07500723116559194,-0.3276668241486104
9.56,-0.3255943528814522,-0.3265619038919395,-0.03089380294622679,-0.07576451257942013,-0.3257381958998911
9.57,-0.3230201376193311,-0.3242848971320691,-0.03060242239804567,-0.07633344909934237,-0.3231635384875827
9.58,-0.3198135523218355,-0.3213677070061519,-0.03079173894952647,-0.07671387796991147,-0.3199565433679109
9.59,-0.3159894456768458,-0.3178247413870197,-0.03146342097485988,-0.0769074100800039,-0.3161320729662493
9.6,-0.3115637975094033,-0.313671567967185,-0.03261609246324315,-0.0769171884293614,-0.3117061192989165
9.609999999999999,-0.3065536856500075,-0.3089248763145863,-0.0342454034758396,-0.07674764443184984,-0.3066957708753379
9.619999999999999,-0.300977260387965,-0.3036024478281806,-0.03634411145110139,-0.07640425997147771,-0.3011191871928122
9.630000000000001,-0.294853727017053,-0.2977231328140215,-0.03890217418495617,-0.0758933416852467,-0.2949955799571352
9.640000000000001,-0.288203341110743,-0.291306833732599,-0.04190685586144077,-0.07522181239364922,-0.2883452000009098
9.65,-0.281047376591438,-0.2843744935172433,-0.04534284748782036,-0.07439702305482415,-0.2811893287291284
9.66,-0.2734081312261037,-0.276948087732529,-0.04919240251097629,-0.07342658717380623,-0.2735502727999386
9.67,-0.2653089268433851,-0.2690506192325543,-0.05343548740877213,-0.07231823831520912,-0.2654513606493258
9.68,-0.2567741060979989,-0.2607061138926857,-0.05804994590567247,-0.07107971027934024,-0.2569169393925134
9.69,-0.2478290280840169,-0.251939615926278,-0.06301167442836447,-0.06971863861868977,-0.2479723705839175
9.699999999999999,-0.2385000612575877,-0.242777181260975,-0.06829480572291952,-0.06824248148851425,-0.2386440232921762
9.710000000000001,-0.2288145721299792,-0.2332458674383078,-0.07387189733234134,-0.06665845732814246,-0.2289592629482352
9.720000000000001,-0.2188009082199046,-0.2233737185162059,-0.07971412189591442,-0.06497349654305362,-0.2189464344532471
9.73,-0.2084883772275023,-0.2131897434968928,-0.08579145688766654,-0.06319420418948052,-0.2086348380896004
9.74,-0.1979072176220764,-0.2027238868729493,-0.09207287229934058,-0.06132683064653682,-0.1980546968629918
9.75,-0.1870885345234488,-0.1920069899818544,-0.09852651570968857,-0.05937724739325495,-0.1872371140156985
9.76,-0.17606426038953,-0.1810707419839848,-0.1051198950024333,-0.05735092528656077,-0.1762140195907153
9.77,-0.1648670909085553,-0.1699476194303021,-0.1118200595820025,-0.05525291315267145,-0.1650181050921045
9.779999999999999,-0.153530406772398,-0.158670813562801,-0.1185937812281769,-0.05308781503923377,-0.1536827454771845
9.789999999999999,-0.1420881822360316,-0.1472741446916432,-0.1254077357191501,-0.05085976509712209,-0.142241907929264
9.800000000000001,-0.1305748801465473,-0.1357919632154921,-0.1322286860675322,-0.04857239972720373,-0.130730047092793
9.81,-0.1190253333750617,-0.1242590370932726,-0.1390236677101064,-0.04622882729134253,-0.1191819867030799
9.82,-0.1074746128483221,-0.1127104258326928,-0.1457601753364578,-0.04383159630254102,-0.1076327878065702
9.83,-0.09595788928772797,-0.1011813413297483,-0.1524063503056904,-0.04138266353697229,-0.09611760404093461
9.84,-0.08451027058880174,-0.08970699616935457,-0.1589311668585036,-0.03888336392202796,-0.08467152472235673
9.85,-0.07316661907182936,-0.07832244027554219,-0.1653046146591421,-0.03633438433229974,-0.07332940676565747
9.859999999999999,-0.06196138759498048,-0.06706238707533241,-0.171497874673496,-0.03373574356348474,-0.062125696735852
9.869999999999999,-0.05092843333714384,-0.0559610306081193,-0.1774834850760766,-0.03108678075522564,-0.05109424459209544
9.880000000000001,-0.04010082485888677,-0.04505185526697686,-0.1832354938362819,-0.0283861544066456,-0.04026811093128041
9.890000000000001,-0.02951064470644445,-0.03436744009431497,-0.1887295948956905,-0.02563185388537381,-0.0296793697631984
9.9,-0.0191887897884869,-0.02393925976677774,-0.1939432454108273,-0.02282122498673211,-0.0193589090469759
9.91,-0.009164771921368957,-0.01379748458744945,-0.1988557623574865,-0.01995101067022453,-0.009336231384494909
9.92,0.0005334788622956194,-0.003970781953132829,-0.2034483977917614,-0.01701740760202231,0.0003607426040830308
9.93,0.009879795019242752,0.005513878124355998,-0.2077043931288868,-0.01401613858266909,0.009705865608377939
9.94,0.01884997367264935,0.01463141079494257,-0.2116090138102176,-0.01094254035824566,0.01867494699981193
9.949999999999999,0.02742195071959634,0.02335879477350761,-0.2151495665649596,-0.007791665722158003,0.02724592558873007
9.960000000000001,0.03557595024467426,0.03167523872198852,-0.2183154020452557,-0.004558398237278882,0.03539902915640047
9.970000000000001,0.043294628443939,0.03956233303565737,-0.2210979058686072,-0.001237577369491594,0.04311691824877256
9.98,0.05056319943721858,0.04700418458057753,-0.2234904810311817,0.002175868650206914,0.0503848118638921
9.99,0.05736954079290437,0.0539875320987836,-0.2254885242912199,0.005686785301715624,0.05719059285681005
10,0.06370427682526936,0.06050184021267846,-0.2270893985267561,0.009299652927479918,0.06352489112164222
