t,z_ref_qutip,DOUBLEADAPTIVE,DOUBLEFIXED,SINGLE_SITE_TDVP,TWO_SITE_TDVP
0,1,1,1,1,1
0.05,0.9593290064350518,0.987924097077602,0.9593993727774958,0.9593290305295519,0.9593284961454459
0.1,0.8440499418656346,0.9069263027926796,0.844086710066039,0.8440500850274341,0.8440454410717447
0.15,0.6728327308145016,0.7601718191837518,0.67325479631384,0.6728331940073614,0.6728184272575936
0.2,0.4721288875982957,0.5707747529815603,0.4734600085679735,0.4721300595201561,0.4720990274962672
0.25,0.2705631219717249,0.3667533199818508,0.2720459188452268,0.2705653086308459,0.2705140584824006
0.3,0.0933616522915471,0.1753113392386175,0.09471058836829693,0.09336492882961929,0.09329340397169777
0.35,-0.04184535184925795,0.01794498397626676,-0.04094531627900078,-0.04184091183046069,-0.04192838024776646
0.4,-0.1270368533083357,-0.09263465320244618,-0.1268473684361283,-0.1270313763118741,-0.127126889468567
0.45,-0.1635030883895844,-0.1532787414438774,-0.1641355305476628,-0.163496561540849,-0.163590458498418
0.5,-0.1597100754545171,-0.169114017794865,-0.1611471800695563,-0.1597020718389344,-0.1597856697429298
0.55,-0.1281699879229511,-0.1508597068045571,-0.1302808641341367,-0.128156294770424,-0.1282269458759691
0.6,-0.08222882277000067,-0.1116172880698791,-0.08479384292016345,-0.0821940997655012,-0.08226401466503863
0.65,-0.03350638917264599,-0.06396011866386714,-0.03625955637322475,-0.03340633921647721,-0.03352045537144205
0.7,0.009611909054298666,-0.01790495585537716,0.006929730085549812,0.009881383856474532,0.009615064544337748
0.75,0.04238826515738855,0.02001913030784808,0.03998417590109832,0.04302776546535163,0.04240288424739452
0.8,0.06329172535318517,0.04672406219483399,0.06130452987956125,0.06461126655694704,0.06331159706258971
0.85,0.07308499115152105,0.06186123175123431,0.07160637563805217,0.07544685100239715,0.07310477003818355
0.9,0.07381800936401883,0.06685226867276661,0.07293079721204687,0.07747944706303347,0.07383399553237896
0.95,0.06799706397653865,0.06397904708705293,0.06779286534411472,0.07289150348584607,0.06800745989868906
1,0.05804641161618298,0.05572035487189697,0.05860294739720717,0.06362379920570303,0.05805110733856172
1.05,0.04604633663789066,0.04437454140202213,0.04738894318126252,0.05130578306368026,0.04604640310576963
1.1,0.03365623874802055,0.03190150279156179,0.03574949461217214,0.03740843783111789,0.0336533431239453
1.15,0.02212113206760088,0.01987841950726599,0.02490228613914003,0.02338622715776817,0.02211701738011274
1.2,0.01229488221206889,0.009486664480359397,0.01571144517364614,0.01067653617125062,0.01229100248865023
1.25,0.004661227977982227,0.001498060816422953,0.008672911699692198,0.0005581468931694261,0.004658554029265294
1.3,-0.0006342289170933592,-0.003730491863561114,0.003909469686853351,-0.006061249500200555,-0.0006352617779809
1.35,-0.003723045997971045,-0.006231120432039328,0.001228902040632252,-0.008849366469011098,-0.003722480135037176
1.4,-0.004921983382531477,-0.0063536815538906,0.0002571002511896348,-0.008188546750693144,-0.004920201013195791
1.45,-0.004628571047243476,-0.004653335834369221,0.0005920947050265246,-0.005211947740689552,-0.004626102288421807
1.5,-0.003232703135049606,-0.001761540180129917,0.001878430654742469,-0.001590274230292728,-0.00322997800435143
1.55,-0.001066260083843987,0.001723577366746887,0.003895707316665553,0.001059146227875595,-0.001063373334476814
1.6,0.00160585724144284,0.005308985270689015,0.006543680197824808,0.001785487740108759,0.001609372612178361
1.65,0.004571383337911136,0.00864257968715082,0.009970484651335543,0.0005567447207467421,0.004576636379864552
1.7,0.007664021515274302,0.01152122741825012,0.0142736041412368,-0.001794848078631643,0.007672723231422152
1.75,0.01079345433674009,0.01390010343502585,0.01941777182600457,-0.003795592413459899,0.01080764370269649
1.8,0.01402140826858611,0.01592714403811846,0.02540927551366906,-0.003683018070238461,0.0140430677492831
1.85,0.01766333750344271,0.01799938202864038,0.03241960818148903,0.0001840635343659762,0.01769389939405108
1.9,0.02236663578304987,0.02081503245127875,0.04047241213169511,0.009031655590817632,0.02240662083804251
1.95,0.02910566686611912,0.02537441243288363,0.04934035016698601,0.02353680862054703,0.02915445125443383
2,0.03905016735055998,0.03288508704500825,0.05881789833781093,0.04386809151060191,0.03910614491520864
2.05,0.05330824210662399,0.04455380053372709,0.06894397500520322,0.06978120944856682,0.0533690966902397
2.1,0.07260005592442481,0.06129184225896223,0.08002144870686945,0.1001512149588469,0.07266338882104395
2.15,0.09696309206811547,0.0834075007562935,0.09232526175810879,0.1328503799750453,0.09702676066141269
2.2,0.1255948412545085,0.1103867986150178,0.1062846932688941,0.1655679660193434,0.1256573977000262
2.25,0.1569013749980561,0.1408541468556527,0.1224225528568677,0.1963536005946644,0.156961872207195
2.3,0.1887435088755065,0.1727460658962963,0.1410829566932257,0.2236398462036206,0.1888013887312018
2.35,0.2187974038222456,0.2036513116457852,0.1622371955540614,0.2462637112596243,0.2188519107061279
2.4,0.2448993369562696,0.2312065402284406,0.1853577364163367,0.2635295893665068,0.2449493324768516
2.45,0.2652589198204806,0.2534153649957942,0.2093731567564324,0.275119526840361,0.2653026528767477
2.5,0.2784872834179979,0.2687912656166298,0.2325132617410777,0.2807832944139736,0.2785227304490223
2.55,0.283477616445185,0.2763023814327615,0.2520823602296151,0.2799148376711111,0.2835028881404756
2.6,0.2792463883051211,0.2751865500897466,0.2645701506261764,0.2713532542510229,0.279260379253651
2.65,0.2648691253862208,0.2647639000261227,0.2661848433209486,0.2537758170111178,0.2648719393723564
2.7,0.2396073258334353,0.2443840841379913,0.2534895377071701,0.2264381367769666,0.2396004625025189
2.75,0.2032392564443335,0.2135961291789565,0.2238698354279302,0.1896572601424741,0.2032253949209473
2.8,0.1565051461816973,0.1725266213192018,0.1762262389224434,0.1449435055359549,0.1564876090496544
2.85,0.1014975638300037,0.1223403764569623,0.1117475472202031,0.09492929626948385,0.1014796703937123
2.9,0.04180526774706104,0.06558793531658336,0.03433917297676831,0.04303820488213207,0.04178968680472273
2.95,-0.01772942716301323,0.006250034862981979,-0.04982449454891397,-0.007224198453497042,-0.01774095314875312
3,-0.07166136032077834,-0.05063112482651438,-0.133299575767022,-0.0520760589197049,-0.07166811776885967
3.05,-0.1148783651661072,-0.09971044408445157,-0.2084443260618906,-0.08695709573363751,-0.1148802524148382
3.1,-0.1435777394258223,-0.1363167654809994,-0.2682596957641333,-0.1081826601021091,-0.1435749790873599
3.15,-0.1559964863521299,-0.1573797229916374,-0.3069486745556325,-0.1138296866466046,-0.15598907512773
3.2,-0.1526626922082311,-0.1620142427503353,-0.320465052189826,-0.1038866638391079,-0.1526504008665447
3.25,-0.1360834290835305,-0.1515713213592146,-0.3072605943089887,-0.0800802339500593,-0.136065748945506
3.3,-0.1099684263327965,-0.1291418147883537,-0.2687226312709056,-0.04552377504852122,-0.1099450489289734
3.35,-0.07825028161210855,-0.09867399189194981,-0.208848113332086,-0.004296552369193159,-0.07822137248580441
3.4,-0.04422728234087007,-0.06401093933336927,-0.1334674178866491,0.0390502443674013,-0.044193863594225
3.45,-0.01010092964195109,-0.02816058685408718,-0.04933879575400324,0.08008953774575046,-0.01006484087914283
3.5,0.02298379886043934,0.006989373302463242,0.03645021558997563,0.1151251640495858,0.02302009173175035
3.55,0.05449105749642923,0.04047829005051962,0.1166515655601152,0.1416331478331951,0.05452491261383019
3.6,0.08389670772289586,0.07176167301534109,0.1841407533884162,0.1584424439688226,0.08392574192756713
3.65,0.1102435065307509,0.1001647186648235,0.2328498094402096,0.1656640126622554,0.1102658907127596
3.7,0.1320624973860536,0.1245769508697586,0.258852030632901,0.1643655237733085,0.1320770492727004
3.75,0.1476911267648717,0.1435277281266759,0.2615091316709783,0.1560775963211353,0.1476971555058987
3.8,0.1558267500179142,0.1555896663127306,0.2438032470773972,0.1423697403814219,0.1558238750251055
3.85,0.156044258649837,0.1599072392125671,0.2110163982761823,0.1246784544372379,0.1560322257471393
3.9,0.1490275831032458,0.15659075518736,0.1696564228841159,0.1043627168324911,0.1490063169668138
3.95,0.136405092390946,0.1467804512518611,0.1262353413182496,0.08285625120684344,0.1363748559401458
4,0.1202652190366131,0.1323442937846462,0.08622409098068556,0.0617514630400359,0.1202269047083924
4.05,0.1025708020910237,0.1153443631555228,0.05330618801865755,0.04265947887134926,0.1025260955970414
4.1,0.08472076843192684,0.09750808085663198,0.02903097827507495,0.02687982637705009,0.08467213663896911
4.15,0.06742041489537021,0.07991778765697316,0.01302515813888877,0.01513959685197548,0.06737080925505567
4.2,0.05086698285798676,0.06301104996427181,0.003627129203010671,0.007595121955958887,0.05081936327313574
4.25,0.03511550099847516,0.04684364328376034,-0.001282775681588744,0.003973758374445304,0.03507231184528947
4.3,0.02042446461371453,0.03146032578864955,-0.003536664752089858,0.003687364241056815,0.02038723984208157
4.35,0.007412333567828298,0.01718476301007671,-0.004394654336491999,0.005921422978981516,0.007381570752318489
4.4,-0.003041974905318961,0.004695076892974548,-0.004572406245967275,0.009744128249724725,-0.003066661566280493
4.45,-0.01010069519964893,-0.005140425973505947,-0.00430028494481971,0.0142460182364796,-0.01012018153165661
4.5,-0.01332871013880288,-0.01158962128537,-0.003593637665428639,0.01867428019860857,-0.01334390972687249
4.55,-0.01294833474226123,-0.01439144434276873,-0.002454111799137682,0.02254023381050509,-0.01295980723720436
4.6,-0.009863667450221466,-0.01394007680386938,-0.0009326922977659358,0.02574449044525726,-0.009871453640742822
4.65,-0.005421807255414256,-0.01122495186765882,0.0007688647143316851,0.02868344193877569,-0.005425491955447004
4.7,-0.000982013307913367,-0.007533046071078631,0.002621014520760689,0.03215200425836189,-0.0009810044523678729
4.75,0.002557293393594028,-0.004007176114935729,0.005011209284668749,0.03704203485404273,0.002563406233942134
4.8,0.00510017543412717,-0.001215713312757605,0.00862880768021923,0.04403928085484252,0.005111319298284955
4.85,0.007431558281851813,0.001100949327862921,0.01432247845473833,0.0534260308996531,0.007447013251666079
4.9,0.01099265574678301,0.004001605025164001,0.02286394079086851,0.06497611476834168,0.01101113557681477
4.95,0.01742173845832479,0.009032357539884572,0.03474158752438611,0.07791557972831691,0.01744157912273192
5,0.02800883603375475,0.01772596319557862,0.05006714547202268,0.09095787413049465,0.02802834127509535
5.05,0.04323620812399524,0.0310687189834391,0.06854010377311515,0.102414003222548,0.04325387419405746
5.1,0.06253505270193636,0.04909890168335118,0.08940120930629658,0.1103559502404284,0.06254978175491077
5.15,0.08430768733313541,0.07074516688342808,0.1113917746668336,0.1128662513959647,0.08431876910005937
5.2,0.1061780238632748,0.09392959657304994,0.1326866601929144,0.108341011098096,0.1061850976244232
5.25,0.1253784195967897,0.1158882333591665,0.150898329344723,0.09575456525184688,0.1253813225692172
5.3,0.1391697215379313,0.1336150836342281,0.1634402925015228,0.07496779378321039,0.1391684146064365
5.35,0.1452175916271609,0.1443226222356256,0.1680934905084245,0.04711922134891561,0.1452121181131963
5.4,0.1418871915685622,0.145838982799352,0.1633353302898617,0.01486443159582311,0.1418777267257345
5.45,0.1284483833754246,0.136901369135869,0.1483749520711783,-0.01778861820493036,0.1284353280068026
5.5,0.1051924406521107,0.1173319615331016,0.1230301008638541,-0.04610906932070437,0.1051765203796642
5.55,0.07345332940105921,0.08809588712319877,0.08763591409856453,-0.06561261732274259,0.07343567307497284
5.6,0.0355168373368062,0.05123571398620308,0.04313743733998254,-0.07305232924818715,0.03549898759900133
5.65,-0.005595011105818788,0.009676048192111097,-0.008724458846624039,-0.06711170346233744,-0.00561115282458613
5.7,-0.04645218640491588,-0.03309069567090317,-0.06528721669547205,-0.04866997646569081,-0.04646451818340031
5.75,-0.083609475181234,-0.07340094597638291,-0.1228436358833772,-0.0206137643941555,-0.08361592796952855
5.8,-0.1139880592970937,-0.1078400471043583,-0.1766816270898647,0.01276313701410104,-0.1139869371883725
5.85,-0.1351702053701905,-0.1336137133143939,-0.2214908486121308,0.04666380184681592,-0.1351605227301341
5.9,-0.1455637897663134,-0.1488041577385997,-0.2520022382565859,0.07682233918302993,-0.1455456173006844
5.95,-0.1444446298382651,-0.1524758477023367,-0.2637042370235781,0.1003272188565221,-0.144419228909284
6,-0.1319269314627567,-0.144647164444463,-0.2536471728209908,0.1159167151084743,-0.1318967259818479
6.05,-0.1089250611442385,-0.1261861362640043,-0.2211800935247288,0.1237639093350724,-0.1088932426369923
6.1,-0.07714572102320927,-0.09869320624505806,-0.1683955877018876,0.1249915122865974,-0.07711567677023601
6.15,-0.03910428152898959,-0.06441092328709463,-0.1000687163941366,0.1211816140410536,-0.03907882421049041
6.2,0.001886990710126728,-0.02616389352662452,-0.02305436887663037,0.1140582716219187,0.001906296202066615
6.25,0.04183547062804978,0.01271022552461942,0.054648946996943,0.1053175192550708,0.04184873713773946
6.3,0.07635983747194491,0.04849839848726861,0.1248710304558351,0.09644445337471864,0.07636887031813555
6.35,0.1011879418938279,0.07737899837060647,0.1802924276680095,0.08845209795590538,0.101195726165957
6.4,0.1128257549716047,0.09584932614795605,0.2155738321958566,0.08165555803331299,0.1128355871190992
6.45,0.1092838031737312,0.1012871123588007,0.2281739476859106,0.07564070929098209,0.1092981464298537
6.5,0.09067916106774954,0.09255162658931093,0.2185493556336136,0.06937650705539639,0.09069867824933603
6.55,0.05950581340477764,0.07045826485729478,0.1898183890101559,0.06133421033609265,0.05952873424609928
6.6,0.02040821316221318,0.03793582554558972,0.1470461739044817,0.04969121336712889,0.02043040089667403
6.65,-0.02058974918820278,-0.0002754295658829453,0.0963407625443875,0.03268251702413671,-0.02057410753249844
6.7,-0.0572835214490859,-0.03841238227457822,0.04394652740616684,0.008986461459179735,-0.05728064317371301
6.75,-0.08463762295945339,-0.07083412573288955,-0.004517207764931919,-0.02187606833380276,-0.08465269867740072
6.8,-0.09991908356423294,-0.09325201561989815,-0.0445725119139001,-0.05917315939555378,-0.0999549992863687
6.85,-0.1032703905671386,-0.1037012631655441,-0.07308831239125879,-0.1008052689863373,-0.1033270582133191
6.9,-0.09752259635309503,-0.1029495199149011,-0.08836839775478766,-0.1434927140305644,-0.09759699128671623
6.95,-0.08727518880024826,-0.09418512799421314,-0.09021282481480442,-0.1832777082387725,-0.08736216306598343
7,-0.07750393977182157,-0.08204513911930267,-0.07978368632811361,-0.2161723736556422,-0.0775974616235684
7.05,-0.07211645385107213,-0.07125917710969726,-0.0593134232384378,-0.2387750067410203,-0.07221096080906247
7.1,-0.07289791295410583,-0.06531859302196863,-0.03193749336564988,-0.2487951312097234,-0.07298934881352187
7.15,-0.07916191948802534,-0.06557763397587824,-0.001355579039720334,-0.24550866268924,-0.07924817211954183
7.2,-0.08818601252980932,-0.07104920732905273,0.02858501880116693,-0.2300146924590251,-0.08826679449998509
7.25,-0.09625256607905437,-0.07892891481918463,0.05423653658898697,-0.2050285020495186,-0.09632869099810204
7.3,-0.09992456070546721,-0.08564848596585778,0.07257131205549305,-0.1742295887580344,-0.09999721020321178
7.35,-0.09713069627940392,-0.08809405357310296,0.08172833393284107,-0.1415430294895196,-0.09720056515504649
7.4,-0.08772358148218479,-0.08457899480729464,0.08134024984522964,-0.11060321121797,-0.08779064823588367
7.45,-0.073374043414353,-0.07526999919125893,0.07245403801341277,-0.08429247475692438,-0.0734374421456917
7.5,-0.05689085774274886,-0.06197464509428696,0.0572622528398391,-0.06428516019942473,-0.05694939824800266
7.55,-0.04123885231216112,-0.04741222467568912,0.03873348945036276,-0.05073714372435312,-0.04129136756829382
7.6,-0.02860369830924023,-0.03425155634281829,0.02012813696342053,-0.04232973021422605,-0.02864958967093117
7.65,-0.01981063641107882,-0.0242553353279461,0.004462550140835519,-0.03674934378997555,-0.0198499427087741
7.7,-0.01425986678834038,-0.01780674127039683,-0.00588158821791207,-0.03144948032116253,-0.01429326811777037
7.75,-0.01035504651905648,-0.01394816178686176,-0.009405863138332693,-0.02441500809359396,-0.0103835296009292
7.8,-0.006233453583297022,-0.01088611744672596,-0.005742110007899426,-0.0146984771722802,-0.006258097980020139
7.85,-0.000520667792021473,-0.00675634757332183,0.004222294928714732,-0.002594404869436461,-0.0005424627907245627
7.9,0.007149362959343338,-0.000365385260015505,0.01841319874656433,0.01057086356005106,0.00712941107325149
7.95,0.01599820658236822,0.008342442292267549,0.03395073299909668,0.022921750537345,0.01597891321570788
8,0.02435224487457271,0.01822640294381439,0.04769190218889102,0.03262370934580519,0.02433203906949538
8.050000000000001,0.03015096456860697,0.02727631400785879,0.05658016272145233,0.03844956851190358,0.03012794202933322
8.1,0.03152617496995106,0.03318172665710811,0.05802433428871545,0.04017314995610279,0.0314983850278876
8.15,0.02727701155504147,0.03395125565628382,0.0503710427253935,0.03861832814132227,0.02724304898564089
8.199999999999999,0.01713437712606605,0.02840122498418735,0.03326958220515053,0.03532975031786897,0.01709400260271399
8.25,0.001795039150802482,0.01640845648052702,0.007838092364799709,0.03203616204222846,0.001749677140164274
8.300000000000001,-0.0172224659206639,-0.001084932562195162,-0.02341373216710574,0.03016751454763014,-0.01726966007276853
8.35,-0.03781282642156659,-0.02225531280704518,-0.05692537743314141,0.03062757280581617,-0.03785736177312415
8.4,-0.05752747029553093,-0.04468010867888522,-0.0886507918213707,0.03383661096249941,-0.05756438815731257
8.449999999999999,-0.07378162837996689,-0.06563094685786103,-0.1145816371768476,0.03987019120389915,-0.07380659193050254
8.5,-0.08403067842773096,-0.08232552021379547,-0.1312256393627598,0.04850811595910774,-0.08404101528895092
8.550000000000001,-0.08596311309579671,-0.09214112876963754,-0.1361012326474701,0.05914704087401677,-0.08595851917311853
8.6,-0.07776797843466017,-0.09282863419967585,-0.1280998721183847,0.07066085234553129,-0.0777506787342368
8.65,-0.05850265970199903,-0.08277771776389786,-0.1075679358914643,0.08134949326076761,-0.05847701694785939
8.699999999999999,-0.02851944525969466,-0.06135685289490023,-0.07642130334142533,0.08907915513924436,-0.02849112705121948
8.75,0.0101668228599445,-0.02929014643135563,-0.03806886416733679,0.09162292420954457,0.01019185289402563
8.800000000000001,0.0537334858541163,0.01103703929742894,0.003078321124194316,0.08711804609176234,0.05374985821149458
8.85,0.09677370414888123,0.05550001847344888,0.04207673853693378,0.07448945626737874,0.09677721839360931
8.9,0.1329480687550144,0.09852174584179496,0.07398546343260592,0.0537047257181416,0.1329358173199987
8.949999999999999,0.1559896855179307,0.1337621389551882,0.09454885264661828,0.02581959069737584,0.155959850294889
9,0.1608579870801683,0.1551239230795198,0.1007538531282055,-0.007141165288117625,0.1608094625841507
9.050000000000001,0.1447607640342208,0.1578749933750171,0.09121847570387398,-0.0424282795251935,0.1446928553273068
9.1,0.1077757334926248,0.139612859566735,0.06639357820407482,-0.07694468571340274,0.1076881660142559
9.15,0.05290289352224468,0.1008143803538178,0.02851059882062656,-0.1077248745616346,0.0527960425986907
9.199999999999999,-0.01446551399379603,0.044818387101829,-0.01868251103636165,-0.1324011939983764,-0.01459004167497818
9.25,-0.08750883864997691,-0.02275931943467191,-0.07031663415608225,-0.1495097280805462,-0.08764789586265814
9.300000000000001,-0.1591176238537569,-0.09502068343764175,-0.1210405559347956,-0.1585968020977906,-0.1592662606286929
9.35,-0.222924973305794,-0.1649251717064049,-0.1656505030823969,-0.1602572934652833,-0.2230770355131921
9.4,-0.2740158488700855,-0.2262961858924961,-0.1995497235503049,-0.156092703870122,-0.2741647284165596
9.449999999999999,-0.3092260984714392,-0.2744879258518736,-0.2191625940718834,-0.1484271556357334,-0.3093661988032513
9.5,-0.3270820897198088,-0.306634210913024,-0.2222231096296687,-0.139827681589278,-0.3272098589970586
9.550000000000001,-0.3275215605704883,-0.3215400171403982,-0.2079006425608151,-0.132587943182111,-0.3276364624802054
9.6,-0.3115628234358331,-0.3193684646975645,-0.1768688622478522,-0.1282534254974068,-0.311667264216515
9.65,-0.2810464096179185,-0.3012916126322879,-0.131232992669474,-0.1272366148815441,-0.2811451783487248
9.699999999999999,-0.2384990625128732,-0.2692311305373168,-0.07426423448706798,-0.1286530895228674,-0.238597935809137
9.75,-0.1870875240039531,-0.2257340927776442,-0.01007243932941498,-0.1305020473000123,-0.1871918218554184
9.800000000000001,-0.1305738118223159,-0.1739433052018637,0.05671050496206698,-0.1301568813578068,-0.1306870027605483
9.85,-0.07316552901813399,-0.1175665569040575,0.1212623622003538,-0.1249802836162551,-0.07328846894512414
9.9,-0.01918763322760126,-0.06073890509229668,0.1788967575954905,-0.1129050852387905,-0.01931848418400445
9.949999999999999,0.02742311462721655,-0.007704113514602484,0.2254632911937451,-0.09288688958679339,0.0272883084988802
10,0.06370549124938786,0.03768303911098925,0.2578184286915237,-0.06519111780682965,0.06357173273083455
10.05,0.08817443999280301,0.07253856604868425,0.2742126960813165,-0.03152250321707449,0.08804675896320752
10.1,0.1010564236203984,0.0954492173849249,0.2744742488387458,0.005062202141846139,0.1009389024242578
10.15,0.104147248977906,0.1067111996521305,0.2598551768312077,0.04055453206499976,0.1040427245014863
10.2,0.1003067935589064,0.1081941283932226,0.2327124870379587,0.07065785356789135,0.1002166695413934
10.25,0.09273228481967338,0.1028377357711981,0.1961349908282667,0.0915324615962696,0.09265696779824067
10.3,0.08423019434023245,0.09391825434474571,0.1535923358594818,0.1004301599009686,0.0841692216226313
10.35,0.07669297269428284,0.08430584173632716,0.1087129253911858,0.0961473445775167,0.07664542324645851
10.4,0.0709011459159027,0.07592754670428836,0.06511421365687398,0.07930133859426775,0.07086557386865305
10.45,0.0666469815971443,0.06956027662255954,0.02609760281371881,0.05230795120248406,0.06662159427652592
10.5,0.06307932308994214,0.06495476120170229,-0.005741400847651512,0.01897533020165312,0.06306196456314467
10.55,0.05912646399399032,0.06119231391018287,-0.02879656589942559,-0.01614847628565498,0.05911490338628339
10.6,0.05387542853154992,0.05713135797144775,-0.04253376672462572,-0.04849737962279703,0.05386762654080557
10.65,0.04683718424065673,0.0518112280613377,-0.04740779652390692,-0.07418216399227791,0.04683161937015123
10.7,0.03807733745031543,0.04473145646880317,-0.04469252201675455,-0.09053395600348829,0.03807317159561008
10.75,0.02821665419813339,0.03598143648184887,-0.03627073237289613,-0.09632739548640795,0.02821368561305043
10.8,0.01831051052481629,0.02622954060181371,-0.02440509231882337,-0.09164915611087242,0.01830894653769888
10.85,0.009619945547878933,0.01658672584151011,-0.01139658124310711,-0.07764333370720793,0.009620056147000233
10.9,0.003305717153238242,0.00836100012558405,0.0007788847576857272,-0.05636515649492677,0.003307534820265801
10.95,0.0001096224795098215,0.002737396064571795,0.01075447597962986,-0.03064873505495895,0.000112746863795754
11,0.0001141248612109519,0.0004492202177533988,0.01789541132367417,-0.003768812442740079,0.0001176825161401385
11.05,0.002668549137624267,0.001533108622667978,0.02225909234191842,0.02110021781737005,0.002671248684397276
11.1,0.006526562189442095,0.005257276354310725,0.02450394205845252,0.04141794696562739,0.006526782457334013
11.15,0.01016725755236914,0.01026693736137818,0.02573395863009009,0.05560282847096568,0.01016311065546499
11.2,0.01220022677198586,0.01491981338765469,0.02720397108361844,0.06310290566059391,0.01218957968288598
11.25,0.01171616735309858,0.01771530153453071,0.02999862703514966,0.06426970103650101,0.01169667008822178
11.3,0.008458675458786433,0.01767100732188159,0.03481958134484653,0.06005652090768195,0.008427832320996698
11.35,0.00275719435807621,0.01451287049346156,0.04187490892348467,0.05158201113461923,0.00271254135797927
11.4,-0.004748111519861742,0.008614795737991787,0.05080887442285115,0.03974996565017621,-0.00480874571102341
11.45,-0.01347767369648139,0.0007130985491221598,0.06071567993518834,0.02511742773775968,-0.01355585924708713
11.5,-0.02322946794234085,-0.008490775425453512,0.0702772750281202,0.007981700071143058,-0.02332588169803707
11.55,-0.0343111854715745,-0.01868004312435911,0.07801112227364793,-0.01146382505156514,-0.03442546213120495
11.6,-0.04742875975964662,-0.03008717243232895,0.08256422105522476,-0.03300200821949573,-0.04755942250068479
11.65,-0.06336545248024986,-0.04340165246997618,0.08293040139417052,-0.05633566898649778,-0.06351013285261897
11.7,-0.08256503977493579,-0.0594481110684838,0.07851915761225414,-0.08104559791724236,-0.08272065986970328
11.75,-0.1047658315494976,-0.07874766163974267,0.06913328420962456,-0.1064877500664581,-0.1049291165746027
11.8,-0.1288152515268933,-0.101114604361199,0.05496757733568169,-0.1317372775193859,-0.1289829623340082
11.85,-0.152733099701485,-0.1254378613373955,0.03668654002147709,-0.1556566381812687,-0.1529025605839088
11.9,-0.1740186615209816,-0.1497339236672982,0.01542211893515688,-0.1770004081760108,-0.1741877532142225
11.95,-0.1901264977348498,-0.1714627003894431,-0.007341727490327909,-0.1944889782359476,-0.1902938786166319
12,-0.1989955033540525,-0.1880242383483529,-0.02987473935950502,-0.2068618942584861,-0.1991601688884336
12.05,-0.1994988963479978,-0.1973129530633247,-0.05039646919314833,-0.212977615960062,-0.1996600073706293
12.1,-0.1917034442963029,-0.1981869987229752,-0.06730903072544508,-0.2120083096227519,-0.1918596454197126
12.15,-0.1768676120668829,-0.1907322453217773,-0.07932033663156135,-0.2036360610552652,-0.1770168601569601
12.2,-0.1571765173550179,-0.1762543308419408,-0.08548242318580479,-0.1880965349682592,-0.1573157332318124
12.25,-0.1352770432781891,-0.1570014468952474,-0.08522225029954111,-0.1660389053922813,-0.1354024855334801
12.3,-0.1137311240523643,-0.1356761052680462,-0.07835690810898333,-0.1383146975312957,-0.1138387275930189
12.35,-0.09451808147557449,-0.1148639161574605,-0.06510591371090824,-0.1058565338747664,-0.09460437153989704
12.4,-0.07869537715553397,-0.09651579848152902,-0.04613274993871408,-0.06972377716465866,-0.07875812851790293
12.45,-0.06627265312883687,-0.08159686531093335,-0.02255179161153265,-0.03125524652895903,-0.06631167185515419
12.5,-0.05630018695006433,-0.0699656739270238,0.004147462393646495,0.007803281973361054,-0.0563175350095183
12.55,-0.04713145124277784,-0.06049154257221995,0.03220787132574665,0.04532398073332432,-0.04713141874980836
12.6,-0.03680556875955089,-0.05136927958232496,0.05972199780476656,0.07902720017895147,-0.0367940730602192
12.65,-0.02349458215483567,-0.04055778036208968,0.08479653558179873,0.1068255401689028,-0.02347830951505114
12.7,-0.005962257186451249,-0.02626648439171919,0.1057275494739945,0.1270911748198183,-0.005947597805904703
12.75,0.01602882088174159,-0.007418861914086028,0.1211448797208782,0.1387665558532536,0.01603675969119339
12.8,0.04144227304965843,0.01597954877405416,0.1301138874471495,0.1414355820879764,0.04144035882983532
12.85,0.06791514478696732,0.04263571595103033,0.1321400205043138,0.1354098230559264,0.06790250898604561
12.9,0.09199906091729806,0.06998892536936729,0.1271549420270642,0.1217437069531873,0.09197690036352169
12.95,0.1097093396297148,0.0945011595067704,0.1155164384277571,0.1021433033358549,0.1096803797259877
13,0.1173088708544342,0.112215869676463,0.09804488299607372,0.07875968194542697,0.1172766272161038
13.05,0.1121654730044143,0.1195125513765052,0.07602553110957888,0.05389581291740534,0.1121335290443117
13.1,0.093470305436469,0.1139087907118097,0.05112228460064117,0.02971973344873647,0.09344176376100505
13.15,0.06261694145304786,0.09471907762055892,0.02525220621576979,0.008053583697214478,0.06259407630832647
13.2,0.02311783896742148,0.06339673792977507,0.0004267979372210018,-0.009739002390856549,0.02310199544460195
13.25,-0.01994557723927438,0.02344591407351404,-0.02149415105910074,-0.02276709676854519,-0.01995398070510701
13.3,-0.06082010436184622,-0.02010504631478288,-0.03910518691160408,-0.03056368975888156,-0.06082144062678629
13.35,-0.09411617649557022,-0.0615611238140773,-0.05163174086296768,-0.03301176341920592,-0.09411149277585384
13.4,-0.1157426095873915,-0.09555727318406881,-0.05890449056185748,-0.03026283961837955,-0.1157334425191686
13.45,-0.1235377104927212,-0.1179698552302829,-0.06123045615409878,-0.02269087221680708,-0.1235259458588248
13.5,-0.1174845501912664,-0.1265496680713904,-0.05928816528292485,-0.01091178178623038,-0.1174722183298244
13.55,-0.09951215396214763,-0.1211660754644788,-0.05404919967039351,0.004176922179391697,-0.09950124557349893
13.6,-0.0729847945461333,-0.1036502218255294,-0.04668716284890639,0.02139163348042363,-0.07297701494690806
13.65,-0.04203516793942537,-0.07731649902238885,-0.038464484956161,0.03928682800496078,-0.04203170260925454
13.7,-0.01089426289908163,-0.04630374808613358,-0.03059480236496703,0.05621324065413581,-0.01089556382219342
13.75,0.01667503548561165,-0.01488925306208977,-0.02409518627795798,0.07048085448842238,0.01666936541550468
13.8,0.03779111431105985,0.01310026277631227,-0.0196689448535613,0.0806316228167889,0.03778225304109384
13.85,0.0507058036668189,0.03471136106810341,-0.01763357560258877,0.08567711549678259,0.0506954555870246
13.9,0.05490373170235891,0.04811352607883523,-0.01788451707535194,0.08518054688235945,0.05489366921864441
13.95,0.05105569648780692,0.05269962406060552,-0.01991640320458415,0.07921862934883921,0.05104724759425566
14,0.04083200325064436,0.04905256545362685,-0.02285729954695043,0.06831914525956098,0.04082558113905543
14.05,0.0265918939936918,0.03878776540852369,-0.02553755748918918,0.05341651488013072,0.02658675093977708
14.1,0.01098608787433139,0.02427857883577206,-0.02665693745058118,0.03577413837257403,0.01098034531230191
14.15,-0.003469849196411077,0.008280823787463254,-0.02500564305793596,0.01679309363637022,-0.003478870637243059
14.2,-0.01478343167881451,-0.00650484411400154,-0.01966731544488309,-0.002271907078189862,-0.0147986911619189
14.25,-0.02177219554333687,-0.01786985167634397,-0.01020837969194011,-0.02051106285205313,-0.02179634610133574
14.3,-0.02420580401117881,-0.02445690371443077,0.003130416302866312,-0.03738699037742397,-0.02424069921329336
14.35,-0.02278449755248335,-0.02597076239122054,0.01927365469026643,-0.05268128689875245,-0.02283089394857074
14.4,-0.01896074256220854,-0.02319676588297231,0.03627946243353081,-0.06639464836093018,-0.01901820823080635
14.45,-0.01463455620781382,-0.01781811150523882,0.05154692498160268,-0.07855448942141667,-0.01470159843867747
14.5,-0.01177458365196282,-0.01206186378175761,0.06224753260699112,-0.08896251439408243,-0.01184880529435162
14.55,-0.01203395077177909,-0.008237654204487022,0.06579863730774926,-0.0970411429947919,-0.01211229511577316
14.6,-0.01643826911639001,-0.008263501317155586,0.06031525595306042,-0.101889078304455,-0.01651707113957168
14.65,-0.02521221101332515,-0.0132843587489484,0.0450058792875796,-0.1024871920112385,-0.02528733449711351
14.7,-0.03777975694462601,-0.02346686033951589,0.02041303408758771,-0.09794685118793657,-0.03784656951729476
14.75,-0.05292313481284315,-0.0380095362177133,-0.01155766883001086,-0.08772631627719961,-0.05297680017829287
14.8,-0.06903922045268227,-0.05535200981172034,-0.04777929354410287,-0.07176325749179945,-0.06907506489124737
14.85,-0.08440589398774248,-0.07351267448768417,-0.08427490643146107,-0.05053103597757629,-0.08442022962169682
14.9,-0.09738342418736441,-0.09044666673017043,-0.1168086528704259,-0.02504883263659692,-0.09737443992835315
14.95,-0.1065182122385443,-0.1043224716898338,-0.1415237714045863,0.003143279300470966,-0.1064869234953159
15,-0.1105724736584713,-0.113660231253898,-0.1554731239348915,0.03201925515989285,-0.1105232628760692
15.05,-0.1085435150119199,-0.1173417047242552,-0.1569642338242412,0.05910507546957367,-0.1084840157182415
15.1,-0.09974212324460914,-0.1145651133084721,-0.145756651058881,0.08158760048979059,-0.09968231978676328
15.15,-0.08396524788454211,-0.1048416674820479,-0.1230634282746658,0.0966078639565698,-0.08391580190529857
15.2,-0.06173598205120443,-0.08809665996784671,-0.0913345370093907,0.1017854578521323,-0.06170624362472832
15.25,-0.03452107568962441,-0.06486972386325229,-0.05396005520382374,0.09585869748377532,-0.03451718904685219
15.3,-0.004801910537869234,-0.03654212179933736,-0.01485324403079746,0.07915447200982706,-0.004825611981586375
15.35,0.02410698141435021,-0.005468669704245088,0.0221032680519162,0.05359273398256142,0.02405855873445706
15.4,0.04852558315260087,0.02511083029478223,0.05354615652076106,0.02220587721177436,0.04845906687076967
15.45,0.06509118640258389,0.05144915189007021,0.07693855308753739,-0.01155386212799644,0.06501531197060678
15.5,0.07148789696225955,0.0699269053920496,0.09071812734792872,-0.04440305341389079,0.07141161288542097
15.55,0.06700741512001679,0.07780454294076355,0.09433943594720456,-0.07356404446358318,0.06693824306893703
15.6,0.0527540440742866,0.07387748460567745,0.08831174864775565,-0.09690044127313076,0.0526971560223275
15.65,0.03140887561931561,0.0588248199630656,0.07418053120840462,-0.1129521506717127,0.0313670283150479
15.7,0.006610734004003887,0.03512507585971125,0.05434533236333161,-0.1209202825404143,0.006584913528071112
15.75,-0.01785680348968162,0.006544282481281027,0.03171644846740374,-0.1206139610285983,-0.01786638373812127
15.8,-0.03881474059784585,-0.0226605153114155,0.009306141479120789,-0.1123363401052008,-0.03880772434286306
15.85,-0.0541436444966525,-0.04858333059919001,-0.0101102478948854,-0.09669117896363683,-0.0541190928010773
15.9,-0.0628301216611052,-0.0683034454016791,-0.02417904413444272,-0.07435666154578482,-0.06278660849331441
15.95,-0.06465132982506865,-0.08014145627855218,-0.03110334808772336,-0.04592997089587984,-0.06458762041660426
16,-0.05968356101585157,-0.08351519833643606,-0.02985004888135667,-0.01192970315554111,-0.05959938946311633
16.05,-0.0478782974242771,-0.07852221921623975,-0.0203437709174708,0.02702345146094104,-0.04777512549979229
16.1,-0.02890490925595342,-0.0654662733164032,-0.003462781690825312,0.06989385395728223,-0.02878609443856039
16.15,-0.002333030448567113,-0.04454842267430015,0.01916058298039502,0.1149197286063605,-0.00220356567124802
16.2,0.03191991414503022,-0.01586033135131282,0.04538508971344379,0.159511877918807,0.03205430227107953
16.25,0.07306312034564269,0.02031733314960632,0.07280478852153016,0.2005013215456655,0.07319697192260932
16.3,0.1190495614055672,0.06305178952851065,0.09896635604237558,0.2346677498407847,0.1191787187580882
16.35,0.1665109804338635,0.1103508235461237,0.1215424367720687,0.2593267733996654,0.166633119594348
16.4,0.211080884934665,0.1590083418661214,0.1385146327848487,0.2728050208690183,0.2111956296919486
16.45,0.2480547646428585,0.2048125641918373,0.1483715543757991,0.274722414632778,0.2481632132113469
16.5,0.2732339632920474,0.2431137480918005,0.1502071103703214,0.2660019002590686,0.2733380342320205
16.55,0.2837447101492652,0.2696292071337986,0.1437747322283949,0.2485490424004726,0.2838463775120306
16.6,0.2786246380176355,0.281281600801327,0.1296204230998554,0.2246871187468567,0.2787254924371682
16.65,0.2590261656545121,0.2768535174901054,0.1091301431552572,0.1965973385085712,0.2591272086205912
16.7,0.2279815823315947,0.2572808762480812,0.08446369741523041,0.1660100883291222,0.2280834232560353
16.75,0.1897876482051519,0.2254968714899696,0.05834671122535445,0.1341937835200208,0.1898907497619688
16.8,0.1491647004155255,0.1858627837225048,0.03369326828367841,0.1021158277574802,0.149269667667336
16.85,0.1104010017053993,0.1433319619298943,0.01316850991733387,0.07063779565035895,0.1105085875206826
16.9,0.07668662831208208,0.1025566538907569,-0.001180310049741728,0.04064875322564455,0.07679755108114461
16.95,0.04977664240563896,0.06714942796453943,-0.008189995330022348,0.01309667628946549,0.04989116042787489
17,0.03001991452837753,0.03925280944609666,-0.00773154649099711,-0.01104800783369864,0.03013739765474499
17.05,0.01668403660005511,0.01947867865578701,-0.0007073908867927248,-0.03087421909213359,0.01680267810794855
17.1,0.008431375922553424,0.007166621384923411,0.01111722556027483,-0.04567666991349677,0.008548193363053513
17.15,0.003779535988747521,0.0008353641853870997,0.02541855470836613,-0.05512403342978921,0.003890762621442223
17.2,0.001415080135257625,-0.001321994792276904,0.03969178420576658,-0.05937347099868531,0.00151678045734549
17.25,0.0003063159329434412,-0.001040425281515822,0.051610740591023,-0.05910321547800432,0.0003951896766053453
17.3,-0.0003486900970689061,0.0002338354349098459,0.05929463257336109,-0.05541798552598577,-0.000274712717695802
17.35,-0.001235836269841198,0.001383563672664623,0.06148269781733212,-0.04959967249752453,-0.001177199711716648
17.4,-0.002979489802350837,0.001562097856277811,0.05763663272097141,-0.04283810955261246,-0.002935106483716143
17.45,-0.006060012882912058,0.0001419412740735204,0.04797550494155478,-0.03605917781580583,-0.006027595350695636
17.5,-0.01060096416589599,-0.003246404444133377,0.03345348743621501,-0.02987644650111555,-0.0105776100018985
17.55,-0.01612278394786546,-0.008566975262294219,0.01564635593826313,-0.02464372579562883,-0.01610546958176579
17.6,-0.02140877357342543,-0.01518658002515677,-0.00346785412044226,-0.02053562250850638,-0.02139472223516548
17.65,-0.02461081087626618,-0.02175982969574963,-0.02176878517363712,-0.01763587607070814,-0.02459762278643401
17.7,-0.02363699976990473,-0.02631674744448598,-0.03724429806408058,-0.01606895045096916,-0.02362266642485678
17.75,-0.01674595790425156,-0.0266140142267785,-0.04822344539845924,-0.01614065567464555,-0.01672888080648716
17.8,-0.003171516075544667,-0.02070011239478348,-0.05358408181083424,-0.01837235260552947,-0.00315065192243319
17.85,0.0164387592073058,-0.007545081088979,-0.05291159875299395,-0.02333418460330445,0.0164636077266791
17.9,0.03994841260789581,0.01246665581167911,-0.04658694375421341,-0.03131923843257147,0.03997624453806387
17.95,0.06408980688551431,0.03736671805335234,-0.03577501073019307,-0.04204741933257437,0.06411823949130901
18,0.08518512163034948,0.06385779483108156,-0.02232418224788368,-0.05453556763890277,0.08521052494872511
18.05,0.1000373501908353,0.08796542574343608,-0.008587133746689291,-0.06714304475120046,0.1000555083627813
18.1,0.1067321354642111,0.1059319503100193,0.002859063897513114,-0.07781616685828584,0.1067393282723693
18.15,0.1051050638015218,0.1151115068118449,0.009529502070802387,-0.08452976720959263,0.1050994373160508
18.2,0.0967214884150519,0.1146093184452602,0.00932339287347933,-0.08580416695389978,0.09670432197341511
18.25,0.08435978134705983,0.1054695732507768,0.000743841864679462,-0.08111848123395288,0.08433627703879143
18.3,0.07114223004946553,0.09034145240639468,-0.01691560244831525,-0.0710559570995907,0.07112151694152341
18.35,0.05957348940595866,0.07270999704272191,-0.04335144090764809,-0.05707323529784831,0.05956767954907261
18.4,0.05078701921737869,0.0559110050811884,-0.07711504007161163,-0.04093705472136042,0.05080944370144336
18.45,0.04424885735611732,0.04221727310365264,-0.1156380853376758,-0.02405281428625266,0.04431180141166069
18.5,0.03803540096339537,0.03226130549546419,-0.1554479417752494,-0.006939999917654964,0.03814781432798298
18.55,0.02962412317635421,0.02499969251861955,-0.1925478443474845,0.01096565127364317,0.02978983070123681
18.6,0.01696697545060557,0.01823903894541323,-0.2228967298108936,0.03110579113129713,0.01718379809731624
18.65,-0.0004888847672216162,0.009570583469138083,-0.2429120985204261,0.05526774865004305,-0.000228955428915989
18.7,-0.02117073313845577,-0.002563149020047617,-0.249863201624995,0.08493271888866254,-0.02088021382829075
18.75,-0.04136948163210624,-0.0180070145187663,-0.2421152158781346,0.1207189633972266,-0.04106349781477653
18.8,-0.05589250279955656,-0.0345227217578381,-0.2192869408312535,0.1620644382590798,-0.05558632012904879
18.85,-0.05921916910116774,-0.04805321260747952,-0.1823841490799714,0.2072031090012615,-0.05892619114591152
18.9,-0.04684936017650455,-0.0535768627653459,-0.1338774061716657,0.253378703468033,-0.04657927068660062
18.95,-0.01648286676972523,-0.04632663803610354,-0.07752936216417516,0.2971804946797751,-0.01624089537620488
19,0.03126739515907901,-0.0230451763183237,-0.01799528389761729,0.3349523229063782,0.03148086555497043
19.05,0.0927860231386414,0.01705117615987389,0.03965550364360793,0.3632874708249407,0.09297482787851052
19.1,0.1619757666511747,0.07183904097625277,0.09047476748039529,0.379546917351983,0.1621472547124215
19.15,0.2312370733935267,0.1364696198198441,0.1301686829777626,0.3822593073353194,0.2314008294564723
19.2,0.2926736719615675,0.2040977890164114,0.1556114338397223,0.3712658745152549,0.2928404520670806
19.25,0.3392822068835734,0.2669830937561279,0.1652402161613797,0.3474956574150171,0.3394626081222295
19.3,0.3659227677060308,0.317718025156288,0.1592063676820655,0.3125221155893845,0.3661262370369568
19.35,0.3699398806560006,0.3503483642325502,0.1392789379111637,0.2683659650319523,0.3701735548149558
19.4,0.3513789968122342,0.3612015894739692,0.1085560932038515,0.2176069376959081,0.3516469885252012
19.45,0.3128152563540201,0.3493082675031016,0.07102977772483615,0.1634659048829605,0.3131178645136479
19.5,0.2588623088743601,0.3163882362520577,0.03109334200392622,0.1096950256543646,0.259195894603572
19.55,0.1954661227738821,0.2664566080786672,-0.006954557302860709,0.06025893132362872,0.1958230748741822
19.6,0.1291010717724694,0.2051515484157045,-0.03938615350517072,0.01879269645141091,0.1294705891566186
19.65,0.0659837123730658,0.138916356839877,-0.06344600098417763,-0.01207577930973585,0.06635271534158654
19.7,0.01139546012306355,0.07417000034611543,-0.07757297816522002,-0.031323914758829,0.01175010679017496
19.75,-0.03082351869134241,0.01657311744132639,-0.08144224875101885,-0.03981244059366477,-0.03049641381770701
19.8,-0.05857867354214172,-0.02953800957459163,-0.07589814102167752,-0.04008391198251304,-0.0582901604269363
19.85,-0.07161140088338508,-0.06150840165624016,-0.06280165866509868,-0.0356959422801837,-0.07136933078726537
19.9,-0.07137469178248071,-0.07850397342007676,-0.04476088190312788,-0.03027837031082108,-0.07118309195474559
19.95,-0.06070471263606241,-0.08144222468712647,-0.02476828830029842,-0.02660657364886223,-0.06056367171724375
20,-0.0433228884135923,-0.07273046246033754,-0.005798683615194866,-0.02597464704509285,-0.04322897318127356
20.05,-0.02323868775266084,-0.05584286720225107,0.009573863197346155,-0.02800497163738663,-0.02318563822000441
20.1,-0.00415408887634361,-0.03478385982049814,0.01947071799904954,-0.03092243138892688,-0.00413376856487907
20.15,0.01102298657871449,-0.01350934782468843,0.02292978931267214,-0.03228732473457471,0.01101966274896216
20.2,0.02047964854398053,0.004602864277136853,0.02003250597505701,-0.02998551177757735,0.02046182160287408
20.25,0.02359204155998088,0.01714944403721913,0.01185992383055012,-0.02303603404625295,0.02356814778355065
20.3,0.02084551754017947,0.02291683338005929,0.000254647232801497,-0.01191742925558061,0.02082269527909575
20.35,0.01364137732599912,0.02191464047771852,-0.01253678379367951,0.001553714585833644,0.01362501975802166
20.4,0.004042022289634906,0.01525839063993195,-0.02421481036648221,0.01468244803759807,0.004035576727265067
20.45,-0.005523720296047856,0.004945004790904761,-0.03271653040478434,0.02460839347954575,-0.005518740051640325
20.5,-0.01259947944413474,-0.006447111876844991,-0.03647225580935975,0.02911656775859243,-0.01258320910749744
20.55,-0.01508798841138137,-0.0161229856250274,-0.03458232004787476,0.02732528053912189,-0.01506171863468253
20.6,-0.0116578757544742,-0.02149565260884073,-0.02689792756128739,0.02003182577342682,-0.01162345774213391
20.65,-0.002097955453456669,-0.02064758080739271,-0.01406178162878713,0.009566585992573338,-0.002057198441635322
20.7,0.01248413695570783,-0.01276274258506416,0.002507888038331407,-0.0008300023164060246,0.01252986624942187
20.75,0.02971320528390529,0.001573200410711739,0.02075564269678737,-0.007907191110903572,0.0297631903091945
20.8,0.04628904129148513,0.02030809918853743,0.03824960860620596,-0.009281136473892797,0.04634312684426173
20.85,0.05858052919437803,0.04016541739372725,0.05252769111975231,-0.003983065656851029,0.05863894926422791
20.9,0.06335523712654365,0.0571849550560446,0.06142140144821462,0.007519277220389396,0.06341838898080476
20.95,0.05848446494429969,0.06747430251824615,0.06329346356112991,0.02376623495679631,0.05855289238237249
21,0.04346764430108616,0.06802069185983911,0.05723033652721904,0.04296102748938903,0.04354216635069308
21.05,0.01966399451189158,0.05738128045806856,0.04319116737872647,0.06359963238488978,0.0197460572129331
21.1,-0.009812861926312488,0.03609786751634525,0.02204180878185324,0.08490702547936653,-0.009720868281649309
21.15,-0.04051203886360988,0.006744344074760267,-0.004535926423646031,0.10696327771129,-0.04040654723307791
21.2,-0.06729068906173354,-0.02640350737940922,-0.03422365777297187,0.130497986404039,-0.06716704464709489
21.25,-0.08506778515000925,-0.0579989483484909,-0.06430778425157541,0.1564400937422319,-0.08492059668457141
21.3,-0.08955591801881917,-0.08242714719609689,-0.09198389183578193,0.1853887593645016,-0.08937970384308308
21.35,-0.07785736781679589,-0.094631625215432,-0.1146525798095632,0.2171815050430487,-0.07764731029817989
21.4,-0.04884836382853223,-0.09083500720430299,-0.1301659880608333,0.2506747431284558,-0.04860105822061361
21.45,-0.003323780200467322,-0.06905649515423595,-0.1370622559688522,0.2837653344718206,-0.003037855634888953
21.5,0.05608081528654171,-0.02937040906436578,-0.1347466139123565,0.3136059543407477,0.05640440448326228
21.55,0.1251437877348846,0.02610067554656725,-0.1235196271346957,0.3369513795079423,0.12550168270985
21.6,0.1984329723234132,0.09341942724850771,-0.1044709331398113,0.350607643772733,0.1988198775463814
21.65,0.2697572441490841,0.1672334683634648,-0.07933809139802017,0.3519282292876606,0.270166414395644
21.7,0.3326675162102257,0.2412800139446784,-0.05035604509379388,0.3392537021138343,0.3330917465641919
21.75,0.3810015272845622,0.308943400349826,-0.02005381571192322,0.3121984547197478,0.3814336384051636
21.8,0.4094674253206196,0.3638325496407147,0.009020567865430706,0.2717236437151777,0.4099009578644255
21.85,0.4142463552202122,0.4003553477055085,0.03459193275954986,0.2200491681331614,0.4146752654366921
21.9,0.3935527135413015,0.4142715438023927,0.05488201547916893,0.1605065679546152,0.3939712338751696
21.95,0.3480553248483087,0.4031988417844941,0.06873930388541316,0.09729870029230875,0.3484569777970028
22,0.2810382242003271,0.3670215002638312,0.07570997571104127,0.03510338201811285,0.2814155687078537
22.05,0.1982037632141133,0.3081186753368596,0.07607815857029721,-0.02142886610037031,0.1985480188740664
22.1,0.1070784175089665,0.2313147102848536,0.07083755446754858,-0.06821338461940568,0.1073803938306752
22.15,0.01607905143329248,0.1434763766363943,0.06157085096003651,-0.10220487264239,0.01633026487893247
22.2,-0.06661144191873783,0.05274919361539743,0.05027463717705316,-0.1216737952453042,-0.06641676838904265
22.25,-0.1341401436744343,-0.03248174265127579,0.03914821603380281,-0.1262672229875212,-0.1340036057157464
22.3,-0.1818260637985817,-0.1047317617310601,0.03034932556000358,-0.1169471318577755,-0.1817439930737218
22.35,-0.2075753220581086,-0.1584246964446977,0.02573068103607357,-0.09584608824373428,-0.2075390846236344
22.4,-0.2118085858345981,-0.1905458794300667,0.02655743919720333,-0.0659983874269327,-0.2118059473550242
22.45,-0.1969681952102856,-0.2008008161224694,0.03329967381673404,-0.03093019026308739,-0.1969857096119872
22.5,-0.1667809407872613,-0.1912702498067649,0.045589740562195,0.005785219507379441,-0.1668065909334954
22.55,-0.1254999077311763,-0.1656861429316352,0.06232687185546226,0.0408580683434829,-0.1255253253749372
22.6,-0.07732183490596903,-0.1285510858847853,0.08187651606337443,0.07152047223956005,-0.07734347564036104
22.65,-0.02608501652972127,-0.08434785292643554,0.1023081245182106,0.09584640317306473,-0.02610400048527578
22.7,0.02476803435445109,-0.03702573981314727,0.1216098542569991,0.1131107856082277,0.02474727704631219
22.75,0.07208325514153502,0.01016920519796222,0.1378796638442581,0.1238175608574171,0.07205505749327229
22.8,0.1129101628510125,0.05458669503466396,0.1495322398891941,0.1293038500031786,0.1128697852898719
22.85,0.1445767621461077,0.09394556348524608,0.155504402826126,0.1312176472726422,0.1445220099514545
22.9,0.1649663158922406,0.1261691795791506,0.1554022918809234,0.1310515981448751,0.1648983064930903
22.95,0.1729193386765503,0.1494116771028279,0.1495481309459993,0.1297870485289842,0.1728422644250368
23,0.1685954425858977,0.1622913911906622,0.1389124683503035,0.1276953572144533,0.168515661252062
23.05,0.1536151863932987,0.1642444291448464,0.1249455183144172,0.1243189290532692,0.1535398573411186
23.1,0.1308695234745117,0.1558317028635062,0.1093582902095414,0.1186444877422493,0.1308053416342176
23.15,0.1040071818982185,0.1388288905358543,0.09389300469820849,0.1094671453800316,0.1039593187176684
23.2,0.07673240449398343,0.1160103091573557,0.08009365863575996,0.09588649184875411,0.07670396943069518
23.25,0.05211782140317743,0.09065743117223451,0.06911599484174236,0.0777998200701632,0.05210970732981607
23.3,0.03213018709331564,0.06593174188362061,0.06162120614782701,0.05619879529491705,0.03214132097420203
23.35,0.01748958985424002,0.04430384194520565,0.05774520584026366,0.03311130043799028,0.01751741825618053
23.4,0.007868238647759729,0.02720710101065249,0.05714575893080642,0.01117991198523544,0.007909328466763788
23.45,0.002328007310199815,0.01499769039599563,0.05906712055380403,-0.00697368023166201,0.002378727875538111
23.5,-0.0001674245984098295,0.007204278376507445,0.06242025238788673,-0.01936398161669318,-0.0001103011806198873
23.55,-0.0003343765643168249,0.002955796925661835,0.06591670243375708,-0.02502506877488127,-0.0002730678682879017
23.6,0.001636784510736756,0.001427497162664548,0.06824331901301495,-0.02406893318117222,0.001701492994429898
23.65,0.006037418297988019,0.002159561241314001,0.06826093800974065,-0.01747513575532431,0.006106516790341132
23.7,0.01339168017390572,0.00516117232584784,0.0651904935674455,-0.006762397719457728,0.01346796774882508
23.75,0.0241061544468196,0.01079087897299108,0.05876172808143254,0.006321359386125201,0.02419405629401883
23.8,0.03814111570858487,0.01947920443411888,0.04929378587389416,0.02002203249099888,0.03824608245424149
23.85,0.0548053176044093,0.03140301932630685,0.03765989150975335,0.03271845882077893,0.05493301611092083
23.9,0.07272953085422353,0.04622285201442555,0.0251831077075102,0.04304392207333554,0.07288476952518486
23.95,0.09001878725957138,0.06296496190403073,0.01348739833404522,0.04998809290587261,0.09020457520323871
24,0.1045406888708972,0.08008128951359805,0.004253822759253123,0.0529096119536434,0.1047574445951445
24.05,0.1142836626293154,0.095662698260779,-0.001071837906698403,0.05151307783297759,0.1145289380550173
24.1,0.1177161146540644,0.1077430148989474,-0.001564587497824954,0.04587459346540013,0.1179846893508146
24.15,0.1140826489129788,0.1146252935741628,0.00298167884690631,0.0365063770706018,0.1143670470644149
24.2,0.1035813134915241,0.1151670706695704,0.0119839289506507,0.02439015939007282,0.1038724644024173
24.25,0.08737413061002305,0.1089775875040794,0.0240955219307134,0.01087358244948623,0.08766199237856886
24.3,0.06740235250631299,0.09649615646163134,0.03736353169102641,-0.002637196574282848,0.06767646462627908
24.35,0.04601722873735429,0.07893331345819554,0.04954923273359668,-0.0150672214794221,0.04626704060079156
24.4,0.02549244759842104,0.05806831967648562,0.05847367090858546,-0.02588658969055775,0.02570782632131025
24.45,0.007537691086151376,0.03592379170963966,0.06230027493765766,-0.03503523777855048,0.00770943822939435
24.5,-0.007050603939404834,0.01437857630073741,0.0597352544154196,-0.0426458169096033,-0.006929690507109731
24.55,-0.01849952324797515,-0.005191085620883329,0.05014656634189985,-0.0487432798534692,-0.01843348769500014
24.6,-0.02791247046520313,-0.02214606557293342,0.03365538164242238,-0.05307132417833305,-0.02790070383241766
24.65,-0.03693450820479835,-0.03663272618255009,0.01117339440348564,-0.05508769522022314,-0.03697063466565242
24.7,-0.04735518754414848,-0.04944724345409557,-0.01566646781072301,-0.05408743629601653,-0.0474264936746166
24.75,-0.06076368710161048,-0.06177665008356964,-0.04468198041343696,-0.04938528490799048,-0.06085165816233395
24.8,-0.07831017477335679,-0.07490778784656904,-0.07337749171652541,-0.04052842468379772,-0.07839230820142784
24.85,-0.1005522332675846,-0.08998124062220159,-0.09919452058868455,-0.02756019466708127,-0.1006049961844993
24.9,-0.1273212449433729,-0.1078165712334518,-0.11975140780244,-0.01129617469574632,-0.1273238432281903
24.95,-0.1575560797698319,-0.1287782597431693,-0.1330425947568548,0.006557442722538476,-0.1574941753080497
25,-0.1891130071197819,-0.1526254481739194,-0.1375641434040595,0.02357862259393588,-0.1889815935751114
25.05,-0.2186415787012301,-0.1783180172803113,-0.1324666729923514,0.03706696757708793,-0.2184462456907254
25.1,-0.2416727450767884,-0.2038130118606011,-0.1177301075197243,0.04462408724487116,-0.2414288080265706
25.15,-0.2530600194390913,-0.2259521716802816,-0.09419547205970252,0.04469127371589497,-0.2527898025629528
25.2,-0.2478310419759368,-0.240595209341618,-0.06345759388612521,0.03684507891940237,-0.2475596107532028
25.25,-0.2223562239255985,-0.2431143134984431,-0.0276984594966514,0.02177334711660087,-0.2221068827963854
25.3,-0.1755768416043175,-0.2292577952228714,0.01048604206992299,0.001013858083634639,-0.1753671161560011
25.35,-0.1099232148607043,-0.1962647993121475,0.0482967594645356,-0.02338448979680118,-0.109762552483881
25.4,-0.03156373819967413,-0.1439686396085859,0.08300987444756341,-0.04916118445436758,-0.03145311357960856
25.45,0.05022641210927836,-0.07554367873866585,0.1122320149275305,-0.07410531155060857,0.05029284647032112
25.5,0.1245375259652097,0.002413549599200371,0.1340875763899078,-0.09633297688111073,0.1245694810525635
25.55,0.1808377764996745,0.0806289204923073,0.1473636179756044,-0.1145675690288255,0.1808453701039843
25.6,0.211047111928697,0.1486496036812659,0.1516117730376285,-0.1283309292338905,0.2110379277517013
25.65,0.2111630224660856,0.1967903419693711,0.1471744008951019,-0.1379643747320813,0.2111404034233438
25.7,0.1820470944229796,0.218068647452378,0.1351255115288431,-0.1444586698114102,0.1820100013787744
25.75,0.1292013246689662,0.2096538972211467,0.1171455706073385,-0.1491222013176606,0.1291456120918956
25.8,0.06161211309083098,0.1734737405701741,0.09533437072507195,-0.1531921935180516,0.06153266629564214
25.85,-0.01004964856258511,0.1158311659346125,0.07197429287444901,-0.157537808116358,-0.0101566715148167
25.9,-0.07545674941803922,0.0461301620666526,0.04928781299527074,-0.1625181989274726,-0.07559223896605105
25.95,-0.1264410744476817,-0.02497944995271606,0.02922324843578228,-0.1679751643291772,-0.1266023674324034
26,-0.1582288710048667,-0.0876050523662833,0.01326971040666192,-0.173349751140059,-0.1584101768401956
26.05,-0.1698785302328954,-0.1343205646301352,0.002321614069944855,-0.1779025521372278,-0.1700722961025001
26.1,-0.1638964327711095,-0.1612366696761551,-0.003379904169360681,-0.1809611385139613,-0.1640949296990541
26.15,-0.1451945264649775,-0.1682502130267822,-0.004224090942255732,-0.1820958056619888,-0.1453914211802168
26.2,-0.1196952313407271,-0.1584905282323379,-0.001132834822299922,-0.1811650941702043,-0.1198864235516338
26.25,-0.09294620964605545,-0.1371757964477703,0.004605659002637541,-0.1782401428031334,-0.09313010922313092
26.3,-0.06907120631265529,-0.1102057962171575,0.01152657160214576,-0.1734796653540269,-0.06924814012023162
26.35,-0.05026069033230484,-0.08284772947943142,0.01813745997476729,-0.1670495981081546,-0.05043206584708426
26.4,-0.03683983405993726,-0.05881336411307986,0.02305000168906229,-0.15910913943206,-0.03700701593285105
26.45,-0.02778619960471452,-0.03989294439684693,0.02514617364044591,-0.1498034252949698,-0.02794981705188243
26.5,-0.02146133358846138,-0.02614963016051225,0.02374254918806518,-0.1392242089374686,-0.02162086369037525
26.55,-0.01629544332612995,-0.01651156547807764,0.01867309094049374,-0.1273729814073602,-0.01644949954980079
26.6,-0.01123086218429055,-0.009502741549036964,0.01029052864453744,-0.1141909561627998,-0.01137771551166489
26.65,-0.00585238836462802,-0.003862645211079763,-0.0005787341349037245,-0.09969029190987388,-0.005990781418601154
26.7,-0.0002647365599418272,0.00111096073871314,-0.01279155968040457,-0.08412628002611028,-0.0003943954756767121
26.75,0.005138546621280868,0.005536085559096349,-0.02505388785168888,-0.06808717825843456,0.005016707963000522
26.8,0.009861282152175951,0.009161663996030689,-0.03605747987000907,-0.05250185009532746,0.00974555470394578
26.85,0.01335889891540136,0.01165273054020494,-0.04461955977932969,-0.03862896213629988,0.01324750878250963
26.9,0.0149755404407181,0.01277412399454658,-0.04984820568674675,-0.02796184056444596,0.01486756418987062
26.95,0.01386593561812332,0.01239256715527864,-0.05127684849118208,-0.02198111330563992,0.01376198838186643
27,0.009029881255269042,0.01032422499678221,-0.0489263980050938,-0.02183378317338437,0.008932361301100811
27.05,-0.0004615756263907558,0.006152601126482748,-0.04330443123716854,-0.02805997214014195,-0.0005488145770107811
27.1,-0.01507135816152556,-0.0008247378408715589,-0.03536548472331713,-0.04041529552901713,-0.015143796259383
27.15,-0.0343619759786047,-0.01141977571462355,-0.02645170053119406,-0.05779963767269162,-0.03441540791680237
27.2,-0.05670738505964628,-0.02616686924074207,-0.01818109160884207,-0.07830309125046005,-0.05673881476934328
27.25,-0.07931423171796001,-0.0448493365344923,-0.01227153900265887,-0.09937406406795965,-0.07932241707118703
27.3,-0.09861927633635235,-0.06613974430718583,-0.01035485320442719,-0.1181012568766688,-0.09860488382629079
27.35,-0.1109994817401195,-0.08755181597739559,-0.01378058814464733,-0.1315552748748084,-0.1109648859094207
27.4,-0.1136183821142523,-0.1057857389837278,-0.0233859448618014,-0.1371210573799809,-0.113567259979335
27.45,-0.1051782205754706,-0.1174121635204579,-0.03931431157891391,-0.1328381600930193,-0.1051150959434503
27.5,-0.08636703523266508,-0.119717246285194,-0.06092058257651678,-0.1178359827115274,-0.08629677761882676
27.55,-0.05987162238922586,-0.111461947343518,-0.08675613433228402,-0.09281658070716037,-0.0597990240303487
27.6,-0.0299434715037575,-0.09332871361578055,-0.1146753808283311,-0.06032561149036994,-0.02987275569469761
27.65,-0.001618774057111632,-0.06792344533683076,-0.1420689688514437,-0.02460443021165361,-0.001553267166250705
27.7,0.02022377563664598,-0.0393247967485556,-0.1661752602470477,0.008962335677754415,0.0202819038253319
27.75,0.03175593813404028,-0.01229416437183778,-0.1844181152428171,0.03466152319527687,0.03180553517285062
27.8,0.03085995633747402,0.008654164107088635,-0.19472010529186,0.04739873271636623,0.03090046288962056
27.85,0.01744362402108901,0.02010075749555107,-0.1957624396873313,0.04367704692458473,0.01747425116166756
27.9,-0.006615996229623178,0.0203083403647073,-0.1871698191161,0.0223879863969267,-0.006597178395248204
27.95,-0.03785172044743908,0.009447462747049495,-0.1695748846204494,-0.01486892042487084,-0.03784857581281398
28,-0.07181374319865785,-0.01054375879026848,-0.1445366143177756,-0.06403574748443355,-0.07183242258735428
28.05,-0.1037939716412044,-0.03639777155629648,-0.1143345391567339,-0.1193108703315005,-0.103842622267515
28.1,-0.1295594383061659,-0.06414253956446303,-0.0817023904130596,-0.1741775030509523,-0.1296473029627083
28.15,-0.1460007917614638,-0.08978790352578664,-0.0495316289005005,-0.2225886546960968,-0.146136751078641
28.2,-0.1516172984402545,-0.1099603850318527,-0.02054378376372035,-0.2600574044055202,-0.1518082817926152
28.25,-0.1467762230890734,-0.1224024807181006,0.003029503038262771,-0.2843151045812948,-0.1470256656133944
28.3,-0.1337016380902162,-0.1262878454371221,0.01969985917876449,-0.2953694753585383,-0.1340084951879132
28.35,-0.1161724152620294,-0.1223314732606284,0.02885624533095427,-0.295145906560941,-0.1165307713232555
28.4,-0.09894254014850341,-0.1126851277701344,0.03074109387103113,-0.2869283688547666,-0.09934207251037042
28.45,-0.08694283585721149,-0.1006175188045408,0.0263343073717775,-0.2746557949167355,-0.08736992826012746
28.5,-0.08437422421384591,-0.09000187636973267,0.01721999654849821,-0.2621732085772074,-0.08481359528985594
28.55,-0.09384903363109995,-0.08466244933719952,0.005389306436236863,-0.2525489040685678,-0.09428558273119025
28.6,-0.1157605408040266,-0.08766323330522685,-0.007028196183222146,-0.2475243392447621,-0.1161809967266085
28.65,-0.1480444004884118,-0.1006601170262875,-0.01804778015409669,-0.2472135886692321,-0.1484386907830813
28.7,-0.1864304182957935,-0.12345443035296,-0.02609071754087605,-0.2501602158844922,-0.1867923137783112
28.75,-0.2251723259328099,-0.153862755062869,-0.03017339893150156,-0.2537433662064303,-0.225499706465939
28.8,-0.2581180773628146,-0.1879709321913006,-0.02997376281087794,-0.2548233765300593,-0.2584124583589672
28.85,-0.2798798586983677,-0.2207650267534104,-0.02578997076954498,-0.2504933447478698,-0.2801458455602084
28.9,-0.286829154041409,-0.2470353071375281,-0.01842538988497161,-0.2387989138187388,-0.2870734301434908
28.95,-0.2776882500916448,-0.262362750443186,-0.00901892585814934,-0.2192442488612905,-0.2779187934184136
29,-0.253608896880171,-0.2639560297431393,0.00115028232010006,-0.1928977916914348,-0.2538338859586459
29.05,-0.2177692306453056,-0.2511362506138783,0.01085994706690629,-0.1620700152950606,-0.2179962632681073
29.1,-0.1746407669387497,-0.225366032166685,0.01910320795633164,-0.1297132056587929,-0.1748758038367331
29.15,-0.129133300202058,-0.1898498986228039,0.02517111353378393,-0.09873967485860752,-0.1293799989952198
29.2,-0.08581751086178058,-0.1488412880776211,0.02867369658009938,-0.07142438825761761,-0.08607644079821786
29.25,-0.04835841001553157,-0.1068462512805294,0.02953427603913816,-0.04900396454099193,-0.04862689710638068
29.3,-0.01920708873117789,-0.0679069782864366,0.02797290652956852,-0.03151841314724511,-0.01947922756571763
29.35,0.0004825527251656175,-0.03509783835261232,0.02445528061487467,-0.01790551146225622,0.0002150442840944677
29.4,0.01078491484105507,-0.01028548284800973,0.0196119406808718,-0.006362930534070775,0.01053158236949581
29.45,0.01285179459562409,0.005879471671339287,0.01415410466988354,0.005059859263508036,0.01262172747848989
29.5,0.008708229831423641,0.01381593265614606,0.008799895491154064,0.01781246897464876,0.008508514192975714
29.55,0.0009825816126974403,0.01479548023901778,0.004211934468219436,0.03237251650060335,0.0008169130986770412
29.6,-0.007457407372260584,0.01071409239292376,0.0009372742600215478,0.04810470363888152,-0.007589286160928077
29.65,-0.01396000668287842,0.003855558620355803,-0.0006471139291464589,0.06345178053937763,-0.01406212303822985
29.7,-0.01657553048834183,-0.003384450381892889,-0.0003785929824154377,0.07635153515873677,-0.01665464445115972
29.75,-0.01445800249480363,-0.008832480286180555,0.001669865246646585,0.08476211192711364,-0.01452213631520832
29.8,-0.008056141449235667,-0.01090719858137101,0.005194685842959401,0.08720666572583438,-0.008113025809797669
29.85,0.000988233006695666,-0.00894461043393141,0.009675044068501892,0.08323182155858413,0.0009323608585941612
29.9,0.01022961908133654,-0.003362840054337513,0.01442139057490038,0.07362863229414053,0.01017064949898266
29.95,0.01699935515653324,0.004411237119699929,0.0186690205516919,0.06030008514696621,0.01693535440536387
30,0.01902164701101602,0.01225490324543077,0.02168159569505024,0.04579501651901772,0.01895247089698504
30.05,0.01490622513530348,0.01782781097545783,0.02284549019620485,0.0326725898806861,0.01483294890922365
30.1,0.004408112701105003,0.01909997617911696,0.02177084896316756,0.02291740652694045,0.004332428492655138
30.15,-0.01157797416444235,0.01478589594659596,0.0183647515233023,0.01754986950870487,-0.01165425408536247
30.2,-0.03124761440174575,0.004580464796551831,0.01283985132200244,0.0164530087944427,-0.03132302638132645
30.25,-0.05225468491332725,-0.01083596974241186,0.005661769526498661,0.01844119183069508,-0.05232849823414737
30.3,-0.07211989460097747,-0.02998424719257664,-0.002554560892721491,0.02156490884823968,-0.07219252210471883
30.35,-0.08860050014919073,-0.05088328949221599,-0.01116456195825904,0.02354126789172782,-0.08867375988239828
30.4,-0.09997489794852267,-0.07136994787181805,-0.01960127652381682,0.02218450251227809,-0.1000521510722377
30.45,-0.1052323409117162,-0.08937733441479795,-0.02744412125977008,0.01573023660676144,-0.1053182822392568
30.5,-0.1041834705756577,-0.1031488066419924,-0.03443061725310975,0.002998761686050938,-0.1042836672325481
30.55,-0.09751313290018472,-0.1113961238020366,-0.04044875687633376,-0.01658129686712273,-0.09763322530091317
30.6,-0.08677812857678567,-0.113429956113636,-0.04553508116569682,-0.04300576061377421,-0.08692300301909961
30.65,-0.07432313259254232,-0.1092902374426922,-0.04984876193069632,-0.07565807250246599,-0.07449609263560708
30.7,-0.06306954815202731,-0.09986747998293138,-0.05362853915866006,-0.1131803977674449,-0.06327191551519812
30.75,-0.05614962501323018,-0.08696392871455172,-0.05715245149371867,-0.1534229000759516,-0.05638064231781836
30.8,-0.05640995755519942,-0.07322386268054681,-0.06068816201607591,-0.1936458595849639,-0.05666731360084432
30.85,-0.0658744630700592,-0.06187673907530988,-0.06443549200707821,-0.2309748247184676,-0.06615495678469985
30.9,-0.08529604250324402,-0.05628409671787488,-0.06849990079259882,-0.2629435922660745,-0.08559652985096755
30.95,-0.1139200671729791,-0.05935260720147706,-0.07289005110818125,-0.2879083204911735,-0.1142379998773541
31,-0.1495288290132655,-0.07293998709229765,-0.07749799561106041,-0.3051878143417512,-0.1498625633963725
31.05,-0.1887655290300067,-0.09739978415783407,-0.08209324100091447,-0.3149164687297025,-0.1891139080455999
31.1,-0.2276706359030989,-0.1313819767384777,-0.08635001097757689,-0.3177224740135163,-0.2280323140861713
31.15,-0.2623241533469941,-0.1719516840023851,-0.08987972327922372,-0.3143829929680915,-0.2626966060406472
31.2,-0.2894701262659929,-0.2150195812329478,-0.09225392667066423,-0.3055412506021834,-0.2898490094411538
31.25,-0.30700639223046,-0.2560049675507293,-0.09302931120090263,-0.2915160211179272,-0.3073853798842458
31.3,-0.3142472452307791,-0.2905950902283636,-0.09178898930254481,-0.2722215375235615,-0.3146186974924531
31.35,-0.3119122413158738,-0.31544787471356,-0.0881987689277321,-0.2472007334698219,-0.3122685606928792
31.4,-0.3018523176942515,-0.3287021653418569,-0.08207741571619964,-0.2157951195820828,-0.3021876931047041
31.45,-0.2865821375544042,-0.3301942508843883,-0.07346107601622137,-0.1774879534886606,-0.2868942670290333
31.5,-0.2687279896819221,-0.3213410439124237,-0.06262867672620737,-0.1323689269450742,-0.2690191138563251
31.55,-0.250511030140247,-0.3047233075795764,-0.05010150050637685,-0.08153117380619035,-0.2507881117762053
31.6,-0.2333682139041488,-0.2834684169779084,-0.03663486272524752,-0.02719054155100353,-0.2336417975280942
31.65,-0.2177738148873432,-0.2605793513771528,-0.02317684963368055,0.02753259660582659,-0.2180560777340804
31.7,-0.2032810479917116,-0.2383633064986572,-0.01078311748115607,0.0790757161199834,-0.2035830021418253
31.75,-0.1887601380041677,-0.218076949911661,-0.0005099653749858213,0.1239929356377685,-0.1890890812475047
31.8,-0.172777725583552,-0.199845119813394,0.006701310240209479,0.1594682334031836,-0.1731349965462164
31.85,-0.1540354391473537,-0.1828488705689573,0.01014743854469402,0.1836890520765972,-0.1544156363431048
31.9,-0.1317738715688593,-0.1657227284710349,0.009476765403289567,0.1960382845397998,-0.1321651025528806
31.95,-0.1060472093297665,-0.1470526518151848,0.004756562662741659,0.1970626088647598,-0.1064330536050238
32,-0.07780068060418564,-0.1258499559707493,-0.00353785176726984,0.1881705647490901,-0.07816268259728093
32.05,-0.04872661449534351,-0.1018917540276916,-0.01461111936839676,0.1711281465389064,-0.04904744313435866
32.1,-0.0209376108759039,-0.07584696848049804,-0.02747971987100239,0.147638725741465,-0.02120344534069002
32.15,0.003454222338834844,-0.04915896122242225,-0.04109417068936694,0.1192717180653012,0.003251967257604182
32.2,0.02273383693858125,-0.02372718015665554,-0.05442553546027068,0.08761849444669642,0.02259824767826657
32.25,0.03585196264796433,-0.001491678942948882,-0.06652711491031349,0.05440299242850732,0.0357812568419581
32.3,0.04250850932716553,0.01595522184641784,-0.07659877088974792,0.02148308238067488,0.04249743317878352
32.35,0.04306046997289355,0.02762854973286977,-0.08405863186506074,-0.009233346840817207,0.04310172445935401
32.4,0.03832235356370634,0.03323424169396749,-0.08859505048537103,-0.0359321987825585,0.03840764542351216
32.45,0.02935630590754982,0.03309675392074019,-0.0901785705920265,-0.05702764805438005,0.02947681010029035
32.5,0.01733622125733476,0.02799467182931764,-0.08903785080188176,-0.0712215519441038,0.01748244837297885
32.55,0.003520406746599879,0.01898426642529438,-0.08560613492856417,-0.07751534712011279,0.003681894266675201
32.6,-0.01069738423825317,0.007286814601029867,-0.08044824761040759,-0.07525307289001047,-0.01053227897583919
32.65,-0.0237412984377737,-0.005740544994206731,-0.07418998038755553,-0.06424645785643937,-0.02358507505783242
32.7,-0.03390763477604041,-0.01858985095904642,-0.06745740560828506,-0.04495712953641974,-0.03377275757437492
32.75,-0.03958294458056451,-0.02961018369243729,-0.06082343162499637,-0.01864340638412587,-0.03948047210889061
32.8,-0.03961632231160389,-0.03711248785713961,-0.05475137183795026,0.01259112968679531,-0.03955440469021965
32.85,-0.03375189778249243,-0.03961909553459131,-0.04953568039168138,0.04587671866024489,-0.0337346130357109
32.9,-0.02296608407016212,-0.03623642351514089,-0.04526333890133594,0.07783609895438839,-0.02299296539577667
32.95,-0.009545463209449014,-0.02705387279114657,-0.04181850311647867,0.1050167212614829,-0.009611969367146367
33,0.00320092505711654,-0.01342332864006213,-0.03891815175549018,0.1243945239893762,0.003102077268813619
33.05,0.01158930030854884,0.002030066898694671,-0.03615456276588114,0.1338290775333454,0.01146629179486136
33.1,0.01243395478121131,0.01575660956561498,-0.03304276931729522,0.1323822151967888,0.01229393397538009
33.15,0.003911972224883922,0.02397215923039964,-0.02908178992689625,0.1204620836776264,0.003759666749904023
33.2,-0.0138383417420726,0.02355433012179553,-0.02382607321459773,0.09973444077093424,-0.01400130939956507
33.25,-0.03858280851346572,0.01291408825943041,-0.01695721469688738,0.0727550633917238,-0.03875761515568266
33.3,-0.06638804572392006,-0.007421748331052525,-0.008353170364863383,0.04245729784789862,-0.06657783775009074
33.35,-0.09246524887226079,-0.03472125558108791,0.001855591573010185,0.01167788909294818,-0.09267391260685387
33.4,-0.1122488956383803,-0.06452223970954896,0.01326912223549198,-0.01722850450168914,-0.1124801852131379
33.45,-0.1224350506550738,-0.09158582704800056,0.02524298796911223,-0.04266118250005562,-0.1226920658097748
33.5,-0.1217150279950361,-0.111089037651258,0.03694249953045164,-0.0638358264264423,-0.1220005022211521
33.55,-0.1110238548766505,-0.1197503414876361,0.04742781432542958,-0.0805854277859003,-0.1113406623121016
33.6,-0.09325078832611801,-0.1165919206300529,0.05575760887431336,-0.09299172825812772,-0.09360270175451058
33.65,-0.07250488569655469,-0.1031387229499436,0.06109008699005303,-0.1010378853565548,-0.07289661889197502
33.7,-0.05314692730003478,-0.08300719693255021,0.06277787559519354,-0.1044433679025916,-0.05358360388424155
33.75,-0.03886050464222826,-0.0610025106746504,0.06045388553702757,-0.1027471863389335,-0.03934591552890809
33.8,-0.03200772832051596,-0.04197715344919356,0.05409905519527886,-0.09559397636175383,-0.03254224106174891
33.85,-0.03341000051096271,-0.02976618088398186,0.04408862807302016,-0.08305422046256428,-0.03398814896761271
33.9,-0.0425373773063367,-0.0264779223777285,0.03120794402764809,-0.06580325380082647,-0.04314650313391527
33.95,-0.05794905999776899,-0.03230050019179698,0.01662411917449924,-0.04513336681305154,-0.05856911797134151
34,-0.07775199292642361,-0.04581479985599018,0.001801483770027312,-0.02284727533314651,-0.07835737602794701
34.05,-0.09987483968015354,-0.06463714502439999,-0.01164423743965526,-0.001014221974046918,-0.1004376093013751
34.1,-0.1220701967749231,-0.08611221632796534,-0.02213493738411193,0.01841558398312344,-0.1225644094071721
34.15,-0.1417138160887405,-0.1077912138420001,-0.02832742728908105,0.03402429707037478,-0.1421197412036797
34.2,-0.1555924034222872,-0.1275545619983538,-0.02927210318559059,0.04520354449062652,-0.1558997363430908
34.25,-0.1599106479135919,-0.1434065941005681,-0.02450840308948649,0.05219174450921533,-0.1601199705096745
34.3,-0.150682522294811,-0.1531244193876118,-0.01410100896832656,0.05587957821075712,-0.1508046313692487
34.35,-0.1245230980154248,-0.1540220305824088,0.001384109972308201,0.05746368536002975,-0.1245766022298919
34.4,-0.07967945038182343,-0.1430634375680373,0.02096148710962353,0.05804699405857277,-0.07968710956752284
34.45,-0.01699732379992357,-0.1174152721157191,0.04334313803683071,0.05831479245344064,-0.01698219675712737
34.5,0.05952399369465142,-0.07533832075323899,0.06706009698305976,0.05840153009090922,0.05954194808115731
34.55,0.1428565910393583,-0.01715493219897501,0.09057751195472102,0.05799817495888424,0.1428627765537736
34.6,0.2238276185296292,0.05405498115009666,0.1124173951783533,0.05663812120749418,0.2238138485096457
34.65,0.2926068248699318,0.1323351763272365,0.1312872614403977,0.05400787183102896,0.2925712293550459
34.7,0.3404486411574635,0.2094593101092526,0.1462016147561555,0.05017009720740517,0.3403948080264573
34.75,0.3612585475096085,0.2761876956908675,0.1565842634269005,0.04568332269991163,0.3611941711000463
34.8,0.3526118924273518,0.3238963853633718,0.1623097892011862,0.0416090485476704,0.3525471976989119
34.85,0.3160230255419293,0.3461829871958115,0.1636646793635403,0.03934814932761938,0.3159689912039388
34.9,0.2564747723146044,0.3400491960648888,0.1612821930314269,0.04035160425060723,0.2564412793751378
34.95,0.1813996151722321,0.3063803510648881,0.1560655767670858,0.04582908143041638,0.1813935816299437
35,0.0994017016798508,0.2496510485231594,0.1490620700112747,0.05648161016445523,0.09942551882576534
35.05,0.01900902853033854,0.1769942321432852,0.1413025488141402,0.07228031127159329,0.01905965341938809
35.1,-0.05233302669619391,0.09690807874164598,0.1336535271635701,0.09240769732296775,-0.05226399475430898
35.15,-0.1089301221832528,0.01792707446538649,0.1267146815540165,0.1154367386656156,-0.1088551525877465
35.2,-0.1471765560921734,-0.05247242048090034,0.1207775120180659,0.1396700490535358,-0.1471099143654799
35.25,-0.1656302193132276,-0.1085865397041221,0.1158344740476685,0.163462615202241,-0.1655850673750393
35.3,-0.1649011064127653,-0.1468118918707609,0.1116380244725548,0.1853973848466234,-0.1648867580588264
35.35,-0.1474029598643149,-0.1656688852625154,0.107791321194219,0.2043189865458657,-0.1474229112977452
35.4,-0.1169844533581826,-0.1656325393346721,0.1038446940742872,0.2192676623062911,-0.1170357485515587
35.45,-0.07844303067820382,-0.1488669306810208,0.09938566174612407,0.2293283659761071,-0.07851707241108863
35.5,-0.03693873366326859,-0.1189007924887902,0.09409478953008943,0.2334789809079092,-0.03702327523326249
35.55,0.002641112118860916,-0.08023616907146358,0.08776611117058897,0.2305905489396244,0.002559391624782248
35.6,0.03628058755563692,-0.0378766063528298,0.0803176861639226,0.2196635647858662,0.03621363706481695
35.65,0.06129262350125478,0.003222308457787149,0.07180667699611676,0.2002170949954156,0.06124932038196296
35.7,0.07653996761707052,0.03873323991536354,0.06245022260481736,0.1726400422001519,0.07652542352459646
35.75,0.08236619257512573,0.06547491806880057,0.05263809675046732,0.1383542813000053,0.08238202624126567
35.8,0.08025231524648267,0.08175992238738511,0.0429231246934294,0.09973165599745855,0.08029746793932324
35.85,0.07229255671617901,0.08748452710221455,0.03397387453253398,0.05978540931787173,0.07236418667891065
35.9,0.0606422997147513,0.08392627896267829,0.02649088603040312,0.0217369974861662,0.0607363517431303
35.95,0.04710361356642741,0.07329736007438942,0.02111446969081149,-0.01143032291001791,0.04721487810709252
36,0.03296470325452896,0.05817924736622493,0.01834671984452058,-0.03738876888685237,0.03308658558917288
36.05,0.01911145352940286,0.04100550852639628,0.01849442291964259,-0.05481956064970852,0.01923567953936978
36.1,0.006317259657003355,0.02373763284668462,0.02163127960763178,-0.06361577764930224,0.006434090064087516
36.15,-0.004459045986444823,0.007799845432678809,0.02757278816778097,-0.06484151364938649,-0.00436001608808384
36.2,-0.01194449335203597,-0.005766049625656411,0.03586481056417584,-0.06041748465924947,-0.01187274266055222
36.25,-0.01469789131045277,-0.01605404365858976,0.04579659193865038,-0.0526273875125212,-0.01466008168301464
36.3,-0.01151524504321663,-0.02211898535390777,0.05646033999328992,-0.04360448182873896,-0.01151339468680307
36.35,-0.001957740970441046,-0.02299763663278431,0.06685947621891714,-0.03490531466321076,-0.001988141417176903
36.4,0.0132045586149666,-0.01795699977576137,0.07601768210596727,-0.0272396024376715,0.01315131705649175
36.45,0.03183065085302011,-0.00689268643203711,0.08305533742944693,-0.02044460973444756,0.03176843964282522
36.5,0.05063956489140441,0.009288120978656111,0.08724165744393747,-0.01376452282377576,0.05058445396236616
36.55,0.06581677142757107,0.02848532128721359,0.08804469715174323,-0.006359685572186405,0.06578434418200696
36.6,0.07385418242246151,0.04755737308427355,0.08519884193069382,0.002158901340218635,0.07385698316718037
36.65,0.07240310833725651,0.06282565677728508,0.07876943025483973,0.01138108540412674,0.07244885643395349
36.7,0.06090990117058685,0.07082874546912948,0.06915428369610127,0.02010626041208794,0.06100075853108794
36.75,0.04086121185538014,0.06914263035723445,0.05703116763853078,0.02677935229492989,0.04099412264791802
36.8,0.01556951585311842,0.05704519708444467,0.04330087741052607,0.03019092828137879,0.01573737648572937
36.85,-0.01045201985821886,0.03583677178294953,0.0290177552639701,0.03010754895141955,-0.0102588684313431
36.9,-0.03237655917156689,0.008724524998940719,0.01529409236614365,0.02756597579842686,-0.03216890534010075
36.95,-0.04600766771092195,-0.01971137155285646,0.003203747172495552,0.02475119492634889,-0.04579645908571423
37,-0.04857629968266458,-0.04435944346891285,-0.006308162891127234,0.02449482298882424,-0.0483721435728508
37.05,-0.03923813650306536,-0.0605427327928143,-0.01250638725525227,0.02949644619397064,-0.03905114108084184
37.1,-0.01920163026306423,-0.06489283749851238,-0.01493082150492619,0.04147792006513315,-0.01904128075361616
37.15,0.008497984587188616,-0.0559689430962958,-0.01343129128127352,0.06056113889168365,0.008623213313901812
37.2,0.03950254963484433,-0.03453197455061019,-0.008161271522243552,0.08511650086452034,0.03958587586062023
37.25,0.06881158122837508,-0.003443647626070523,0.0004531876733293583,0.1121508841259797,0.06884881510386648
37.3,0.09154390052721505,0.03276915277539305,0.0117566051851038,0.1380921570172848,0.09153413802679317
37.35,0.1036989385621584,0.06859998284207813,0.02491524053744787,0.1597309400773773,0.1036447745019922
37.4,0.1028398528581202,0.09839843812896593,0.03897390501677167,0.1750628067634628,0.1027469026712753
37.45,0.08860551294468026,0.1172495894917716,0.05293334795541355,0.183769558530094,0.08848137198207784
37.5,0.0629400561146978,0.1217921967366813,0.06585889353683511,0.1871604608251567,0.06279314961790927
37.55,0.02993628160754784,0.1108659505942332,0.07699388028714771,0.1875969835984468,0.0297749861289513
37.6,-0.004753939157437243,0.08587049909259792,0.08584587442116443,0.187628711265969,-0.004921387838076052
37.65,-0.03488179368449555,0.05072157236694425,0.09223685206281784,0.1891657410688385,-0.03504678112022097
37.7,-0.05475393327025051,0.0113341892165929,0.09630607402694807,0.1929896393518848,-0.05490643326072236
37.75,-0.06030632837807946,-0.02533781251571932,0.09845440765943025,0.1987329687465604,-0.06043415340148384
37.8,-0.04982817048970904,-0.0525475585106947,0.0992520895988005,0.2052290226766023,-0.04991681236283713
37.85,-0.02415332480626156,-0.06502321954966239,0.09933033194293006,0.2110388066872589,-0.02418689199814961
37.9,0.01370971032978636,-0.05994764724064205,0.09927710897856351,0.214975989938909,0.01374669158335706
37.95,0.05938057096659334,-0.03739784346809671,0.09956848438812305,0.2164498518735767,0.05950081201606938
38,0.1081041420571243,-0.0001496715577081753,0.1005357036594522,0.2155025593128566,0.1083153186884498
38.05,0.1556729858071507,0.04707615627079675,0.1023468049034642,0.2125725577638471,0.1559762186015597
38.1,0.1990521774644813,0.09870526670045487,0.1049980991371445,0.2081473671886137,0.1994414851446576
38.15,0.2365819539978731,0.1494390579594918,0.1083106817664222,0.2024534664702234,0.2370450543477388
38.2,0.2677574024377445,0.195140995735104,0.1119377397572292,0.1952378387662282,0.2682773161131469
38.25,0.2927013969359587,0.2332915788030676,0.1153872330267549,0.1857041517382895,0.2932587846606781
38.3,0.3115351630351143,0.2629543203426871,0.1180465200457421,0.1727148439432733,0.3121104909435012
38.35,0.3238786193338214,0.2843374302264348,0.1192320871767881,0.1552685076372209,0.3244540400217641
38.4,0.3286691821330445,0.2981442463698213,0.1182705202992606,0.1330661443993322,0.329229616707755
38.45,0.3243739624185821,0.3049461995923739,0.1146043121085729,0.1068894203971955,0.3249075860406433
38.5,0.3095259171547554,0.3047914398756323,0.1079067166873878,0.07861993920164601,0.3100241863720905
38.55,0.2833915208919037,0.2971714476269826,0.0981532556151703,0.05092897675612647,0.2838489873560661
38.6,0.2465266616722377,0.2813400709764415,0.08564218412781388,0.02673614385317134,0.2469409087362923
38.65,0.2010187281271185,0.2568472725278259,0.07097124284982892,0.008470790116733944,0.2013902089477704
38.7,0.1503240115221224,0.2240643875130198,0.05495692068062341,-0.002660212435633318,0.1506559816427287
38.75,0.09874634350372712,0.184488745587949,0.03852002666102811,-0.007041814393746369,0.09904430430973732
38.8,0.05070846745519347,0.1407101238469263,0.02256297459825551,-0.006531131012769469,0.0509794392717437
38.85,0.01001504838934353,0.0960500710430483,0.007857278979618632,-0.003938318258990841,0.01026626163652306
38.9,-0.02071605906859407,0.0539962019410492,-0.005041548557281561,-0.002282544105861757,-0.0204783709759625
38.95,-0.04034362141127192,0.01760861640117123,-0.01583951698723557,-0.004057995451571915,-0.04011546873547173
39,-0.04919093480794352,-0.01093962415955857,-0.02449746255395557,-0.01073054885511227,-0.04897111930803244
39.05,-0.04878398276374401,-0.0305910348806106,-0.03118633868375986,-0.02253917753641614,-0.04857420000910734
39.1,-0.04144370030592534,-0.04138847194368678,-0.03623959801083304,-0.03853914834099123,-0.04124778020798636
39.15,-0.02984954451960567,-0.04427364134578066,-0.04010752935368972,-0.05682815664036953,-0.02967235783627625
39.2,-0.01667313753757095,-0.04079369944271322,-0.04329462033033915,-0.07494111974696818,-0.01651906179796275
39.25,-0.004332351866889773,-0.03280906455224042,-0.04628543857534739,-0.0903563732494925,-0.004203924093868383
39.3,0.005140183436799031,-0.02226510516508529,-0.04947579110567935,-0.1009568736072824,0.005243380709140877
39.35,0.01016715290361233,-0.01105275670635103,-0.05312841964928028,-0.1053014402582456,0.01024885518652502
39.4,0.009700786273824261,-0.0009532878199803863,-0.05736965161138918,-0.1026909907719036,0.00976766032650711
39.45,0.00334126178380016,0.006381382952781844,-0.06220894792238552,-0.09311211850927044,0.003401633818500838
39.5,-0.008514913143133206,0.009488531776119635,-0.0675572606574365,-0.07713694331373024,-0.008452875704063834
39.55,-0.02456319235949346,0.007246771479309133,-0.07324871174207931,-0.05577457403468472,-0.0244934740165933
39.6,-0.04260565787532935,-0.000877253996356242,-0.07908058452263667,-0.03023362091311319,-0.04252595041785345
39.65,-0.05975937283691039,-0.01454806560851535,-0.08486409931750216,-0.001670852637093531,-0.0596717562564586
39.7,-0.07286621103881068,-0.03235855666277715,-0.09046536401280458,0.02889674849948187,-0.07277664563773456
39.75,-0.07903906137866896,-0.05182587009957262,-0.0958493711909234,0.06047088274364754,-0.078955794024197
39.8,-0.07622311041111297,-0.06965836003414161,-0.1010952721626324,0.09191799234952991,-0.07615432243309905
39.85,-0.06363167761567312,-0.08227882303189399,-0.1063495371362451,0.121953583349689,-0.06358297807144436
39.9,-0.04194004883246756,-0.08650088216257218,-0.1117581326828913,0.1492910505491752,-0.04191239659313317
39.95,-0.01317802286115104,-0.08019752519361617,-0.1174248588581757,0.1728939545828099,-0.01316657282138911
40,0.019665362463387,-0.06279452884519848,-0.1233833900762661,0.1922331199651388,0.01967127345009112
40.05,0.05324260172487564,-0.03545938298284246,-0.1295703261579575,0.2074284680261402,0.05325836209230639
40.1,0.08452071780458967,-0.0009284405210612801,-0.1358110495789303,0.2191799752489318,0.08456458781058834
40.15,0.1113695044235298,0.03699935680151079,-0.1418282916569328,0.2285180128199501,0.1114604190917808
40.2,0.1329171482758632,0.07419730504999461,-0.1472661055713527,0.2365003192349578,0.1330727055042176
40.25,0.1495723789953843,0.1070159061725693,-0.151718066287485,0.2439490067295293,0.1498073260608049
40.3,0.1626950026437312,0.1329662729212316,-0.1547625129015209,0.2512647491838964,0.1630203139608193
40.35,0.1740004195078672,0.1511162934950916,-0.1560048376463207,0.2583195680754362,0.1744229301582859
40.4,0.1848779590189593,0.1621038404089665,-0.1551236172226987,0.2644209190960932,0.1854000219974707
40.45,0.1958467440711621,0.1677618709583706,-0.1519118300733806,0.2683600689493058,0.1964660065639243
40.5,0.2063422107164103,0.1704626674923986,-0.1463028613745589,0.2685725902496506,0.2070508198273633
40.55,0.2149159799511405,0.1723715059486617,-0.1383923209678182,0.2634287925090031,0.2157001492563708
40.6,0.2197866348373117,0.1748376435306185,-0.1284534282761582,0.2516160441815259,0.2206260451750801
40.65,0.2195449286717112,0.1781132994517453,-0.1169080198980118,0.2324950062865591,0.2204135750351628
40.7,0.2137631791654481,0.1814804451472154,-0.1042556883441405,0.206298140301319,0.2146308168760769
40.75,0.2032923575973488,0.1837189150836837,-0.09100659773000414,0.1741313865641271,0.2041278223269528
40.8,0.1901531810325148,0.1837260735715364,-0.07762830515241947,0.1378163353794099,0.1909278802495583
40.85,0.1770682110790435,0.1810519793354471,-0.06451001507213222,0.09962198743241359,0.1777601934529431
40.9,0.1667998538857238,0.1761619625401725,-0.05195677867856358,0.06195023552651712,0.1673964675755299
40.95,0.1614947825958641,0.1703537249837385,-0.04019913774076084,0.02704562904960182,0.1619941486960056
41,0.1622025973189095,0.1653818497782328,-0.02939625345688446,-0.003235359984826623,0.1626128502786088
41.05,0.1686520606613526,0.1629327970690909,-0.01963878979899819,-0.02761461613632294,0.1689891848951238
41.1,0.1792891197672902,0.1641297273806063,-0.01096539433376315,-0.04556055003065738,0.1795735653032784
41.15,0.191529666065308,0.1692002913321842,-0.003384063700681617,-0.0573896761421966,0.1917828713557358
41.2,0.2021686051131147,0.1773593953831448,0.00311843208857937,-0.06421504296203004,0.2024099357467353
41.25,0.2078909680744241,0.1869022009780113,0.008581469783460915,-0.06769440085297852,0.2081356813051659
41.3,0.2058299520858308,0.1954643122553164,0.01307964684954827,-0.06964280010425951,0.2060882355443572
41.35,0.1940983036421901,0.2003927524644339,0.01672202024457098,-0.07165299100687954,0.1943752705428204
41.4,0.172196147144199,0.1991776748499686,0.01964004168869016,-0.07483789327437011,0.1724924768483985
41.45,0.1411939276317872,0.1898979859573964,0.02196969563661416,-0.07972315419872762,0.1415067231667888
41.5,0.1036224074130353,0.1716171723344463,0.02383041687355919,-0.08623337969690223,0.1039461190487511
41.55,0.0630722154104614,0.1446487974020864,0.02530601210140465,-0.09373119893910319,0.06339929189278071
41.6,0.02358648045464713,0.1106175681568117,0.02643423322199756,-0.1011280791518444,0.02390804325523443
41.65,-0.01101038329900631,0.07228538901191456,0.02720960257035282,-0.1070712723360687,-0.01070405989180623
41.7,-0.03769687891346245,0.03315697632342485,0.02760933514618752,-0.1101723917663517,-0.03741552388072289
41.75,-0.05464089611724389,-0.003058185634536859,0.02762723578071102,-0.1092285427488396,-0.05439340008998117
41.8,-0.06134912967016212,-0.03300770380279794,0.02728336180153534,-0.1034017081181237,-0.06114232912866657
41.85,-0.05860251798194289,-0.05417108672216048,0.02662568671865551,-0.09235872997834159,-0.05844027277715436
41.9,-0.0482366507331048,-0.06517733198106274,0.02573478141850349,-0.07636079099717748,-0.0481191316929081
41.95,-0.03282520573520085,-0.06593941773921402,0.02472781203415464,-0.05625027090472869,-0.03274897029950685
42,-0.01530850414918603,-0.05761310697298455,0.02375412978961688,-0.03332129752537126,-0.01526715142824464
42.05,0.001405572593299886,-0.04240687159206113,0.0229792805956236,-0.009152259965675749,0.001420193898291733
42.1,0.01483803624043836,-0.02327350213617518,0.02256732694449137,0.01450250804168808,0.01483458541339577
42.15,0.02328729793781833,-0.003509849374302043,0.02266989847163481,0.03577539679906359,0.02327404833920682
42.2,0.02606988943151053,0.01370909993220315,0.02341336571695174,0.05283416955814257,0.02605447754208495
42.25,0.02359616108755046,0.02581493187884171,0.02487701349317839,0.0641892414161839,0.02358597080036207
42.3,0.0172499637045448,0.03126883387984003,0.02707422104357698,0.0690447172701142,0.01725281560215153
42.35,0.009085698093747195,0.02983266420859571,0.02994845785065098,0.06750752297012326,0.009110374354783679
42.4,0.00140391751618363,0.02260929882733925,0.03337875544502644,0.06055943528679815,0.001460083078225649
42.45,-0.00369940998889953,0.01181570334251941,0.03718774500713784,0.0498316359643426,-0.003602108480840582
42.5,-0.004707332737458582,0.0003245378230518625,0.04114786753660477,0.03729918168026793,-0.004560802979356682
42.55,-0.0008994084410433804,-0.008925413216394951,0.04498422031603044,0.024982729829301,-0.0006989013882529593
42.6,0.007622219915720407,-0.01351686661419521,0.04837770184193046,0.01471412199693258,0.007876743744041237
42.65,0.02007717549463738,-0.01200548433815218,0.05096963750448458,0.007993347565629217,0.02038051462334617
42.7,0.03525241522079613,-0.004139715601989558,0.05236751199359047,0.005867548407707295,0.03559476184744448
42.75,0.05175725974412582,0.009186609617522712,0.05216053758017952,0.008775594077195564,0.0521258001556828
42.8,0.0682079533101594,0.02621658363668822,0.04995764077209092,0.01648805932777898,0.06858904126646148
42.85,0.0833067677466087,0.04475310336421118,0.0454416367857835,0.02828447107426421,0.08368809742073502
42.9,0.09584154113159225,0.06259732560888975,0.03842293488427029,0.04322243807392054,0.0962137291586263
42.95,0.1046814826133224,0.07789153696720952,0.0288828801108949,0.06025251604736913,0.1050389171081453
43,0.1088590255616546,0.08930570412760386,0.01700449180835623,0.07819049148733116,0.1091998000917037
43.05,0.1077898965604688,0.0960778210351213,0.003185356431273934,0.0957023382986085,0.1081153962004917
43.1,0.1016062738433498,0.09797373422912314,-0.01197296570038486,0.1113443925021413,0.1019204769091382
43.15,0.09148743134125317,0.09525327681824491,-0.02770414159892193,0.1236340670757814,0.09179662403665434
43.2,0.07981706004871693,0.08870452522094224,-0.04314235307213882,0.1311434058724941,0.08012963405988466
43.25,0.07000767333952615,0.07973662935706904,-0.05739698842868146,0.1326151225632142,0.07033421633735581
43.3,0.06592749538465198,0.07044649533269692,-0.06963014775795195,0.1270950457675628,0.06628029730448237
43.35,0.07101048122665839,0.06353924540011469,-0.07914006610622454,0.1140382913859315,0.07140245338188778
43.4,0.08727489750565581,0.06200486877585409,-0.08543962837044117,0.09331662703590221,0.08771721251139286
43.45,0.1145492933881367,0.06853638722543826,-0.0883193000046445,0.06513993345170174,0.1150484819198367
43.5,0.1501767256636071,0.08479255788642726,-0.08787745881993708,0.03004387998377701,0.1507313722232221
43.55,0.1893377945318757,0.1107164243428826,-0.08449831061381502,-0.01094037185681164,0.1899364767339508
43.6,0.2259562129515543,0.1441644827447727,-0.07879883869521875,-0.05598504873681775,0.2265769673788226
43.65,0.2539779379772366,0.181038949929104,-0.07157395123796062,-0.1022370200368105,0.2545905746252411
43.7,0.2687060084719238,0.2159638912442727,-0.06373651962715704,-0.1459243285223918,0.2692763886129464
43.75,0.2678416524704039,0.243369159616336,-0.05622575949184522,-0.1829139100500766,0.2683378761089051
43.8,0.2519459945686973,0.2587131240169337,-0.0498858759178521,-0.2095560941500497,0.252344455309557
43.85,0.2241758834812593,0.2595107666887904,-0.04537992483035747,-0.2235104188610683,0.2244662930198751
43.9,0.1893477462765357,0.2458809783178671,-0.04313516105814796,-0.2243358683956877,0.1895353965270771
43.95,0.1525864284829326,0.2204495489382429,-0.04330861081885828,-0.2136649493401779,0.1526913487449046
44,0.1179612035500838,0.1876151202963799,-0.04578962084681587,-0.1948246625852958,0.1180140932492448
44.05,0.08753102099946784,0.1523682207794823,-0.05023034215521532,-0.1720234911109048,0.08756693095594514
44.1,0.06109669458833426,0.1189908776951625,-0.05608357241421069,-0.1494317337450019,0.06114784103693272
44.15,0.03672327148570516,0.09002436247812912,-0.06266912347987685,-0.1304285780952947,0.03681263118685729
44.2,0.01183614576751386,0.0658090340909866,-0.06927172362395057,-0.1171285482203347,0.01197327820720051
44.25,-0.01549520067073418,0.04472925383878268,-0.07523132191850718,-0.1102301112120051,-0.0153152886829912
44.3,-0.045525382935428,0.02409151070689514,-0.08001108650881444,-0.10920251434786,-0.04532021972228573
44.35,-0.07639618018871162,0.001352917044897928,-0.08324989847115299,-0.11272133149014,-0.07619144829772645
44.4,-0.1044317719894973,-0.02470779435940468,-0.08479862063663701,-0.1191722422788661,-0.1042556657370223
44.45,-0.1250618227665465,-0.053266331543318,-0.08473444663434015,-0.1270665619728713,-0.1249396505014667
44.5,-0.1340738635829297,-0.08142008070288725,-0.08333781565657633,-0.135292450688654,-0.134023847843546
44.55,-0.1288085518384255,-0.1048543930199034,-0.0810266785195401,-0.1432093498065094,-0.1288395858633659
44.6,-0.1089535728197007,-0.118991331319391,-0.07827976352718385,-0.1506270075997304,-0.1090648901443515
44.65,-0.07673771012448877,-0.1202739433861193,-0.07558324321012677,-0.157660870321332,-0.07692007698418335
44.7,-0.03651809679314161,-0.1072106310121854,-0.07337295381045905,-0.1644642486873553,-0.03675598146639364
44.75,0.006078377355847667,-0.08089013349603646,-0.07195978894495858,-0.1709423211000302,0.005804462563350543
44.8,0.04520714673549047,-0.04484785958770399,-0.07148804198671255,-0.1765980692016384,0.04491829217640303
44.85,0.07579765083550626,-0.004354328385174244,-0.07193419650332367,-0.1805693162530149,0.0755147145366209
44.9,0.09430264015573793,0.03465101770819301,-0.07311771733915506,-0.1818067603116379,0.09404454189984846
44.95,0.09912030883253845,0.06669251802198467,-0.07472403145113099,-0.1793260801414885,0.09890274527472576
45,0.09068940999766059,0.0876976951924765,-0.07635568600611586,-0.1724822853758859,0.09052358329079546
45.05,0.0713001154170011,0.09557457056037716,-0.07760002378308234,-0.1612058773434051,0.07119187846783692
45.1,0.0446725786652894,0.09037408078437004,-0.07808985659133272,-0.1461366322004989,0.04462195275159681
45.15,0.01535041365858198,0.07408613198757774,-0.07754213534707277,-0.1286201884848918,0.01535189825978667
45.2,-0.01203130151686124,0.05016922762930964,-0.07577186865864088,-0.1105603965417539,-0.01198762211995863
45.25,-0.03350791222508641,0.02291700238887667,-0.0727067792842353,-0.09412311316230086,-0.03343453078408942
45.3,-0.04643771865691401,-0.003245116020303418,-0.06839920703562674,-0.0813071445053179,-0.04634749542775213
45.35,-0.04989083443401168,-0.02444827114073544,-0.06298608207093775,-0.07345129578529302,-0.04979494994332523
45.4,-0.04466244270650448,-0.03796565519794759,-0.05663392804807466,-0.07083444592661391,-0.04456890638356892
45.45,-0.03289741944808439,-0.04259565270787757,-0.04950991872909066,-0.07256386796039002,-0.03281042437115744
45.5,-0.01743416862737949,-0.03876495941550034,-0.04176471968348178,-0.07681788452973695,-0.01735418095930114
45.55,-0.001064815258845832,-0.02829829277416018,-0.03352847448227125,-0.0813104188566271,-0.000989177590778767
45.6,0.01407312887801275,-0.01388237337609938,-0.02492971008886163,-0.08379310901522229,0.01414943272845948
45.65,0.02681907234741716,0.001638710720630376,-0.01612409493809169,-0.08251548752022828,0.02690267391572942
45.7,0.03698042548061932,0.0159442740590518,-0.007310778453768485,-0.07665004875841119,0.0370788763069323
45.75,0.04505875133444288,0.02769362796668201,0.001272534675332615,-0.06661088961782821,0.0451797483092321
45.8,0.05184980802555343,0.03663715734737144,0.009367091330733601,-0.05405387181813029,0.05200016950712849
45.85,0.05807071546735543,0.04339121644160238,0.01670836222722782,-0.04142924190144633,0.05825512170268726
45.9,0.06412898948190006,0.04899508562248533,0.02303978444371568,-0.03124427978192507,0.06434857918642906
45.95,0.07007694148894721,0.05442518740836122,0.02813635916573176,-0.0253575113591064,0.07032824044200336
46,0.07571919740410435,0.06023482410661274,0.03183378230655731,-0.02456326223211821,0.0759936222543256
46.05,0.08078399034666454,0.0664209498868451,0.03405101011876943,-0.02857923113201405,0.08106850019823125
46.1,0.08505152055013422,0.07252526757438787,0.0348138622720659,-0.03638778332725165,0.08533020146922132
46.15,0.0883577528598692,0.07789046474040806,0.03428454645243639,-0.04674230038348325,0.08861444240209304
46.2,0.09045571339442479,0.0819418487567895,0.03276748402978202,-0.05861913025478727,0.09067674669614201
46.25,0.09079021849800337,0.08436592919080194,0.03068493793281141,-0.07146719517063761,0.09096698200320735
46.3,0.08830157961689507,0.08510558692360493,0.02853494694516828,-0.08518976539162258,0.08843186593364372
46.35,0.08138769002263269,0.08417375196535243,0.02683459695288265,-0.09987427785932521,0.08147577021890168
46.4,0.0681178226973542,0.08136845659982517,0.0260532185075063,-0.1154586723130152,0.06817294596014717
46.45,0.04671053431426033,0.07602244265869651,0.02654856759114321,-0.1316009335930748,0.0467443666870106
46.5,0.01619128995775973,0.06692676091210903,0.02852454122512721,-0.1477671069337272,0.01621477025427043
46.55,-0.02293967503864881,0.05251910870294829,0.03201691433746967,-0.1633778037512596,-0.02291928257735643
46.6,-0.06824286285316188,0.03133432234699418,0.03689976118811678,-0.177948837266548,-0.06822404389823322
46.65,-0.1152774239337987,0.002616473770120809,0.04290648203276609,-0.191217629000211,-0.1152651117326248
46.7,-0.1580608044801839,-0.03307884888046103,0.04966811735556764,-0.2031669122570244,-0.158065418382798
46.75,-0.1900359148242889,-0.07348654481713052,0.05677487237226991,-0.2138364621891272,-0.1900709050184017
46.8,-0.2053768661369272,-0.1146028645102986,0.06384228062003727,-0.2230340494366651,-0.205455183777294
46.85,-0.2003355551904001,-0.1511098784407808,0.07056178809808411,-0.2302064397353377,-0.2004658813985706
46.9,-0.1742776782590696,-0.177231684675065,0.07672401461953293,-0.2345323531639729,-0.1744612441103573
46.95,-0.1301046974708734,-0.1878741212653201,0.08221106287386587,-0.2351439905452513,-0.1303335552112013
47,-0.07390157774702566,-0.1797954443712555,0.08697609926967831,-0.2314198127344046,-0.07415880376972872
47.05,-0.01384749084610152,-0.1525115865280479,0.09102554745997093,-0.2232869668507998,-0.01410941645185076
47.1,0.04137905632928843,-0.1086715968290609,0.09440368402542787,-0.2114343930778853,0.04113892501282984
47.15,0.08433240692261212,-0.05376056675484631,0.09717329921513329,-0.197325616931454,0.0841386066960178
47.2,0.1102581765525323,0.004838370522180724,0.09939450681174389,-0.1829303690036844,0.1101285151660595
47.25,0.1179285476087036,0.05922798607679658,0.1011119805521946,-0.1702281905526429,0.1178704575129585
47.3,0.1096595168865274,0.102521152938028,0.1023436829764239,-0.1606807497200219,0.1096681609893223
47.35,0.09052346322913872,0.1301506636746732,0.103070739811421,-0.1548778508558032,0.09058206279384229
47.4,0.06697907627417704,0.1406524582954635,0.1032372836397535,-0.152482720260541,0.06706126276411883
47.45,0.04528695045869393,0.1357403296442802,0.1027664220023387,-0.1525025727883565,0.04536062008979719
47.5,0.0301176174093098,0.1196702945938008,0.1015831024077941,-0.1537813752468113,0.03014952835454343
47.55,0.02367742627815992,0.09807508771912787,0.09962535265583988,-0.1554614298664076,0.02363767566967412
47.6,0.02550747774900371,0.07658137417972177,0.09683871209790096,-0.157151141929981,0.02537326953686037
47.65,0.03291527878656861,0.05956514051622436,0.09317388647495251,-0.1587617598027776,0.03267356130942684
47.7,0.04184466837190746,0.04933973966812133,0.08860857280482115,-0.1602017444209948,0.04149339262333351
47.75,0.04791976308394325,0.04592301864344883,0.08318138620047033,-0.161144182262508,0.04746787077079528
47.8,0.04741754069666289,0.04736125678509445,0.07701561069885504,-0.1609576843662479,0.04688342305408766
47.85,0.03799769222988773,0.05045331167230183,0.07032800247237525,-0.1587906753418028,0.03740664345875588
47.9,0.01910881540811532,0.05164232336542812,0.06342272767843704,-0.153828068116062,0.01848923820401527
47.95,-0.007942011456033994,0.04785249377941225,0.05666818415434327,-0.1457622028503971,-0.008562573857768485
48,-0.04022553032628606,0.03712230892963053,0.05045616534153752,-0.1353010118514376,-0.04082449235898467
48.05,-0.07368203364284387,0.01896852673328148,0.04515381611831626,-0.124292912267169,-0.07424460792634557
48.1,-0.1037971019305487,-0.005529471674577513,0.04105903430286573,-0.1152077316100932,-0.1043178547040733
48.15,-0.1263689575002759,-0.03390649930865841,0.03836085612291418,-0.110174352136025,-0.1268512233247913
48.2,-0.1382481512311843,-0.06271348003511873,0.03711227694023056,-0.1100812220708364,-0.1387018970241881
48.25,-0.1379185787756799,-0.08809422232003816,0.03722719388383111,-0.1141564897427537,-0.138356877511705
48.3,-0.125798632925289,-0.1064649043495408,0.03850266577756239,-0.1201323195399376,-0.1262338677158038
48.35,-0.1041859048240199,-0.1151876666107501,0.04065836204376261,-0.1248598727432066,-0.104626351821716
48.4,-0.07683897458880753,-0.1131076727061969,0.04338461681017519,-0.1251831650129551,-0.07728662873400705
48.45,-0.04827284769519948,-0.100829779331616,0.04639297830106326,-0.1188439081613872,-0.04872279673223356
48.5,-0.02291436876122326,-0.08065239615348369,0.04945848768733851,-0.1051451188783367,-0.02335576793965488
48.55,-0.004299240096457267,-0.05615468345350871,0.05244097620329802,-0.0851722685796427,-0.004717632719569542
48.6,0.005519999263649417,-0.03152556018101393,0.05527967308488857,-0.06152022817387184,0.005139639921805439
48.65,0.006243123017971242,-0.01077339654850928,0.05796886031595239,-0.03764887675859464,0.005913095073261321
48.7,-0.0007607680922113627,0.003010704601279668,0.0605272087514952,-0.01711778654699683,-0.001033616059187281
48.75,-0.01283412705248949,0.008179616219962105,0.06296649302392343,-0.002898167861921081,-0.01305025297323348
48.8,-0.02659928340919262,0.004757107255990323,0.06526387209950935,0.00318140452472018,-0.02676683373447353
48.85,-0.03858431123937187,-0.005655549810992588,0.06734375768683853,0.0007994134746006988,-0.03871814058345657
48.9,-0.04579458524808806,-0.02024832620141748,0.06907733137284122,-0.008846403566594281,-0.04591383268439297
48.95,-0.04615356405025023,-0.0355449136133662,0.07030529224939136,-0.0234734339896232,-0.04627836101530292
49,-0.03877286143503012,-0.04800036371314076,0.07086834374396622,-0.04041286821629322,-0.03892060266171138
49.05,-0.02403493902763948,-0.05455582299926709,0.07062803086387853,-0.05723364633196255,-0.02421693877760167
49.1,-0.003486859441354043,-0.05308564880258199,0.06948148913177787,-0.07211080291630215,-0.003705856201343449
49.15,0.02044052124626798,-0.04270020366218619,0.0673764037285004,-0.08397810667314665,0.02019137101920754
49.2,0.04484554982114013,-0.02387700513545904,0.06432268167453631,-0.09252594659201481,0.04458220925982981
49.25,0.06682624623837964,0.001602730407341935,0.06039963808547472,-0.09807280636724461,0.06657162461228083
49.3,0.08391020301258242,0.03091181297558004,0.05576762192422047,-0.1013585927182703,0.08369082401162264
49.35,0.09435381531499432,0.06059227743661721,0.05067906431654423,-0.1033091287474315,0.09419544166584704
49.4,0.09726018867193022,0.08706173172752074,0.04547194312200364,-0.1048079743388563,0.09718327583631192
49.45,0.09252713920283433,0.1071221400948546,0.04054311010371747,-0.1065080273985629,0.09254259160937767
49.5,0.0806913130986521,0.1183774132714219,0.03631236047950126,-0.1087055736609479,0.08079746648669495
49.55,0.06276074952249115,0.1194902355363228,0.03318451376602416,-0.1112986384020293,0.06294217922306167
49.6,0.04011186203575246,0.1102561825498498,0.03150839940787387,-0.1138600195687545,0.04034042218448108
49.65,0.01447469140626256,0.09153021970315095,0.03153031483492236,-0.115838778059865,0.01471283057540157
49.7,-0.01203625434942466,0.06507310936623711,0.03334600535887222,-0.1168118852323036,-0.01183051090987075
49.75,-0.03693938087157458,0.03337329380284371,0.03687127562535103,-0.1166156464889934,-0.03680662611450658
49.8,-0.05755148600600718,-0.0005286663718674922,0.04184740555884703,-0.1153230121046288,-0.05752552987010162
49.85,-0.07135177629558576,-0.0332218775474053,0.04787435704540516,-0.1132234122738184,-0.07145571980878695
49.9,-0.07650401493102567,-0.06116656065322634,0.05446147911820315,-0.1108767703184701,-0.07674853506498275
49.95,-0.0724035273482776,-0.0810512364553076,0.06108938095569427,-0.1091212855407659,-0.0727876181115531
50,-0.0600656563260669,-0.09027654436285737,0.06727311342346098,-0.1088761669869896,-0.06057940846979509
50.05,-0.04219106943362377,-0.08750294029348926,0.0726180341172275,-0.1107513046698393,-0.04281958943713254
50.1,-0.02282627290469242,-0.07312485917076195,0.07686255130323133,-0.1146940515731456,-0.02355373628044333
50.15,-0.006654452621025954,-0.04950422356290407,0.07990011559531163,-0.1198846619061455,-0.007466996579294838
50.2,0.001938877200435458,-0.0208279507124724,0.08177552490171641,-0.1248577210919268,0.001051703756860312
50.25,-0.0001939731643756507,0.007459918200273197,0.08265553290780464,-0.1277104341251462,-0.001148022975306584
50.3,-0.01425183269655719,0.02957969915811942,0.08277862497063415,-0.12635940719501,-0.01526602363510465
50.35,-0.03919564869529141,0.04051039243832694,0.08239802086961495,-0.1188825732751645,-0.04026153916069719
50.4,-0.07196652992747589,0.03701106165192536,0.08173633633081401,-0.103927282740159,-0.07307228301563307
50.45,-0.108158357862112,0.01832291006659481,0.08095778803007697,-0.08106012979208888,-0.1092876409480026
50.5,-0.1429499453849399,-0.01363173352601538,0.08015337900424674,-0.05087234943470857,-0.1440830576365021
50.55,-0.1720260679628108,-0.05461630309152027,0.07933883222719007,-0.01477700314507275,-0.1731416248264479
50.6,-0.1922257237450355,-0.09892685026361214,0.0784653357563444,0.02533925363796003,-0.1933036221338294
50.65,-0.2017731052875365,-0.1405060686306366,0.07743613556358597,0.06738500689486954,-0.2027964523246928
50.7,-0.2001060472638164,-0.174034480292395,0.0761202354568235,0.1091960320665385,-0.2010627214674532
50.75,-0.1874709757256371,-0.1957265297803298,0.07436092332899613,0.1486225524161561,-0.1883532194629413
50.8,-0.1645178210108525,-0.2036682352150607,0.07198479433827454,0.1836275664331892,-0.1653212788153701
50.85,-0.132097732271981,-0.1976869725674653,0.06882355680097441,0.2123873215422893,-0.1328194728649633
50.9,-0.09134304595396993,-0.1788969939909555,0.06474219697232508,0.2334129110056779,-0.09198028140194642
50.95,-0.04396543589792119,-0.1491550572603555,0.05965161374200267,0.2457254450758557,-0.04451477445771251
51,0.007408352159550818,-0.110646969348459,0.05351833897781555,0.2490635891580506,0.006950193275631233
51.05,0.05907790483329608,-0.0657242146281547,0.04638862599783417,0.2440552464007139,0.05871263464409038
51.1,0.10645472065895,-0.0169768136276412,0.03840203758117777,0.2322650064334673,0.1061804713429356
51.15,0.1446416547588144,0.03258851305531524,0.02977115181602064,0.2160333492658982,0.1444514760712565
51.2,0.1693141675933119,0.07945207101933105,0.0207409563620346,0.1981051163500557,0.1691955646539969
51.25,0.1776859761408936,0.1197247816582806,0.01155620415952385,0.1811494363191715,0.1776219271022266
51.3,0.1692763048124943,0.149592217879735,0.002445322599819277,0.1672756781527794,0.1692476284139753
51.35,0.1462169184071835,0.1659924624893463,-0.006392160790544055,0.1576242961250777,0.1462054269289266
51.4,0.1129498125612642,0.1673450024873769,-0.01479866569558153,0.1521430563772463,0.1129414041686149
51.45,0.07534434258351379,0.1540925388742619,-0.02265963515040759,0.1496522651017111,0.07533115368642695
51.5,0.03944976193804442,0.1288472816353546,-0.02988866181236027,0.1482025798974215,0.0394307255850434
51.55,0.01022685033647226,0.0960325806760377,-0.03641180708304487,0.1456175692010045,0.01020648563347776
51.6,-0.009382546650281437,0.06105545295733994,-0.04216690438384096,0.1400802983744594,-0.009396824173148133
51.65,-0.01879886154657325,0.02920883238312066,-0.04711631324743426,0.1306290184927093,-0.01880014373850847
51.7,-0.01950760857372124,0.004603849746112942,-0.05126242782992274,0.1174401606881776,-0.019492673594181
51.75,-0.01427694756960548,-0.01057227356612378,-0.05466093018415186,0.1018207340166931,-0.01424830652421061
51.8,-0.00618902200132117,-0.01627643848939486,-0.05743308330813301,0.0858824429861479,-0.006155297510032576
51.85,0.002186478047957625,-0.01427287579382958,-0.05977244088776323,0.07193625023575925,0.002211934185819275
51.9,0.009236466097498054,-0.007378933208331273,-0.06193460423809338,0.06174424954003575,0.009238241289443061
51.95,0.01429069287165318,0.001437858799528069,-0.06420327298371054,0.0558677227492442,0.01425451679853618
52,0.01724879802830602,0.009813947530748712,-0.06684803345236695,0.05339540230213907,0.01716437558485218
52.05,0.01806590997196001,0.01637247089631089,-0.07008816978395249,0.05223106199491696,0.01792867437166767
52.1,0.01633962499551661,0.02067002145269553,-0.07406135918419221,0.04985809805745798,0.01615111264163904
52.15,0.01117229827514077,0.02280456548481991,-0.07881450575830201,0.04426771570235486,0.01093912404536013
52.2,0.001354056542722221,0.02288431691412429,-0.08431592477528188,0.03469305773382731,0.001086040097414143
52.25,-0.01422049084910667,0.02059050920318783,-0.09046604381075041,0.02188485628087159,-0.01451268311892312
52.3,-0.03607658005694862,0.01501634261227403,-0.09709632110980454,0.007832275260604338,-0.03638351484679531
52.35,-0.06381059223651205,0.004839033121748437,-0.1039691344315178,-0.004971759010339047,-0.06412577792322632
52.4,-0.09599498550739043,-0.01124987216938583,-0.1107919214820001,-0.01444325785656904,-0.09631580141500801
52.45,-0.130359881916556,-0.03401619183143778,-0.1172384836209633,-0.01960497927464686,-0.1306880433855032
52.5,-0.1641750524054587,-0.06324405088542773,-0.1229669052602189,-0.02079147849586324,-0.1645164615018717
52.55,-0.1946969080463749,-0.09753607010021542,-0.1276366259672401,-0.01937381192532297,-0.1950612015497315
52.6,-0.2195491247035833,-0.1344236418043588,-0.1309349616444689,-0.01714393864352133,-0.2199486810994924
52.65,-0.23695900563769,-0.1707426539681153,-0.132619715071895,-0.01554286919388162,-0.2374075103165654
52.7,-0.2458454256034263,-0.2031500651188766,-0.132567333952464,-0.01505484985897311,-0.2463558165417787
52.75,-0.2458076971263667,-0.2286398143070179,-0.1307990317469247,-0.01507240478957194,-0.2463897356295965
52.8,-0.2370774130489084,-0.2449433038753966,-0.1274721352493542,-0.01426768097075713,-0.2377352168032433
52.85,-0.2204683960653135,-0.2507584673697599,-0.1228513251322103,-0.01123487553394606,-0.2211984594615912
52.9,-0.1973176302246976,-0.2458174305836542,-0.1172754324249234,-0.005113823733731964,-0.1981080117451346
52.95,-0.1693824476096397,-0.2308358160775696,-0.1111226524720149,0.004031060305532509,-0.1702132179670121
53,-0.1386625242978964,-0.2073831116796646,-0.1047685244474244,0.01523551796919254,-0.1395078106452279
53.05,-0.1071521528603176,-0.1776905210329074,-0.0985385106539301,0.0270622622754489,-0.1079828312311674
53.1,-0.07657354440965733,-0.1443941574326692,-0.09266734568721702,0.03822621947251665,-0.07736058551489483
53.15,-0.04817645513721775,-0.1102136039092159,-0.08727479616115852,0.04813185399591916,-0.04889351310866663
53.2,-0.02268041837566641,-0.07759609403644435,-0.08235938265821496,0.05709885906471387,-0.02330613818825777
53.25,-0.00039028497700102,-0.04839876308322044,-0.07780830177738018,0.06620638162703801,-0.0009094052359501226
53.3,0.01856180548466455,-0.0236961876563454,-0.07342465427265604,0.07683967602678068,0.01815746124350454
53.35,0.03395558076484506,-0.0037759870423138,-0.06896288696003722,0.09010370168652038,0.03366674742011988
53.4,0.04533295180429769,0.01167396664505777,-0.0641608328114936,0.1062954547337617,0.04515237428339625
53.45,0.0520470840864809,0.02325263682923623,-0.05877854155224055,0.1246311947233905,0.0519594690198642
53.5,0.05351769221441603,0.03152258427098065,-0.05264303258419206,0.1433749125445594,0.0535000446042706
53.55,0.04961079978047134,0.03679981542558775,-0.04568202715465935,0.1603397964762387,0.04963376839373712
53.6,0.04100662300178616,0.03913830959409803,-0.03794202530964164,0.1735452563568039,0.04103684810756669
53.65,0.02941148309303663,0.03851407697440967,-0.02959306264133921,0.1817900706747576,0.02941492678621965
53.7,0.01750610545950223,0.0351292626260965,-0.02091544961566666,0.1849870392238353,0.01745194685987489
53.75,0.008585758889945092,0.02969891738344094,-0.01226665243865599,0.184185239239844,0.00845031711738975
53.8,0.005925718595267049,0.02358799139526768,-0.004035906343450912,0.18128169776978,0.005695726019629366
53.85,0.01198961973162345,0.0187235683667788,0.00340911912197317,0.1784845295264267,0.01166434964804569
53.9,0.02767489678220768,0.01728249274241056,0.009776380001329077,0.1776371921461935,0.02726657153335477
53.95,0.05182853360096829,0.02121633014745777,0.01489247414515832,0.1796034053945862,0.05136097057900513
54,0.08123559962428241,0.03171848647979081,0.01872629892834327,0.1839707046779264,0.08074100974806553
54.05,0.1111647891671293,0.04876571389329509,0.02138942787437148,0.1892275560179848,0.1106793497917544
54.1,0.1363782930590628,0.07087473239858438,0.02311515736810271,0.1933393094994676,0.1359371099381577
54.15,0.1523416635144316,0.09519011825517076,0.02422127405332736,0.1944402102920799,0.1519741221097735
54.2,0.1562818461368857,0.1179418301154798,0.02506319069815077,0.1913424926902874,0.1560081654179146
54.25,0.1477819948915105,0.1352000145338351,0.02598708613318479,0.1837511857149363,0.1476115071032633
54.3,0.1287569747743598,0.1437498634317893,0.02729354206841544,0.1722629671286138,0.1286882929997955
54.35,0.1028577779458359,0.1418444934956373,0.02921440245448886,0.1582263998321479,0.1028804501138718
54.4,0.0745224173686498,0.1296156693117668,0.03189769429589129,0.1434596172776505,0.07461949592175021
54.45,0.04796687541948598,0.1090247178889173,0.03540186257388633,0.1298353866479081,0.04811769328154453
54.5,0.02637979630326949,0.08337227022744048,0.03970294898426052,0.1188117717350262,0.02656237496462488
54.55,0.0114801539119757,0.0565208010998155,0.0447115288270708,0.1110456013630705,0.01167307976060367
54.6,0.003469414730080731,0.03206022160253169,0.05029248741369891,0.1062324777052079,0.003653071484005399
54.65,0.001302127825660711,0.012636384907876,0.05628000551801182,0.1032296764121234,0.001459681459416773
54.7,0.003138404946491197,-0.0004149724310473224,0.06248353267916079,0.1003874398424613,0.003256572108290556
54.75,0.006830035073919581,-0.007092601131321707,0.06869095889887433,0.09596908551494361,0.006899929112004544
54.8,0.0103231055832693,-0.008474668306623412,0.07467823921281236,0.08857314976740163,0.0103408954174084
54.85,0.01191558635685694,-0.006304790431875262,0.08022362577689518,0.07745774097483576,0.01188283373181492
54.9,0.01037204807068891,-0.002552329784792584,0.08511904967726414,0.06265872057472997,0.01029536564826272
54.95,0.004947043983361889,0.0009426369366543619,0.08917884648010932,0.04488868882651639,0.004836913986836389
55,-0.004613374655757994,0.002679799602568644,0.09224834160279061,0.02533802049904457,-0.004744502317351018
55.05,-0.01804380383925607,0.001571353188127733,0.09420435680800665,0.005526836602461497,-0.01818388780226221
55.1,-0.03450803418606643,-0.003066772341634827,0.09495425281750608,-0.01278669873561095,-0.03464765155348809
55.15,-0.0525784541640716,-0.01153839920085775,0.09444734287246792,-0.02777130567539744,-0.05271244433835348
55.2,-0.07032223319014974,-0.02374867054214597,0.09268178839134461,-0.03783270074107425,-0.07045026710793828
55.25,-0.08554052858742646,-0.03912511304010069,0.08970036113854063,-0.04198911071741912,-0.08566665247272481
55.3,-0.09613792958306304,-0.05653631810171478,0.08558397474714552,-0.04013248172243827,-0.09626919356992081
55.35,-0.100525410560572,-0.07428374605885846,0.08045219151199889,-0.03301405158296342,-0.1006701207847311
55.4,-0.0979266571311885,-0.09024189966031354,0.07447046725338058,-0.02194058980438758,-0.09809263429598375
55.45,-0.08848713313880026,-0.1021620544524076,0.06785237394347571,-0.008346387031093267,-0.08868039955751628
55.5,-0.07316718946920836,-0.1080749664811977,0.06084847221467571,0.006541671528307375,-0.07339113484775872
55.55,-0.05349096732897083,-0.10667455252536,0.05372344141387697,0.02182885841417559,-0.0537459629301324
55.6,-0.0312739438323148,-0.09756450562008856,0.04672755475372098,0.03691421804090564,-0.03155719819167602
55.65,-0.008436067487440238,-0.08130848929682588,0.040069753086663,0.05140456429948907,-0.008741610636444241
55.7,0.01306452782669775,-0.05930122788098413,0.03389862929191345,0.06506590684302953,0.01274567536117649
55.75,0.03122911099900141,-0.03353771052351784,0.02829368167695884,0.077864105468768,0.03090850766502329
55.8,0.04405292674415209,-0.006382111301146243,0.02326416755064753,0.09003508915990095,0.04374372035120111
55.85,0.04969213546284325,0.01959832941688716,0.01875220974597996,0.1020180115553948,0.04940763738294685
55.9,0.04678993848406451,0.04174376317554257,0.0146421739295533,0.1141937635149606,0.04654170665951629
55.95,0.03489352373250185,0.05742889648756316,0.01077504277976332,0.1266026147485255,0.0346895652535158
56,0.01482183248691652,0.06429095034149246,0.00696513448395869,0.1388281545441443,0.0146651372693678
56.05,-0.01117172760663068,0.06059237748574875,0.003024597488425484,0.1501097637779147,-0.01128365356241717
56.1,-0.03954540980609278,0.04567423107070046,-0.001201623634122628,0.1596202000593704,-0.03961999816298412
56.15,-0.06593378012257045,0.02037709662309484,-0.005800610999765032,0.1667750681549369,-0.06598167951314393
56.2,-0.08584105413397973,-0.01273031642024314,-0.01077093982335919,0.1715140072971264,-0.0858736951955355
56.25,-0.09540904578233031,-0.04944216256880141,-0.01602357093782025,0.1745474661920917,-0.09543591214360259
56.3,-0.09209246606334826,-0.08437540357415829,-0.02139979996149205,0.1774269320649509,-0.09211881194115151
56.35,-0.07510801681030034,-0.1117543141954929,-0.02669713105547566,0.1822310417167556,-0.07513357556997274
56.4,-0.0455814377400947,-0.126379425838598,-0.03169869917220375,0.1908656562248114,-0.04560056098119475
56.45,-0.006377836813112481,-0.1245836761915907,-0.03620294216812914,0.2042660206446771,-0.006381049587218968
56.5,0.03834672973819084,-0.104974007643716,-0.04005105259490765,0.2218711301612178,0.03837013477300588
56.55,0.08379068591605009,-0.06879908294863313,-0.04315400368987565,0.2415897649739305,0.08384975944047013
56.6,0.1252323776291278,-0.01985943002873114,-0.04551623596135157,0.2602513853371135,0.125332234106293
56.65,0.1586979977540956,0.03603773791193077,-0.04724417102322664,0.2743138804973995,0.1588388356659867
56.7,0.1814411247366757,0.09198815974693242,-0.0485320286385772,0.280563277560374,0.1816189725855133
56.75,0.19214757899504,0.1410966145549854,-0.04963228662785657,0.2767094067694993,0.1923564659128944
56.8,0.190855367750424,0.1775802958361791,-0.05082412404199155,0.2618606794339138,0.1910903176075549
56.85,0.1786640131023877,0.1976553501652669,-0.05238354746451973,0.236762793985823,0.1789237123420511
56.9,0.1573636916641092,0.2000269546337546,-0.05455190030842272,0.2036245274961813,0.1576519245906423
56.95,0.1291172516980596,0.1858887092797013,-0.05750441063634659,0.165521590332341,0.1294423669739635
57,0.09627397929193766,0.1584697414289733,-0.06132491571598714,0.1256466760298388,0.09664642195893741
57.05,0.06131160897086217,0.1222647676385414,-0.06598960165819007,0.08677262570314079,0.06174012780783489
57.1,0.0268340875184712,0.0821582877524798,-0.0713602460396715,0.0510926040532221,0.02732172563521745
57.15,-0.004468735165181397,0.04265492054171649,-0.07719097490726973,0.02028927633254729,-0.003927557747094801
57.2,-0.02996084789860354,0.00735641506772855,-0.08315447774430018,-0.004421711333733916,-0.02938131625740414
57.25,-0.04729974476658896,-0.02126047852668256,-0.08888345811780995,-0.02241229941803435,-0.04670511162601676
57.3,-0.05472299199537283,-0.04180738135916418,-0.09401435456069263,-0.03388237550926142,-0.054141078908366
57.35,-0.05131247313436089,-0.05378650059168943,-0.09822603951637876,-0.0399954125820343,-0.05077071328974042
57.4,-0.0371838971877165,-0.05733289382532514,-0.1012687024371905,-0.04269805466376433,-0.03670446471774769
57.45,-0.01358097544344708,-0.05298943363206576,-0.1029816876018941,-0.0442737523349324,-0.01317668782870018
57.5,0.01713282734531141,-0.04156398350687013,-0.1033009378192634,-0.04677601558964301,0.01746055085900072
57.55,0.0515995011351161,-0.02408061357706837,-0.102256081517462,-0.05148121924105803,0.0518606511920231
57.6,0.08574266532048096,-0.001815080254702839,-0.09995864337087185,-0.05861185263126655,0.08595635619129038
57.65,0.1152246529674404,0.0236178114334627,-0.09658048621724591,-0.0674743977704656,0.1154154050153389
57.7,0.1360730871534637,0.05018096886546669,-0.09232118109504539,-0.07684917492572936,0.1362662371309271
57.75,0.1453887845498302,0.07540574416878176,-0.08737146505662757,-0.0853570255934006,0.1456061781948249
57.8,0.1419731798723032,0.096535398790984,-0.08188523906559303,-0.09172045392443316,0.1422297195476313
57.85,0.1266825096703098,0.1108676519470687,-0.07596700682361074,-0.09496215108867757,0.1269842954839783
57.9,0.1023600077481658,0.1162622385954658,-0.06967668844532565,-0.09457793142323491,0.1027039928567726
57.95,0.07330869946295664,0.1116915676163979,-0.06304998612812168,-0.09068938610970316,0.07368395694605706
58,0.04441203465635105,0.09766052664052949,-0.05612474697821379,-0.08406635728070873,0.04480194425170536
58.05,0.0201269397305227,0.07632015088771554,-0.04896412198479749,-0.07587489341919046,0.02051208560861117
58.1,0.003618833127075855,0.0511718353185916,-0.0416724319752993,-0.06720124339298784,0.003979830373946003
58.15,-0.003743441969608835,0.02639334318235953,-0.03440199981735603,-0.05858399034308818,-0.003423291666598383
58.2,-0.002437925637115857,0.005952937641933886,-0.02734898111602524,-0.04977368925687304,-0.002170623441678121
58.25,0.005562020500973633,-0.007244267662395221,-0.02073679445961657,-0.03981568351057609,0.005770618456481746
58.3,0.01737768647423584,-0.01193627431666011,-0.01479200880303844,-0.02742374643243773,0.01752857074689207
58.35,0.02985197509222114,-0.008662135040287733,-0.009715531629074237,-0.01151404068507562,0.02995302095602204
58.4,0.04005281600779482,0.0005082894091728019,-0.005651077575053676,0.008293938607362219,0.04011809040649084
58.45,0.0455824301062615,0.0125549712399291,-0.002658429398698647,0.0314147188165424,0.04563079101835382
58.5,0.04471757932568085,0.02420539460057747,-0.0006978793462162347,0.05638201262093273,0.0447705997836238
58.55,0.03646672220147876,0.03254763514416842,0.0003710550218551933,0.08123358587149654,0.03654607267369891
58.6,0.02063475385372528,0.03542449377344381,0.0007747891869502865,0.1040371623266004,0.020759333096249
58.65,-0.002061494397382165,0.03158025866799857,0.0007984339840416133,0.1233602220840227,-0.00187825616782078
58.7,-0.02985811365214771,0.02062487956731623,0.0007536586745536256,0.138501427226754,-0.0296101852965247
58.75,-0.05988433740654501,0.002928298895691683,0.0009475519721008352,0.1493985216112984,-0.0595738093912016
58.8,-0.08829450040924024,-0.02044389236667071,0.001654692081792031,0.1563252499121636,-0.08793067978324509
58.85,-0.1106704753896292,-0.04771015995984484,0.003088778200855069,0.1596139993247693,-0.1102676696270867
58.9,-0.1226881095959305,-0.07632140844925006,0.005376916039055324,0.159519293572944,-0.1222624242355434
58.95,-0.1209354613997815,-0.1029817167781228,0.008548536941213825,0.1561710965500698,-0.1205018736468034
59,-0.1036886623004267,-0.1238523467560878,0.01253988791158311,0.1495907781706661,-0.1032589691045773
59.05,-0.07142358859474007,-0.135004154392465,0.01720172270936371,0.1398370213266099,-0.07100630232744876
59.1,-0.02689258274517103,-0.1330910031455016,0.0223138591141756,0.1272819999473507,-0.02649436503284752
59.15,0.025289653298445,-0.1161042308644195,0.02762850271649681,0.1128304869568532,0.02566127061874734
59.2,0.0794580925289262,-0.08399420271345481,0.03292048331304775,0.09786767911215159,0.07979234662220192
59.25,0.1298936292699448,-0.03894799138134775,0.03801308433480277,0.08391291801725875,0.1301754539825207
59.3,0.1717407900583212,0.01480989133659005,0.04278623130415288,0.07215851441572271,0.1719523167240036
59.35,0.2016337281913778,0.07168342891087631,0.04717885074687428,0.06314062322983899,0.2017581567293416
59.4,0.2179372010347644,0.1256767916364069,0.0511960632357244,0.05667433507332805,0.217964437817621
59.45,0.2206485808827464,0.1714166688569737,0.05490915287941167,0.05197603005674123,0.2205808808442061
59.5,0.2111019669818549,0.2049642977841719,0.05842959559963301,0.0479134065565694,0.2109578153770607
59.55,0.1916345188227877,0.2242439954060899,0.06187690173843363,0.04338884984057927,0.191449252093895
59.6,0.1653218034113029,0.2290543670180209,0.06536056233152121,0.03769595234297933,0.1651443020836384
59.65,0.1357995716679813,0.2207651421888772,0.06896833747865061,0.03072023124778787,0.1356856060121827
59.7,0.1071104348738448,0.2018680371590766,0.07275607501673526,0.02294054790376552,0.1071140410833046
59.75,0.08347913094489201,0.1755482336845157,0.07674012785001266,0.01519048994554313,0.08364407941362201
59.8,0.06894294019949668,0.1453812755611861,0.08088581252481009,0.008226134578331453,0.06929617927001919
59.85,0.06683162266089396,0.1151465598514635,0.08509862998698481,0.002282418954321453,0.06737997767902237
59.9,0.07917528645030984,0.08868166914378395,0.0892201183192477,-0.003171472745342626,0.07990583208601554
59.95,0.1061839299823938,0.06969107902205063,0.09303113958745457,-0.00935731587031172,0.1070674743406944
60,0.1459609257560402,0.06143946727475846,0.09627166867127968,-0.01779434445308505,0.1469574542523595
60.05,0.1945745124745861,0.06631779769281843,0.0986755935179634,-0.02971508310472031,0.1956393374599006
60.1,0.246527164044594,0.08535244511399748,0.100011755845417,-0.04552039431685308,0.2476163884815685
60.15,0.2955565548493186,0.117794221340852,0.1001226433303178,-0.06453235757429103,0.2966314967807612
60.2,0.3356098994876441,0.1609370253825861,0.09894902526905103,-0.08518497108406259,0.3366396847735637
60.25,0.3617788308658418,0.2102720357154203,0.09653504342635422,-0.1055509253517692,0.3627419651073141
60.3,0.3709914338140244,0.2600044456549702,0.09302271775418386,-0.1239355226029075,0.371875833747831
60.35,0.3623215783332825,0.3038623479131944,0.08863620910218745,-0.1393120395842084,0.3631242123770204
60.4,0.3368865699065532,0.3360477548973396,0.08365290673831705,-0.151528078511072,0.3376119686513478
60.45,0.2974133169588009,0.3521437368164695,0.07836970790548919,-0.161278664671428,0.298071915303507
60.5,0.2476356346187407,0.3497899231714763,0.07307304004773407,-0.1698352556275582,0.2482411733877214
60.55,0.1917000401534014,0.3289788843126191,0.06802161546505092,-0.178579702706044,0.1922669746414939
60.6,0.133714951061388,0.2919307531442191,0.06344102722837758,-0.188448314491736,0.1342554630751849
60.65,0.07748843832650923,0.2425971217010008,0.05951862651087048,-0.1994079709616913,0.07801013790146161
60.7,0.02641179688452316,0.1859361695170201,0.05639554752502068,-0.2101997323803767,0.02691600412173045
60.75,-0.01661249247560818,0.1271428721235129,0.05416027792861222,-0.2185582171023348,-0.01613095038298434
60.8,-0.04929678057339695,0.07099906953665014,0.05284390919066778,-0.221822665840653,-0.04884857597461728
60.85,-0.07019170049807007,0.02143427599745906,0.05241458789774878,-0.217694733180452,-0.0697905215354388
60.9,-0.07896246209001688,-0.01870058853765977,0.05277648489173792,-0.2049200457927708,-0.07862192192624556
60.95,-0.07660184669249354,-0.04769750516734711,0.05377962703685896,-0.1836646899430852,-0.0763321764467525
61,-0.06544217056293052,-0.06496470550127847,0.05523675638057951,-0.1554234674286238,-0.06524773590084826
61.05,-0.04887870638340271,-0.07097384405949048,0.0569404981253141,-0.122538849789811,-0.04875671329553682
61.1,-0.03081733944837279,-0.06719642505517226,0.05868186242095785,-0.08758554114049832,-0.03075808474775465
61.15,-0.0149686893078624,-0.0559905615566767,0.06026992844879048,-0.05284934081491079,-0.01495706304250694
61.2,-0.004177899215819303,-0.04038422872698066,0.06154626189275447,-0.02005047308032624,-0.004195680460389206
61.25,2.45634197527842e-05,-0.02372241530753727,0.06239115407083329,0.0096291436433682,-3.752533553391668e-06
61.3,-0.002461199119175453,-0.009204520059484522,0.06272346902215947,0.03532790520459048,-0.002482670445094426
61.35,-0.01052371054692967,0.0005991751059958306,0.06249583522089025,0.05632746069366103,-0.01052407016091117
61.4,-0.022291888428378,0.004129269605390173,0.0616884324925292,0.07202803063560047,-0.02226114046941785
61.45,-0.03565630310128585,0.001007036116059845,0.06030820032481488,0.08198452290517069,-0.03558961904118779
61.5,-0.04869760755836052,-0.008043543260570329,0.05839609741502394,0.08591958998539875,-0.04859607322082393
61.55,-0.05991561898052477,-0.02148792220594919,0.05603530541197244,0.08376142048898925,-0.05978670362742933
61.6,-0.06823832606656263,-0.03738229456434139,0.05335251646849964,0.07577712344304237,-0.0680956008185899
61.65,-0.07287253061778748,-0.05374776114259328,0.05051086464101073,0.0627355622698777,-0.07273413794834704
61.7,-0.07310890314552151,-0.06881888199251684,0.04769664046192518,0.04591977141728119,-0.07299429699687765
61.75,-0.068197741654758,-0.08112178800760328,0.04510259556753426,0.02691767233243359,-0.06812292231358613
61.8,-0.05737107428486928,-0.08941160188468383,0.04290974358221245,0.007308338088564193,-0.05734299202926185
61.85,-0.04001766997102416,-0.09255995958889435,0.04126741875982687,-0.01160396677613024,-0.04002928891170537
61.9,-0.0159486828155875,-0.08949375198844967,0.04027320382830524,-0.02893206972994065,-0.01597627176271788
61.95,0.01435113188535192,-0.07925364090898818,0.03995517388697634,-0.04420228303003514,0.01434712414645661
62,0.04959066107901072,-0.06118506176185701,0.04025890442018765,-0.05722644907907157,0.04966064432811546
62.05,0.08771970984850865,-0.03520832006252145,0.04104607552171752,-0.06792431899329908,0.08791659085489861
62.1,0.1261544133087899,-0.002066532898940265,0.04211678906699634,-0.07618768492253861,0.1265236202779042
62.15,0.1621229115439848,0.03655379725596919,0.04325573953179151,-0.08187653162498511,0.1626931645574258
62.2,0.1930455972023301,0.078098409236116,0.04428305672355903,-0.08498253283291218,0.193823038004995
62.25,0.2168700465250467,0.1194320536916182,0.0450902283426996,-0.08585094771064979,0.2178370093755311
62.3,0.2323048724731328,0.1572781698785877,0.04565412622812959,-0.08528838674984943,0.2334241259795416
62.35,0.2389285612584877,0.1887117856805486,0.04603267578020342,-0.08449188587825124,0.2401512777344974
62.4,0.2371709967366168,0.2115885456265834,0.04634754761697585,-0.08481824130790404,0.2384469502659796
62.45,0.228185619358965,0.2248173165912918,0.04675796019864736,-0.08744304716082603,0.2294721778145969
62.5,0.2136405076453908,0.2284288412332288,0.04742800562804128,-0.09303323563766855,0.2149088423745046
62.55,0.1954690884618341,0.2234419257027112,0.04849067493679893,-0.1015556709454553,0.1967056417582866
62.6,0.1756207981001756,0.2115783475915367,0.05001985509539042,-0.1122965531118307,0.1768246326518949
62.65,0.1558462684881428,0.1949109027553597,0.05202393528949067,-0.1241350663600153,0.1570231695555129
62.7,0.1375338479189791,0.1755320991648704,0.05445953278112731,-0.1359869661184971,0.1386895138942101
62.75,0.1215991395037694,0.1553071696663098,0.05724800483399173,-0.1472438876468328,0.1227334068877024
62.8,0.1084210763391956,0.1357419925895765,0.06028523579659512,-0.1580772253775037,0.1095247001863372
62.85,0.09782282492600414,0.1179573327924631,0.06344746887754482,-0.1694605163292971,0.09887748436636062
62.9,0.0891078001111259,0.1027229698171294,0.06659412449414404,-0.1827965846856394,0.09008865562647822
62.95,0.08116648122728437,0.09048621887853803,0.06956671900504402,-0.1992664402629603,0.08204657356329192
63,0.07266221136765638,0.08135112053307847,0.07218422407171365,-0.2192190403967948,0.07341696648383589
63.05,0.0622775536606779,0.07500871165321149,0.07424202318638112,-0.2418813908718277,0.06288889494396921
63.1,0.04897571496608123,0.07066521329308972,0.07552365418706064,-0.2654537390541735,0.04943462413786093
63.15,0.03221252044768272,0.06704043901691192,0.07582158312947229,-0.2874753189975431,0.03252044606263993
63.2,0.01204386275847024,0.06249611191630033,0.0749573094022532,-0.305296062377271,0.01221260649029293
63.25,-0.0108975125502232,0.05530832539610742,0.07279880653949466,-0.3164998969229055,-0.01084684094506261
63.3,-0.03553802901787257,0.04403690784807235,0.06927972520043318,-0.3191918286380277,-0.035577102353339
63.35,-0.06055833073214333,0.0278896942576512,0.0644165886628752,-0.3122043500785409,-0.0606544648975807
63.4,-0.08457634557597067,0.006960023303138607,0.05831216970113851,-0.2953264893272753,-0.08469601115837067
63.45,-0.1062596136785121,-0.01774140835272431,0.05114571188146361,-0.2695016825323067,-0.1063723166794839
63.5,-0.1243473291146945,-0.04446593107487362,0.04315949197733576,-0.2368266408267432,-0.1244292457939753
63.55,-0.1376145728369046,-0.07105503803405477,0.03463778270846718,-0.2003054705179952,-0.1376513744645423
63.6,-0.1448531766383485,-0.09530760876161598,0.02587413477407369,-0.1634453726337743,-0.1448412847980985
63.65,-0.1449489545231527,-0.1152771483143487,0.01714120482407511,-0.1297466264359145,-0.1448948978156401
63.7,-0.137094194987701,-0.1294439057088668,0.008670921627915162,-0.1021107490375516,-0.137012067660352
63.75,-0.1211002133404447,-0.1367684554247272,0.0006405271161372683,-0.08228718917157393,-0.1210077771798391
63.8,-0.09770356514554072,-0.1366765572375717,-0.006834660289874062,-0.07054456860055032,-0.09761794594824125
63.85,-0.06872956177610041,-0.1290500359643223,-0.01369863707234437,-0.06568055702166077,-0.06866352087851069
63.9,-0.03700652282788137,-0.1142767107313899,-0.01994324341026643,-0.06535574702327841,-0.03696617681315217
63.95,-0.006003047022941322,-0.09335312112899052,-0.02559300912142948,-0.06666252125540759,-0.005987345548330802
64,0.02074650375286299,-0.06797039521223641,-0.03069186338017793,-0.06682664574807065,0.02074467544192438
64.05,0.04029299941962493,-0.0404890073271249,-0.03529495367094898,-0.06390106229762275,0.04028472857370358
64.09999999999999,0.0508413298148202,-0.01373525628436045,-0.03946509914181834,-0.05723190152240477,0.05083934934520162
64.15000000000001,0.05210319268102761,0.009385230446820381,-0.04327044124849294,-0.04753625985152008,0.05212000056469662
64.2,0.04535896848157163,0.0263906054026406,-0.04678030642373887,-0.03665517911570954,0.04540570632131052
64.25,0.03322446648282752,0.03572071241263358,-0.05005966798362427,-0.02705553030913806,0.03331049958459964
64.3,0.01918067224453644,0.03709242641692917,-0.05316539435453138,-0.02103560037062525,0.01931350918996899
64.34999999999999,0.006964706938801027,0.03161189054438185,-0.05614663513772333,-0.01985769541643794,0.007149823300028613
64.40000000000001,-6.690200399902028e-05,0.02160719284995438,-0.05904602450152868,-0.02324925779874923,0.0001734345612269816
64.45,0.0004981172514126421,0.01021794843896373,-0.06189751139214156,-0.02946141031259381,0.0007932330045489211
64.5,0.009713702463773099,0.000828138058482808,-0.0647268479328616,-0.03583128745068104,0.01005903641259986
64.55,0.02706178495604705,-0.003545120319374373,-0.06756046760926765,-0.03965605461381001,0.0274483719384237
64.59999999999999,0.05046787604906228,-0.0007927977224172489,-0.0704279389033039,-0.03905196931448294,0.05088318564408967
64.65000000000001,0.07655785773743082,0.009903490269064674,-0.07335161991385403,-0.03347695800993083,0.07698766384442579
64.7,0.1011440735633833,0.02790103863498994,-0.0763391205661097,-0.02380228883752955,0.1015754816618202
64.75,0.11989374184843,0.05115578921544872,-0.07938265650685189,-0.01203742668794874,0.1203183929016521
64.8,0.1290820781890236,0.07650084246880218,-0.08246040595726312,-0.0008929241627020366,0.1294990509528627
64.84999999999999,0.1262883480205154,0.1001126167277552,-0.08554117258446831,0.006738803950148584,0.1267054030299064
64.90000000000001,0.1108752956315044,0.1181042810723649,-0.08859093920393174,0.008362142679577054,0.1113081776391072
64.95,0.08412858266986642,0.1271581988555999,-0.09157610593585086,0.002374983539000067,0.08459775952681908
65,0.0490151650736966,0.1250888110803746,-0.09446512303345228,-0.01162865597940648,0.04954087808691543
65.05,0.009626349861788334,0.1112211322787127,-0.09723112354657731,-0.03279902154824703,0.01022265860405325
65.09999999999999,-0.02954667982343654,0.08649951280221629,-0.0998538262143347,-0.05925338225951277,-0.02887693612196468
65.15000000000001,-0.06432643614998597,0.05330746185086743,-0.1023212787046463,-0.08855364554545064,-0.06359475291653699
65.2,-0.09140701162461054,0.01504901520052671,-0.1046312842319778,-0.1182745535230874,-0.09063898336856724
65.25,-0.1086802390769765,-0.02440286514626699,-0.1067859592263074,-0.1464496421949327,-0.107912334635512
65.3,-0.1153312688798708,-0.06125470438295005,-0.1087772753381475,-0.1718021994143668,-0.1146049279901298
65.34999999999999,-0.1117559704168695,-0.09222984512257126,-0.1105731381435221,-0.1937756826402296,-0.1111108872475747
65.40000000000001,-0.09937526361373183,-0.1148429040354119,-0.1121143957262971,-0.2123683200441104,-0.09884309441964706
65.45,-0.08041262575722806,-0.1275230956380092,-0.1133234890997775,-0.2278127537474027,-0.08001270878785749
65.5,-0.05767555847131876,-0.1296418189948756,-0.1141149536118105,-0.2402531841923969,-0.05741306864554052
65.55,-0.03434483345630007,-0.1215044879867736,-0.1143962871806112,-0.2495899970322006,-0.03421139724265093
65.59999999999999,-0.01374184638823783,-0.1043320019154878,-0.1140591323733803,-0.2555295835486818,-0.01371793257517007
65.65000000000001,0.0009724199327720896,-0.08022339137118872,-0.1129815826973305,-0.2577294229087375,0.000914153005106555
65.7,0.007197468986522363,-0.05208103188307156,-0.1110403320459344,-0.2559339088644071,0.007088583865256515
65.75,0.003370342840037913,-0.02344560590186801,-0.1081164198269473,-0.2501095953182919,0.00324326153183585
65.8,-0.01057648828974389,0.001808821554279305,-0.1041091699251254,-0.240604180151369,-0.0106913896722477
65.84999999999999,-0.03293261429796553,0.01992982663129783,-0.09896154958635567,-0.2282245245957161,-0.03300943914877963
65.90000000000001,-0.06026421833561382,0.02785980979981073,-0.09268260907382153,-0.2141049065827861,-0.06028343621225185
65.95,-0.08789444263508112,0.02383670630668666,-0.08536379031676478,-0.1994167440997273,-0.08784431062510922
66,-0.1107622928435823,0.00788666602628274,-0.07718497123975798,-0.1850927351572054,-0.1106397413503209
66.05,-0.1244645452032152,-0.0179412634133177,-0.06839901089591172,-0.171661363614508,-0.1242755601115114
66.09999999999999,-0.1261935689848086,-0.04972249305955606,-0.05929475321160615,-0.1591921413440231,-0.1259530453179952
66.15000000000001,-0.1152970178855807,-0.08223327077773185,-0.05015360049775175,-0.1473809346595047,-0.1150279086594886
66.2,-0.09330397696890017,-0.109877553979676,-0.04121370714590733,-0.1358011509703871,-0.09303574244322377
66.25,-0.06343962101189593,-0.1277637969082861,-0.03264444810397588,-0.1241828859065579,-0.06320566496047053
66.3,-0.02981158176414765,-0.1326599941673829,-0.02453631479527763,-0.1125286502435548,-0.02964592142083633
66.34999999999999,0.003462962096706686,-0.1235707855438438,-0.01691279867650969,-0.1010356002373968,0.003529795111449852
66.40000000000001,0.03293826466310379,-0.1017925181140915,-0.009747072317972727,-0.08994148709856524,0.03288341793716121
66.45,0.05617858838339693,-0.07046734365830221,-0.002974646463904718,-0.07942420339328798,0.05599063621569245
66.5,0.07174484402342798,-0.03381228223277621,0.003487393068227429,-0.06958747845431326,0.07142628476970392
66.55,0.07894559681007407,0.003722663151333516,0.009725086278708051,-0.06046180179762874,0.07851336158044525
66.59999999999999,0.07753696450216618,0.03814180335064743,0.01582158523833666,-0.05193190267846679,0.07702067944292168
66.65000000000001,0.06754637181426208,0.06630374269614636,0.02185529846685141,-0.0436217574170996,0.06698415584129613
66.7,0.04931214000094011,0.08602223813651522,0.02789865947357845,-0.03487719065039811,0.04874478910519853
66.75,0.02371155185517311,0.0959603382483496,0.03401745953658852,-0.02489708607196174,0.0231758496932627
66.8,-0.007560187402848787,0.09546712555742165,0.04026906422131743,-0.01293277051845334,-0.008037359440690728
66.84999999999999,-0.04184618200946807,0.08449753130279353,0.04669526213572983,0.001536353173310811,-0.04225186663898883
66.90000000000001,-0.07567192111515622,0.06367412500313174,0.05330808971173562,0.01868750365784409,-0.07600808528231229
66.95,-0.1052206354789102,0.03445181046298662,0.06007570525860972,0.03828725273076405,-0.1055020731770875
67,-0.1270447415070674,-0.0007292228648157484,0.06692054670497771,0.05964303469676836,-0.1272943475914872
67.05,-0.1388054427248983,-0.03844757216302919,0.07373149829154757,0.08156901986541618,-0.1390481336392007
67.09999999999999,-0.1397958312125744,-0.07457929019390047,0.08038100504116497,0.102433577920373,-0.1400526360694874
67.15000000000001,-0.1310600531249926,-0.1048685097568054,0.08674154697253944,0.1203800937570931,-0.1313437616520579
67.2,-0.1150537908626197,-0.125679778978571,0.09270002090920393,0.1336848278573523,-0.1153671181542592
67.25,-0.09495054947531215,-0.1347273290259253,0.0981642987407278,0.1410556042837019,-0.09528691479016238
67.3,-0.07382207719670245,-0.1315564847185757,0.1030614594961766,0.1417267637492427,-0.07416860122637237
67.34999999999999,-0.05396212936835959,-0.1176164083314558,0.1073352590849873,0.1354179214351269,-0.05430364949257027
67.40000000000001,-0.0365615553279808,-0.09588760710975508,0.1109452736961764,0.1223378286058364,-0.03688467970130371
67.45,-0.02180515815065727,-0.07016997661890267,0.1138645904513635,0.1033301595656685,-0.02210110191159154
67.5,-0.009298597273546221,-0.04424295305197801,0.1160753422703764,0.08007475900854689,-0.009564499607001176
67.55,0.001384620080052156,-0.02113621287224177,0.1175673506088739,0.05512938730186989,0.001146218013156841
67.59999999999999,0.01027730817362062,-0.002701031851450764,0.118342207304335,0.03162287083493884,0.01006016755025291
67.65000000000001,0.0168857886993781,0.01043336669973816,0.1184150659952482,0.01260723666720105,0.01668247300420128
67.7,0.02038772560039223,0.01856910909661724,0.117808878672606,0.0003180041462978421,0.02019201373974688
67.75,0.02005368909065126,0.02247248395537049,0.1165502281824835,-0.004353160764441892,0.01986257194198315
67.8,0.0156939297887833,0.0229291690062568,0.114669653010768,-0.002068208181209451,0.01550867034083353
67.84999999999999,0.007926075330738984,0.02048506399350308,0.1122012212764595,0.00501121873019844,0.007752337244851304
67.90000000000001,-0.001859079494746685,0.01543982811921363,0.1091846107723323,0.01357473939902231,-0.002012212193431506
67.95,-0.01182768139476627,0.008048943607361414,0.1056711000811534,0.01984826139890931,-0.01194956380678314
68,-0.02020026505586738,-0.001195406371284902,0.1017266657224289,0.02042448251535854,-0.02028132704556129
68.05,-0.0257245474226502,-0.01136817739671148,0.09742658384654845,0.01297858886505039,-0.0257592124546086
68.09999999999999,-0.02794906503881732,-0.02112169519635193,0.09284408807853933,-0.003243379090821559,-0.02793844931671291
68.15000000000001,-0.02721089945821472,-0.02892551845531927,0.08803793594787118,-0.02725585376948276,-0.0271645729366034
68.2,-0.02436725304481784,-0.03345349604240766,0.08303942641055156,-0.05660295060934169,-0.02430344881389435
68.25,-0.02039761659493915,-0.03396828227316895,0.0778400684933328,-0.08798514514117703,-0.02034153347592088
68.3,-0.01604398492074231,-0.03054824662228056,0.07238743630439021,-0.1179771269165847,-0.01602424545035908
68.34999999999999,-0.0116294866563317,-0.02405874384893247,0.06659811957060813,-0.1435816361983489,-0.01167335685920817
68.40000000000001,-0.007115180323573541,-0.01587160692330225,0.06038541663357511,-0.1624828714280773,-0.007243564669770275
68.45,-0.00235238117304648,-0.007439514035962658,0.05368734410180892,-0.1730516243222052,-0.002575794237577866
68.5,0.002597301539085991,0.0001145467039667669,0.04648729796881895,-0.1743549326592819,0.002280711972617699
68.55,0.007235673268201745,0.00623910474488365,0.03882395830736096,-0.1663578021126982,0.006839466344240486
68.59999999999999,0.01062148121069456,0.01094076139589217,0.03079071338484757,-0.1501457617460262,0.01016777117056478
68.65000000000001,0.01161501967469307,0.01454594288924194,0.02252967652375215,-0.1278707427488934,0.01112960062923968
68.7,0.009288170237651539,0.01736673845992143,0.0142184357907626,-0.1023854876708162,0.00879539495665399
68.75,0.003329514187298831,0.01941602332889003,0.006051157048878875,-0.0767596404657498,0.002848142753419936
68.8,-0.005738027067610377,0.02030059029938475,-0.001783387507588829,-0.05387407956892816,-0.006196728526708661
68.84999999999999,-0.01663769900442013,0.01934765338827743,-0.009127224732905448,-0.03613967879414996,-0.01706968587746333
68.90000000000001,-0.02770859721867589,0.01590850526489807,-0.01587798076628011,-0.02525726333019223,-0.02811484947750081
68.95,-0.03743831713513656,0.00970663397254623,-0.02200483951283977,-0.02197032700150182,-0.03782231471225705
69,-0.04497174439029802,0.001069608837954206,-0.02755143380038738,-0.02584695468041499,-0.04533757250616816
69.05,-0.05041845246046951,-0.009073539135092457,-0.03262620633538671,-0.03519607200486056,-0.05077083089427015
69.09999999999999,-0.054853251941629,-0.01945229369053292,-0.03738278954909319,-0.04726350463940659,-0.05519919627108394
69.15000000000001,-0.06000172113650323,-0.02888662822819243,-0.04199683308233798,-0.05872933489077739,-0.06035334075818805
69.2,-0.067698709903511,-0.03671926444353568,-0.04664583521522503,-0.06637128507656304,-0.06807529595346407
69.25,-0.07927384198238514,-0.04307983948775151,-0.05149030690763834,-0.06772416938615267,-0.07970198935621065
69.3,-0.09504546475202981,-0.04887230706147577,-0.05665013874176783,-0.06155251346748027,-0.09555588476668986
69.34999999999999,-0.1140811999492312,-0.05547284429103616,-0.06217727943605822,-0.04794632602056364,-0.1147026642405903
69.40000000000001,-0.1343166584396021,-0.0642283212539011,-0.06803718182099611,-0.02800746122506454,-0.1350680186721755
69.45,-0.1530222849332777,-0.07591992229129868,-0.07411238113894736,-0.003357663255115119,-0.153905253333972
69.5,-0.16750431757192,-0.0903786011559532,-0.08022857849009274,0.02423403039362655,-0.168498998904306
69.55,-0.1758448232017394,-0.1063957356566758,-0.08618750254229524,0.05302125243663924,-0.176910358774596
69.59999999999999,-0.1774626956052602,-0.1219789479292219,-0.09179130633984328,0.0813728649914324,-0.178542981169022
69.65000000000001,-0.1733164933997353,-0.1348967056129763,-0.09685892699114784,0.1078920971030221,-0.1743503929171794
69.7,-0.1656713977803375,-0.143358264764218,-0.1012400766478365,0.1315216340727663,-0.166604535234991
69.75,-0.1574807603298788,-0.1466148532054371,-0.1048280322735384,0.1515511717279757,-0.1582762099517523
69.8,-0.1515549651016287,-0.145277548504043,-0.1075685848447574,0.1675263997010106,-0.1521998127898059
69.84999999999999,-0.1497601697351019,-0.1412265744794401,-0.1094623371566695,0.1791282801976498,-0.1502665063056657
69.90000000000001,-0.1524848571448234,-0.1371095397168411,-0.1105589951793901,0.1860873772177489,-0.1528851162762093
69.95,-0.1585293270946176,-0.1355631247675363,-0.1109439360895145,0.1881702589167684,-0.1588674783791844
70,-0.1654408875982881,-0.1383916590146131,-0.110718660343819,0.1852582059885611,-0.1657620626952173
70.05,-0.1701817375197287,-0.14594972724078,-0.1099816533989891,0.1775233209610797,-0.1705229332727791
70.09999999999999,-0.169923756887871,-0.1569233568821045,-0.1088149619175103,0.1656631812776484,-0.1703078627645115
70.15000000000001,-0.1627450382012323,-0.1685814076955633,-0.1072777537352693,0.1510404695339388,-0.1631790176093981
70.2,-0.1480552096770726,-0.1774300108818629,-0.1054072986744401,0.1355409949400253,-0.1485322956046028
70.25,-0.126676077849244,-0.1800892822647044,-0.1032234506660666,0.1211725094032876,-0.127180383722711
70.3,-0.1006076362216014,-0.1741511152965752,-0.1007341993717744,0.1096347669492325,-0.1011196968360002
70.34999999999999,-0.07258549724539758,-0.1587909279960644,-0.0979421205072451,0.1020429222888541,-0.07308676400386621
70.40000000000001,-0.04556171566176769,-0.1349768944362965,-0.09484973503933614,0.09882555623544496,-0.04603748037354533
70.45,-0.02222629050048337,-0.1052473787077592,-0.09146410695844254,0.09975452294999852,-0.02266644929066564
70.5,-0.004643166357789662,-0.07315019255492056,-0.0878027393481654,0.1040949294529205,-0.005041782078874457
70.55,0.005968978267899502,-0.04251053923907555,-0.08389700239362624,0.1108236388172499,0.005614959861568292
70.59999999999999,0.009316357378454725,-0.01671400935450257,-0.07979131528319194,0.1187760639415187,0.009008105309225356
70.65000000000001,0.005991254040736308,0.001837316875551442,-0.07554058808669445,0.1266361355480649,0.005728709944668564
70.7,-0.00265724407510724,0.01200664907038757,-0.07120442859607379,0.132844319442772,-0.00287543202540308
70.75,-0.01471581929108112,0.01393586689885096,-0.06683731153507066,0.1355999292038502,-0.01489264006842161
70.8,-0.02793471461751615,0.00884679851355985,-0.06247704520885478,0.133078049976084,-0.02807536081587314
70.84999999999999,-0.03996456614283278,-0.001286144445190096,-0.05813577798000874,0.1238122976002688,-0.04007681929946821
70.90000000000001,-0.04858091680589588,-0.01410781487772084,-0.05379858997108283,0.1071242396447704,-0.0486753314717609
70.95,-0.05188719889254791,-0.02722850566105051,-0.04942941533421924,0.08347073152427195,-0.05197689059406291
71,-0.04850031642141712,-0.03849600374021156,-0.04498196326423198,0.05454888568560971,-0.048600345106943
71.05,-0.0377303363637831,-0.04616693871958988,-0.04041335616053265,0.02309692724823383,-0.03785653602139505
71.09999999999999,-0.01975776192348439,-0.04897554488899625,-0.03569566599018181,-0.007535634830422489,-0.01992502469980573
71.15000000000001,0.004211592737384075,-0.04612483742522866,-0.03082094836916904,-0.03394155111192883,0.003991523098899108
71.2,0.03186498200907457,-0.03724609920978939,-0.02579774408658042,-0.05319418690144365,0.03158581770442648
71.25,0.05984684727911928,-0.02237976521299412,-0.02064133059490181,-0.06321257273107006,0.05950958998752043
71.3,0.08403789885501471,-0.002022994837683922,-0.0153617419372144,-0.06291894337284305,0.08365140213199007
71.34999999999999,0.100080097997777,0.02274023498897276,-0.009953620914495032,-0.05228130722180735,0.09965970991781214
71.40000000000001,0.1041083869084992,0.05006544269016328,-0.004392779895111998,-0.03229503388588879,0.1036724654332626
71.45,0.09356579342938062,0.07722753694256856,0.0013551263025392,-0.004858035010289573,0.09313052281062595
71.5,0.06791029506399636,0.1006771489438922,0.007315109197350345,0.02751242481996629,0.0674840834405025
71.55,0.02900382311920378,0.1163716274854813,0.01348264026962726,0.06208322534878516,0.02858279700366978
71.59999999999999,-0.01897419544449518,0.1204033247000757,0.01981214701365264,0.0963029041958765,-0.0194078767277529
71.65000000000001,-0.0701280941528121,0.1098429154308047,0.02622207203549265,0.1280996820257041,-0.07060438435385913
71.7,-0.117855725782023,0.0836090355878108,0.03261725443010544,0.1560890781975727,-0.1184111816366538
71.75,-0.1560383313356949,0.04310624087980058,0.03891697221986834,0.1797041991760448,-0.1567084414433859
71.8,-0.1801342445651591,-0.007609729989954517,0.04507320986541874,0.1992037095571795,-0.1809452274525204
71.84999999999999,-0.1879376516093913,-0.0622745323954994,0.05107279063747516,0.2154717207596582,-0.1889003562990413
71.90000000000001,-0.17986946842114,-0.1134348095178953,0.05693027430306408,0.2296230205573467,-0.1809765726172921
71.95,-0.1587863516418521,-0.1538386543652014,0.06267777272456987,0.2426036173820922,-0.1600143596778928
72,-0.1293894293501078,-0.1778662859800668,0.06834408532229769,0.2549430086415795,-0.1307042629233993
72.05,-0.09735646829520664,-0.1826494297235555,0.07392759002243332,0.2666483070356502,-0.09872207884975959
72.09999999999999,-0.06833605936515001,-0.1686162085933712,0.07937751062331583,0.2772229213334125,-0.06972276882039763
72.15000000000001,-0.04694380318601173,-0.1393604358047713,0.08458513392366801,0.2858579650188758,-0.04833501718869004
72.2,-0.0359215580509755,-0.1008952553784598,0.08938591044590438,0.2917313586103399,-0.03731584230141949
72.25,-0.03563251638817268,-0.06046768198231978,0.09358037708930056,0.2941939982655568,-0.03704127352303205
72.3,-0.04404920893575864,-0.02518032562887162,0.09697042855918403,0.2927559444492356,-0.04548951393903461
72.34999999999999,-0.05730084407481837,-0.0006644090699308713,0.09939507356623112,0.2870695854650118,-0.05878630537001084
72.40000000000001,-0.07070028206689331,0.009941202660869841,0.1007511837556253,0.2771173200470443,-0.07223173667451294
72.45,-0.08000159661820747,0.006496298771300368,0.1009977277584383,0.2635156160608869,-0.08156119569859216
72.5,-0.08253368642835907,-0.008264273378953191,0.100158852713846,0.2476383941178252,-0.08408349903097023
72.55,-0.07786016523761639,-0.02948956135821995,0.09833545445580133,0.2313884441173809,-0.07934642042852474
72.59999999999999,-0.06775523298838247,-0.0514526578145269,0.09570997837858564,0.2167268606372624,-0.06911657222306289
72.65000000000001,-0.05550416632435888,-0.06898249728166927,0.09252819678717417,0.2052218195495769,-0.05668208798496482
72.7,-0.04476115137137969,-0.07871288319705533,0.08906336383008451,0.1977930062560588,-0.04570977636027962
72.75,-0.03833641532047462,-0.07979443284212739,0.08557866336826825,0.1946344315877596,-0.03902950856391751
72.8,-0.03729478250448894,-0.07386388116808007,0.08229764559011027,0.1952118621720118,-0.03772886772959672
72.84999999999999,-0.04063125391803196,-0.06429041563167581,0.07938563523255143,0.1983178367103072,-0.04082468451792681
72.90000000000001,-0.04559618803226486,-0.05495639171042621,0.07694213520347531,0.202263715427922,-0.0455851817108528
72.95,-0.04854515649897388,-0.04897299494205704,0.0750017087616146,0.2052234952881146,-0.04837788807185567
73,-0.04604596690241049,-0.04772610987242948,0.07354064058267373,0.205581241153099,-0.04577603492005011
73.05,-0.03592261065786777,-0.05052959279295494,0.07248955180485339,0.2021335060256546,-0.03560273708702216
73.09999999999999,-0.01795225125451414,-0.05494740120403141,0.07175485865622894,0.1941641099083024,-0.01762876411482628
73.15000000000001,0.005964054127264189,-0.05763355206240095,0.07124600196542485,0.1814715682364886,0.0062554184872744
73.2,0.03219408669869239,-0.05540814196079269,0.07089609340179148,0.1643737946605768,0.03243091303856749
73.25,0.05622367398886179,-0.04624456083181672,0.07066808421877002,0.1436760820050528,0.05639761651821912
73.3,0.07373914351361199,-0.02989649646087933,0.0705491473939292,0.120597548044713,0.07385477920631411
73.34999999999999,0.08166310039369591,-0.008020868322731523,0.07054000190339305,0.09665311338077853,0.08173479833388569
73.40000000000001,0.07887922834561541,0.01620320403850695,0.07064343605289375,0.07346780371053994,0.07892666893747946
73.45,0.06646934709227822,0.03883780385094426,0.07085329040827038,0.0525311932759583,0.06651234733551309
73.5,0.04741772756783296,0.05612756858742357,0.07114443130393494,0.034977612390868,0.04747143173193563
73.55,0.0258771584829625,0.06538306562970947,0.07146631446367946,0.02150215522897177,0.0259484844872781
73.59999999999999,0.006198071342410631,0.06559158760750594,0.07174536468492332,0.01245739506365893,0.006284150873573924
73.65000000000001,-0.00803021442384348,0.05761312279311165,0.07189754772959134,0.008074604684285787,-0.007941390936643256
73.7,-0.01469868640433595,0.04392588454137858,0.07184390616730607,0.008650276341732446,-0.01462564412771805
73.75,-0.01351139751469008,0.02800209429257994,0.07152040583447472,0.01453004024461859,-0.01347532650101557
73.8,-0.005898507759460685,0.01348455241276669,0.07088199475084012,0.02588806723199646,-0.005919109711748916
73.84999999999999,0.005414111372476276,0.003369907559576779,0.06990615238831588,0.04240967788256843,0.005322119460937635
73.90000000000001,0.01703059811119179,-0.0006147424628185627,0.0685978146907027,0.06294656256032227,0.01685965162814074
73.95,0.02554246722569749,0.001683869072030497,0.06699289564476935,0.08527766151540538,0.02529275042310264
74,0.02808918278412041,0.008900778053379521,0.06515709375597817,0.1062276452148145,0.02776772951586026
74.05,0.02275401768815231,0.01852215871786855,0.06317947819105374,0.1222429269422238,0.02237278034363505
74.09999999999999,0.008783356589290319,0.0274544265626831,0.0611609014922232,0.1302514422102564,0.008356652813049592
74.15000000000001,-0.01335206157732878,0.03264768097306703,0.05919816868600319,0.1285071474677928,-0.01381021929837528
74.2,-0.04203193679728931,0.0316412829455136,0.05737063949552246,0.1171566015305477,-0.04251034440994322
74.25,-0.07468642258329201,0.02294130799998062,0.05573524922311957,0.09837456077714157,-0.07517874193413232
74.3,-0.108117246638436,0.006195196665049196,0.0543278984177783,0.07599710320982593,-0.10862335508404
74.34999999999999,-0.1389248878138337,-0.01781923857435042,0.05316603648536755,0.05468694874894593,-0.1394513604589682
74.40000000000001,-0.1639974992661778,-0.04734536306513365,0.05225117112156885,0.03885236574988011,-0.1645569375414637
74.45,-0.1809807359013136,-0.07989273141769437,0.05157441673888863,0.03167347113401271,-0.1815901100246018
74.5,-0.1886260208171881,-0.1125402846702309,0.05112631397948819,0.03453867376031223,-0.1893039673522991
74.55,-0.1869231888171302,-0.1422758989140158,0.05090346480386648,0.04699644094459402,-0.1876869355643865
74.59999999999999,-0.1769716156571729,-0.1663524314155471,0.05090220473681495,0.06711443220142113,-0.1778335484772202
74.65000000000001,-0.1606154382730765,-0.1826267773560934,0.05110749024170624,0.09202115477479567,-0.1615801710171237
74.7,-0.1399451920235464,-0.1898293712610182,0.05149807103265819,0.118454786340494,-0.1410068076691531
74.75,-0.1168140502129082,-0.1877040677575699,0.05206130711449464,0.143290340697319,-0.1179544505205632
74.8,-0.09252089966802889,-0.1769717541368938,0.05279487377636888,0.1640374303187925,-0.0937087275363605
74.84999999999999,-0.06775787795834438,-0.1591131488542821,0.05369915724412555,0.1791976051885049,-0.06894933835499789
74.90000000000001,-0.04283241285159953,-0.1360249990844494,0.05477388682016215,0.1883743480502564,-0.04397347248973638
74.95,-0.0180675938113507,-0.1096446363075626,0.05601251248826067,0.1921501580737705,-0.01909887097336566
75,0.005787335957701555,-0.08165617459401753,0.05738954534149465,0.191797855475688,0.004924121231899725
75.05,0.02732527110166547,-0.05337537264232961,0.05884581338717099,0.1888971899952731,0.02667916258901742
75.09999999999999,0.044557559633732,-0.02584665099369521,0.06028303649446803,0.1849858867581682,0.04416072363065798
75.15000000000001,0.05531683330131999,-9.901803731388048e-05,0.06157127616053831,0.1813343111869587,0.05517852338628881
75.2,0.05787230634672942,0.02257532740474477,0.06256429532804897,0.1788199423047817,0.05797641645974527
75.25,0.05155096076936013,0.04048809847381574,0.06311547271736212,0.1778523893434392,0.05185784168741803
75.3,0.03713948939145482,0.05168585881127341,0.063089035958516,0.1783394611515564,0.03759199990178541
75.34999999999999,0.016911569263155,0.05435156097290544,0.06236695962688993,0.1797382559565689,0.01744428247207463
75.40000000000001,-0.005744433725074307,0.04737502128931459,0.06085595207981953,0.1812470256258164,-0.005194938662270221
75.45,-0.02698404086105196,0.03090561089020771,0.05849577812156037,0.1821017130745708,-0.02646988135249073
75.5,-0.04324699184419796,0.006681115311079733,0.05526481474951694,0.1818375864219028,-0.042802801181409
75.55,-0.05186749765962701,-0.02200815611654156,0.05118226597089731,0.1803734072504242,-0.05150845965665041
75.59999999999999,-0.05141416079553473,-0.05075237179637693,0.04631010408110831,0.1778567167091068,-0.05113843763834042
75.65000000000001,-0.04173324703893678,-0.07476791878784173,0.04075386784991897,0.1743359713490018,-0.04152780879853896
75.7,-0.02377104474831326,-0.08977857223327057,0.0346586209759826,0.1694615840842829,-0.02361904249291036
75.75,0.0007004074667623896,-0.09281407456901819,0.02819996313125056,0.1624266652105512,0.0008128430840164125
75.8,0.02934598695831504,-0.08273507439013017,0.02157340001539665,0.1521828015247701,0.02942547421918856
75.84999999999999,0.05947122619943743,-0.06037834653505714,0.01498225696283872,0.1378240087627998,0.05951640315061146
75.90000000000001,0.08818695163334282,-0.02832598069144748,0.008621867305026898,0.1190027471238265,0.08819127339615335
75.95,0.1125941822939545,0.009608309180981656,0.00265980473329791,0.09620412607992963,0.1125510506380688
76,0.1300435227707043,0.04903215840858938,-0.002785716092262913,0.07071902560490081,0.1299518826228998
76.05,0.1384800187704996,0.08562303923758052,-0.007663220426391115,0.0443038811870035,0.1383484436146167
76.09999999999999,0.136824992391318,0.1156675960216539,-0.01199451799996426,0.01868491656262029,0.136672736849944
76.15000000000001,0.1252973239988359,0.1364356054888037,-0.01586658544547537,-0.004870559301293169,0.1251519185027697
76.2,0.105559705817626,0.1463773750819181,-0.01940978751546429,-0.0257653823625616,0.1054516046347118
76.25,0.08059824201135306,0.1451692228754574,-0.02276958943544422,-0.04405424890660598,0.08055417454856739
76.3,0.05430362695814984,0.1336477513993867,-0.02607973990806345,-0.06026008194499755,0.0543405076341541
76.34999999999999,0.03080206443253659,0.1136657212680159,-0.02944143942387878,-0.07508060054360013,0.03092331726296704
76.40000000000001,0.01366344351536252,0.08787952383124442,-0.0329114698921173,-0.08907159294803459,0.01385873546318189
76.45,0.00516732588188542,0.05947795743192608,-0.03650161006317126,-0.1024658165259203,0.005415643807843595
76.5,0.005813682851477989,0.03185443296725882,-0.04018996510414974,-0.1152119486148804,0.006088766868631024
76.55,0.01421629818155674,0.008225164019623366,-0.04393620432676282,-0.1270906548413682,0.01449259121417523
76.59999999999999,0.02742034418702164,-0.008790963778873784,-0.04769354947445603,-0.1376857618397133,0.02767785649050897
76.65000000000001,0.04157197880447257,-0.01757334253846954,-0.0514218626322962,-0.1462259423839635,0.04179869142890363
76.7,0.05277269847873712,-0.01780064107162088,-0.05510092896717955,-0.151535313807584,0.05296436557549844
76.75,0.05790900767496243,-0.01057409657212638,-0.05873832372157672,-0.1521993293859084,0.05806686582249743
76.8,0.05526736953664613,0.001699110677231608,-0.06237001743027187,-0.146854826265524,0.05539510599435643
76.84999999999999,0.04481368433441133,0.01568143389202592,-0.06605478787981356,-0.134535470401545,0.04491492541821418
76.90000000000001,0.02810505288237143,0.02769743012156128,-0.06986367455667342,-0.1150378375313214,0.02818231039154434
76.95,0.007882399579808821,0.03443987814957739,-0.07386545132149547,-0.08918491856489676,0.007937606033703748
77,-0.0125502548277731,0.03364172960667455,-0.0781106592711116,-0.05883440876521204,-0.01251420481767773
77.05,-0.03002179766027054,0.02456124469271614,-0.08261735369279455,-0.02660759758920292,-0.02999950685669145
77.09999999999999,-0.04211670940037824,0.008168646979377137,-0.08736271418084041,0.004567685846942098,-0.04209973570920617
77.15000000000001,-0.04758773711072723,-0.01301589638136463,-0.09228560795569751,0.03199285353376322,-0.04756556699201209
77.2,-0.04646146558376982,-0.03540360516256169,-0.09730133103047844,0.05372833232158567,-0.04642387359387568
77.25,-0.03980996091574057,-0.05503781884573766,-0.1023214721727794,0.06901448777410792,-0.0397499948001544
77.3,-0.02925300432469882,-0.06837284167144331,-0.1072688181640458,0.07843491677057163,-0.02916953997418725
77.34999999999999,-0.01634335239678558,-0.07296336152072547,-0.1120837524740652,0.08370262461116934,-0.01624223068604896
77.40000000000001,-0.002038999017628162,-0.06790365396324499,-0.1167241265891086,0.08710209776091536,-0.001932242813520391
77.45,0.01354479007974725,-0.05390999081915909,-0.1211604579783134,0.09080484846348534,0.01364161958681431
77.5,0.03099205135812111,-0.0330261399572338,-0.1253670444153367,0.09632759392954834,0.0310636398448858
77.55,0.05107095332807448,-0.008035225559777759,-0.1293108271676338,0.1042830290329018,0.05110620069305266
77.59999999999999,0.07400754740393184,0.01824984671030078,-0.1329432425777874,0.1143966288830453,0.07400263539460994
77.65000000000001,0.09880906655206596,0.04359791158480053,-0.1361989705865233,0.1256896092743121,0.09876890194690296
77.7,0.1229152070527985,0.06668454898009535,-0.1390009551631599,0.1367588917440033,0.1228529144452665
77.75,0.1423736721573193,0.08703788099725551,-0.141261824390587,0.146091172238332,0.1423083271990623
77.8,0.1525720186561007,0.1046401693247508,-0.1428809023720023,0.1523341146669323,0.1525252370112344
77.84999999999999,0.1493631209678249,0.1193480370409629,-0.1437492985905818,0.1544627855283456,0.1493553101905234
77.90000000000001,0.1302667747982857,0.1303724171357251,-0.1437618160312123,0.1517996541757452,0.1303138867824613
77.95,0.09537794779128449,0.1360525937340834,-0.1428251813753552,0.1438839177090674,0.09548932509547992
78,0.04768889838494771,0.1340634838027179,-0.1408588631097972,0.130299046588316,0.04786642448013867
78.05,-0.00728760296169741,0.1220412979781638,-0.1378037263288242,0.1106563280836874,-0.007049134594696194
78.09999999999999,-0.06249102343044939,0.09845218294812008,-0.1336398545171519,0.0848184176100048,-0.06220275075591314
78.15000000000001,-0.11060848928517,0.06341854287737114,-0.1283971416900133,0.05322474546793467,-0.110285819305606
78.2,-0.1453502459218,0.01920805785300439,-0.122155453320894,0.01710523082872866,-0.1450110377533581
78.25,-0.1624074058726395,-0.02981549788295051,-0.1150365158093348,-0.02151637387602555,-0.1620699701514668
78.3,-0.1599203460530806,-0.07780469393282974,-0.1071911299475197,-0.05999965032108857,-0.1596013880724551
78.34999999999999,-0.1384409517688954,-0.1184455724331637,-0.09878885329174936,-0.09541280581613498,-0.1381534783996253
78.40000000000001,-0.100501265555502,-0.1461055966569808,-0.09001282645911612,-0.1249832092576915,-0.1002528085011248
78.45,-0.04997239083849393,-0.156810172063403,-0.08105180818171909,-0.1465422430728818,-0.04976387411967842
78.5,0.00859975579923037,-0.1488228831334745,-0.07208282853724735,-0.1588324312237341,0.008774147568145096
78.55,0.07054675359885842,-0.1227450877968688,-0.06325088599781381,-0.1616815967068789,0.0706986634661867
78.59999999999999,0.1314607521608308,-0.08119390128701365,-0.05465164024776481,-0.1560076164238676,0.1316059299533324
78.65000000000001,0.1874222248203671,-0.02821200917766287,-0.0463198584133368,-0.1435772401784292,0.1875785208859909
78.7,0.2351277717672242,0.03141622148295409,-0.03823264022559647,-0.1266634974646675,0.2353133877736363
78.75,0.2719783627922148,0.09279266511686435,-0.0303310294826602,-0.1078219538725358,0.2722107433117308
78.8,0.2961670117825389,0.1513840837792629,-0.02254565360999949,-0.08973764728869209,0.2964624524229643
78.84999999999999,0.3067742447311708,0.2033236237405226,-0.0148120684466983,-0.07498330910193285,0.3071478754652485
78.90000000000001,0.3038535872165335,0.2455614412574502,-0.007079717112828676,-0.06568799753819569,0.3043193586450189
78.95,0.2884753184630779,0.2759208270369816,0.0006831035860289658,-0.06323080905979389,0.2890453111219231
79,0.2626936396836879,0.2931156826559126,0.0084930687213714,-0.06806115972370438,0.2633767153103018
79.05,0.2294120454708972,0.2967618342193541,0.01635777093567048,-0.07968447355542238,0.2302115725971874
79.09999999999999,0.1921373266362777,0.2873777452237539,0.02427299293647411,-0.09678313305751346,0.1930489811382072
79.15000000000001,0.1546364452190208,0.2663623371980328,0.03221373638705732,-0.1174132620476184,0.1556463004768865
79.2,0.1205290457437361,0.2359373280574127,0.04012615868461433,-0.1392408165544308,0.1216134576525543
79.25,0.09286577208454011,0.1990272041819148,0.04792819534437454,-0.1598336383649722,0.09399286703814302
79.3,0.07374633040041885,0.1590638742195998,0.0555263663537105,-0.1770338337778178,0.07487992068641175
79.34999999999999,0.06403431705489843,0.1197116373563384,0.06283953662953257,-0.189324555704852,0.06513883034961288
79.40000000000001,0.06321712085609908,0.08452033673643156,0.06981727237615437,-0.1960344716435746,0.06426323379653193
79.45,0.06945096465008009,0.05653703826257461,0.07645119975419096,-0.1972986139514557,0.07041985816351409
79.5,0.07980894132924252,0.03792101590168989,0.082778628618282,-0.1937813652584258,0.08069471302871056
79.55,0.09072474398495572,0.02961786079878437,0.08887535348402215,-0.1862675633699689,0.0915337572579128
79.59999999999999,0.09858732427393767,0.03115906624930309,0.09483701250694565,-0.1753497221051082,0.0993351097851326
79.65000000000001,0.1004052998206869,0.04065261036098389,0.1007539427849847,-0.1613898113138895,0.1011114403281754
79.7,0.09442322193752309,0.05500573113949137,0.1066901827233092,-0.1446961935340914,0.09510587829170852
79.75,0.08055241886296786,0.07037981997527187,0.1126722741468268,-0.1257259335902759,0.08122370902492815
79.8,0.06048667953938229,0.08282821397919987,0.1186839888932929,-0.1052118601547297,0.06115020474236876
79.84999999999999,0.0374237485784363,0.08901498387745521,0.1246630022678138,-0.08422310416073499,0.03807462545330165
79.90000000000001,0.01540400481882303,0.08688016270198962,0.1304998492094679,-0.06415451855634645,0.01603111141470615
79.95,-0.001611553530480354,0.07610682383426504,0.1360436932796395,-0.04659201454838034,-0.00102206588370124
80,-0.01070859377206284,0.0582645347028769,0.1411202033630036,-0.03305673058468966,-0.01016982884005635
80.05,-0.01077880238359893,0.03655818650434711,0.1455577671997985,-0.02470338686889512,-0.01030059664385796
80.09999999999999,-0.002855061385041153,0.01518599547768351,0.1492107294523207,-0.022019336405629,-0.002443072508660271
80.15000000000001,0.01008664839311724,-0.00159546115712772,0.1519719172840909,-0.02458408836795715,0.01043060123434014
80.2,0.02382324171182192,-0.01050128475722784,0.1537747656873273,-0.03102535639348869,0.02410003363928481
80.25,0.03390086548889647,-0.0100870608162803,0.1545898740506918,-0.03925433301181264,0.0341131704581526
80.3,0.03669982748637127,-0.001212549794554707,0.1544198820364503,-0.04690894895995277,0.03685191857731029
80.34999999999999,0.03025797639290517,0.01305406844114765,0.1532937255692413,-0.05186405227162885,0.0303566158092029
80.40000000000001,0.0146334680654503,0.02809896807831164,0.1512624620984027,-0.05269665526793096,0.01468944994949656
80.45,-0.008271563580416431,0.03884863985509041,0.1483991284734972,-0.04903270890833066,-0.008241773258336638
80.5,-0.0353366590817061,0.04099942810301777,0.1447974880877523,-0.04170549650431859,-0.03531006754170035
80.55,-0.06307256780913727,0.03205640713763275,0.1405596162306478,-0.0326524996272555,-0.06302018110262342
80.59999999999999,-0.08841465846697806,0.01189835144820384,0.1357750943768439,-0.02451179324280944,-0.08830369154150863
80.65000000000001,-0.1092267161706738,-0.01726931303797219,0.1305076485445478,-0.0199668302158935,-0.1090242124293886
80.7,-0.1244073195394415,-0.05153428646946506,0.1247970975512328,-0.02101471644504695,-0.1240845715212654
80.75,-0.1336447300117218,-0.08626713297902733,0.1186704670674829,-0.02840945949825962,-0.1331814495178477
80.8,-0.1369869684419633,-0.1171797670172886,0.1121523919139059,-0.04146247027284121,-0.1363744631655933
80.84999999999999,-0.1344409635159649,-0.1411528254219631,0.1052718989479033,-0.05821863041417891,-0.1336834054728235
80.90000000000001,-0.1257754466637194,-0.156624180465839,0.09806816189546286,-0.07591966446219024,-0.1248893090485502
80.95,-0.1106034866242477,-0.1634856019596252,0.09059490210528254,-0.09163287529121447,-0.1096149229429915
81,-0.08869946052756417,-0.1626022393503,0.08292050742020346,-0.102907618124358,-0.08764054190530368
81.05,-0.06041163298764149,-0.1551775812965832,0.07512439706813023,-0.1082904737965808,-0.05931565997392718
81.09999999999999,-0.02698878921028738,-0.1422093237821361,0.06728996034035195,-0.1075259791016645,-0.02588585387539355
81.15000000000001,0.009335226918594879,-0.1242217366384894,0.05949303326300226,-0.1014342338812408,0.01042210344521394
81.2,0.04557729673148728,-0.1013359037809036,0.0517897477280958,-0.09164474353803473,0.04663451230008819
81.25,0.0785270821433799,-0.07360606898148214,0.04421125166009854,-0.0803473063790059,0.07955117712018467
81.3,0.1054153550897307,-0.04146192876125315,0.03676670833990092,-0.07008671009553459,0.1064119412491827
81.34999999999999,0.1245241012565727,-0.006069085521081707,0.02945042497831385,-0.06351547216281815,0.1255054582273594
81.40000000000001,0.1355426473867473,0.03054664105768501,0.02224948631382162,-0.06303816709700952,0.1365246690246902
81.45,0.1395580261758633,0.06568193326259031,0.01514820597246408,-0.07038615666308436,0.1405571515561839
81.5,0.1386960992465297,0.09641161440295221,0.008127497843226306,-0.08621406514580156,0.1397269727338016
81.55,0.1355496379328176,0.1201874961014365,0.001162981939714203,-0.1098403834754344,0.1366234825025552
81.59999999999999,0.1325857259028585,0.1354011930094101,-0.005772765065566288,-0.1392647731088241,0.1337097643956381
81.65000000000001,0.1317005415738471,0.1417373102527494,-0.01270265766672862,-0.1714946669840061,0.1328778048387136
81.7,0.1339993546466306,0.1402172966976934,-0.01963657109329392,-0.2030786200482256,0.1352292383184076
81.75,0.139780201116153,0.1329425599232228,-0.0265676473792581,-0.2307086114623132,0.1410589207046964
81.8,0.1486315542844082,0.1226298474343537,-0.03347384881547777,-0.2517702175613942,0.1499531430897232
81.84999999999999,0.1595527003743726,0.1120839773758365,-0.04032276285603387,-0.2647084898834707,0.1609094798569237
81.90000000000001,0.1710485740831098,0.1037470364648608,-0.04707878422910194,-0.2691261633241142,0.1724318170276793
81.95,0.1812193963368646,0.09939861681909734,-0.05370741107692134,-0.2656975702344954,0.1826188726268597
82,0.1879062340318581,0.1000057075377122,-0.06017383827403688,-0.2560313489619427,0.1893095710311764
82.05,0.1889578065937178,0.1056734085329926,-0.06644110994332036,-0.2424408756796744,0.1903486475028755
82.09999999999999,0.1826309074818248,0.1156473148743186,-0.07247324253875065,-0.2275424540225456,0.1839874303663946
82.15000000000001,0.1680633507742065,0.1283543905518902,-0.07824328100673639,-0.2137528925397781,0.1693568318465544
82.2,0.1456812998554335,0.141513693415818,-0.08373954183839605,-0.2028308586979011,0.1468766592920519
82.25,0.1173768475691739,0.1523744272955987,-0.08896592324519081,-0.1955633321653776,0.1184349620300563
82.3,0.08632533813943458,0.1581192246860486,-0.09393490896205281,-0.1916358253760442,0.08720814116260389
82.34999999999999,0.05641844575742318,0.1564063023791064,-0.09865270336936488,-0.1896927780804232,0.05709549334427833
82.40000000000001,0.03142273687837639,0.1459478042525503,-0.1031079160234871,-0.1875960809105948,0.03187835125220745
82.45,0.01409187912946328,0.1269636953626545,-0.1072724125475045,-0.1828908353157446,0.01433051768582039
82.5,0.005502733345294628,0.101341723465079,-0.1111069832059335,-0.1734501922042058,0.005550987884139824
82.55,0.004832065155773185,0.07239259332981751,-0.1145676413789712,-0.1581574302492835,0.00473604240298886
82.59999999999999,0.009652273536053385,0.04420228064054443,-0.117611060505833,-0.1373571488891198,0.009470550960096191
82.65000000000001,0.01665516387618421,0.02071650013495085,-0.120196032012919,-0.1128810784010187,0.01644876842189602
82.7,0.02257603212517252,0.004802490423264139,-0.122282956994082,-0.08762780798315062,0.02239780628697174
82.75,0.02503630091372065,-0.002428930722816858,-0.1238343885990256,-0.06481836029797156,0.02492227130124436
82.8,0.02306623314044313,-0.001828409386401664,-0.1248170006934648,-0.04716807634716759,0.02303101344313652
82.84999999999999,0.0171859748577803,0.004128072521019488,-0.12520242741386,-0.03624893408338565,0.01722309885184525
82.90000000000001,0.009065558663228352,0.01211657056869081,-0.1249656026064303,-0.0322298380288311,0.009152351538971093
82.95,0.0009026994373017942,0.0189316524370442,-0.1240839946092076,-0.03403357438040621,0.001008185860034705
83,-0.00528192249795918,0.02232901846443058,-0.1225397449372693,-0.03982305498885262,-0.005188165085935559
83.05,-0.008236368948236658,0.02149843355726527,-0.1203231561570159,-0.04763471274390939,-0.008176468695272054
83.09999999999999,-0.007815463015477371,0.017059789847784,-0.1174367311876719,-0.05595571635169053,-0.007798240173418902
83.15000000000001,-0.005004774787544122,0.0106279920794019,-0.1138976006805269,-0.06407030998430827,-0.005024193357202167
83.2,-0.00165024737094641,0.004134579931762805,-0.1097414417638312,-0.0720342319351817,-0.001687249374325517
83.25,2.433027783482864e-05,-0.0008631576352242099,-0.1050329891052807,-0.08027877032168078,-2.54799786614246e-06
83.3,-0.002006636887255513,-0.00368838202021704,-0.09987145202392095,-0.08905379645403136,-0.001992652288076602
83.34999999999999,-0.009028778175198865,-0.004737240130023856,-0.09437873899892468,-0.09800520999358048,-0.00894568813491553
83.40000000000001,-0.021192685937867,-0.005330567734874336,-0.08867994771900006,-0.1060756101356449,-0.02101908560211402
83.45,-0.03734303769008679,-0.007292600170326624,-0.08288849404806897,-0.1117142382473122,-0.03706687718050217
83.5,-0.05510239528656249,-0.01238531680620775,-0.07709888189245895,-0.1132808197317174,-0.05472166005446716
83.55,-0.07119145436984312,-0.0217431886010101,-0.07138365948396408,-0.1095461349309953,-0.07071318297878693
83.59999999999999,-0.08192584191195272,-0.03544421459069169,-0.06579097459193467,-0.1001813992014396,-0.08136420017640827
83.65000000000001,-0.0838041491209925,-0.05231011392438145,-0.06034480405782017,-0.08608542809575245,-0.08317779171506845
83.7,-0.07409113229202978,-0.06997180734051822,-0.05504930615144232,-0.06939887522275758,-0.07342054986588076
83.75,-0.05130565650193909,-0.08518549428660793,-0.04989572301313983,-0.0531341737438275,-0.05061038069830592
83.8,-0.01553674068492924,-0.09433967975246399,-0.04486968905098138,-0.04049199072770911,-0.01483292221889287
83.84999999999999,0.0314626574519786,-0.09405939371323147,-0.03995671995708777,-0.03408178217649527,0.03216452706906558
83.90000000000001,0.0864215733808362,-0.08179908961031462,-0.03514400112001376,-0.03534119949500887,0.08711825267805362
83.95,0.144911591256851,-0.0563198160661153,-0.03041822022436247,-0.04436655559525369,0.1456080487903494
84,0.201858616109422,-0.01798032240502545,-0.02576082704761751,-0.06012940909328141,0.2025677975984153
84.05,0.2521157754432792,0.03119875091205693,-0.02114318472045351,-0.08086980313205193,0.2528571995743507
84.09999999999999,0.2910069812722317,0.08771234000509665,-0.01652652007889543,-0.1044781499060178,0.2918039482979704
84.15000000000001,0.3147741491624781,0.146965532421359,-0.01186960340099041,-0.128781132913234,0.3156499462677216
84.2,0.3209011175034894,0.2038203467621406,-0.007139372433525359,-0.1517143026256429,0.321874700191341
84.25,0.308324033227591,0.2532008798729284,-0.00231770029515016,-0.1714330912864212,0.3094059586580338
84.3,0.2775553641780548,0.2906582266041814,0.002598077243314845,-0.1864655674375054,0.2787448806722617
84.34999999999999,0.2307389954032966,0.3128176473388137,0.007599144920489187,-0.1959534611666028,0.2320227076757116
84.40000000000001,0.1716212486534052,0.3176632214651049,0.01267055439002973,-0.1998720687820881,0.172973914924425
84.45,0.1053884061363985,0.3046575620840744,0.01779443669989023,-0.1990514244869221,0.1067751453850387
84.5,0.03830302469612638,0.2747289779945434,0.02295127407936209,-0.1949367350592299,0.03968292018426967
84.55,-0.02290539254945649,0.2301693130024018,0.02812344249761445,-0.189172526039065,-0.02157584193226436
84.59999999999999,-0.07188096941445828,0.1744739574556021,0.0332988228599006,-0.1831574764806564,-0.07064436543157193
84.65000000000001,-0.1036075440360605,0.1121324198315731,0.03846826556205202,-0.1777269726602234,-0.1025033203264361
84.7,-0.1153148233083851,0.04835067787577163,0.04362011908526503,-0.1730691911072346,-0.114377186406815
84.75,-0.1070933174827791,-0.01132937660915967,0.04873682999926737,-0.1688419282136835,-0.106349950081149
84.8,-0.08201740529058538,-0.06154035387551293,0.05379297703793712,-0.1643552828696914,-0.08148773741923954
84.84999999999999,-0.04567491271956024,-0.09770673742874048,0.05875523146266848,-0.1587276413315216,-0.04536852441997297
84.90000000000001,-0.005158854158054707,-0.1166944150510758,0.06358503412861394,-0.1510361960805718,-0.005073659544545972
84.95,0.03226645874629457,-0.1173773245372379,0.06824130131260076,-0.1405265894311737,0.03214533853069451
85,0.06050503435441234,-0.1009708318393356,0.07268381951777381,-0.1268698018074673,0.06020534977727698
85.05,0.07564582729733321,-0.07099999654681,0.07688170791628385,-0.110348636653944,0.07520675050513159
85.09999999999999,0.07642428255462164,-0.03284533605802731,0.08082398387812695,-0.09181920960407526,0.07589330121997784
85.15000000000001,0.064068903106533,0.007093775559739557,0.08451826277419006,-0.07239478946171514,0.06349756644438337
85.2,0.04165870667917978,0.04247458287957073,0.08797721076988713,-0.05300940644169836,0.04109756277439047
85.25,0.01324445168538927,0.06809053554737027,0.09121205438669017,-0.03412885982482904,0.01273815313709953
85.3,-0.01698762007572479,0.08070325345367479,0.09422679796327599,-0.01576150774711956,-0.0174046734244126
85.34999999999999,-0.04531162647509097,0.07943383454142144,0.09701186733871114,0.002293261441730243,-0.04561832847668035
85.40000000000001,-0.06875848002657602,0.06564548655777119,0.09954910731367461,0.02013200706340719,-0.06894854622107927
85.45,-0.08518623947113277,0.04239933887153369,0.1018261563756679,0.03751880262406212,-0.08526787152640991
85.5,-0.093261989034521,0.01367290080061312,0.1038455316660898,0.05381518191509943,-0.09325575918582818
85.55,-0.09247126408736776,-0.01642607753975112,0.1056241179174057,0.06807732851686997,-0.09240645426133998
85.59999999999999,-0.08318771927423732,-0.04425223833235881,0.1071892601961751,0.07927501975165502,-0.08309765584760093
85.65000000000001,-0.06674495551565052,-0.06694337235995251,0.1085727814629509,0.08655504874503039,-0.06666205854200707
85.7,-0.04540487316207544,-0.08250908041486038,0.1098059498385454,0.08950096932917755,-0.04535616971862433
85.75,-0.02213529949550522,-0.08980043807328708,0.1109176938697868,0.08833048813743083,-0.02213904393195359
85.8,-0.0001812041762262696,-0.08847073490324919,0.111931871597203,0.08389110743483383,-0.0002450195193230975
85.84999999999999,0.01749797041910739,-0.0789770967073149,0.1128623557873279,0.0773918784260224,0.0173772948770653
85.90000000000001,0.02878720271824763,-0.06260954045414402,0.1137077781561065,0.07003950372100617,0.02862239744194461
85.95,0.03281733130741227,-0.04146415424627248,0.1144496849309052,0.06274012741007527,0.03262811408356703
86,0.03009319171797863,-0.01827116158019093,0.1150559997588866,0.05588571452379276,0.02990303602315264
86.05,0.02231064411409136,0.003950644608567644,0.1154880838960761,0.04925731343534747,0.02214327816668815
86.09999999999999,0.01191529267774116,0.02236732197403157,0.115706570355554,0.04210961217566531,0.01179152658298588
86.15000000000001,0.001529682592317669,0.03482479532436311,0.1156706340991835,0.03346798095578496,0.001464875669367205
86.2,-0.006592996236182263,0.04023600074287548,0.1153388533528761,0.02256879909949399,-0.006590442196584556
86.25,-0.01095060960003229,0.03875292822484877,0.1146779335231497,0.009266908887621661,-0.0108796579449969
86.3,-0.01093465781344827,0.03167706421027505,0.1136704671664463,-0.00577110106792024,-0.01080093161053652
86.34999999999999,-0.006740730720144809,0.02113922230384391,0.1123173845605898,-0.02118738841521463,-0.006554836310594059
86.40000000000001,0.0008764266241612232,0.009642534354634413,0.1106408772225959,-0.03534736865622002,0.001101191637211119
86.45,0.01089151825810076,-0.0004104122772262686,0.1086856653435198,-0.04687102682189267,0.01114176442452797
86.5,0.02223814117990883,-0.007099512905614003,0.106512386475192,-0.05501413427152313,0.02250265901272241
86.55,0.03391957817652182,-0.009216438358081669,0.1041874028660987,-0.05975529758336057,0.03419092216582476
86.59999999999999,0.04500231399642843,-0.006334115256265982,0.1017697722447169,-0.06165728198818451,0.04527714513498149
86.65000000000001,0.0545464789666467,0.001254621206670636,0.09929756207286911,-0.06164591641419488,0.05482471484473667
86.7,0.06155414079135796,0.01267311066995763,0.09678291787438131,-0.06078864968665685,0.06183705209564616
86.75,0.06500316136052732,0.02660428476065274,0.09421615418404999,-0.06008105499980858,0.06529122098760071
86.8,0.06398729968077663,0.041414111575163,0.0915747272716303,-0.06023627375976532,0.06427850949028036
86.84999999999999,0.05792055711625031,0.05526770747893794,0.08883566801089726,-0.06155140002560682,0.05821004172805683
86.90000000000001,0.04671783518015563,0.06626563499460864,0.08598897378863835,-0.06395999466773289,0.04699881984281962
86.95,0.03085953032563046,0.07262889016715302,0.08304739097137626,-0.06726642855599498,0.03112531897479115
87,0.01129304081941315,0.07293763910256484,0.08004675979014531,-0.07141304373698448,0.01153902716689714
87.05,-0.01080005096895499,0.06638539453345299,0.07703542499023808,-0.07661833796803788,-0.01057538292479365
87.09999999999999,-0.03427187730351757,0.0529799081257129,0.07405938906507736,-0.08332470527749351,-0.03406761395310509
87.15000000000001,-0.05818285253265589,0.03361202000923902,0.07115224599320535,-0.09198198577009109,-0.05799799232863129
87.2,-0.08178499650815511,0.009935395948213133,0.06833193252434655,-0.1027403356238449,-0.08162163014727097
87.25,-0.1042972266649647,-0.01593880066093567,0.06559878552716347,-0.1151728574537251,-0.1041633849345552
87.3,-0.124557962335753,-0.04185269858905394,0.06293285128574727,-0.1281605419817665,-0.1244687826638249
87.34999999999999,-0.1407215616547785,-0.06598346083092466,0.06029475138786883,-0.139991184624205,-0.1406980546946658
87.40000000000001,-0.150190356341364,-0.08706239205291399,0.05763236494671686,-0.1486305784710549,-0.1502556731429653
87.45,-0.1499226404084872,-0.1043562796152552,0.05489157022868851,-0.1520984524988595,-0.1500966772036054
87.5,-0.1371353010867896,-0.1174200680974639,0.05202796052472775,-0.1488785945767138,-0.1374290768752168
87.55,-0.11026004135194,-0.1257195969663325,0.04901590126510263,-0.138252227578638,-0.1106714286607187
87.59999999999999,-0.06986850773362639,-0.1282967489261537,0.04585108420788353,-0.1204543034045483,-0.07038086800945775
87.65000000000001,-0.01921674109865337,-0.1236584810897424,0.04254493405241166,-0.09662921208739951,-0.01980093035654718
87.7,0.03588399739987288,-0.1100109472863102,0.03911444300640826,-0.06858943314313423,0.03526421734590662
87.75,0.08797618798965946,-0.08584448070157741,0.03557500834594346,-0.03842871475676572,0.08735696155425288
87.8,0.1294881026810954,-0.05072829892340136,0.03193995248938547,-0.008117145044894178,0.1288980430083295
87.84999999999999,0.1544824678463581,-0.006050303512287247,0.02822165403569454,0.02076979660306755,0.1539374412849782
87.90000000000001,0.1600911822049729,0.04460502798797411,0.02442836888204281,0.04709833790164437,0.1595924041144743
87.95,0.1471691067611914,0.09567918571240053,0.02055934697020956,0.07007252872901003,0.1467053438179711
88,0.1199487102126425,0.1405222609861735,0.01660475763718877,0.08915879328253393,0.1195013917034995
88.05,0.08481377325207566,0.1727638703654308,0.01255290813455323,0.1041310525023463,0.08436349894948658
88.09999999999999,0.04860373526611544,0.1878032365060988,0.008401019563487044,0.1151928893202465,0.048135769431983
88.15000000000001,0.01698858759548443,0.1839576561564542,0.004163189148737645,0.1230434818833632,0.0164959322585207
88.2,-0.006620275259432528,0.1628839377456593,-0.0001280357930265597,0.1287825698780342,-0.007137082120466931
88.25,-0.02139066321171801,0.1291214560314006,-0.004425965266671772,0.1336786641144828,-0.02192628940959396
88.3,-0.02866775217204971,0.08889822127047281,-0.00867724749662635,0.1388871989963526,-0.02921617029004414
88.34999999999999,-0.03111118015272842,0.0485911476319808,-0.01283018868742253,0.1451809238023251,-0.03166939326181284
88.40000000000001,-0.03171517418221417,0.01333399414243752,-0.01684255931030043,0.1527791591487823,-0.03228544940103273
88.45,-0.03300684364134659,-0.01383591044048532,-0.02068692970240787,0.1613704009404391,-0.03359687606528949
88.5,-0.03658488956320934,-0.03212545198484329,-0.02435292850124293,0.1703132449640084,-0.03720616220274386
88.55,-0.04301328018133838,-0.0425237997031061,-0.02784727742540677,0.1788862743432607,-0.04367837999932966
88.59999999999999,-0.05197712141362423,-0.04701177945342916,-0.03119140076713067,0.1864768664848887,-0.05269684355623955
88.65000000000001,-0.06256630618119985,-0.04777084410316995,-0.03441618681296299,0.1927041856374951,-0.06334737597198892
88.7,-0.07357135486963332,-0.046638757012473,-0.03755536413512545,0.1974793634024017,-0.07441496280509513
88.75,-0.0837258459815098,-0.04490385887709641,-0.04064001750596102,0.2009169795984117,-0.08462728455055712
88.8,-0.09188175899128848,-0.04337312371344304,-0.04369548210546204,0.2030569207458012,-0.09283066522852912
88.84999999999999,-0.09713198208736226,-0.04256372362789229,-0.04674129098608998,0.2035368725662641,-0.09811340359069887
88.90000000000001,-0.09889904496886674,-0.04286506936430795,-0.04979495288737318,0.2014573729294053,-0.09989466970956484
88.95,-0.09699383885545723,-0.04458116849736038,-0.05287795632190428,0.1955883537528985,-0.09798386783355151
89,-0.09163533413192215,-0.04785360001455918,-0.05601890270373555,0.184837494598842,-0.09260025303162611
89.05,-0.08341384645101479,-0.05253227944383543,-0.05924934094484446,0.1687376054870525,-0.08433660555497707
89.09999999999999,-0.07319015229076617,-0.05808354256414439,-0.06259689828823328,0.1477493494869185,-0.07405781815377183
89.15000000000001,-0.06193802589219699,-0.06360659853608069,-0.06608207657600834,0.1233085977493971,-0.06274328609611823
89.2,-0.0505632617600637,-0.0679789514975378,-0.06971291180439038,0.09762340486492004,-0.05130484345702274
89.25,-0.03974795447972183,-0.07009466026306654,-0.07347680470687368,0.07325431789238231,-0.04043035829733888
89.3,-0.02987452303438268,-0.06912314222392113,-0.07734205880815925,0.05255236093245992,-0.03050648947689644
89.34999999999999,-0.02106316739645873,-0.06470899760109672,-0.08126912233090422,0.03709342422762102,-0.02165554904811606
89.40000000000001,-0.01331994898293045,-0.05705768122560717,-0.08521845697602398,0.02727745229078944,-0.01388297098381114
89.45,-0.006745485333291472,-0.04689145360390568,-0.08915173095340573,0.0222082555915925,-0.007286325727818954
89.5,-0.001722004524925439,-0.03529975842487321,-0.09303122272878961,0.01989850454933274,-0.002242932354448834
89.55,0.001010552120028033,-0.02353769539641593,-0.09681832965966852,0.01781073911965322,0.0005128040946246193
89.59999999999999,0.0004488721955928901,-0.01283736640923783,-0.1004703949338013,0.01367091374645379,-1.73703455850216e-05
89.65000000000001,-0.004405553589930061,-0.004281273298381627,-0.1039378504132911,0.006339071653993439,-0.00482849350059672
89.7,-0.01417005321032613,0.001248346776872244,-0.1071661745135215,-0.003593227935563237,-0.01453654214832628
89.75,-0.0287163748183065,0.003066760132996615,-0.1101025302505824,-0.01377297024348654,-0.02901421968857026
89.8,-0.04695705598483647,0.0006770777957129104,-0.1126977181297787,-0.02073534466631056,-0.0471770503169836
89.84999999999999,-0.06688760330063502,-0.006198822778958335,-0.1149074381425095,-0.02107588990978397,-0.06702514896933326
89.90000000000001,-0.08590932174421374,-0.01752837808405794,-0.1167051804591495,-0.01271461104474391,-0.08596561865738472
89.95,-0.1013562062917736,-0.03283681590160459,-0.1180981798849213,0.004262140897129325,-0.1013391341374143
90,-0.1110668953618171,-0.05109151306865212,-0.119130885752935,0.02751490221394921,-0.1109917155280327
90.05,-0.1138157787967714,-0.07067626627006024,-0.119867073559103,0.05315002541031825,-0.1137056518604042
90.09999999999999,-0.1094619551839725,-0.08951478894516379,-0.1203586712686617,0.07694189913041441,-0.109348042171821
90.15000000000001,-0.09877717442255694,-0.1053482888883269,-0.1206207601899585,0.09563258060558893,-0.09869786823479498
90.2,-0.08303514286138419,-0.11611090056777,-0.1206239172472882,0.1078433358555589,-0.08303378166889241
90.25,-0.06353520592570649,-0.1203026920089703,-0.1203005337028719,0.1142857304727007,-0.0636558295018278
90.3,-0.04125549149942602,-0.1172456574671399,-0.1195583981257304,0.1172602316426207,-0.04153664460412954
90.34999999999999,-0.01677279008723452,-0.1071382019481363,-0.1182993360432959,0.1197128367377924,-0.01724016748837437
90.40000000000001,0.009528511017754268,-0.09088549887056768,-0.1164409264708217,0.1242162129410328,0.0088688296106475
90.45,0.03706012997477181,-0.06976603310983343,-0.1139363513779811,0.1321873530780218,0.0362259507229909
90.5,0.06463083873626453,-0.04506503887898028,-0.1107880877094894,0.1435822894222518,0.06366340420396771
90.55,0.09023383435599158,-0.0178228231164439,-0.1070525366630869,0.1571625395376121,0.08919220085840129
90.59999999999999,0.1111400396241398,0.01119483897638712,-0.1028320634705568,0.171158932539487,0.1100903467748202
90.65000000000001,0.1242968164434045,0.04128182721148166,-0.09825594538061833,0.1839654704731501,0.1232992711497064
90.7,0.126918725320143,0.0714157138666659,-0.09345831681894878,0.1945484936152357,0.1260148512414511
90.75,0.1170872367279578,0.0998950691063144,-0.08856102591217258,0.2024899498213104,0.1162913015296658
90.8,0.09418389765339055,0.1241872136216244,-0.08366441084354859,0.2077890609762633,0.09348019963616078
90.84999999999999,0.05904943540302791,0.1411116482044434,-0.07884275914941985,0.210601931906715,0.05839653354578628
90.90000000000001,0.0138651084308826,0.1473579810731032,-0.07414082127347904,0.211060189386033,0.013205247538222
90.95,-0.03816138462558454,0.14021394916302,-0.06957119290257108,0.2092545216510184,-0.03888993510976224
91,-0.09318338552073924,0.1182942595876788,-0.06511193795092046,0.2054076487178206,-0.09403457370000612
91.05,-0.1470767553622547,0.08204775624808436,-0.06070519829794674,0.2001389042240176,-0.1480878947508484
91.09999999999999,-0.1957358184435257,0.03388167482649529,-0.05626336429186185,0.1945917034680692,-0.1969234431235078
91.15000000000001,-0.2353297322282006,-0.02212573163275183,-0.05168725567582927,0.1902833542480224,-0.2366899150861639
91.2,-0.2625763718631255,-0.08082013886385719,-0.04688601989133051,0.188762557708669,-0.2640887044831408
91.25,-0.2750764088863819,-0.1367148758136154,-0.04178991653023445,0.1912360517783493,-0.2767096500758449
91.3,-0.2716940189978936,-0.184714744672108,-0.03635777591234773,0.1982578028665287,-0.2734118087062912
91.34999999999999,-0.2529034695048643,-0.2206897852373388,-0.03057817322120715,0.2095213503956299,-0.2546687163239761
91.40000000000001,-0.2209740425585134,-0.2418536110929964,-0.02446288267905433,0.2237987800513114,-0.2227513192160707
91.45,-0.1798675359997569,-0.2469681392218455,-0.01803691920139705,0.2390816635835888,-0.1816238261305121
91.5,-0.1347834738598939,-0.2364077707904374,-0.01132474402537731,0.2529655578740455,-0.1364875852131536
91.55,-0.09138896162482125,-0.2121071830006004,-0.004333811004848642,0.2631943498702622,-0.09301104057125992
91.59999999999999,-0.05488211991747759,-0.1773967846748321,0.0029545383059007,0.268129594417202,-0.05639345738064566
91.65000000000001,-0.02910710285640296,-0.136699680588748,0.01058351172263883,0.2669393115980644,-0.03048146797624962
91.7,-0.01594176551109548,-0.09505453183701001,0.01860609232048094,0.2594900855944158,-0.01715743960045624
91.75,-0.01510047522315014,-0.05748297307237316,0.02705637531928634,0.2460852132002639,-0.01614332441107591
91.8,-0.02437616009948142,-0.02828102019948964,0.03592052664969553,0.2272053710894633,-0.02524208667461025
91.84999999999999,-0.04022262657845535,-0.01036221409860572,0.04512370560098578,0.2033391081600293,-0.04091924929790014
91.90000000000001,-0.05850695469625918,-0.004806525314327681,0.05453637418607626,0.1749552143080143,-0.05905315043296711
91.95,-0.07524941943395026,-0.01073632432387917,0.06400323851264128,0.1426345195337012,-0.07567308177994114
92,-0.08721484444422643,-0.02556131527620997,0.07337199155379176,0.1072836023566967,-0.08754872776741407
92.05,-0.09228561894925826,-0.04554104839763579,0.08249435987187698,0.07028647724757306,-0.0925624602622766
92.09999999999999,-0.08961003254841292,-0.06652560770835519,0.09123123919645104,0.03350089549246087,-0.08985773285141219
92.15000000000001,-0.07955724157489877,-0.08468975527933764,0.09947263839167297,-0.0009031831718573792,-0.07979533687600815
92.2,-0.0635265235419326,-0.09710063508953959,0.107150946945369,-0.03071119735107744,-0.06376445747987158
92.25,-0.04365914468574578,-0.1020320811388848,0.1142373982593684,-0.05397718605539079,-0.04389669077778235
92.3,-0.02249827708940828,-0.09902113406030988,0.1207240618323734,-0.06933482704717013,-0.02272770577795441
92.34999999999999,-0.002637468363565129,-0.08872812307896966,0.1266036477867924,-0.07625245293419013,-0.00284692377196466
92.40000000000001,0.01360707152933482,-0.07268900501868858,0.1318599496666224,-0.07515152546656685,0.01342990497655372
92.45,0.02447288779698828,-0.05303205583117632,0.1364656940325147,-0.06733307431979264,0.02433754308275271
92.5,0.02895629214680758,-0.03219974299472339,0.1403810545708322,-0.05474277143733798,0.02886737217656982
92.55,0.02693223651662793,-0.01268822485458876,0.1435576647517599,-0.03965727173127231,0.02688861652578567
92.59999999999999,0.01917957398862918,0.003206877208933645,0.1459544474938531,-0.02436240065995467,0.01917493753535798
92.65000000000001,0.007306814879935867,0.01364963291131699,0.1475588334515618,-0.01086408000089154,0.007331148220114825
92.7,-0.00642075214323296,0.01751981064183394,0.1483996173587311,-0.0006301018602565779,-0.006379263926192091
92.75,-0.01934485427431654,0.01463222795774577,0.1485461843139808,0.005646702905230046,-0.01929814411236946
92.8,-0.02875434791504398,0.005862422343031026,0.1480984583212956,0.008200305631056183,-0.02871347187677692
92.84999999999999,-0.03227917886555284,-0.006880958340278354,0.1471720915079083,0.008138309615782055,-0.03225424652293318
92.90000000000001,-0.02830435967861415,-0.02087347800531641,0.1458829030002266,0.007137979780201215,-0.02830529205235122
92.95,-0.01635377612822018,-0.03297487176254232,0.1443337090502849,0.007019432923105145,-0.01639154946936283
93,0.002624232965582014,-0.04015563015506263,0.1426004402244774,0.009372588947631126,0.002536378604592104
93.05,0.02614878764684044,-0.04005264583714946,0.1407192573816291,0.01528374208235788,0.02599468357002177
93.09999999999999,0.05034923121312931,-0.03144282228204609,0.1386840588318128,0.02513255847276057,0.05010998175787196
93.15000000000001,0.07040113400769783,-0.01454064425100965,0.1364550532980797,0.03852048230969901,0.07005632393542083
93.2,0.08124108337134596,0.008934964118091582,0.1339737303127747,0.05438883003156975,0.08077072831602455
93.25,0.07847071374870331,0.03592963929448362,0.131180371086327,0.07125102164265296,0.07785777220760381
93.3,0.05928807351320148,0.06242042218393845,0.1280292522403724,0.08746882363344183,0.05852092233439682
93.34999999999999,0.0232386599521711,0.08392095351576745,0.1244974325819041,0.1015583189874986,0.02231352367022355
93.40000000000001,-0.02741350656386715,0.09606439698044333,0.1205865415193528,0.1124576968405645,-0.02849085624664671
93.45,-0.08782941221053316,0.09520994122017584,0.1163205125121706,0.1196852584029822,-0.0890424268782718
93.5,-0.1512725453922714,0.07901992955639031,0.1117431770779844,0.1233733708132492,-0.1525940933666529
93.55,-0.2102127886198651,0.04694864181813324,0.1069149196618189,0.1241664710282035,-0.2116064202855545
93.59999999999999,-0.2576352193699318,0.0005645450718029243,0.1019033994344962,0.1230294820456146,-0.259058611418128
93.65000000000001,-0.2882709349265091,-0.05638868352456422,0.09676789390304774,0.121069396879427,-0.2896807533367903
93.7,-0.2994636790966528,-0.1182781468632053,0.09154363880901645,0.1193992729996942,-0.3008223012711315
93.75,-0.2914616170913685,-0.1782515993014499,0.08623209298733708,0.1190012430576903,-0.292743965652318
93.8,-0.2670593720906112,-0.2292360999010819,0.08079963019770908,0.1206049530156174,-0.2682590958490402
93.84999999999999,-0.2306962838805748,-0.2651067452095406,0.07518468728147482,0.1246638973496566,-0.231828946454009
93.90000000000001,-0.1872796688685071,-0.2817874080811404,0.06930819910631481,0.1314429680887406,-0.1883819893370154
93.95,-0.1410936814587308,-0.2780161553104702,0.06308203474961827,0.1410945307759004,-0.1422177102733357
94,-0.09512131114181549,-0.2555526077179046,0.05641899283015939,0.1535580791518627,-0.09632436624885449
94.05,-0.05095546815459202,-0.2187327593863024,0.04924800861434603,0.1682507958183887,-0.05228735815816088
94.09999999999999,-0.009252410258501875,-0.1734499572531678,0.04152849645219503,0.1837128819209372,-0.01074286251489875
94.15000000000001,0.02952246370551837,-0.1258106444995373,0.03325724373019068,0.1974515378360742,0.02787327887929347
94.2,0.06441063273678076,-0.08083226861287962,0.02446798954725155,0.2061433885992547,0.06263605700045854
94.25,0.09365431372642766,-0.04155576403436417,0.01522487395550071,0.2062229107005718,0.0918184828753319
94.3,0.1149207756637558,-0.008822498253971134,0.005611858789557,0.1947834159987586,0.1131100092412326
94.34999999999999,0.1259895462654509,0.01825318042912655,-0.004275823602248485,0.1705592615590678,0.1242995087935461
94.40000000000001,0.1256424866025322,0.04132409902809175,-0.01434079806796662,0.1346077037511207,0.1241643906753974
94.45,0.114409521441952,0.0617357472951075,-0.02450146543879267,0.09037198360178257,0.1132175059018415
94.5,0.09486227418608832,0.07973546989985347,-0.03470706415329761,0.04304497060074675,0.0940046324570819
94.55,0.0713021408449756,0.09425191109665343,-0.04493188555817773,-0.001578435979679646,0.07079665968675342
94.59999999999999,0.04889067403572914,0.1033105259231676,-0.05514996731618088,-0.03838818285783251,0.04872463435592067
94.65000000000001,0.03245927401011662,0.1049018819648965,-0.06531518874550213,-0.06403546624235175,0.03259287461576499
94.7,0.02534383907434879,0.09795152246022881,-0.07536168529662796,-0.07755275847025173,0.02571630391790797
94.75,0.02859206456541431,0.08301914970477609,-0.08520503902091342,-0.08035225273738168,0.02912926077343553
94.8,0.04078044715560641,0.06247345803757826,-0.09473662755412515,-0.07563188271297819,0.04140306526125553
94.84999999999999,0.0584895148314673,0.04008554083504567,-0.1038262239493861,-0.06741649198842123,0.05912133155837507
94.90000000000001,0.07728076105592931,0.02017656212371066,-0.1123360391801588,-0.05951296925036149,0.0778560566293075
94.95,0.09286509397043026,0.006590140151361001,-0.1201370108615353,-0.0546511811146479,0.09333502409843009
95,0.1021101643847977,0.001796601580052348,-0.1271182224202036,-0.05403717782967837,0.1024470356505989
95.05,0.1036111677022888,0.00637449201627055,-0.1331908014292523,-0.05737429470893495,0.1038102900417148
95.09999999999999,0.09771840807497026,0.01898917055552618,-0.1382939083817585,-0.06321814941375795,0.09779669272040531
95.15000000000001,0.08610182470315632,0.03683115434231049,-0.1424021429147088,-0.06948668333772198,0.0860931493548569
95.2,0.07107093586967556,0.05634747911772564,-0.1455267902332911,-0.07397758904207481,0.07101861288705763
95.25,0.05490985619024912,0.07404188003685541,-0.1477104133981643,-0.07479212319668264,0.05485742370977942
95.3,0.03942913498566946,0.08713211616361444,-0.1490227556826925,-0.07065335345831544,0.03941126443379317
95.34999999999999,0.02581287196398892,0.0939230979145444,-0.1495580234925031,-0.06115501028881008,0.02584839807979927
95.40000000000001,0.01470741677776323,0.09386222446657405,-0.1494236417986428,-0.04692976837037761,0.01479621727036556
95.45,0.006412093483001465,0.08735424960365551,-0.1487236723913214,-0.0296691524176971,0.006536617879010331
95.5,0.001024072835426589,0.07547380199325526,-0.1475464858765093,-0.01193532828944023,0.001155093163791032
95.55,-0.001545819618599752,0.0597059774387404,-0.1459572039597452,0.003240599480545914,-0.001440888801856499
95.59999999999999,-0.001670642274810265,0.04177896625864386,-0.143993696393877,0.01293435390889686,-0.001619273302266078
95.65000000000001,-0.000122761136472652,0.02356421114123342,-0.1416691157035626,0.01498822407652242,-0.0001411384078209288
95.7,0.001907727341237885,0.006968738716463141,-0.1389826815557973,0.008562443255097507,0.001816945167157691
95.75,0.002958342935786873,-0.006253373999409229,-0.1359351236899724,-0.005619279440344158,0.002803980761693747
95.8,0.001583399888000102,-0.01479676908687066,-0.1325423859726314,-0.02538728581517716,0.00138051991238114
95.84999999999999,-0.003309944838747046,-0.01815439994264167,-0.1288418232513078,-0.04755629675305902,-0.003546425576504419
95.90000000000001,-0.01220313433725094,-0.01688830620868642,-0.1248893618930628,-0.06854842778693966,-0.0124637452321818
95.95,-0.02487680340068712,-0.01267586631328377,-0.1207505816808233,-0.0850479185002611,-0.02515998769944749
96,-0.04050987282634525,-0.008047660892524733,-0.1164889941600921,-0.0945551370469211,-0.04082117149039716
96.05,-0.05791413226534665,-0.005841271932357062,-0.1121530394307884,-0.09575687323591303,-0.05826260435368902
96.09999999999999,-0.07580999357989492,-0.008510969281514458,-0.1077631469728213,-0.08867152796386345,-0.07620354997663614
96.15000000000001,-0.09305214803165639,-0.01750266457002486,-0.1033025351079815,-0.07457230497482875,-0.09349337794357027
96.2,-0.1087471251575932,-0.03289613841913136,-0.0987178763957961,-0.05570512402688118,-0.1092312342385541
96.25,-0.1222492518454439,-0.05342637187533811,-0.09393171955986385,-0.03482628296170092,-0.1227644525659299
96.3,-0.133056411371944,-0.07685971391861113,-0.08885987470652018,-0.01465490807734121,-0.1335867381595409
96.34999999999999,-0.1406512719228505,-0.1005797935416128,-0.08342540965502226,0.002611769766462471,-0.1411804681386534
96.40000000000001,-0.1443457609463777,-0.1221819560049728,-0.07756774120405691,0.01561612076042983,-0.1448612194177621
96.45,-0.1431933293735405,-0.1398970626118594,-0.07124945659489146,0.02396285429825067,-0.14368854230515
96.5,-0.1360251286233158,-0.1527437329861847,-0.06446067924286647,0.02815180294155098,-0.1365002698184762
96.55,-0.1216405693103481,-0.1604094559874718,-0.05721887935265879,0.02933150083410275,-0.1221008683229628
96.59999999999999,-0.09913392047727582,-0.1629449495934658,-0.04956323239380089,0.02891548790051995,-0.09958666757717094
96.65000000000001,-0.06828351978906491,-0.1604033468552066,-0.04154437263074701,0.0281535669869474,-0.06873438945553134
96.7,-0.0298870447155956,-0.1525641159907657,-0.03321376246960611,0.02776924171419113,-0.03033692264984605
96.75,0.01407831889621181,-0.1388488045469138,-0.0246188081624662,0.02775384273790912,0.01363543062284789
96.8,0.06055119720363388,-0.1184711668814487,-0.01580493176582454,0.02738274823192819,0.06012871045154533
96.84999999999999,0.1057385334492731,-0.09078067005021279,-0.00681951851760676,0.02544907012761103,0.1053564094364241
96.90000000000001,0.1456418855570332,-0.05570514573634511,0.002285375360447151,0.02061754525304781,0.1453246507410563
96.95,0.1766178616126843,-0.01415130032868173,0.01145077671455696,0.0118174992242513,0.1763919617342515
97,0.1958335076254732,0.03178423191449442,0.02060889430199531,-0.001391791827370305,0.1957243117457308
97.05,0.2015349678651072,0.07888634471026879,0.02968292535655848,-0.01860881268102044,0.2015635646349224
97.09999999999999,0.1931335927337572,0.1231867361668691,0.03859032062186685,-0.03861990576050044,0.1933135174632725
97.15000000000001,0.1711824835588895,0.1605434675209176,0.04724843276028029,-0.05963987471435949,0.1715166058307781
97.2,0.1373304624241002,0.1872797305622634,0.05558127533608309,-0.07968722657143602,0.1378085832493603
97.25,0.09429327349091708,0.2007192034741186,0.06352937318316026,-0.09699957135514527,0.09489130238214422
97.3,0.0458037371541682,0.1995041979638351,0.07106112944366089,-0.1103409432662118,0.04648512695421497
97.34999999999999,-0.003556895591526448,0.1836647586778576,0.07817705093466343,-0.1191248521987137,-0.002836873870030843
97.40000000000001,-0.04874086554422499,0.154504101322799,0.0849024842939865,-0.1234510477505953,-0.04802875060488232
97.45,-0.08485231181417409,0.1144116532504821,0.09127288711146569,-0.1241132673989111,-0.08418894737976401
97.5,-0.1079119701456989,0.0666916401349299,0.09731356326380886,-0.1225142003886291,-0.1073262315789092
97.55,-0.1155824414254512,0.01541817375820537,0.1030246967426481,-0.1204410144769264,-0.1150876242388969
97.59999999999999,-0.1076339456262052,-0.03474633768137603,0.1083835573810769,-0.1197243736594488,-0.1072283457367722
97.65000000000001,-0.08598558610519866,-0.07887046683294707,0.1133478298284872,-0.1218401283247963,-0.08565665993283988
97.7,-0.0542785791253704,-0.1122813428672254,0.117863748286605,-0.1275308875093097,-0.05400949598306592
97.75,-0.01708655245322201,-0.131266967035491,0.121885760848569,-0.1365988126349726,-0.01686246256633273
97.8,0.02101661540430234,-0.133798010803055,0.1253915142821981,-0.148017909882654,0.02120472683088387
97.84999999999999,0.05626746613105258,-0.1200384252431979,0.1283740580870257,-0.1603379735120747,0.05642299141887513
97.90000000000001,0.08618723887511759,-0.09243723130879289,0.1308325563072728,-0.1721899111591869,0.08631201645459263
97.95,0.1096274056224935,-0.05530893629190936,0.1327882725676308,-0.1826877153243551,0.1097281316069984
98,0.1264482938263128,-0.01397479772394716,0.1342931354840636,-0.1916110673148966,0.12654250810472
98.05,0.1370177000277583,0.02631250942731472,0.1354228750882271,-0.1993534462586012,0.1371366834528644
98.09999999999999,0.1417631729936284,0.06135764402561278,0.136269631327997,-0.2066571548681841,0.1419499449206002
98.15000000000001,0.1409590826608069,0.08864209903533959,0.1369223911992062,-0.2141637959351068,0.1412615268222646
98.2,0.1348022398672311,0.1074199225525953,0.1374419155801098,-0.2219026854334876,0.1352630554970784
98.25,0.1236855048483349,0.1183212282380123,0.1378701383775847,-0.2289475083780593,0.1243320336712664
98.3,0.1084860285916363,0.122663670107218,0.1382507682408134,-0.2334328534411682,0.109322949297869
98.34999999999999,0.09068459556803841,0.1217595529316471,0.1386290011653075,-0.23295877556256,0.09169173262061558
98.40000000000001,0.07222263511043639,0.1164766844533714,0.1390356378299924,-0.2252474240188409,0.07335825323959588
98.45,0.05513412442570106,0.1071814063344023,0.1394759654621354,-0.2088284762335199,0.05634254972970038
98.5,0.04109551340357084,0.09401997349809088,0.1399298148200586,-0.1835425780380217,0.04231671985354429
98.55,0.03106657855197087,0.07735792438138839,0.1403577611080696,-0.1507238759457772,0.03224512009001024
98.59999999999999,0.02514056944590306,0.05814134025444678,0.1407115599119443,-0.1129993579686175,0.02623213647013134
98.65000000000001,0.02262105877442205,0.03799108625949349,0.1409455367370422,-0.07374290635455273,0.02359567330830797
98.7,0.02225192449656976,0.01896858460603523,0.1410198783470926,-0.03637069527590675,0.02309446551987104
98.75,0.02249559619042605,0.003103990830422343,0.1408964405260957,-0.003753059182175033,0.02320429356743386
98.8,0.02178426089215944,-0.008126702755958393,0.140539632376358,0.02208257128809559,0.02236865254115572
98.84999999999999,0.0187311275860241,-0.01418213388047285,0.1399226673740891,0.03998492500815291,0.01920978704601833
98.90000000000001,0.01232970324764842,-0.01556847543959833,0.1390267677848717,0.04959932823887956,0.01272828604033771
98.95,0.002166113496073459,-0.01366622303210457,0.1378302553016688,0.05129932426004374,0.002515120147256189
99,-0.01137458919488936,-0.01036951096754968,0.13629746721549,0.0461416790753971,-0.01104246748757653
99.05,-0.02697195021010373,-0.007670006760771786,0.1343754344773344,0.03577437240962515,-0.02662545577848607
99.09999999999999,-0.04238383844914407,-0.007277838890754063,0.1319978450755758,0.02223811294284383,-0.0419974379336287
99.15000000000001,-0.05466509030900205,-0.01033186311524992,0.1290954402511765,0.007669010121077101,-0.05422359163282098
99.2,-0.06059656020746208,-0.01720016598703455,0.1256079344907501,-0.00604218851971833,-0.06009883609525613
99.25,-0.05727604471008704,-0.02735440317708004,0.1214948160988879,-0.0175922930642087,-0.0567368972996305
99.3,-0.04278067801189085,-0.0393335850867329,0.1167447067714663,-0.02658520591665008,-0.04222954662890249
99.34999999999999,-0.01677895252736615,-0.05083880204394031,0.1113806393433705,-0.03368730663236805,-0.01625529874499509
99.40000000000001,0.01904479992791596,-0.05899829573866167,0.105459658955488,-0.04042169366832144,0.01949926970117888
99.45,0.06088484162380519,-0.06081497934168079,0.09906668261978768,-0.04861064127301229,0.06123544836850026
99.5,0.1031148406643362,-0.05375039078351762,0.09230557636953585,-0.05970838185585357,0.1033428863317349
99.55,0.1390031951042756,-0.03634385884539149,0.08529199662057718,-0.07430115463210751,0.1391121917485384
99.59999999999999,0.1617509350075464,-0.008740002678354675,0.07814413292640132,-0.09191251926107763,0.1617685277476274
99.65000000000001,0.1656749661023811,0.02700287629215331,0.07096854491277088,-0.111108098210134,0.1656497256459368
99.7,0.1473150499909955,0.06692168397312143,0.06384756311728385,-0.1298302154876919,0.1473086772657543
99.75,0.1062507781189446,0.1055137749163183,0.05683474363445651,-0.1458837688853391,0.1063273394630568
99.8,0.04546448875896921,0.1364335622039409,0.04995529050544817,-0.157490247435259,0.04567901192701818
99.84999999999999,-0.02883946240814352,0.1534317391005943,0.04320820862748453,-0.1637756437444464,-0.02845057810897128
99.90000000000001,-0.1079623140408194,0.151395755063485,0.03657290370624494,-0.1650406081275147,-0.1073871745280064
99.95,-0.1818969222691975,0.1273219717167082,0.03002283771418801,-0.1627347377573231,-0.1811493134999312
100,-0.2407935833523891,0.08104966982136552,0.02354458470028864,-0.1591347572856869,-0.2399096817288676
100.05,-0.2764555719396468,0.01561703671031456,0.01715541325951819,-0.1567863799933847,-0.275487182502904
100.1,-0.283584637333209,-0.06285015910984154,0.01091049482175488,-0.1578579054349262,-0.2825907712755308
100.15,-0.2605317500257901,-0.1457442357998787,0.004893051788662006,-0.1636056582019789,-0.2595698736497013
100.2,-0.2094079579935725,-0.2230209198514895,-0.0008100597760429817,-0.1741027353323013,-0.2085264436829721
100.25,-0.1355565285833729,-0.2845462564784651,-0.006133551489860722,-0.1883044004414483,-0.1347885062256112
100.3,-0.04653362974361275,-0.3215518524535144,-0.01104920473076432,-0.2044292973949948,-0.04589285320890624
100.35,0.04914816295564329,-0.3279561699329346,-0.01557129379625521,-0.2204954511994886,0.04966983716841245
100.4,0.1432291002847312,-0.301308750604983,-0.01975415833328253,-0.2347906098344406,0.1436620501026216
100.45,0.2286255691327035,-0.2431811311298379,-0.02368528175729623,-0.246147694104952,0.2290205571449667
100.5,0.2999372473694895,-0.1589274570150787,-0.02747368512790344,-0.2540183603531869,0.3003607031132403
100.55,0.353537200422513,-0.05686132328709026,-0.03123182504757338,-0.2584049246259455,0.3540638258336286
100.6,0.3873595227593224,0.05296556525570173,-0.03505686166409061,-0.2597061281445203,0.3880625011533115
100.65,0.4005646527486563,0.1601337588575391,-0.03901340685816174,-0.2584797720030659,0.4015049676899763
100.7,0.3932660015407183,0.255131395455945,-0.04312037331045626,-0.2551445658082477,0.3944822931825779
100.75,0.3664406813769379,0.3303407878410903,-0.0473485466125293,-0.249759678661104,0.3679419967518864
100.8,0.3220479310324509,0.3806348460540822,-0.05163342028746798,-0.2420382558059995,0.3238104115856476
100.85,0.263267578553405,0.403576115507549,-0.05589695937116557,-0.2315929611101115,0.2652366217290761
100.9,0.1946937177001969,0.3992837528418406,-0.06006700847254326,-0.2182386073288094,0.1967907595620778
100.95,0.1222948494148651,0.3700813924893608,-0.06408865445372092,-0.2021665779899242,0.1244285081805618
101,0.05300474333727795,0.3200458385308879,-0.06792911372756105,-0.1839363194969594,0.0550836612047661
101.05,-0.006085111103872243,0.2545385759019477,-0.07157789974884166,-0.1643670097343262,-0.004139280448500093
101.1,-0.04881912501262597,0.1797759318722966,-0.07504391457819592,-0.1444316757538266,-0.04706155592497074
101.15,-0.07112368571592881,0.1024415777958458,-0.07835183886321384,-0.1251499396972899,-0.06958041279906335
101.2,-0.07190416586496684,0.029280950663365,-0.08153619388702227,-0.1074054531209395,-0.0705717344037442
101.25,-0.05341494365241741,-0.03336708593610349,-0.08463290517086697,-0.091711330566543,-0.05226537655932767
101.3,-0.02093824042393473,-0.08012808646335884,-0.08767402581220646,-0.07809587570496584,-0.019928233839141
101.35,0.01821099604150114,-0.1072161559519127,-0.09068620383166337,-0.06624291340768307,0.01912880833868486
101.4,0.05614346018580029,-0.1130283958163786,-0.09368982682832355,-0.05580901825731931,0.05700979921521343
101.45,0.08596488014632145,-0.09855530986699079,-0.09669662135451906,-0.04671317334071384,0.08680593778990947
101.5,0.1030655345402765,-0.06744035801219245,-0.0997020373674401,-0.03925376011211563,0.1038896487334541
101.55,0.1058213549817428,-0.02556622009812709,-0.1026771118181672,-0.03401644340329603,0.1066203798864706
101.6,0.09557113265005575,0.01983197806136189,-0.105569007673618,-0.0316104539902104,0.09632586848522967
101.65,0.07594034969898279,0.06138490140211128,-0.1083113705849231,-0.03234459547882602,0.07662786771305707
101.7,0.05174772737925908,0.09289340278135677,-0.1108369831910369,-0.0360025632464377,0.05234874337893813
101.75,0.02781188137924589,0.1104131854188071,-0.1130874571410002,-0.04182866593901489,0.02831590982659787
101.8,0.007954682029753371,0.11285236232705,-0.1150167545602414,-0.04871244927754124,0.008362231197016734
101.85,-0.005597041717191304,0.1019368845505357,-0.1165896727464262,-0.05543232859164724,-0.005275646683908231
101.9,-0.01234334655180229,0.08156338955938258,-0.1177826081186836,-0.0608072078448374,-0.01209138418722033
101.95,-0.01323346548387375,0.05673115325780231,-0.1185870400897923,-0.0637851216167116,-0.01303233847528756
102,-0.01012596568480829,0.03235842161073987,-0.1190112604674631,-0.06361995906979057,-0.009959173177001013
102.05,-0.005170693405089759,0.01228351116457216,-0.1190777835308293,-0.06013647562752559,-0.005026352597173045
102.1,-0.00028052728395938,-0.001329188008135307,-0.1188193484012344,-0.05391209880501721,-0.0001519279315732591
102.15,0.003198943181641767,-0.008094403588048527,-0.1182800742915726,-0.04625134722841284,0.003314371795877902
102.2,0.004593858805865989,-0.009085540501199807,-0.1175185339474447,-0.03892487174649695,0.00469653766690048
102.25,0.003826845364564227,-0.006251800147328568,-0.1166064269545267,-0.03371915162300029,0.003917148686824745
102.3,0.001249791977550401,-0.001778689247887488,-0.1156219468779772,-0.03195827804692883,0.001329819987407221
102.35,-0.002529541233724448,0.002427819001241949,-0.1146390717779694,-0.03420384287922268,-0.002454662322211365
102.4,-0.006779500218439553,0.005030731504606756,-0.1137159833249385,-0.04022989641199293,-0.006700526014098429
102.45,-0.0107359701601606,0.005316674902431373,-0.1128865238371812,-0.04922167201311633,-0.01063844293413785
102.5,-0.01368417565128282,0.003086291758001347,-0.1121587686655812,-0.06006342038400029,-0.01354730658896991
102.55,-0.01505607963131469,-0.001509994274949134,-0.1115199718492977,-0.0716014030447709,-0.01485209106970914
102.6,-0.01453446728027912,-0.008094147972213639,-0.1109436643495931,-0.08282538227584299,-0.01422912234201207
102.65,-0.01211766694714951,-0.01609906360470781,-0.1103941667872085,-0.09297783001401279,-0.01167280606850613
102.7,-0.008088418029603424,-0.02474883821975415,-0.109827143270429,-0.1016280938774226,-0.007466799846716499
102.75,-0.002858805351091608,-0.033044902484761,-0.1091919186122725,-0.108712577412097,-0.002030891980472904
102.8,0.003280291963643602,-0.03982187939047721,-0.1084402096241956,-0.1145095154983567,0.004328858998412122
102.85,0.01042112964030813,-0.04390131833278244,-0.1075374528292491,-0.1195448117225837,0.01168319794276662
102.9,0.01920175740471558,-0.04431834026977077,-0.1064668967355092,-0.1244769767086658,0.02064529868752563
102.95,0.03077503898378069,-0.04054045261431577,-0.1052238661960805,-0.1299968733496744,0.03234438353293534
103,0.04654646353183912,-0.03257578476058032,-0.1038092147601,-0.1367130753844431,0.04816829238607112
103.05,0.06771952586685967,-0.02091021382254371,-0.1022235731023081,-0.1449880731306369,0.06931338322393615
103.1,0.09476432108930297,-0.006286275557641441,-0.1004542591334852,-0.1547684969363709,0.0962552271194132
103.15,0.1269697010256004,0.01059558190715465,-0.09845870944021839,-0.1654898196290947,0.1283010429226066
103.2,0.1622412763559822,0.02933431431141131,-0.0961616936219758,-0.1760601679405477,0.1633845265368671
103.25,0.1972486587873451,0.04993438455095733,-0.09346991724994086,-0.1849192973542977,0.198208565982926
103.3,0.2279304085615516,0.07270411191528164,-0.0902816273337923,-0.1902921183727312,0.2287438061252133
103.35,0.2502527270029281,0.09796053408421124,-0.08649301666391707,-0.1906795785412442,0.2509818996717775
103.4,0.2610374802912239,0.1256313581197088,-0.08202371610351805,-0.1853404489979631,0.2617589660705009
103.45,0.2586436749710312,0.1548926309106187,-0.07684464825920517,-0.1745009778270639,0.2594353844926852
103.5,0.2433221801822398,0.1839775286879418,-0.07098860463149653,-0.1592771373251199,0.244250888225152
103.55,0.2171458111229704,0.2102599093020587,-0.06454704986710946,-0.1414023390929987,0.218257632948065
103.6,0.1835301292312839,0.2306330587104073,-0.05765719400990493,-0.1228127389997872,0.1848447639240763
103.65,0.1464679609239162,0.2421120287602623,-0.0504753865425937,-0.1051654013044005,0.1479775257101125
103.7,0.1096822453145206,0.2425088121916418,-0.04313889673169746,-0.08944986206721646,0.1113535735895195
103.75,0.07592457995309772,0.2309898438552666,-0.03573423585058572,-0.07584838026893603,0.0777045994745838
103.8,0.04660761352376335,0.208354131841286,-0.02829269530623008,-0.06387496293030274,0.04842998916588021
103.85,0.02185530476888367,0.176940330261642,-0.02079858547598568,-0.05268572268187277,0.02364799080618052
103.9,0.0009257268569016686,0.1401729634894268,-0.01320016877911834,-0.04143250567937626,0.002618018484107365
103.95,-0.01716015202306774,0.1018679778819332,-0.005439692945846453,-0.02959369815723779,-0.01563109672862967
104,-0.03301171864420495,0.06549413406787308,0.002507374207416535,-0.01722516107702236,-0.03169578507358239
104.05,-0.04649850246704639,0.03359569183541433,0.0106191862407099,-0.005038206696784518,-0.04542903944579896
104.1,-0.05674007821571182,0.007520339341971161,0.01883578322760571,0.005782565995508864,-0.0559323808237247
104.15,-0.06244819365202028,-0.01250672519533275,0.02706388121806036,0.01399530088285223,-0.06190013822492979
104.2,-0.06248594688052918,-0.02702926358667013,0.03517885888585864,0.01876650973124413,-0.06218061281847109
104.25,-0.05643378439895212,-0.03687564424580125,0.04304211852860462,0.01997426348536457,-0.05634349440632652
104.3,-0.04495542086736936,-0.04272678477770753,0.05053748674596104,0.0182411561878549,-0.04504613194163787
104.35,-0.02983317217450175,-0.04488538147087873,0.05760285468712145,0.01470370349191837,-0.03006821625556422
104.4,-0.01365922234943839,-0.04330669877231763,0.06423472041702455,0.01063545645076364,-0.01400166338751108
104.45,0.0007196348890407329,-0.03784828176402266,0.07046896400213104,0.007095607000430625,0.0003061000486296317
104.5,0.01083847262059003,-0.02861699162300385,0.0763587230512095,0.004721293100090531,0.01038933620554866
104.55,0.01515662256583014,-0.01626460890053794,0.08196985880890895,0.003690439909905653,0.01470627303029981
104.6,0.01337192520961658,-0.002106267258589423,0.08738886891926273,0.003845418210450421,0.01295221710295602
104.65,0.006441548865735929,0.01199115049514232,0.09271645946386775,0.004946964437659115,0.006079270979715612
104.7,-0.003679597393615969,0.02391690080591158,0.09804575190732467,0.006958491297449739,-0.003966020743892629
104.75,-0.01450938620847431,0.03172676676581537,0.1034415829479722,0.01020158574645062,-0.01471257422321204
104.8,-0.02360300559148501,0.03404203678975126,0.1089344696442245,0.01525656212589837,-0.0237276384705134
104.85,-0.02908429584932982,0.03034111155848418,0.1145281140094759,0.02260972759430625,-0.02914548971041353
104.9,-0.03002942440547824,0.02108571529435543,0.1202033297222602,0.03221036598404527,-0.03004858115285386
104.95,-0.02662360601470031,0.007664890719214223,0.1259177215695239,0.04316130670182305,-0.02662257125664147
105,-0.02005975782055334,-0.007828832644804495,0.1316090014428157,0.05368888181499118,-0.02005489203990207
105.05,-0.01220217604467646,-0.0229538646801753,0.1372038744925937,0.06142629619597703,-0.01220007613117086
105.1,-0.005089257761742317,-0.03535051278062029,0.1426335738077476,0.06396871151283211,-0.005085443830826819
105.15,-0.0003875850787624725,-0.04317868947399739,0.1478482442329265,0.05954617073969794,-0.0003685724548647684
105.2,0.001074216269923732,-0.0454790923344689,0.152821339661988,0.04757597352503349,0.00112618725392849
105.25,-0.000423894616704479,-0.04237611613149134,0.1575458032495516,0.02889719157752414,-0.0003226927983978611
105.3,-0.003493260592450893,-0.03505696982207263,0.1620249784635672,0.005623996985717679,-0.003332786274711619
105.35,-0.005921204270228044,-0.02550412172077943,0.1662591907128013,-0.01932047831413903,-0.005699716840025959
105.4,-0.005188193566767889,-0.01602072660621823,0.1702322973066405,-0.04287173038794843,-0.004910884740024046
105.45,0.0008930342142314254,-0.008644121940588001,0.1739021452946961,-0.06251626284141781,0.00121826378140294
105.5,0.01356363399245339,-0.004581908102057775,0.1771993382870986,-0.07678952388841899,0.01393171097371948
105.55,0.03268444908104411,-0.003822329331843344,0.1800363449851558,-0.08545463954772069,0.03309782945677031
105.6,0.05660737957865845,-0.005042899097387366,0.1823194489189785,-0.08939361100450006,0.05707812694980702
105.65,0.08241538843690331,-0.005870882863748927,0.1839595922339344,-0.09028475919416258,0.08296366657113918
105.7,0.1065045476613982,-0.003459050266977459,0.1848841945115222,-0.09008513137351194,0.1071537973133226
105.75,0.1253842670214211,0.004747723760536116,0.1850478237094989,-0.09039312975964782,0.1261544818245023
105.8,0.1364951803712766,0.02024759001263865,0.1844417413230261,-0.09194128665293209,0.137396202233055
105.85,0.1388170121406793,0.04293233759940401,0.1830927211157505,-0.09447682318317058,0.1398440153359501
105.9,0.1330813508268861,0.0709223694113521,0.1810369679302378,-0.09708197099624336,0.1342136297827333
105.95,0.1215095375358582,0.1008553935522424,0.17829747998557,-0.09875573976793628,0.1227132696127322
106,0.1071377180306944,0.1285714414954994,0.1748845691596335,-0.09893104769049069,0.1083714451981744
106.05,0.09291748145356274,0.1500227465413758,0.1708028939285451,-0.09767722894059071,0.09413922842696626
106.1,0.08085482360812589,0.1621667854062053,0.1660253137406144,-0.0955950065274962,0.08202828995643191
106.15,0.07143986406658095,0.1635981850945512,0.1604936378976038,-0.09354202878208295,0.07253875915898356
106.2,0.06353832046516367,0.1547489021303953,0.1541517423193437,-0.09229798068503814,0.06454730195576774
106.25,0.05477946457643988,0.1376243966440684,0.1469478793360934,-0.09222995158751787,0.05569250817339533
106.3,0.04233494022154372,0.1151696418136466,0.1388384332651534,-0.09301916817869431,0.04315139680762492
106.35,0.02386826578119118,0.09045728628728772,0.1297974581999928,-0.0935667397071287,0.024588537232894
106.4,-0.001611542676810174,0.06594525023126058,0.1198330435237226,-0.092228445380953,-0.0009900024483487924
106.45,-0.03323248063041873,0.04301537370778574,0.1090164414308495,-0.08738680866794486,-0.03271752578851173
106.5,-0.06821968224480041,0.02189735798501385,0.09749296609950897,-0.07810183158300311,-0.06782526113835607
106.55,-0.1023414141124746,0.001957994221969073,0.08545012515878542,-0.06449153735083821,-0.1020866126855753
106.6,-0.1307174206566247,-0.0177674437023892,0.07307462684322152,-0.04767172690429507,-0.1306243814723909
106.65,-0.1487790247888303,-0.03798654428927545,0.0605327062061084,-0.02933677126211654,-0.1488701093910192
106.7,-0.1531464112323712,-0.05868154278929327,0.04796707837672981,-0.01121538560797681,-0.1534411316963659
106.75,-0.1422300533612636,-0.07888096598279892,0.0354945185676141,0.005346802007271611,-0.1427421684206504
106.8,-0.1164509441963428,-0.09671446176994175,0.02320313638224969,0.01953138776064793,-0.1171859173909102
106.85,-0.07807854362614201,-0.1097200417339661,0.01115451514223342,0.03096654492943758,-0.07903164438414007
106.9,-0.03077577199317924,-0.1153204475182382,-0.0006077058708383598,0.03962069536296479,-0.0319308099851614
106.95,0.02100869937297799,-0.1113553378691445,-0.01205129704153707,0.04582629950140606,0.01967977013996225
107,0.07265667434979124,-0.09655491446401959,-0.02315339118744214,0.05040037492480336,0.07119320963577569
107.05,0.1198977012427805,-0.07086543574178022,-0.03389887782007667,0.0547116797995269,0.1183486889744459
107.1,0.1591754927075872,-0.03556786752657037,-0.04427795450038019,0.06059456001748723,0.1575965784596377
107.15,0.1878629518532137,0.006832981674635974,-0.05428219591131772,0.07006709875251023,0.1863124209829248
107.2,0.204357583357799,0.05292557985275348,-0.06389858391601638,0.08482182392709245,0.2028913951236263
107.25,0.2080954045970422,0.09884801996329889,-0.0731051096380505,0.105606968285489,0.2067623172371511
107.3,0.1995117797089337,0.1407895705827359,-0.08187045389855208,0.1317865307290011,0.1983489352082287
107.35,0.1799565338055324,0.1754374270276799,-0.09015500697429368,0.1613009176594591,0.1789868118484979
107.4,0.1515566454002282,0.200297323951918,-0.09791725389482575,0.191053138228924,0.1507877084004989
107.45,0.1170132678140324,0.2138594102152543,-0.105126483906102,0.2176038850384602,0.1164387834699016
107.5,0.07933273294557615,0.2156193740723645,-0.1117689373115758,0.2379619836906105,0.07893473399044193
107.55,0.04151184096111736,0.2059971899270983,-0.1178448134888359,0.2502091857469469,0.04126374931761356
107.6,0.006223498374806989,0.1862037137518165,-0.1233628068894599,0.2537610546376167,0.006092671878852263
107.65,-0.02443941437057957,0.1580888356747483,-0.1283361794839465,0.2492142624482392,-0.02448978774008492
107.7,-0.04911023598300465,0.1239817753855124,-0.1327828077894584,0.2378660152814478,-0.04911985836118604
107.75,-0.0671615263438174,0.08651702761761804,-0.1367276396184316,0.2210999121045936,-0.06717155019274457
107.8,-0.07860049092218671,0.04843540956342679,-0.1402030089459034,0.1999373272486697,-0.07865116971504604
107.85,-0.08389750405977739,0.0123594185960717,-0.1432466650452321,0.1749399593373,-0.08402447554560583
107.9,-0.08381291491975901,-0.0194355449476179,-0.1458998511835147,0.1463970911913117,-0.08404243899465935
107.95,-0.07927370404516347,-0.04521309306956456,-0.148202729210919,0.1146421809060199,-0.07961788180423157
108,-0.07131429577753362,-0.06389413570782865,-0.1501894647016689,0.08035465794452125,-0.07176787769900672
108.05,-0.06105384472917904,-0.07508669460860157,-0.1518885453331507,0.0447570626004194,-0.06159393390120216
108.1,-0.04965760417716922,-0.07903020900132279,-0.153323332427926,0.009664706095259346,-0.05024711300315177
108.15,-0.03823984181766514,-0.07647590673912019,-0.1545084203148134,-0.0226252228744625,-0.03883417815215257
108.2,-0.02770526809973566,-0.0685439021539539,-0.1554445214124156,-0.04958976492308476,-0.02826101400644604
108.25,-0.01857643720048624,-0.05658889716472254,-0.1561148031635514,-0.06882703876908425,-0.01905980592835421
108.3,-0.01088516436680301,-0.04208881259813446,-0.1564862082571715,-0.07843086219414148,-0.01127827158200118
108.35,-0.004199784795486106,-0.02655111034602137,-0.1565171289646435,-0.07735148858109901,-0.00450313953165471
108.4,0.002184411514999683,-0.01140599433313372,-0.1561664189493545,-0.06569346464893766,0.001953647286361104
108.45,0.008926336801725211,0.002124699621799453,-0.1553970749299786,-0.04489431225265612,0.008739729535996776
108.5,0.01628011117183535,0.01316848295149559,-0.1541747107396857,-0.01773109256481726,0.01610546722582229
108.55,0.0238071489313836,0.02131402624728834,-0.1524637919919705,0.01192875147100572,0.02361616322066229
108.6,0.03025581796899136,0.02664412913983427,-0.1502237750705601,0.039698707450151,0.0300299998728264
108.65,0.03366097798144743,0.02965483785109552,-0.1474089107060086,0.06149887447504457,0.03339452065928572
108.7,0.03165901685374786,0.03105186708427843,-0.1439731187168339,0.07440557539055784,0.03135825067607823
108.75,0.02196306769147845,0.03146179557041395,-0.1398773280460393,0.07722936876140431,0.02164295803856781
108.8,0.002907768780783034,0.03113290604486252,-0.1350926974547123,0.07061915477309569,0.002586775911229688
108.85,-0.02604363805512686,0.02971278087933732,-0.1295932758031221,0.05670183262222042,-0.0263489086479361
108.9,-0.06393820742203614,0.0261814759265302,-0.1233551333752235,0.03846810593909177,-0.06421702541183039
108.95,-0.1082102124772568,0.01897986101134125,-0.1163755804154477,0.01916825341732789,-0.1084596410515603
109,-0.1548527391006552,0.006324965647727498,-0.1086887026138811,0.001857292879658071,-0.155077083053095
109.05,-0.1988829472139675,-0.01334445899257314,-0.1003694535697864,-0.01093277017070976,-0.1990913646038651
109.1,-0.2350319128995243,-0.04087511060020899,-0.09153089296677602,-0.01742059296347971,-0.2352350767138547
109.15,-0.2585301055984289,-0.07595424221163471,-0.08231177407338552,-0.01664322632229681,-0.258737292824495
109.2,-0.2658329058366045,-0.1168238488042483,-0.07286040942526439,-0.008344528749706362,-0.2660504614638195
109.25,-0.2551460078441219,-0.1602476609505846,-0.06331589568520546,0.007210599620939454,-0.2553778458526932
109.3,-0.2266627102479692,-0.2017725766972696,-0.05379035241451041,0.02936684962166587,-0.2269125176795852
109.35,-0.1824917395800391,-0.2362748371870111,-0.04436395698258977,0.05712091713694518,-0.1827660640802046
109.4,-0.126316601433599,-0.2587188116791572,-0.03509164360946393,0.08913925164720959,-0.1266273208023918
109.45,-0.06287122971761409,-0.264991126827143,-0.02601134148250966,0.1238201402778869,-0.06323619261348412
109.5,0.002660078147374119,-0.2526461957586794,-0.01714999330095196,0.1594119230428569,0.002219127928861697
109.55,0.06521040632342365,-0.221398603716416,-0.008527470748868782,0.1941580172114683,0.06467232666117806
109.6,0.1202789432002207,-0.1732452457847982,-0.0001587193296136435,0.2264314750145859,0.1196291001523447
109.65,0.1642160503149541,-0.1121827458321364,0.007947329072092113,0.2548226624342049,0.1634516855190856
109.7,0.1943511035788468,-0.04358121475550364,0.01578833989878581,0.2781580926718285,0.1934844108943228
109.75,0.2090152387036524,0.02663790362856672,0.02336981371033925,0.2954186391661078,0.2080726851627926
109.8,0.2075315250056089,0.09283378173405404,0.0307092434023839,0.3055519639681358,0.2065492682787551
109.85,0.1902316769334071,0.1503110013005817,0.03783557836905987,0.307336551296755,0.1892479296880103
109.9,0.1585123733821917,0.1956965489190378,0.04478076084584987,0.299547503859085,0.1575586699634707
109.95,0.1148852017390595,0.2269930953263631,0.05157594465482573,0.2814781689302719,0.1139788486200652
110,0.06293000916106846,0.2433755642231406,0.05825701017628032,0.2535693471989329,0.06206962717561304
110.05,0.007059657621008407,0.2448736196758185,0.06486439463628596,0.2177764694201451,0.006224967468941023
110.1,-0.04794271067702616,0.2320924952062484,0.07143597052967676,0.1774355404561673,-0.04878711371021494
110.15,-0.09756169022051865,0.2060797148072619,0.07800389142106712,0.1366364492564606,-0.09845948656983583
110.2,-0.1382194074097213,0.1683693857496563,0.08458943520046724,0.09935492348851618,-0.1392145608090227
110.25,-0.167792003417586,0.1211402247903143,0.0911950717644705,0.06870525533981324,-0.1689210555306161
110.3,-0.1858188512962043,0.06735580236186611,0.09780289526941155,0.04654007360269848,-0.1871052762089219
110.35,-0.1933493654264672,0.01075182434478911,0.104383364876077,0.03339031956036415,-0.194800354978758
110.4,-0.1924892268689061,-0.0444155610473464,0.110904996490094,0.02864954763654702,-0.1940957426281827
110.45,-0.1857980800855164,-0.09385438444589728,0.1173363434168758,0.03092472180382667,-0.1875371996989134
110.5,-0.175711551854342,-0.1338518648670882,0.1236444083770635,0.03846871187403908,-0.1775511658455877
110.55,-0.1641235764762571,-0.1618553981535953,0.1297972889972704,0.04959145952488817,-0.1660274244586303
110.6,-0.1521865626447482,-0.1768550751734623,0.1357661882078139,0.06294525352729195,-0.1541193508321524
110.65,-0.1403183481820763,-0.1794658240151535,0.1415222837427892,0.07760404937358169,-0.1422488123651408
110.7,-0.1283560531810231,-0.1716956987240552,0.1470332937852357,0.09292068179283432,-0.1302584107221902
110.75,-0.1157895569609967,-0.1564700933842488,0.1522595365558285,0.1082444715637805,-0.1176423605443481
110.8,-0.1020137785288147,-0.1370364987442041,0.157150105187312,0.1226489310662668,-0.1037979134258451
110.85,-0.08655991500448763,-0.1163859176825141,0.1616492314860914,0.1347634330885794,-0.08825595813510967
110.9,-0.06927482073870274,-0.09680435442707713,0.1657062552759657,0.1427570536888362,-0.07086178919855662
110.95,-0.05042860771918189,-0.07962490278230261,0.1692646276282106,0.1445911779269073,-0.05188412297942635
111,-0.03073511666500058,-0.06520778363908702,0.1722449357724254,0.1386011238826369,-0.03203773102189061
111.05,-0.01128467373695883,-0.05312971430016122,0.1745544875054866,0.1241915796286483,-0.01241725249795872
111.1,0.006598121561142392,-0.04252196461080365,0.176112657569395,0.1022911534023177,0.005644611493404506
111.15,0.02154516551664532,-0.03246387391977545,0.1768635609003374,0.07536699808793726,0.02076889647460134
111.2,0.0323554859840661,-0.02232733315054702,0.1767703809501879,0.04700664955061942,0.03174271217802327
111.25,0.0381994442026123,-0.01198745199384343,0.1758029762137585,0.02119878491483042,0.03772561145135234
111.3,0.03879247155120545,-0.001860244815192258,0.1739340900544323,0.001513726518313104,0.03842529303677894
111.35,0.03450882393279526,0.007226806967679966,0.1711456734348007,-0.009616526642531082,0.03421277471808121
111.4,0.02639751819137984,0.01428176961077782,0.1674377572453158,-0.0114015711057701,0.02613904011523221
111.45,0.0160644460239354,0.018432595221196,0.1628353828420441,-0.004880611809225373,0.01581700447339141
111.5,0.005407756012730582,0.0191704046252924,0.1573912021092601,0.007305345610945775,0.005155984583927353
111.55,-0.00376264406305743,0.0164986784917911,0.1511840341606333,0.02155664830372295,-0.004020558673589081
111.6,-0.0101434011496492,0.01096488493926745,0.1443223133390412,0.03419771786570262,-0.01039567341666869
111.65,-0.01328610934454417,0.003581472920612505,0.1369429350131829,0.04229997933414328,-0.01351008653227881
111.7,-0.01377145169814725,-0.004340486852200787,0.1291929108632752,0.04421389407073222,-0.01393888388563946
111.75,-0.01313947720069966,-0.01142532317215728,0.1212218593704796,0.03974805236952954,-0.01322368392950707
111.8,-0.01356200286966565,-0.0165118299990854,0.1131729113477159,0.03004483048899238,-0.01354552142756205
111.85,-0.01730327953259102,-0.01893548285535246,0.1051678317483142,0.01729915861317782,-0.01718442748692722
111.9,-0.02607008082880141,-0.01875218404483936,0.09730430118673139,0.004462797077099795,-0.02586680242126843
111.95,-0.04039346861734352,-0.01682947820214215,0.089650547184844,-0.005085150450115511,-0.04014336973490584
112,-0.05920400119638768,-0.01474390733571468,0.08223792561166066,-0.007982708517424372,-0.05896039523228047
112.05,-0.07974909327715929,-0.01446302775211872,0.07507172268544082,-0.001434225727504982,-0.07957373502756204
112.1,-0.09794452709608399,-0.01785209199250198,0.06814376183082604,0.0162193962079952,-0.09789875853209706
112.15,-0.1091523614264908,-0.02610883636457756,0.06142622870822551,0.04500686749300303,-0.1092886232917723
112.2,-0.1092509951423673,-0.03926802435782889,0.05487850403118077,0.08304215531085873,-0.1096066503200252
112.25,-0.09574899376973793,-0.05591692900436918,0.04845479256787899,0.1266193890972777,-0.09634368025636175
112.3,-0.06863929492279609,-0.07322898416104728,0.04211151820455733,0.1707918385736422,-0.06947587976209685
112.35,-0.03073012928927464,-0.08736086308626484,0.03581767947868808,0.2103577044507174,-0.03179856701039768
112.4,0.01267273995835219,-0.09417673723847242,0.02956056406735769,0.2409742378890022,0.0113905071520885
112.45,0.05466508893836518,-0.09017197277490535,0.02334508376592237,0.2600523827442293,0.0531906900180657
112.5,0.08797876584114966,-0.07340011566859639,0.01719055458436491,0.2671789395574548,0.08633516229468124
112.55,0.1062189259980194,-0.04417991918388942,0.01112573925037125,0.2639994095386961,0.1044305569867174
112.6,0.1048071173617277,-0.005380242172679905,0.005177377023744045,0.2536625289613477,0.1029021963348593
112.65,0.08147733903351732,0.03783153853420301,-0.0006403762825172854,0.23996658384151,0.07949055243542602
112.7,0.03635067848606803,0.07876362480661653,-0.00632908288959505,0.2263733542870064,0.03432463672370134
112.75,-0.0282522657929392,0.110343882304978,-0.01190695681210185,0.2151772936938033,-0.03026849110507152
112.8,-0.1080738765243856,0.1263674906219272,-0.01740494735203302,0.2071189522069674,-0.1100296531603254
112.85,-0.197148494116669,0.1225519671013402,-0.02285894795257915,0.2015237198779006,-0.198999079219764
112.9,-0.2880247808406092,0.09716844263009167,-0.0283119252111434,0.1968131340882594,-0.2897395470391413
112.95,-0.3721233089701348,0.05115265507239775,-0.03380801909269671,0.191135831297236,-0.3736918488033122
113,-0.4403950081764614,-0.01224375152814439,-0.03937938418079717,0.1829376999533495,-0.4418293125649293
113.05,-0.484360144085705,-0.08807864667587428,-0.04504127542036329,0.1713906765347286,-0.4856912224006614
113.1,-0.4974359246915779,-0.170389941934166,-0.05079172604186433,0.1566004313195177,-0.4987059482602875
113.15,-0.4762847120182087,-0.2527293991179187,-0.05660828424785941,0.1395260666543426,-0.4775360266030402
113.2,-0.4218076474589219,-0.3285082218012715,-0.06245081824598941,0.1216338233972584,-0.4230721733240491
113.25,-0.3394366925587462,-0.3912429310154505,-0.06827150369207119,0.1044050240915678,-0.3407278395663768
113.3,-0.2385352918316151,-0.4348685731834031,-0.07401408320004743,0.08888482559327861,-0.2398450041821534
113.35,-0.1309638693300283,-0.4542609434872962,-0.07961271356705119,0.07545447091564264,-0.1322645280410492
113.4,-0.02910406286179189,-0.4459834759027702,-0.08500348991410245,0.06390877769393143,-0.03035498899789546
113.45,0.05620795282475988,-0.4091097923602098,-0.09013231003713329,0.05376536707878152,0.05505213614223964
113.5,0.1173748157131052,-0.3458578576331962,-0.09495200659178149,0.04460923704952229,0.1163554952291999
113.55,0.151008289251246,-0.2617632077263237,-0.09942161612488926,0.03628258577536301,0.1501563192417796
113.6,0.1580328334947944,-0.1652184792526306,-0.1035091945060061,0.02885268495534294,0.1573644557363485
113.65,0.1429948241601611,-0.06638542412880949,-0.1071833480043687,0.02241966720580415,0.1425105784943433
113.7,0.112820465480463,0.02432004389684939,-0.1104026632046131,0.01690212309549654,0.1125061083783947
113.75,0.07534462029407774,0.09783941217692771,-0.1131213232573097,0.01192560191735599,0.07517362297343111
113.8,0.03792364038767626,0.1478246057832002,-0.1153026795861176,0.006838636308923526,0.03786048935522357
113.85,0.006367601441337254,0.1714558101206359,-0.1169294443083425,0.0007905769922030537,0.006371721055775881
113.9,-0.01567833989640136,0.169595868967942,-0.1180087495416626,-0.00715720448956925,-0.01564829909191512
113.95,-0.02687747562171553,0.1463196404236584,-0.1185779756365214,-0.01781533739998352,-0.02685922323115048
114,-0.02792733445308612,0.1079852902191883,-0.1187078359971462,-0.03149671249335084,-0.02795089022887376
114.05,-0.02098560316591178,0.06207680185730363,-0.1184957340287173,-0.04760661090053501,-0.02107024084050618
114.1,-0.008952564544872602,0.01604200103341014,-0.1180503532761814,-0.06442675347751563,-0.00910533060124441
114.15,0.005220876893505411,-0.02369788244883242,-0.1174750926772818,-0.07928542698347871,0.005004775249373594
114.2,0.01905264588792337,-0.05245949168463737,-0.116855055150585,-0.0891248582507095,0.01878769450681361
114.25,0.03079026346623286,-0.06768155423041433,-0.1162502282130282,-0.09126269699660251,0.03049720850427845
114.3,0.03941333492601953,-0.06898037729799633,-0.1156969149139407,-0.08404298980609703,0.03911518085286791
114.35,0.04446035495538985,-0.05791407534771797,-0.1152026892372947,-0.06716165784021248,0.04417845874215409
114.4,0.04580564521650315,-0.0375232107141848,-0.1147374764381585,-0.04165927261142345,0.04555656900176558
114.45,0.04349957046306552,-0.01173362472853651,-0.1142401012728957,-0.009716216524443447,0.04329300367634881
114.5,0.03772613017958677,0.01527583158317491,-0.1136410464453436,0.02568355686526258,0.03756414697219512
114.55,0.02886075959262874,0.03963421541103795,-0.1128866218576609,0.06122221758657861,0.0287382243552855
114.6,0.01756139251823894,0.05819989523887864,-0.1119485153379937,0.09371413262008808,0.01746727558756622
114.65,0.00481711986463857,0.06882565732010326,-0.1108239074163681,0.1204311907759239,0.004736149495588093
114.7,-0.00809583790956458,0.07048995022293292,-0.109537788106879,0.1393274278007873,-0.008181611211074136
114.75,-0.01976063347680632,0.06333297080298239,-0.1081445788176119,0.1492347270985147,-0.01987071617759395
114.8,-0.02884395445001279,0.04860701478134649,-0.106719744678825,0.1500088108180226,-0.02899867047664406
114.85,-0.03435265449001285,0.02853129382872133,-0.1053423435516208,0.1425472671038094,-0.03457257303552563
114.9,-0.03587107751330351,0.006034834853530957,-0.1040787026928512,0.1286377889056659,-0.03617617702760018
114.95,-0.03372807617724267,-0.01562624101275611,-0.1029716892284086,0.1106458697135084,-0.03413654648326403
115,-0.02904935630209076,-0.03335534217438785,-0.1020377320540796,0.09108240674383869,-0.02957599554443574
115.05,-0.02366301490884514,-0.04473507979504204,-0.1012686360062782,0.07215244525942348,-0.02431776538250385
115.1,-0.01984917795760142,-0.04847305399461677,-0.1006277365524091,0.05543465137292185,-0.02063603149935495
115.15,-0.01995584163672967,-0.04466845536374103,-0.1000462436008409,0.04178232871380073,-0.02087268409066684
115.2,-0.02594103168340779,-0.03483215461320405,-0.0994267716572157,0.03145076065596811,-0.02698010585486088
115.25,-0.03893225983502498,-0.02165042962405406,-0.09865156933947916,0.02434819499959869,-0.04008121233142942
115.3,-0.05891065416083254,-0.008537742385312852,-0.09759219439508066,0.0202403689344732,-0.06015324988359771
115.35,-0.08461337473719044,0.0009337747559687859,-0.09612125100908153,0.01881360077493579,-0.08592971043589964
115.4,-0.1137050866204407,0.003624016415191,-0.09412949010850474,0.01961479732835048,-0.1150708115587724
115.45,-0.1431981024644973,-0.002664215486365751,-0.09154414702756608,0.02196321612984322,-0.1445833217747128
115.5,-0.1700247645112775,-0.01883034777114395,-0.08834227023477942,0.02496059879662761,-0.1713933176300356
115.55,-0.1916073603607075,-0.04432444765166554,-0.08455768517901924,0.02765459269368654,-0.192917843334185
115.6,-0.2062604184441743,-0.07721350363827906,-0.08027859444887736,0.02927964653693165,-0.2074698359081538
115.65,-0.2133077066484275,-0.1144510521457097,-0.07563420318087116,0.02945167283294878,-0.2143779400035497
115.7,-0.2128924372815737,-0.1523090125769255,-0.07077421465899747,0.02823691520247233,-0.2137986360456769
115.75,-0.2055707398354674,-0.1869056222024964,-0.0658430438032252,0.02607816733200984,-0.2063093690026589
115.8,-0.1918606462057511,-0.2147451826715249,-0.06095173868957532,0.02360325730936851,-0.1924546731674921
115.85,-0.1719393199781022,-0.2331793606679209,-0.05616016838624066,0.02135374784917031,-0.1724378261784807
115.9,-0.1456266215092341,-0.2407052482701753,-0.05147778436113393,0.01951063624765919,-0.1460978440267252
115.95,-0.1126858574121324,-0.2370401316288139,-0.04687608212553651,0.01774970709886597,-0.113204017683708
116,-0.07334808240782911,-0.2229640647147136,-0.04230295517139582,0.01531349224889633,-0.0739768276254909
116.05,-0.02887296685578494,-0.1999811159455019,-0.03769590002222523,0.0112636867801821,-0.0296490862907568
116.1,0.0180743057465289,-0.1699088375460345,-0.03299341748303214,0.00482102330934274,0.01715238620641024
116.15,0.06340883949593444,-0.1345377565292253,-0.02814422128710348,-0.004294064630579357,0.06238490419247023
116.2,0.1020540634469441,-0.09547608754956355,-0.02311586552975098,-0.01563154999239358,0.1010085870971575
116.25,0.1287607037454719,-0.05422818147596048,-0.01790150712074762,-0.02802384604487924,0.1277974895785187
116.3,0.1391484355521859,-0.01246093018050837,-0.01252003399814972,-0.03989935204322216,0.1383759775515222
116.35,0.1307253332204796,0.02768028411578,-0.00701035865241928,-0.04979960746836181,0.1302376340349639
116.4,0.1036313046387273,0.06337716192869819,-0.001425382509962658,-0.05686855622532599,0.1034919277928826
116.45,0.06090432436501793,0.09120658599929021,0.004171599533894343,-0.06108449563796588,0.06113715727476399
116.5,0.008174609616644159,0.1075335184480921,0.009710250376459062,-0.06315033178345067,0.008762510233773502
116.55,-0.0471788267493127,0.1091838063755903,0.01512032611271075,-0.06415664527998984,-0.04628801857908799
116.6,-0.09725024019623461,0.0942489735196409,0.02034620437885593,-0.06522140334128641,-0.09613233124334658
116.65,-0.1349591356937993,0.06280378682166321,0.02536539349131806,-0.06722200222577396,-0.1337000492254256
116.7,-0.1552520750258357,0.01732342251563385,0.03019958250695381,-0.07062611055836292,-0.1539348576942256
116.75,-0.1559060832173655,-0.03735302436675403,0.03490944318932593,-0.07538887336166461,-0.1546011744852725
116.8,-0.137777271684221,-0.09456706851453633,0.03957525412948792,-0.08089307499089729,-0.136536986408359
116.85,-0.1044623209929786,-0.146820326450232,0.04427879094566445,-0.08597702880862541,-0.1033199739202371
116.9,-0.06147151399330013,-0.1870017543404446,0.04909564601042826,-0.08909603766996094,-0.06044400403637584
116.95,-0.01511460104362888,-0.2096108067567395,0.0540945137825864,-0.0886111227019092,-0.01420705413886836
117,0.02864498480577213,-0.2117072681037486,0.05933754931403734,-0.08321434412398303,0.02943438813534494
117.05,0.06512195876451074,-0.1933882046410839,0.06487933550131536,-0.07245080095569265,0.06579832783269973
117.1,0.09145204454015879,-0.1577034328810138,0.07076570652801284,-0.05712688967428736,0.09202195897008236
117.15,0.1066849027395219,-0.1100319350531348,0.07702986570982351,-0.0393339485319325,0.1071562953533365
117.2,0.1114904087420514,-0.05705478006203291,0.08368567464485788,-0.02199722210569593,0.1118732168236474
117.25,0.1076349737988748,-0.005547617002520877,0.09072339078895619,-0.008118177704172553,0.1079416191521675
117.3,0.0974166554370926,0.03875246103437036,0.09810785470897249,5.552647775194737e-06,0.09766148953985843
117.35,0.08320929069770232,0.07197818288405089,0.105780266358514,0.001351170462498323,0.08340701657444038
117.4,0.06718150948447933,0.09250738051951468,0.1136584364619627,-0.003599463597765431,0.0673449903287453
117.45,0.05116746695582518,0.1008456626626387,0.1216130204596276,-0.01302498329389617,0.05130586125386749
117.5,0.03661516036196488,0.09910844970766025,0.129456599800018,-0.02426900824713326,0.03673300446079686
117.55,0.0245410027745549,0.0902866914200523,0.1369777759093402,-0.03449730594849736,0.02463856479683429
117.6,0.01546401656170261,0.0775076461206845,0.1439751663725442,-0.04129223196209598,0.01553856715563184
117.65,0.00934516182983168,0.06346283491610716,0.150289194170083,-0.04304691474935413,0.009392600054849209
117.7,0.00558565576963078,0.05009804422418884,0.155825548472657,-0.03911017047710447,0.005601825206353273
117.75,0.003127447382521925,0.03855865189380425,0.1605505062902465,-0.02973117854834085,0.003108846539927046
117.8,0.0006586689972340057,0.02929771661379577,0.1644849261707059,-0.01591713338210193,0.0006025998304508562
117.85,-0.003119740884460988,0.02223550026664323,0.1676944906332679,0.0007672271616881089,-0.003215238592935432
117.9,-0.00923760577755119,0.01689861566052991,0.1702591203226971,0.01851292379916105,-0.009373621895255646
117.95,-0.01827561542238321,0.01252137828369221,0.1722382072650747,0.03564556001454346,-0.01845187392813319
118,-0.03029503471692252,0.008135480069104084,0.1736436167777146,0.05089983201286331,-0.03050906946841492
118.05,-0.04486632358479251,0.002687643046227373,0.1744363164860185,0.06345200518387971,-0.04511271151954421
118.1,-0.06115485783205727,-0.004799312580943349,0.1745493102599672,0.0726985583399294,-0.06142476220693222
118.15,-0.07801608959179138,-0.01504488234197976,0.1739101739247157,0.07795023098407383,-0.0782973742787425
118.2,-0.09407155072354455,-0.02835877551983335,0.1724587410744962,0.0783150471666768,-0.09434931054134377
118.25,-0.107765336525922,-0.04456397627763703,0.1701670662915422,0.07287914881116728,-0.1080227193113773
118.3,-0.1174226185541559,-0.06300815370990542,0.1670540318152565,0.06102282429197011,-0.1176416971427747
118.35,-0.1213367283923194,-0.08264415849801432,0.1631834485150341,0.04263534780480058,-0.1214994620268631
118.4,-0.1179020523364601,-0.1021375741146037,0.1586515209622905,0.01815081335318356,-0.1179914628948786
118.45,-0.1057938999523608,-0.1199608361318033,0.1535742755173526,-0.01149661212076707,-0.105795637199231
118.5,-0.0841821010619479,-0.1344593462398183,0.1480747335735868,-0.04490093344678189,-0.08408642529894039
118.55,-0.0529558220351093,-0.1439098768667321,0.1422695318586245,-0.08021152419021477,-0.05275971122261225
118.6,-0.01293176537799827,-0.1466100923781942,0.1362576815133022,-0.1152310727257269,-0.01264065008288551
118.65,0.03398639951025302,-0.1410322791915465,0.1301106578593327,-0.1476079887439975,0.03435794577975365
118.7,0.08473624997008498,-0.1260498302311204,0.123863463393557,-0.1750695199813082,0.08516546227634431
118.75,0.135160351604287,-0.1012021891006677,0.1175124508383442,-0.195648796033785,0.1356191422215712
118.8,0.1802585760344187,-0.06693342784751566,0.111027597023229,-0.2079291609826763,0.1807183249816592
118.85,0.2146717201104911,-0.02474187682785706,0.1043725516491048,-0.2113115336654731,0.2151092683898628
118.9,0.2333979204842259,0.02280090275332602,0.09751747852566173,-0.2062480452708016,0.2338019035760832
118.95,0.23266934680892,0.07218116768178928,0.09044339086378472,-0.1943857792610513,0.2330452981858777
119,0.2108239521652349,0.1192090322507626,0.08314454418133038,-0.17852909132068,0.2111969766229386
119.05,0.1689377515800496,0.1593904793095156,0.07563196206180822,-0.1622974751046548,0.1693514172453551
119.1,0.1109799712262157,0.1883799491257142,0.0679304333087527,-0.1494555009566115,0.1114911424636706
119.15,0.04334781109388811,0.2024857528437343,0.06006860353708798,-0.1430650008597996,0.04401755340094637
119.2,-0.02618713446797003,0.1991861188840957,0.05207219480459108,-0.1447141597689016,-0.0253051002822493
119.25,-0.08988674867536697,0.1775907864064533,0.04396097727959819,-0.1540718391692321,-0.08875841820531227
119.3,-0.1414320734585265,0.1387627155024892,0.03574758425263613,-0.1689569499288507,-0.1400537440663595
119.35,-0.1768917765207153,0.08580318910175538,0.0274365141619457,-0.1859442757168759,-0.1752970580415584
119.4,-0.1950100681674706,0.02361719268435403,0.01902484801040294,-0.2012493586779095,-0.1932709724408862
119.45,-0.1967830753413038,-0.04166214935941809,0.01050386418800109,-0.2115614533362358,-0.1950046536424027
119.5,-0.184543347522483,-0.1035253516460331,0.00185742059757843,-0.2146482137918728,-0.1828511678392012
119.55,-0.1609325991597816,-0.1560585100398882,-0.00694064511900061,-0.2096509215662911,-0.1594548689015901
119.6,-0.1281576868593682,-0.19481580400607,-0.0159211502787544,-0.1970539555711575,-0.1270040381069293
119.65,-0.08778197194918967,-0.2173677444832667,-0.02511336080500115,-0.1784251209927429,-0.08702308378333468
119.7,-0.04107081270771504,-0.2233766683986291,-0.03454437956105066,-0.1560540635215842,-0.04072272758772144
119.75,0.01032728795915895,-0.2141969966549579,-0.04423497359750711,-0.1325817822883606,0.01031021881609528
119.8,0.06372634325616473,-0.192160347679694,-0.0541916096555593,-0.1106813188807473,0.06344782915947378
119.85,0.1151368671896248,-0.1598147415944156,-0.06439911443906532,-0.09275429463833233,0.1147443684989727
119.9,0.1596010673168688,-0.1193957655193927,-0.07481592475560062,-0.08055374505725867,0.1592633100489664
119.95,0.1921019541393784,-0.0727060230900049,-0.0853701778025272,-0.07479410046567318,0.1919825412616757
120,0.208778218879846,-0.02140820645606156,-0.09596219155192171,-0.07497046220536323,0.2090105387523134
120.05,0.2080316819862385,0.03243920140484358,-0.1064867059389288,-0.07955602449949632,0.2086997520325682
120.1,0.1911250841654364,0.08589159575273136,-0.1168536189783446,-0.08652765784910139,0.1922536072810693
120.15,0.1620346223639771,0.1349633575392035,-0.1269912346858755,-0.0939764847446671,0.1635894571168485
120.2,0.1265778767431787,0.1749723621684698,-0.136845638861459,-0.1005459986439142,0.1284757215278652
120.25,0.09108014322676952,0.2013550274699352,-0.1463717784116291,-0.1055674106293506,0.09320510181381736
120.3,0.0609817149517979,0.2107376429341542,-0.1555187077384783,-0.1089065907842156,0.06320442712293067
120.35,0.03977603102890719,0.2019285699014722,-0.1642076196858489,-0.1106928938742787,0.04197239449588674
120.4,0.02853373386691425,0.1764920200674832,-0.1723190635883101,-0.1111593730735444,0.0305991908128001
120.45,0.02606361431119893,0.1386772102504022,-0.1797123125773042,-0.1106667852936896,0.02792234140251576
120.5,0.02957994587100955,0.09467402021349658,-0.1862547335600977,-0.1097796419023509,0.03118761641144302
120.55,0.03562599744405755,0.0513766505549767,-0.1918300300639282,-0.1092195173669217,0.03696821310451281
120.6,0.04098291455675018,0.01498307772209179,-0.1963415648328276,-0.1096509263455082,0.04207007872386581
120.65,0.04334326270626859,-0.0102034987365604,-0.1997240458776675,-0.1114091965088587,0.04420448941435867
120.7,0.04163378041808204,-0.02247170994933861,-0.2019565263182632,-0.1143103972949759,0.04231040576815104
120.75,0.0359831333209374,-0.02275237932894331,-0.2030708092635992,-0.1176191807321013,0.0365229287050281
120.8,0.0274266477865864,-0.01406853165047922,-0.2031439417922486,-0.1201645379276235,0.02787835639145309
120.85,0.01748953810442174,-0.0005853991473890319,-0.2022702787947067,-0.1205631973129907,0.01789793660924127
120.9,0.007790310256832191,0.01345654861037054,-0.2005266170184597,-0.1175247242257809,0.008191708218722504
120.95,-0.0002412704551482544,0.02464760603650118,-0.1979647311285889,-0.1102333285240136,0.0001775998791047062
121,-0.005505631822289202,0.0309586756083744,-0.1946308659944607,-0.09875039679616872,-0.005058277347923745
121.05,-0.007270156910729609,0.03186350308382535,-0.1905789155940388,-0.08427194111463272,-0.006795932318267917
121.1,-0.005165395457913794,0.02809218941711883,-0.1858663750389202,-0.06907070943105477,-0.004675306810467073
121.15,0.0008058730579561628,0.02117192114155636,-0.1805514615653601,-0.05607923719319887,0.001296440161537571
121.2,0.01023155443489978,0.01293817724442964,-0.1747020713625494,-0.04822052827636222,0.01070819178199672
121.25,0.02224946179981925,0.005160001982629669,-0.1684008826153885,-0.04770016801084027,0.02270290993761848
121.3,0.03554762380607253,-0.0006597060107533248,-0.1617380513515839,-0.05549545875381628,0.03597544935518904
121.35,0.04844344714977186,-0.003341666663437048,-0.1547996451612078,-0.07119763787481041,0.04884876268767147
121.4,0.05905290002751027,-0.002028476329841489,-0.1476610668658899,-0.09321551014553511,0.05944069081922926
121.45,0.06552912359112884,0.003785194198504538,-0.1403875139832649,-0.1191914585638419,0.06590158363852311
121.5,0.06632581403047921,0.01413801340232523,-0.1330322283058794,-0.1464258417789372,0.06667861734246461
121.55,0.06043196930618929,0.02842141618130045,-0.1256246658312179,-0.1722164516633915,0.06075302190919096
121.6,0.04753124534150575,0.04521635591719542,-0.118165556212625,-0.1941633211849472,0.04780280534623849
121.65,0.02805939925700045,0.06225896570579675,-0.1106356964723703,-0.2104589686047134,0.02826306869015283
121.7,0.003159330387168189,0.07662287148936164,-0.103001057866194,-0.2200830993001469,0.003282613975998716
121.75,-0.02544135543577815,0.08513661901771152,-0.09521639303288593,-0.2228553936786835,-0.02539899934784151
121.8,-0.05559051822086263,0.08497091768980908,-0.0872336385885798,-0.2193722428822364,-0.05561381872566928
121.85,-0.08486867823268655,0.07426076614648169,-0.07901074167690925,-0.2108611074049739,-0.08492594840866707
121.9,-0.1107167829342828,0.05259578723135011,-0.07051356485707849,-0.1989809750841183,-0.1107624837452055
121.95,-0.1305317369106521,0.02123650834771701,-0.06171692443512045,-0.1855972628301777,-0.1305112792909592
122,-0.1417528012298026,-0.01701246842045501,-0.05260933045010707,-0.1725489006570733,-0.1416082565808416
122.05,-0.1419809139416168,-0.05823879304540197,-0.0431920915256121,-0.1614255012178258,-0.1416564611852435
122.1,-0.1291757743641634,-0.09804591115176836,-0.03347236355408945,-0.1533934844575179,-0.1286222206271527
122.15,-0.1019547384044528,-0.1322012137816407,-0.02345819918796427,-0.1491131721211316,-0.1011331893344559
122.2,-0.05997365876740694,-0.1571505322108502,-0.01315816004790271,-0.1487377931689187,-0.05885846908315134
122.25,-0.004312694540392914,-0.1703005494464275,-0.002581580411423756,-0.1519209518492452,-0.002894212959868359
122.3,0.06225323087156123,-0.1700691017896659,0.008261817324185849,-0.1577752668370891,0.06396671121891889
122.35,0.1352267081796547,-0.1557847532987417,0.01936014998027313,-0.1648285905517874,0.1372080181950162
122.4,0.2086805533391688,-0.1275535159113181,0.03069357759905278,-0.1711171578161224,0.2108852550874097
122.45,0.275861424584571,-0.08619911503433908,0.0422259245137262,-0.1745272987443866,0.2782320660381625
122.5,0.3299980367688692,-0.033328571131859,0.05390184942379767,-0.1733448777533444,0.3324716121804944
122.55,0.3651541150301793,0.02850792394555623,0.06564984444279831,-0.1668110931546956,0.3676710458020102
122.6,0.3769705577029486,0.0956690475404961,0.07738725067128821,-0.1553996617554142,0.3794836255160921
122.65,0.3632009885259313,0.1634225964930454,0.08902476808820736,-0.1406642193248413,0.365681372335161
122.7,0.324012486838034,0.2262013544281449,0.100465418431226,-0.1248163444880134,0.3264510984538692
122.75,0.262063061298803,0.2781416859406391,0.111603520849803,-0.1102312071697339,0.2644662862123514
122.8,0.1823606324837344,0.3138274153827566,0.1223272699225265,-0.09896566782785096,0.1847413250404988
122.85,0.09187757742288928,0.3290781782336866,0.1325197366087575,-0.09240366344813646,0.09424408692963465
122.9,-0.001116888090184176,0.3215987881801065,0.1420662643973867,-0.09109520936285972,0.001229424503741694
122.95,-0.08800829239098125,0.2913424905726144,0.1508619299260562,-0.09476121057450577,-0.08570752854150815
123,-0.1609847062701767,0.2405242847859307,0.1588176906278209,-0.102417488651148,-0.1587730734318539
123.05,-0.214192735624495,0.1733197869720335,0.165878828552586,-0.1125853707669544,-0.2121243558213982
123.1,-0.2446434454779414,0.09535285419573425,0.1720327621831621,-0.1235128558136455,-0.242771972717868
123.15,-0.2526237726843969,0.01308871818210922,0.1772968151125951,-0.1333035424775159,-0.2509908768713187
123.2,-0.2414658119795443,-0.06678501255912817,0.1817045990568604,-0.1399853580996707,-0.2400937492063937
123.25,-0.2166963177815417,-0.1379584217630017,0.1852940616985755,-0.1416791021672571,-0.2155859892970599
123.3,-0.1847641111994548,-0.1950784463491179,0.1880962300085435,-0.1369558758782894,-0.1838994351531361
123.35,-0.1516734736515786,-0.2342940374138213,0.1901299822898873,-0.1253004208912055,-0.151029256532606
123.4,-0.1218754029368542,-0.2537107953017796,0.1914108640327195,-0.1074856863719972,-0.1214259151826552
123.45,-0.09768394306803617,-0.2536592299265466,0.19196601623277,-0.08571154935946874,-0.09740857891803112
123.5,-0.07931385693521036,-0.2366679900992095,0.191832975161586,-0.06345017615012186,-0.07919842444931335
123.55,-0.06544766328948992,-0.2070683625734421,0.1910501276914018,-0.04491863909017762,-0.06548131850673189
123.6,-0.05409511331021405,-0.1702503278670267,0.1896567988266022,-0.03415759896355276,-0.05426499425112596
123.65,-0.04345304738169413,-0.1316999343112691,0.1876986833640091,-0.03395744772599699,-0.04373929759765505
123.7,-0.03251381601431861,-0.09603452809889423,0.185230937757886,-0.04505595710054879,-0.03288731308816806
123.75,-0.02128213710202364,-0.06628377607066538,0.1823123344152624,-0.06591803645768343,-0.02170609717029381
123.8,-0.01060047850623932,-0.04360345666718224,0.1789937869930395,-0.0931318511937675,-0.01103534016844565
123.85,-0.001703909939952956,-0.02747683895856734,0.1753152289328097,-0.1222245973828355,-0.002113890611632863
123.9,0.004307666148313532,-0.0163113223575011,0.1713077364266457,-0.1486030274812202,0.003948721231351038
123.95,0.006895577013919606,-0.008216234821531165,0.1669911794527297,-0.1683909659433892,0.006600891941026921
124,0.006283258809472551,-0.001700417155046097,0.1623801622472582,-0.179085743176169,0.006053465427886706
124.05,0.003397074428065949,0.003918162125054858,0.1574911035905725,-0.1799865681931399,0.003223978382022208
124.1,-0.0004073120625473608,0.008472011563888049,0.1523360212235775,-0.1722722870655602,-0.0005346884723290701
124.15,-0.003735430573834721,0.01122453973748305,0.1469122340749463,-0.1586513526865367,-0.003824289555561744
124.2,-0.00554376210313739,0.01133234718115705,0.1411992362290009,-0.1426938326384976,-0.005592221269299147
124.25,-0.005416098607260275,0.008307757076563227,0.1351708106701469,-0.1280847230137667,-0.005410371790904478
124.3,-0.003639793780410749,0.002322234502318554,0.1288125808498254,-0.1179952244571639,-0.003554327185438799
124.35,-0.001044249186674464,-0.005736496829791216,0.1221308308778917,-0.114617176534472,-0.000844413752367823
124.4,0.001365748480142856,-0.01444723516595575,0.1151536438488821,-0.1188284781399364,0.001719349725625263
124.45,0.002873765427295391,-0.02220549754220541,0.107924479155512,-0.1300028466183402,0.00342044803129532
124.5,0.003453950048413896,-0.02763338534874682,0.1004898992844248,-0.1460385219507242,0.004228443275460514
124.55,0.003956734179754146,-0.02992573173748209,0.0928872441805878,-0.1636956268836962,0.004985223937892969
124.6,0.005987467483966928,-0.02902937784937604,0.0851369990601808,-0.1792243893430522,0.00728431015250941
124.65,0.01149409553042813,-0.02560458296416557,0.07724012565426719,-0.1891017471133245,0.01305860877224607
124.7,0.0221835284201409,-0.02077435503439373,0.06917439457694641,-0.1906636544128184,0.02399732317201519
124.75,0.03895037838777811,-0.01572616686769407,0.06089337324054794,-0.1825086048711345,0.04097508044200249
124.8,0.06149496168025346,-0.01127973183943676,0.05233793856621033,-0.1646779273528028,0.063672075179182
124.85,0.08824402056977917,-0.007556628164196832,0.04344895468188037,-0.138701796018575,0.0904971626937166
124.9,0.1165832613170651,-0.003867736699018409,0.03417674010297905,-0.1075150991567446,0.1188245525043796
124.95,0.1433191828133872,0.001131174118649214,0.02449076159516683,-0.07513545795148498,0.1454585767359083
125,0.1652272825481971,0.0090546120375955,0.01438588024733328,-0.04604573921053125,0.1671846029636552
125.05,0.1795476527739738,0.02129096416781484,0.003887556699237682,-0.02435408245372708,0.1812639529169629
125.1,0.1843326967735192,0.03854298721316646,-0.006943480628042065,-0.01289428988802511,0.1857791177353342
125.15,0.1786243099603419,0.06053273740340259,-0.01801193949239832,-0.01248785848997958,0.1798052688375826
125.2,0.162490558641191,0.08593805421828177,-0.0291966099939619,-0.02162150672092778,0.1634408056442604
125.25,0.1369733962909468,0.1125517978010864,-0.04036189469644313,-0.03670173610048583,0.1377489965044403
125.3,0.1039769131086439,0.1375947164380019,-0.05136349548985392,-0.05285236973301943,0.1046426997988021
125.35,0.06609007893924131,0.1580928495600297,-0.06205350719631375,-0.06505014447885277,0.0667064916633423
125.4,0.02631528363070132,0.1712454551284346,-0.07229120888827079,-0.06928754243001578,0.0269279439381887
125.45,-0.01230930945952388,0.1747472971817677,-0.08195125050222524,-0.06341134687868773,-0.01167515848001593
125.5,-0.04715621870926053,0.1670661583906547,-0.0909274375573057,-0.04736745530106529,-0.04649570763911132
125.55,-0.07643144472189549,0.1476740640148433,-0.09914232831122116,-0.0228418665826776,-0.07575555955990043
125.6,-0.09945629943788248,0.1172157459098768,-0.10656210214438,0.007410780620736734,-0.09878504755093409
125.65,-0.1167137574161276,0.0775738145247008,-0.1132031367920461,0.04021304828749915,-0.1160694916534267
125.7,-0.1296258398509698,0.0317693502589626,-0.1191244445178672,0.07248631073338398,-0.1290287461703408
125.75,-0.140101087217739,-0.01635043404401748,-0.1244061967552865,0.1016916659118964,-0.1395674983835888
125.8,-0.1499487309041698,-0.06263535403959841,-0.1291250993242848,0.1261379225799454,-0.1494918932725675
125.85,-0.1602897420818819,-0.103288650673606,-0.1333407488011588,0.1450346313563061,-0.159921498475795
125.9,-0.1711038659453341,-0.1355090691779063,-0.1370929794285479,0.1582717731679344,-0.1708358601573099
125.95,-0.1810399457549784,-0.1579440798742604,-0.1404015363189008,0.1660811743711211,-0.1808831608958449
126,-0.1875768078400492,-0.1708174037907827,-0.1432674341102126,0.1687383067708293,-0.1875394715813619
126.05,-0.1875506319427359,-0.175682500370169,-0.1456754515949145,0.1663623713954364,-0.1876351958298426
126.1,-0.1779668940352679,-0.1748603641921619,-0.1476014471703957,0.158863044053689,-0.178167416180319
126.15,-0.156917330480379,-0.1707152741571893,-0.149027713550104,0.1460766347940385,-0.1572184748952375
126.2,-0.1243604494333879,-0.1649749775712782,-0.1499544395033867,0.128038507978295,-0.1247386549438307
126.25,-0.08252764505864298,-0.1582897313684871,-0.1504032241367145,0.1052296062141157,-0.08295445251871858
126.3,-0.0357958414622494,-0.1501522483188131,-0.150415386688813,0.07866387039956182,-0.03624240119829247
126.35,0.009997740404764015,-0.1391948722505644,-0.1500504593591745,0.04982461601127988,0.009555933544852624
126.4,0.04866787973527361,-0.1237799351193056,-0.1493833133381018,0.02053326013262289,0.04824735885994502
126.45,0.07496296208793617,-0.1027145006234458,-0.1484986362429994,-0.007215022420150154,0.07457036567863518
126.5,0.08569590163746746,-0.07587945909252747,-0.1474874682090246,-0.03144793772569338,0.08532828478991272
126.55,0.08043160606734905,-0.0445856882670892,-0.1464394623815884,-0.05042892665751625,0.0800786722927887
126.6,0.06154790219989175,-0.01154103962935277,-0.1454274656081157,-0.062844774245143,0.06119578184100161
126.65,0.03365235801393862,0.01958281753390489,-0.1444940121441535,-0.06790393760013187,0.03328798107845371
126.7,0.00250938084417268,0.04488547999011649,-0.1436457756476721,-0.06534562136054972,0.002124618413117618
126.75,-0.02623762246376786,0.06109296756869287,-0.1428507222561272,-0.055457436834752,-0.02664312024462534
126.8,-0.04821595862457636,0.06631663884478944,-0.142040152151244,-0.03915668318667093,-0.04863385682333576
126.85,-0.06105896287673777,0.06052012349903618,-0.1411230185752286,-0.0180427769845026,-0.06147368759463345
126.9,-0.06457050638835664,0.04556807765877097,-0.1400034962206986,0.005691407352709375,-0.06496269764746099
126.95,-0.06033410128002532,0.02483820517491836,-0.138592103575966,0.02948589402608693,-0.06068526685255637
127,-0.05094274169378248,0.002492003955383348,-0.1368164630263776,0.05071020666764114,-0.05123979498249775
127.05,-0.03912253243007412,-0.01741411661644604,-0.1346332880540711,0.06698086393778195,-0.03936086221968504
127.1,-0.02702576292865099,-0.03175396675504233,-0.132029771403249,0.07643555822676809,-0.02720985655416452
127.15,-0.01587968247804904,-0.0388867457933918,-0.1290148813535984,0.07786743844034077,-0.01602099186075728
127.2,-0.0060316956108303,-0.03881031970894167,-0.1256169130085001,0.07070613986834172,-0.00614439842149328
127.25,0.002713066194554987,-0.03289644332935715,-0.121886185482149,0.05496909106233096,0.002617106317034212
127.3,0.01065649024326415,-0.02331433570132757,-0.1178910569377264,0.03130003583456899,0.01057182249204902
127.35,0.01787542816833479,-0.01233660449625162,-0.1137106411977352,0.00108216004685619,0.01780475802304493
127.4,0.02412237713946245,-0.001743251920118039,-0.1094240979086474,-0.03344741831314153,0.02407519600341906
127.45,0.02897545892962529,0.00751349033301052,-0.1050926903411827,-0.06915845812025517,0.02896391804592302
127.5,0.0321488104110553,0.01531775036560856,-0.1007434418514684,-0.102150609498076,0.03218207765853986
127.55,0.03381409697980235,0.02211888310898069,-0.09636637091228739,-0.1281198008024065,0.03389304701531837
127.6,0.03478343197940594,0.02852003388040847,-0.09192435779658381,-0.1430241085137623,0.03489745902282243
127.65,0.03645441656081386,0.03490521296147353,-0.08736797829654619,-0.1439905833285484,0.0365815408426029
127.7,0.0404977351692026,0.04125653925472456,-0.0826490361635876,-0.1301861860478088,0.04060822997519187
127.75,0.04835317088015008,0.0472251232588824,-0.07773199561994865,-0.1032796443752138,0.04841577987909418
127.8,0.06066919286039393,0.05240623393836241,-0.07260450384468192,-0.06725946292419584,0.0606582993796172
127.85,0.07685660086792369,0.0566862059057669,-0.06728361326815901,-0.02761693654526593,0.07675830578677101
127.9,0.09491344273861278,0.06050025152977667,-0.061814966655035,0.009858706972957137,0.0947289137724629
127.95,0.1116144594440066,0.06486661609922795,-0.05627041668877569,0.04031419954208061,0.1113597228855102
128,0.1230577507833952,0.0711485471050855,-0.05074361892648793,0.06079151814742174,0.1227601548319247
128.05,0.1254551081133292,0.08059197679055652,-0.0453306905507464,0.07072864688142014,0.1251477026208773
128.1,0.1159771706385573,0.09376145807636194,-0.04011193746016989,0.07191249802667421,0.115692584010757
128.15,0.09344538052769329,0.1100472323607815,-0.03514619013876435,0.06789863826934171,0.09321078637399671
128.2,0.05870518372945708,0.1274171728618698,-0.03046563401888625,0.06305418819383402,0.05853912054104204
128.25,0.01459995637379084,0.1425371181870442,-0.02606890033364129,0.06149008148768493,0.01451106994494089
128.3,-0.03443658972670188,0.1512927649376793,-0.02192002299418827,0.06615745261091854,-0.03444963905960541
128.35,-0.08307118539503694,0.1496373137135977,-0.01796071975127189,0.07829854665810376,-0.08301951882425512
128.4,-0.1259003850331356,0.1345853352480971,-0.0141393757559079,0.09733671220368981,-0.1258050832710143
128.45,-0.1582651008856639,0.1051063340418615,-0.0104323037072756,0.1211805715016481,-0.1581577345285139
128.5,-0.1769159114443812,0.06266948522623905,-0.006851431191407298,0.1468159681832661,-0.1768387887927375
128.55,-0.1804313627123759,0.01125929139388815,-0.003442511777168422,0.1710212493834164,-0.1804363980856328
128.6,-0.1693379720585,-0.04318338190755516,-0.0002593672648235623,0.1910441500284461,-0.1694832104110416
128.65,-0.1459337118479431,-0.09378397376577152,0.002667636686868757,0.2050905903743201,-0.1462770648306899
128.7,-0.1138701025236496,-0.1339927997635523,0.005340157218581276,0.2125491428772223,-0.1144607702419436
128.75,-0.07759033357932073,-0.1587917688230794,0.007794989199626401,0.2139653730576526,-0.07845939162574195
128.8,-0.04173858526584263,-0.1655785781521091,0.0101022066303923,0.2108029896859899,-0.04289066697320354
128.85,-0.01064058300696526,-0.1545443053766507,0.0123455718741558,0.2050427024922271,-0.01204902819333042
128.9,0.01208437433338237,-0.1284852468940729,0.01460636449577485,0.1986929803906273,0.01047773057811885
128.95,0.0237706834326879,-0.09213336668116273,0.01696345012594347,0.1932987156472108,0.02205009259274315
129,0.02283979551317973,-0.05120174632767571,0.0195042138574556,0.1895577831860316,0.02110593369441127
129.05,0.008862587005217772,-0.0113843505798209,0.02232050733643093,0.1871649064476032,0.007219627308127308
129.1,-0.0174212409607777,0.0224721086581805,0.02549798847032175,0.1849349767085634,-0.01887879581799956
129.15,-0.05412332194584641,0.04687686794638624,0.02911116500916988,0.1811720796621834,-0.05532272396076621
129.2,-0.098294274841288,0.05984033653129917,0.03322003252485034,0.1742074771508392,-0.09919313671532132
129.25,-0.1461169763868865,0.06071847415906539,0.03786539302744707,0.1629685491980812,-0.1467081457769821
129.3,-0.1932354547850429,0.04988526411124483,0.04306396545112817,0.1473860837482075,-0.1935473181587404
129.35,-0.2352136635201687,0.0283819073982613,0.0488006928135184,0.1284676591310545,-0.2353064048383905
129.4,-0.268075317646072,-0.002335056987170292,0.05502297276282364,0.1079849960565984,-0.2680332291792609
129.45,-0.2888362031094878,-0.04048929412382696,0.0616425473460348,0.08791382309600947,-0.2887567773480161
129.5,-0.295923132772437,-0.08394622688539133,0.06854335215175278,0.06986770677514129,-0.2959038640145996
129.55,-0.2893836655221419,-0.1301264502240497,0.07559284593387083,0.05471894662346558,-0.2895081967297424
129.6,-0.2708280452166085,-0.175975598922634,0.08265268316269214,0.04250722893284544,-0.2711539326408568
129.65,-0.2431018789128168,-0.2180707960088866,0.08958383455571667,0.03263681051590474,-0.2436525484087158
129.7,-0.2097529803048516,-0.2528916698836382,0.09625018498856952,0.02426245664901057,-0.2105159503196279
129.75,-0.1744110317094611,-0.277223573591491,0.1025265958691566,0.01669584890330566,-0.1753432756221549
129.8,-0.1402247141425905,-0.2886123628545978,0.1083113895469806,0.009681037415707075,-0.1412640796362955
129.85,-0.1094820384160573,-0.2857693743405073,0.1135442353860053,0.003481451026384691,-0.110561958110228
129.9,-0.08347768220662263,-0.2688334880109249,0.1182232796886635,-0.001205402032591408,-0.08454132389396696
129.95,-0.06260797139354878,-0.2394302954553172,0.122409267119088,-0.003448401778537336,-0.06361807860520086
130,-0.04660524496589515,-0.2005100092493227,0.1262124716879542,-0.002325050070427355,-0.04754741252210332
130.05,-0.03479974261055241,-0.1559831752622681,0.1297647504413817,0.002828748720256724,-0.0356786902875354
130.1,-0.02632419880626039,-0.1102077875538036,0.1331881339390475,0.0121602110147806,-0.0271550966839374
130.15,-0.0202360378161038,-0.06740694834421873,0.1365687961519717,0.02508478319323002,-0.02103391767239537
130.2,-0.01558585585185722,-0.0311103973992386,0.1399401324793362,0.04023709419639766,-0.01635699288647957
130.25,-0.0114840276743212,-0.003710275996394174,0.1432823629214539,0.05567022545271882,-0.01222176043415124
130.3,-0.007199156850105367,0.01380033796234037,0.1465323462358135,0.06927918578684993,-0.007885570544382436
130.35,-0.002284132924268711,0.02186938417929796,0.1496001065113364,0.07934382966502512,-0.002896490012304687
130.4,0.003310786249385301,0.02220850802886626,0.152393619559985,0.08501651941815262,0.002790879770082078
130.45,0.009188440336446689,0.01742929472803628,0.1548439101222538,0.0865526912261772,0.008766493491125238
130.5,0.01455434052415948,0.01055111438743106,0.1569154885651565,0.0851768471527191,0.01421757182427769
130.55,0.01836652271526772,0.004456042851399999,0.1586066385973665,0.08264997529722706,0.01808351607408643
130.6,0.01955334063501968,0.001374323817326162,0.1599475725745199,0.080736152535658,0.01927869933261528
130.65,0.01724345329244638,0.002487239698193755,0.1609944215138803,0.08075866880727003,0.01692626405166014
130.7,0.0109487971936989,0.007730131369740489,0.1618200536920676,0.08333295535785255,0.01054243753375966
130.75,0.0006555886174858451,0.01584975014697465,0.1625015217787986,0.08830124674001347,0.0001264727923103726
130.8,-0.01319169618428997,0.02471838189245712,0.1631040142441231,0.0948719155693718,-0.01385858182066796
130.85,-0.02979407241016845,0.03184082155731582,0.1636670499779684,0.101943231552762,-0.03059361526028026
130.9,-0.04814117795502521,0.03493556288729593,0.1641992602135955,0.1085446106190067,-0.04905055414529502
130.95,-0.06713645653069757,0.03244249165605995,0.1646771476261643,0.1142585894872065,-0.06812013441518888
131,-0.08566054959964674,0.02382799662973878,0.1650371194058756,0.1194646470955255,-0.0866766201468856
131.05,-0.1025639391575668,0.009621736511877976,0.1651679433106596,0.1252862449122237,-0.1035701695401843
131.1,-0.1166173834191844,-0.008797784398513975,0.164917138457163,0.1332029325256678,-0.1175764774149886
131.15,-0.1264750801914209,-0.02957643799012111,0.1641105227014495,0.1444320350892119,-0.1273588326153841
131.2,-0.1307053296835937,-0.05078754246597372,0.1625778039194276,0.1593427183005259,-0.131498127756821
131.25,-0.1279201840077487,-0.07074038906204538,0.1601768067193692,0.1771996676488941,-0.12862199844864
131.3,-0.1169977386177953,-0.08811497789726419,0.1568146886778741,0.1963497181529059,-0.1176264411501457
131.35,-0.09735529756968692,-0.1019193612283461,0.1524596704236282,0.214689827988253,-0.0979474920618606
131.4,-0.06920994401570074,-0.1113330274281172,0.1471368198348164,0.2301664310172719,-0.06981909113791063
131.45,-0.0337601702046343,-0.1155361161493966,0.1409105767028004,0.2411335512193281,-0.0344510950665089
131.5,0.00676281946860688,-0.1136284573098355,0.133861266385131,0.2464969020194127,0.005923282983620659
131.55,0.04919964929408997,-0.1046976944597172,0.1260663394939731,0.2456803820150909,0.0481545794335354
131.6,0.08971783490732771,-0.08802841972738229,0.1175923085121469,0.238527539310392,0.08843247767183204
131.65,0.1241867986921228,-0.06338629801050094,0.1084910732039684,0.2252329721618767,0.1226577287463487
131.7,0.148625497388357,-0.03128359487423582,0.09879247208987607,0.2063467718430455,0.1468841383346005
131.75,0.1596729364129449,0.006857206252073755,0.08849869800566218,0.1828475673403727,0.1577812669591357
131.8,0.1550324187052654,0.04869169091058434,0.07759247652385087,0.1562102572052268,0.1530717949762815
131.85,0.1338432705789254,0.09110138567731779,0.0660702179928796,0.1283974634198744,0.1318980125914135
131.9,0.09692412962056426,0.1304708288443264,0.05396741615582712,0.101783111400634,0.09506463873763948
131.95,0.04682702473134,0.1630410821985924,0.04135329784129793,0.07900442213553643,0.0450958692008856
132,-0.01235633161641597,0.1852814991443274,0.02832076109510023,0.0626791540732258,-0.0139510350597884
132.05,-0.07545607524683302,0.1942445470090772,0.01498356582471178,0.05496591583866964,-0.07693942542046367
132.1,-0.1369113668875416,0.1878956251976262,0.001474243858927859,0.05706380120476909,-0.1383327340631197
132.15,-0.1915607498406698,0.1654068534311605,-0.01206136978041428,0.06882780457765002,-0.1929808702648955
132.2,-0.2353621497660531,0.1273981552500826,-0.02547618268075202,0.08863299549656098,-0.2368394818394916
132.25,-0.265866075497631,0.07607548427515554,-0.03863186244384154,0.11351354893549,-0.2674465657883595
132.3,-0.2823316409001884,0.01520032629496371,-0.0514051906461539,0.1395623535358587,-0.2840432780352464
132.35,-0.2854798690332481,-0.0501676257268634,-0.06369578681257915,0.1625270990898308,-0.2873326341051999
132.4,-0.2769912821726063,-0.1141862943872241,-0.0754287604823104,0.1784524273040422,-0.2789803274972618
132.45,-0.2589229726450353,-0.1709676111922576,-0.08655104244934786,0.184234486856637,-0.2610331862326118
132.5,-0.2332282344881045,-0.2154182523657946,-0.09703061522872036,0.1780491699246878,-0.2354375820536082
132.55,-0.2015039457358132,-0.2440094869045902,-0.106859076830667,0.1596393189178035,-0.2037849132925867
132.6,-0.1650015318055125,-0.2552844253149643,-0.1160510217602113,0.1303977541241065,-0.1673204536320049
132.65,-0.1248453677594098,-0.249965578029019,-0.1246370712295937,0.09321085463828532,-0.1271610354414565
132.7,-0.08234189544393207,-0.2306355855529233,-0.1326566283725625,0.05211769843107025,-0.08460482034736255
132.75,-0.03924169313338489,-0.2010831436224509,-0.1401590905901376,0.01182360793046149,-0.04139532979418531
132.8,0.002164377893794318,-0.1654952044867215,-0.1472053859491808,-0.02292444931467158,0.0001798255496209267
132.85,0.03918383322528718,-0.1277065416289926,-0.1538544670670563,-0.0480362373844388,0.03742561767896824
132.9,0.06909447347561119,-0.09068092247782578,-0.1601425989974017,-0.06074144118339272,0.06761037848606732
132.95,0.08966661476232758,-0.05631565535854111,-0.1660717850942762,-0.06006050767537841,0.08848885399146605
133,0.09968699848691653,-0.02555997638741953,-0.1716096009211731,-0.04692829933775232,0.09882794178335202
133.05,0.09930875278150325,0.001256376909435974,-0.1767012685932748,-0.02393870244619276,0.09875978091691651
133.1,0.09009231354127169,0.02402852117491949,-0.1812942486420048,0.005189179410122365,0.08982542742938271
133.15,0.07469964863544157,0.04256591547915611,-0.1853650194670571,0.03630404175248854,0.0746714365762271
133.2,0.05632763649233764,0.05646793236100539,-0.1889273030394676,0.065588248227676,0.05648426801152057
133.25,0.03805612897869667,0.06520651679153927,-0.1920186027303322,0.0902347750271162,0.03833850156386021
133.3,0.02230353144931776,0.06836342472634083,-0.1946820226236111,0.1088306875977618,0.02265203510181335
133.35,0.01052150769294804,0.06591289290664765,-0.1969545011929753,0.1213629894102771,0.01088034286028422
133.4,0.003156472863276126,0.05842044295850568,-0.1988650371274547,0.1288743145274905,0.003477892687957007
133.45,-0.0001876800842335391,0.04706934867812723,-0.2004322093790076,0.132868862313558,6.068725044983125e-05
133.5,-0.0004959116258356976,0.03349603857754668,-0.2016558570202371,0.1347311898800773,-0.0003405493732167031
133.55,0.0009067487555194859,0.01948975571455813,-0.2025162966157381,0.1354429877884125,0.0009668337409389771
133.6,0.002553858653401658,0.006667362666386456,-0.2029808834488334,0.1355911613740564,0.002533514099708978
133.65,0.002996289821300121,-0.003766625558031478,-0.2030027517281533,0.1354683069312112,0.002923630808614186
133.7,0.0009617815485314361,-0.01111467679156125,-0.2025173425223232,0.1351614022231026,0.0008712603558940768
133.75,-0.004449166834015867,-0.01515246333904702,-0.2014483417642446,0.1346424822123244,-0.00452558992645502
133.8,-0.0135312709962739,-0.01603610370700437,-0.199722226557062,0.13388526699492,-0.01357299173731707
133.85,-0.0257541731323738,-0.01422590906564891,-0.1972821181221007,0.1329757202539512,-0.0257587453978837
133.9,-0.03963815767286054,-0.01046519333615736,-0.19409161305462,0.1321303574928382,-0.03962440732910733
133.95,-0.0528173195930553,-0.005789141473369952,-0.1901315143805248,0.1315891838145574,-0.05282394102012555
134,-0.06235196862385502,-0.001493408026471688,-0.1853964335407657,0.1314655468995793,-0.06243183557889281
134.05,-0.06529180587607789,0.001011338807356155,-0.1798929463941025,0.1316458771454283,-0.06550313144397912
134.1,-0.05941610026644116,0.0004881896538231345,-0.173636812794377,0.1317628175152154,-0.05981229148098949
134.15,-0.04400683743746729,-0.003740747526036481,-0.1666434922108768,0.1312254015096192,-0.04462714281333591
134.2,-0.0204639060627399,-0.01143039151005165,-0.1589223382878744,0.1293141612987129,-0.02132687446578008
134.25,0.007436711111935856,-0.02121493878253067,-0.1504750997939574,0.1253724295982753,0.006335491498602019
134.3,0.03379920220684438,-0.03069418662205192,-0.1412958677445098,0.1190805415666433,0.03248456122568344
134.35,0.05144068681963897,-0.03685159198506616,-0.1313745492180154,0.110726188617828,0.04995094693255175
134.4,0.05322067345414994,-0.03675794033481228,-0.120702503906816,0.1013085070696579,0.05159818508413572
134.45,0.03362956437638018,-0.0284255467292317,-0.1092763158818324,0.09232039257856697,0.03191082021156871
134.5,-0.009729879582296496,-0.01161366089703025,-0.09710667969222331,0.08521818666234783,-0.01152148039628809
134.55,-0.07517190403405145,0.01163209624042771,-0.08423766433827229,0.08077541617406726,-0.0770290646579726
134.6,-0.156787663360691,0.03689015993989653,-0.07076244562137191,0.07861584494501953,-0.158716425283759
134.65,-0.2452476164510325,0.0578336403874844,-0.05682542428045539,0.07719944735257903,-0.2472601946922042
134.7,-0.3293966383224063,0.06725147816142807,-0.04261264073838394,0.07429677250811249,-0.3315011324561324
134.75,-0.3982577442329075,0.05846690955190614,-0.02832401197762635,0.0677003679222787,-0.4004485292735506
134.8,-0.4429515673391923,0.0268791926133205,-0.01414430125954824,0.05589280844286084,-0.4452023532151747
134.85,-0.4580798285440646,-0.02871268204884431,-0.0002354628605154008,0.03850283901355758,-0.4603424544103057
134.9,-0.4423025317430215,-0.1053405552193994,0.01326712530852187,0.01644664551473787,-0.4445111201244305
134.95,-0.3980741226079249,-0.1958944868910069,0.02626426643304836,-0.008255592230486762,-0.4001546231730441
135,-0.3307271945410172,-0.2900166983566993,0.03870572377951614,-0.03290186478790803,-0.3326089611007185
135.05,-0.2472258318131002,-0.3757248041140645,0.05059426939233058,-0.05467216337461858,-0.2488530187564807
135.1,-0.1549433088590197,-0.4414358259974541,0.06196896198077323,-0.07121517495004656,-0.1562822927703856
135.15,-0.06074308158227048,-0.4779498677526377,0.07287924569150289,-0.08108836165529308,-0.06178463063051431
135.2,0.02949835248734779,-0.4799691243900431,0.08337054556955575,-0.08392529491613016,0.02874294714157472
135.25,0.1109567161907317,-0.4468488450558921,0.09348142388109337,-0.08032079244196004,0.1104636478742684
135.3,0.1796784635955782,-0.3824729514687114,0.1032411698914077,-0.07151212103759047,0.179420993790775
135.35,0.232379994092598,-0.2943553023222056,0.1126640769254867,-0.05905063518366642,0.232336375072264
135.4,0.2664202069213717,-0.1922271181380789,0.1217421298159828,-0.04460354146711337,0.2665776233511531
135.45,0.2800255503539649,-0.08645115430218642,0.13043903146888,-0.02981055393736763,0.280379213970232
135.5,0.2727026224759239,0.01340953933550593,0.1386906357212782,-0.01614079974811402,0.2732507417630058
135.55,0.2456601578748232,0.09962499092850796,0.1464160781734543,-0.004744216075023411,0.2463968275068571
135.6,0.2020272875522812,0.1668255556416151,0.1535345427694109,0.00371055672426161,0.2029357557732587
135.65,0.1467100933040028,0.2120585934501015,0.1599805382981809,0.009190023003721008,0.1477585790575586
135.7,0.08584838611344145,0.2345208991746934,0.1657157226882096,0.01234615471577501,0.08698984451966785
135.75,0.02596991095378834,0.2351548548005119,0.1707352242024709,0.01436381695154249,0.02714580834976615
135.8,-0.02696289747531704,0.2162625029235645,0.175069002540518,0.01663893147303745,-0.02581544018179971
135.85,-0.06838795350785062,0.1812118301952226,0.1787781081376975,0.02041837941875004,-0.06732763996768421
135.9,-0.0956786691331101,0.1342237375496407,0.1819438693694589,0.0264718985407443,-0.09475185140479803
135.95,-0.1082888943437608,0.0801732083242197,0.1846502563611295,0.03483966928808207,-0.1075241124260564
136,-0.1075259617727576,0.0243278699171029,0.1869640894695871,0.04475133905349011,-0.1069320879707678
136.05,-0.09605522626090728,-0.0280268767409011,0.18892144152503,0.05477210733962572,-0.09562382564569538
136.1,-0.07728488076753166,-0.07207852349640642,0.1905281069844068,0.06311956353372122,-0.07699549767330116
136.15,-0.05477391570266464,-0.1040318049606631,0.1917674694329532,0.0680696607921758,-0.05460073643677177
136.2,-0.03176454616989262,-0.1215984087440586,0.1926024348292083,0.06839049665477831,-0.03168218387586991
136.25,-0.01088024335248566,-0.1243126142641264,0.1929806431543208,0.06373151384388084,-0.01086724973919734
136.3,0.006021124155469139,-0.1135768157856721,0.1928459822802034,0.05487130176012718,0.005981584456434708
136.35,0.01787789709283549,-0.09239925207693644,0.1921449607676211,0.04370854912753184,0.01779951060427465
136.4,0.02437827404440918,-0.06486008469149257,0.1908279340898938,0.03292272833948673,0.02427374301776741
136.45,0.02585988840404473,-0.0354064911654185,0.1888492392577354,0.02535374001547417,0.02574226840915733
136.5,0.02316166271720161,-0.008118309426048187,0.1861670755120782,0.0232859398097089,0.02304382199895949
136.55,0.01743014592842332,0.01389875695681286,0.1827446909449044,0.02787800940167476,0.01732229848943978
136.6,0.009893412141465394,0.02886755086480147,0.178554256628758,0.0389281780863399,0.009799458998641541
136.65,0.001632442460812456,0.03638897238475669,0.1735810472494518,0.05502563196915416,0.001546480132759931
136.7,-0.006608553610364148,0.03721584798768507,0.1678259692542942,0.07396901241775639,-0.006704268303101169
136.75,-0.01453391618260284,0.03284524292461,0.1613075229351429,0.09324701304117569,-0.01466855484151319
136.8,-0.02230662664478806,0.02505436912925463,0.1540612856694488,0.1104317377480884,-0.02251763170934595
136.85,-0.03045386706406306,0.01549757351609782,0.1461365716482683,0.1234337905163516,-0.03078129723232526
136.9,-0.03968286870174641,0.005442038967783613,0.1375953727974939,0.1306352841026351,-0.04016212007372799
136.95,-0.05063438115271721,-0.00433745079228931,0.1285110889756948,0.1309751238421877,-0.05128844272777944
137,-0.06361221294382156,-0.01353487236491469,0.1189606517927663,0.1240759463851466,-0.06444489864511072
137.05,-0.07834305574893165,-0.02221141925951159,0.1090120422244673,0.1104099075942742,-0.07933455192881167
137.1,-0.09383738708441056,-0.03066972364022447,0.09871949962962034,0.09137974349218522,-0.0949431983065368
137.15,-0.1084249115651325,-0.03933912131492701,0.08813098305037548,0.0692067252389605,-0.109578847504775
137.2,-0.1200088837780846,-0.04867878267579606,0.07729707736987346,0.04661978486227529,-0.1211298659103179
137.25,-0.126516829472144,-0.05908927825232846,0.06627497150442935,0.02638745389110831,-0.1275188858118829
137.3,-0.1264420002423754,-0.07082071875233553,0.05513122367148704,0.01077282744838651,-0.1272456591498224
137.35,-0.1193049426174404,-0.08387386878938874,0.04394191595283481,0.001060942126924105,-0.1198483783778212
137.4,-0.1058583988005589,-0.09790496147578542,0.03279025017858794,-0.002679301586973006,-0.106105957493533
137.45,-0.08792059652216555,-0.1121610198503544,0.02176877738447158,-0.00152102425334983,-0.08786735803525747
137.5,-0.06784051126397866,-0.1254841178041162,0.01098254846661928,0.002650664637379968,-0.06751185844547231
137.55,-0.04773047668377442,-0.1364180705558705,0.0005436898769098364,0.00757276448598489,-0.04717704207518308
137.6,-0.02870363593847596,-0.1434220284719808,-0.009438378711930817,0.0110302510022756,-0.02799289866617072
137.65,-0.01038575523502762,-0.1451496595605201,-0.01886439618105173,0.01126355936857035,-0.009592080612274234
137.7,0.009087311389056928,-0.1407161355935101,-0.02765338745704177,0.007340374892978549,0.009891893902692961
137.75,0.03251456839456796,-0.1298593350781828,-0.03575449090031019,-0.0006417383204958896,0.03326745267470166
137.8,0.06263099727676183,-0.1129249117901377,-0.04315621077143877,-0.01164393647628609,0.06328268588967539
137.85,0.1009444617185121,-0.09066167557605648,-0.04988886572949081,-0.02397406986329474,0.1014591822337049
137.9,0.146775249954489,-0.06388747238557035,-0.05602283079190512,-0.03562238299558722,0.1471290747872975
137.95,0.1968302619525945,-0.03315610951309833,-0.06165895242428793,-0.04467015831338439,0.1970084668290519
138,0.245497371741654,0.001424082873290267,-0.06690820201763714,-0.04978249271076194,0.2454924551281762
138.05,0.2858315471544576,0.0401065480569831,-0.07186812830948269,-0.05063699730033033,0.2856432794772661
138.1,0.3109965240081696,0.0831319559565189,-0.07661042396701367,-0.0480821511502998,0.3106343365017469
138.15,0.3157880673360686,0.1301530312271172,-0.08118430484585143,-0.04384580692661956,0.315275093791632
138.2,0.2978389347185953,0.1796515207517457,-0.08562284854887942,-0.03984569246423318,0.297216098314146
138.25,0.2581967437395602,0.2285858139968348,-0.08994480999649762,-0.03744767808220219,0.2575247263743612
138.3,0.2011440305461649,0.2724663204286097,-0.09415849572445445,-0.03701425092730089,0.2005014214279935
138.35,0.1333401620522164,0.3059329293609053,-0.09826829987141666,-0.0378773440605069,0.1328168917705939
138.4,0.06254056611513578,0.3237460447712605,-0.1022789131824098,-0.03867308817373517,0.06222731823425764
138.45,-0.00376212836491724,0.3219524800793604,-0.1061974026761319,-0.03785796661971783,-0.003786617130862924
138.5,-0.05945121585067979,0.2988998234662776,-0.110035174586321,-0.03417593624877596,-0.05913215042305231
138.55,-0.1004421917640565,0.2557955854912273,-0.1138087581510967,-0.02687787363146905,-0.09975722553366478
138.6,-0.124828887129501,0.1966360147845715,-0.1175354406604769,-0.01567149145472586,-0.1237911404190754
138.65,-0.1326118471489341,0.1275191129314884,-0.1212199723144845,-0.0005873659285217469,-0.1312669221476095
138.7,-0.1251915058455444,0.05553668961035874,-0.1248434562459151,0.01803851457382153,-0.1236092590432868
138.75,-0.1048241253523531,-0.01244874868383034,-0.1283635663278647,0.03943719154160131,-0.1030875590939524
138.8,-0.07419164460780477,-0.07082822683415602,-0.1317114962426837,0.06225320928872946,-0.07238509544064531
138.85,-0.03615151766668775,-0.1158502490600448,-0.1347850592980343,0.0844958136405079,-0.03435098042287149
138.9,0.006350111078414136,-0.1457353292809453,-0.1374492898663557,0.1036733579418835,0.008083737515712119
138.95,0.05027971130392902,-0.1603835820065245,-0.1395495508855545,0.1171543398534733,0.05190344537781122
139,0.09252591314796886,-0.1608545641386176,-0.1409394861551209,0.1227252746973692,0.09401499254406359
139.05,0.1299943810892767,-0.1488273091774759,-0.1415108589439456,0.1192024420497358,0.1313404399629884
139.1,0.1598168430491061,-0.1262071142605372,-0.1412093671386541,0.1068923337050443,0.1610257536718402
139.15,0.1796530330717291,-0.09495932295760828,-0.1400386468246773,0.08770728591173535,0.1807423155623564
139.2,0.1880185196561412,-0.05714181544360314,-0.1380593367377828,0.06488821902692861,0.1890149058946201
139.25,0.1845532155308409,-0.01504605090205002,-0.1353782361588894,0.04241989843849352,0.1854894219374097
139.3,0.1701500733407278,0.0286671773840953,-0.132121708676156,0.02418979919978879,0.1710608696390846
139.35,0.1468957859105302,0.07094498229712076,-0.1284034507628198,0.01302182707108997,0.1478129563663473
139.4,0.1178164410052298,0.1084911752630489,-0.1243078354738463,0.009935099102724056,0.118763615292127
139.45,0.08646434975306606,0.1380855189140602,-0.1198960610087328,0.0139578013412556,0.08745246002174079
139.5,0.05641156928823198,0.1570172188361171,-0.1152165889411769,0.02253786830988478,0.05743647277102554
139.55,0.0307327645034296,0.1635329540223305,-0.110304732228697,0.03233173028060795,0.03177566396359505
139.6,0.01156142627486614,0.1571876456776736,-0.105180454478538,0.04006962334568624,0.0125925698265657
139.65,-0.0002038769806490199,0.1390106053018032,-0.09985436373324763,0.04326980455234169,0.0007809312967097526
139.7,-0.004985815936852887,0.1114405011115372,-0.0943395790496403,0.04068615172397567,-0.004079357205607703
139.75,-0.004377913012403598,0.07802793202669378,-0.08866331368545977,0.03243233487140772,-0.003572462783793195
139.8,-0.0007677566942202266,0.04294794323303996,-0.08287221423698737,0.01975891567286935,-7.194175009928028e-05
139.85,0.003210481202482245,0.01040180026361542,-0.07703207109606869,0.004553847115584734,0.003803533193458941
139.9,0.00529298075178687,-0.01599765684872906,-0.07122431242199262,-0.01124723298760912,0.005803716564929784
139.95,0.004138016676141567,-0.0337606437667049,-0.06554015130192603,-0.0261419081033565,0.004595842557907959
140,-0.0003293279552282859,-0.04188054735201913,-0.06007142968261592,-0.03930065365289766,0.0001078957313960238
140.05,-0.006889923279104021,-0.04094905244622116,-0.05489569842728503,-0.0505322242636138,-0.006444052351682827
140.1,-0.01335750894778426,-0.0329896069594996,-0.05006846474699289,-0.0600556279042278,-0.01288154605398228
140.15,-0.01719531441149181,-0.02102475833821615,-0.04562362034768153,-0.06821561232591299,-0.01667842614508369
140.2,-0.01625953233006783,-0.008445743991762011,-0.04157455602835214,-0.07523661855080761,-0.01570246363473593
140.25,-0.009451466706240466,0.001700608568800555,-0.0379164951041262,-0.08106329796556554,-0.008865884493545972
140.3,0.002925515136899835,0.007358415488404491,-0.03463061976531145,-0.08537136314524883,0.00351870967872836
140.35,0.01921892875352293,0.007892935153829439,-0.03169485032687175,-0.08783092442406068,0.01979233914902034
140.4,0.03687128247419753,0.00419057918387844,-0.0290958798858767,-0.08853368853594099,0.03739466510710404
140.45,0.05310469112626699,-0.001615135580778859,-0.02682162808931443,-0.08831557918582739,0.05354992527797625
140.5,0.06561936556479366,-0.006737326153919698,-0.02484435250717126,-0.08874991094567435,0.06596637219281848
140.55,0.07308629183757073,-0.008501138980362977,-0.02311846230225501,-0.09178889956207054,0.07332939124063509
140.6,0.07530443060174642,-0.005074321485591227,-0.02159187931029166,-0.09917759608420078,0.07545754793697945
140.65,0.07302427738216108,0.004044643238021839,-0.02021467665049165,-0.1118180581850867,0.07312342757205093
140.7,0.06755923071884488,0.01791648801364332,-0.01893499041974334,-0.1292598681052164,0.06766076301237389
140.75,0.06036245830986309,0.03444779508658619,-0.01769091622228908,-0.1494828707314435,0.06053670177857323
140.8,0.05272306529766867,0.05096571351761942,-0.0164099686798701,-0.1691190240870979,0.05304425037014959
140.85,0.04564980331599872,0.06488289710576911,-0.01501744902517299,-0.1841234199537412,0.04618449071906977
140.9,0.03991061494576101,0.07425183093564758,-0.01344840266058644,-0.1907267911749924,0.04070731973093816
140.95,0.03612885576228881,0.07806457010528089,-0.01165563597135161,-0.1863948714566211,0.03721149578502431
141,0.03483021129349803,0.07624931138743229,-0.009610388611609455,-0.1705024500549265,0.03619658763895189
141.05,0.03638111394800583,0.06943411544074063,-0.007299820832155968,-0.1445566201980907,0.03800656998316287
141.1,0.04083363901146014,0.05861734929254125,-0.004726308723788486,-0.1119697287242527,0.0426781681354943
141.15,0.04775300747315395,0.04489215261003632,-0.001907204149874331,-0.07747475278119856,0.0497698355767493
141.2,0.0561291659027366,0.02931618183766399,0.001128846338825262,-0.0463041356997208,0.05827226435215765
141.25,0.06445171259574618,0.01292614650284568,0.004349238712178405,-0.02325897192847097,0.06668077289545227
141.3,0.07097319799516673,-0.003176059979955126,0.007728761084748181,-0.01181581258087619,0.07325528247040969
141.35,0.07411959945590038,-0.01776594575154256,0.01125909938180508,-0.01344959479291398,0.07642783888795579
141.4,0.07295349864641874,-0.02954296749963636,0.014944340579017,-0.02733601906392152,0.07526407551257502
141.45,0.0675694455519667,-0.03729421934129301,0.01878608847311347,-0.05050737072774591,0.06985816057413885
141.5,0.05930314632651182,-0.04012533048776207,0.02277033208686163,-0.07842553830178717,0.06154340333878727
141.55,0.05066532078465032,-0.03767173909701493,0.02686157911049081,-0.1058637142278448,0.05282813038798645
141.6,0.04495711534519944,-0.0302031636577722,0.03100673110791818,-0.1279217046345421,0.04701405598451225
141.65,0.04559311709519023,-0.01857435870682822,0.03514543935330983,-0.1409693927874368,0.04752109178028308
141.7,0.05523847375177184,-0.004033749069573156,0.03922047354933988,-0.1432930621563558,0.05702567127462227
141.75,0.0749538775435164,0.01205094720284494,0.04317854218742562,-0.1351940817774739,0.07660436568195539
141.8,0.1035929747227583,0.02847050422474046,0.04696273310630028,-0.1185337874437965,0.1051288865261514
141.85,0.1376843009808547,0.04438319462512985,0.05051461706347848,-0.09613387272410916,0.1391437112978434
141.9,0.1719206627147782,0.05940600006453578,0.05378865891128409,-0.07134169257165672,0.1733518227062926
141.95,0.2002029844362811,0.07357094298342581,0.05676358578398344,-0.04767399930426659,0.2016553655198818
142,0.2169918640806576,0.08715964228311046,0.05944989937308026,-0.02838417588240156,0.2185067411335017
142.05,0.2185982613201989,0.1004479680014375,0.06189598225488702,-0.01597164832573393,0.2202004662721812
142.1,0.2040416048918788,0.1134170871283895,0.06418314987122997,-0.0117363343824814,0.205735003524378
142.15,0.1752363105111435,0.1255161755666155,0.06640614438866765,-0.01549021555737692,0.1770032303634465
142.2,0.1364761080778191,0.1355763405454917,0.06864908856519292,-0.02560035238310867,0.1382811529555613
142.25,0.09339971033498953,0.1419485123480433,0.07097437039703153,-0.03946267925758563,0.09519605119201724
142.3,0.05175476643014784,0.1428681526843996,0.07342822339109045,-0.0542739536160197,0.05349177550936662
142.35,0.01630022616366888,0.1369613656475177,0.07604505220134022,-0.06780869899461817,0.01793012895755414
142.4,-0.009903406163321207,0.1237373899390275,0.07884149733497031,-0.07894609511016032,-0.008420497092670842
142.45,-0.0257170403936261,0.1038958971418559,0.0818123246517804,-0.0878163651417336,-0.02441048161134429
142.5,-0.03171791766003481,0.07932713789783186,0.08493719170160913,-0.09552397341177535,-0.0306054764574058
142.55,-0.02972882349876261,0.05278005539780339,0.08819144306197524,-0.1035210411072651,-0.02881663859497596
142.6,-0.02227149228576158,0.02729101133613926,0.09155517564218135,-0.1128844896704005,-0.02155414583083587
142.65,-0.0120870979306799,0.005546348253090638,0.09501673243620801,-0.1238416924190385,-0.01154769092867547
142.7,-0.001782047582955321,-0.01063515426466549,0.09857120132721331,-0.1357506411261024,-0.001392588382913229
142.75,0.006421989386432217,-0.02056722077728762,0.1022183201046353,-0.1474503302239656,0.006699169762596269
142.8,0.01089209450804313,-0.02467104627856964,0.1059575965291352,-0.1577095582003398,0.01110128834053103
142.85,0.01078456186606775,-0.02421287413008494,0.1097784254787117,-0.1655675313279278,0.01097194058303075
142.9,0.00623146189858704,-0.02091008346223994,0.1136549346874234,-0.1704898613992805,0.006439233054719773
142.95,-0.001553196386896905,-0.01653072226186469,0.1175482824699233,-0.1723439538314716,-0.001292483772250663
143,-0.01033853558974772,-0.01258786401078205,0.1214010655189016,-0.1712727376263882,-0.01000617122029301
143.05,-0.01717799777211771,-0.01016345642112693,0.1251281460290169,-0.1675392005337054,-0.01677060673960912
143.1,-0.01894027291403842,-0.009840450832132808,0.1286217885851941,-0.1613611413839122,-0.0184683173117649
143.15,-0.01297665387508562,-0.0116905408899573,0.1317667064713618,-0.1527939987015397,-0.01246032033885247
143.2,0.002233403288024151,-0.01527283111702432,0.1344507740305296,-0.1417940735568924,0.002769573974842732
143.25,0.02662687209627706,-0.01963907601005388,0.1365748655297471,-0.1285318129122406,0.02715931790374371
143.3,0.05841138265721701,-0.02337061727237588,0.1380636004289368,-0.1138034554417888,0.05892140837043747
143.35,0.09426016511940473,-0.02468521673848745,0.1388703867878626,-0.09924604209699055,0.0947360661286622
143.4,0.1297937475665662,-0.02165211678241191,0.1389787409419178,-0.08717482690056477,0.1302311124901816
143.45,0.1602436694221703,-0.01252376888297024,0.1383989122918109,-0.08009476819078157,0.1606447024023369
143.5,0.1811897724186091,0.003856460746157309,0.1371573247948633,-0.08006569624163307,0.1815620696253206
143.55,0.1892831202479155,0.02766052878994146,0.1352833957078217,-0.08810709727225474,0.1896384488650206
143.6,0.1828829664170319,0.05780609483891075,0.1327993544643935,-0.1037932396460506,0.1832358800130133
143.65,0.1625265441333332,0.09190098370906985,0.1297152370385338,-0.1251583386109912,0.1628928344879444
143.7,0.1311272912070077,0.1264514223577323,0.1260296792208716,-0.1489770677720835,0.1315221159175559
143.75,0.09379088468752,0.1573254782490077,0.1217346203099922,-0.1713694435093259,0.09422696821966875
143.8,0.05718403261772091,0.1803888368058448,0.1168205370764464,-0.1885784818446153,0.05767037464502661
143.85,0.02849355512498451,0.192198478107962,0.1112828263247102,-0.1977189647193439,0.0290353287607556
143.9,0.01414573662400535,0.1906378462912361,0.1051292173326489,-0.1973060294624956,0.0147455817447345
143.95,0.01856262510012488,0.1753922745190586,0.09838473844454954,-0.1874298547944845,0.01922326502795191
144,0.04326206400625458,0.1481923990306766,0.09109421370107557,-0.1695246844925552,0.04398944641784142
144.05,0.08653600105204426,0.1127764940277616,0.08332470443820617,-0.1458139173035148,0.08734202057324353
144.1,0.1437867297579759,0.07454219109126936,0.07516548819720248,-0.1186534556352315,0.1446903475654606
144.15,0.208415644107415,0.03988502021673435,0.06672071988239425,-0.09002565422311216,0.2094417044329782
144.2,0.2730125446755786,0.01528005650884362,0.05809886002096237,-0.06133041408823933,0.2741880451423057
144.25,0.330536002614084,0.006230828339628736,0.04940566151951864,-0.03345630727627012,0.3318843810615968
144.3,0.375222437213396,0.01626457497810907,0.04074114776583265,-0.007016680759149053,0.3767571362724038
144.35,0.4030870789837584,0.0461888350617668,0.03219595925070928,0.0174215406487415,0.4048058833040378
144.4,0.4120292333887327,0.09380095875058286,0.02384436605419066,0.03925504887294001,0.413911208083088
144.45,0.4016718049762478,0.154145779883222,0.01573559130398666,0.0578945017373978,0.4036775824211313
144.5,0.3731080545893907,0.2202843645177654,0.007883631214477493,0.07284437596188341,0.3751841962888096
144.55,0.3286949479061372,0.2844051139017985,0.0002605116798002349,0.08375568762356167,0.3307809672319096
144.6,0.2719373848844798,0.3390245614585972,-0.007197237409711787,0.09045081580598416,0.2739745266411481
144.65,0.2074047215222132,0.3780249639991078,-0.0145713993165692,0.09290921767463831,0.2093435771859524
144.7,0.1405469628675498,0.3973465706662205,-0.02194445547672791,0.09118854176521175,0.1423528663583092
144.75,0.07728136002366776,0.3952662480562436,-0.02938603754653596,0.085280765932974,0.07893542309445112
144.8,0.02329501358660339,0.3723128521979461,-0.03694342022805935,0.0749622884225456,0.0247914785645596
144.85,-0.01685625908394288,0.3309420537532065,-0.04463634314555465,0.05974985195918001,-0.01551624397403084
144.9,-0.04064470235105132,0.2751086509486726,-0.05246058233930639,0.03906121722384391,-0.03946035672428116
144.95,-0.04818138192110823,0.2098358479213152,-0.06040155856353735,0.01257935621519166,-0.04715907906227573
145,-0.04229324932709306,0.1408081852820866,-0.06844499330178577,-0.01931956424520863,-0.04145024986284945
145.05,-0.02795217695715021,0.07396029715070218,-0.07657794042766641,-0.05526622768658151,-0.02731651108073974
145.1,-0.01114160085725865,0.01500956258480385,-0.08479338320448365,-0.09284529119697851,-0.0107475689552412
145.15,0.002564890029198126,-0.03110200861888873,-0.09310248821130074,-0.1288053470193324,0.002684288824851166
145.2,0.009326265552943688,-0.06082794561279886,-0.101538888371165,-0.1595084762035255,0.009148209190101342
145.25,0.007882810319026486,-0.07259370914752833,-0.1101428529395058,-0.181576200682995,0.007402442102182105
145.3,-0.0003125658972916786,-0.06716807298727168,-0.1189393324622605,-0.1926019576237814,-0.001077435130859783
145.35,-0.01171323444935061,-0.04767030927684496,-0.1279279989711478,-0.1917296940849035,-0.01272155779356721
145.4,-0.02185873555976114,-0.01911544298244766,-0.1370796877796495,-0.179957991099082,-0.02304992775773823
145.45,-0.02676299128648921,0.01247339558303284,-0.1463333141800684,-0.1600994119531954,-0.0280637618424564
145.5,-0.02410066890626549,0.04120628282458783,-0.155595346781804,-0.1363321594014934,-0.02543355939457687
145.55,-0.0138486173162964,0.06245841822630316,-0.1647431141964129,-0.113370590816118,-0.01514050029170733
145.6,0.00179031179165317,0.07371161565433043,-0.1736308699156819,-0.09548619498370269,0.000601082836527711
145.65,0.0191294667822825,0.07488020588950439,-0.18209889793687,-0.0856820697071428,0.0180881105374191
145.7,0.03414717916581803,0.06803027104274367,-0.1899870519434168,-0.08518458570008054,0.03328027919034615
145.75,0.04366074340809615,0.05658997292293116,-0.1971488213088352,-0.0933221209399351,0.0429767142712264
145.8,0.04615103738524839,0.04428496806673171,-0.2034601688911921,-0.1078502940779367,0.04564318858444638
145.85,0.04200078999769003,0.03410325419453103,-0.2088186087716108,-0.1256552216501706,0.04165216415205292
145.9,0.03312569715891024,0.02758588964991587,-0.2131359330144916,-0.1435714925129397,0.03291484400466643
145.95,0.02219318436451578,0.02462777503946806,-0.21634089418473,-0.1590035567173498,0.02209943677578485
146,0.01175366499156368,0.02380906122544318,-0.2183879002195309,-0.1701886013093298,0.01176083402927341
146.05,0.003608316913007227,0.02311201903591897,-0.2192572911256271,-0.1761643880711699,0.003706020336622373
146.1,-0.001389815371641228,0.02075238916480165,-0.2189477943489228,-0.1765939901890232,-0.001207056657976602
146.15,-0.003100211876532257,0.01583068509712937,-0.2174722744162386,-0.1715650832276422,-0.002835179886866213
146.2,-0.001605625904921925,0.00859118658624991,-0.2148584708725155,-0.1614441083037266,-0.001260580857443072
146.25,0.003255420559953696,0.0002317713789468101,-0.2111503503581965,-0.1468253621045245,0.003677931123902911
146.3,0.01208838849142053,-0.007620296737943955,-0.2064101938260769,-0.1285843639539572,0.01258649074313073
146.35,0.02576359487500749,-0.01352515350544869,-0.200715098861724,-0.1079633274487216,0.0263385168424321
146.4,0.04492765615879833,-0.01666991955816743,-0.1941476010767992,-0.08653281901086846,0.04558615148629874
146.45,0.0694194973011836,-0.01695144973895113,-0.1867911033582611,-0.06594177673144461,0.07017496191000316
146.5,0.09785541224410586,-0.01469346257741794,-0.1787270108292943,-0.04754159473357865,0.09872639219076407
146.55,0.1275841727154051,-0.01016229874471164,-0.1700306182786768,-0.03207834758585381,0.1285904699606667
146.6,0.1550721531710592,-0.003138974147606444,-0.1607764977934902,-0.01961856601117479,0.1562292485206494
146.65,0.1766178208095907,0.007216707872413852,-0.1510483649329172,-0.009737001478227345,0.1779316180964504
146.7,0.1891810130792718,0.02209978814674718,-0.1409351077700085,-0.001839580838906324,0.1906442696269586
146.75,0.1910767349970644,0.04246149538228888,-0.1305174784847223,0.004561360988740984,0.192668503235731
146.8,0.1823337202278524,0.06830697830163263,-0.1198608121092244,0.009726073821823585,0.1840214493106325
146.85,0.1646255322487236,0.09818878461029024,-0.1090155508812342,0.01370132559710652,0.1663690868231424
146.9,0.1408126991818633,0.1291466865249976,-0.09802239441220589,0.01638480366253258,0.1425685483973557
146.95,0.114242899738829,0.1571837600396113,-0.08692131625182231,0.01758993592089176,0.1159672394880721
147,0.08801235949762498,0.1781627488628686,-0.07575897611845733,0.01712033104155017,0.08966238734090565
147.05,0.06437678439726094,0.1888495012024872,-0.06458790075671367,0.01486244032499819,0.06591036589992799
147.1,0.04442478618684546,0.1877671339830467,-0.05345890776578438,0.01088234241105585,0.04579968000572598
147.15,0.02802563662843273,0.1755833647750201,-0.0424134704044804,0.005526400392047377,0.02919952427143002
147.2,0.01398160252672944,0.1549042158389364,-0.03147754443490858,-0.0004951924397809549,0.01491427374647836
147.25,0.0002912533594881786,0.129544226603532,-0.02065974835675211,-0.006134585869856895,0.0009489058903812686
147.3,-0.01553613535907023,0.1035107801355046,-0.009957576859612405,-0.01022247430410599,-0.01517503935638909
147.35,-0.0361119315753289,0.08001338062982216,0.0006377875281994294,-0.01181594054615748,-0.03605123552180567
147.4,-0.06370501874954766,0.06078196982484474,0.01114601660176412,-0.01049256641408014,-0.06392755205089262
147.45,-0.09966654650185484,0.04585294409097118,0.02160617987252572,-0.006447332980912469,-0.1001344192284208
147.5,-0.143809919109021,0.03381260705163613,0.03207888734670483,-0.0004079621369611432,-0.1444686799063176
147.55,-0.1939153156309754,0.02234902211025458,0.04263586271646524,0.006558767122588954,-0.1947010337117083
147.6,-0.2455825100741724,0.008897861642410521,0.05333574617182335,0.01334562482894675,-0.2464303639569568
147.65,-0.2926135123535676,-0.008806928793150537,0.06420168661359293,0.01915936261054976,-0.2934658824826839
147.7,-0.3279597003379379,-0.03237210002214652,0.07521393919354641,0.02374305550400827,-0.3287728177302038
147.75,-0.3450701887983481,-0.062558174848871,0.08631055831265511,0.02731303107312548,-0.3458183226519643
147.8,-0.3393075042794024,-0.09918354844500848,0.09739498063679997,0.03027634498071782,-0.339984946220213
147.85,-0.3090371899070081,-0.1410354875634402,0.1083510179691057,0.03296417771759037,-0.3096577817330204
147.9,-0.2560775698911803,-0.1857668217089794,0.119063564715855,0.03557897961304634,-0.2566721450402657
147.95,-0.1853914286681755,-0.2298461455008946,0.1294385552474973,0.03835140244611626,-0.1860029196746023
148,-0.1041309166364852,-0.2686905041037733,0.1394117893841349,0.04171529881286926,-0.1048074805753915
148.05,-0.02032640732906267,-0.2970931753564821,0.1489449102232023,0.04630178429023182,-0.02111292729785053
148.1,0.05842393311560388,-0.3099650423591127,0.1580140270895173,0.05270784365782046,0.05749474570338992
148.15,0.1259610294446297,-0.3032744195948663,0.166592566585395,0.06117662684197587,0.124876538686868
148.2,0.1781050700576719,-0.2749621562765342,0.1746320052857298,0.07135470882237861,0.1768777477558398
148.25,0.2127282035166869,-0.225577990466713,0.1820550355867382,0.08216923835636862,0.2113964378404092
148.3,0.2294885108660857,-0.158441324382025,0.1887643937206228,0.09184196956069403,0.2281122242642735
148.35,0.2294120274474044,-0.07925831838889452,0.1946564299973114,0.09809971941948877,0.2280634519202093
148.4,0.2144917068079829,0.004715304703153567,0.1996373975601285,0.09855678521053829,0.2132426738301543
148.45,0.1873976043629315,0.08576228085073812,0.2036363569326843,0.0911342194848092,0.1863059260670524
148.5,0.1513010508578544,0.1567977127450593,0.2066059051552495,0.07442400577427712,0.1503991213871229
148.55,0.1097467429724824,0.2122500293434949,0.2085200672801162,0.04799422788185625,0.1090352206933257
148.6,0.06648614365888364,0.2485883337701674,0.2093755307270999,0.0126188318035551,0.0659346282335444
148.65,0.02521596803961492,0.2644664904158542,0.2091909126047777,-0.02964552665905899,0.02477063237769239
148.7,-0.01077438078161675,0.2605530558945608,0.2080075847099678,-0.07562765730328794,-0.01117795109821151
148.75,-0.03898106092457337,0.2391645201470088,0.2058912680204857,-0.1214397536273352,-0.03940327563974538
148.8,-0.05798937314612922,0.2038319984084755,0.2029284419514162,-0.1629782555068692,-0.05847403311016219
148.85,-0.06760574146222421,0.1588815891569751,0.1992119049317135,-0.1964109291601741,-0.068172714528764
148.9,-0.06876414546957153,0.1090401222881321,0.1948211310179603,-0.2185812068683937,-0.06940869914947612
148.95,-0.06322047905323096,0.05906426897486394,0.1898205756184878,-0.2273075318959389,-0.06391888204295237
149,-0.05311994338246052,0.01336675238533813,0.1842740729926199,-0.2215838209793023,-0.05383877702016782
149.05,-0.040568505030857,-0.02436874313379839,0.1782573941954351,-0.2016567498551817,-0.04127468731064993
149.1,-0.02734021691967758,-0.05155071335396377,0.1718552620567921,-0.1689723808094356,-0.02800844673475006
149.15,-0.01479686228549394,-0.06694796776135381,0.1651448402718429,-0.1260611401052542,-0.01541297307015815
149.2,-0.004006119164479341,-0.07078464106508964,0.1581755075854029,-0.07637460809887453,-0.004565959388222796
149.25,0.004047379692044818,-0.06461022214004664,0.1509631008874149,-0.02395648005284815,0.003541791595116861
149.3,0.00830926644786433,-0.05094907587498304,0.1434993402916473,0.02711564731319766,0.007854189066571926
149.35,0.007688577111937147,-0.03280684585731619,0.1357630378306474,0.07336766027636811,0.007281100306094523
149.4,0.001313160525532586,-0.01315242920402337,0.1277328473952271,0.1123838411141382,0.0009507884935487931
149.45,-0.01107386006704526,0.005495261066393808,0.1193992160215873,0.1429364070144651,-0.01139647949393197
149.5,-0.02875007712236773,0.02127861728379332,0.1107741495404486,0.1648327599957829,-0.02904542093005591
149.55,-0.04987443133587943,0.0329901113614478,0.1018961465188917,0.1785978006541359,-0.05016503091174401
149.6,-0.07169693128541928,0.03989928902266709,0.09283017523647785,0.1851042255360362,-0.07201475856971362
149.65,-0.09110968480088882,0.04153158986707178,0.08366146952643833,0.185257991231032,-0.09149131508741115
149.7,-0.1053897096126518,0.03752744855227974,0.0744822132217125,0.1798293255687342,-0.1058682354693869
149.75,-0.1128916483654893,0.02767079375377463,0.06537621016221534,0.1694597881330739,-0.1134879930584428
149.8,-0.1134482876419035,0.01209062289630292,0.05640601079375462,0.1547911736202855,-0.1141649941811853
149.85,-0.1083319630433999,-0.008456517148241471,0.04760256661830453,0.136621146607899,-0.1091519119853545
149.9,-0.09978600755093971,-0.03237553921856196,0.03895756970580494,0.1160386822025411,-0.1006766907096741
149.95,-0.09029088351506451,-0.05724411290024378,0.03042093393647083,0.09453571644883001,-0.09121273977152983
150,-0.08182356507862341,-0.08012821717597957,0.02190923521246729,0.07405508273349536,-0.08273937836098999
150.05,-0.07536522685966973,-0.09816599366978707,0.01332242397540506,0.0568851075551771,-0.07624705074902022
150.1,-0.07081308321148171,-0.109264649154098,0.004558525763407761,0.04532265397514793,-0.07164449460676381
150.15,-0.06729842652356456,-0.1126811976635397,-0.004468830173352645,0.04112605525520689,-0.06807163420982187
150.2,-0.06376109650953893,-0.1092658748222736,-0.01380733709212156,0.04494089101977936,-0.06447109202804752
150.25,-0.05953972866646735,-0.1012478998314748,-0.02345758763584593,0.05597138918360241,-0.06017857695366891
150.3,-0.05473624534686061,-0.09159783849124004,-0.03338065838390292,0.07203555682893527,-0.05529105551905045
150.35,-0.05020527460740761,-0.08315615099850432,-0.04351091858264433,0.08993947799137662,-0.05066132570794457
150.4,-0.04716693121616522,-0.07781269971501509,-0.0537669798847859,0.1060955394563363,-0.04751555138451868
150.45,-0.04659387264378715,-0.07601328617983982,-0.06405946876026775,0.1173050577340305,-0.04684201079997852
150.5,-0.0486195896308191,-0.07675444812528875,-0.07429780410087283,0.1214941319864271,-0.04879734507847477
150.55,-0.05221948717554067,-0.07805843110635108,-0.08439555624080103,0.1181249079503457,-0.05238199373547814
150.6,-0.05532301256403557,-0.07774548883520832,-0.09427354602890631,0.1081384123143511,-0.05554517757411737
150.65,-0.055360939901535,-0.07420967908173848,-0.1038596549706625,0.09350561563632026,-0.0557257428753859
150.7,-0.05009360112753268,-0.06691762539013763,-0.113086885141115,0.07658585061280075,-0.05067701812067293
150.75,-0.03846324496341803,-0.05646325165905014,-0.1218935975821692,0.05948138630624156,-0.03931973930107374
150.8,-0.02119817674625656,-0.04417899003439085,-0.1302263522551457,0.04357689114450597,-0.02235083108068148
150.85,-0.0009684081338683982,-0.03147893384433698,-0.1380415373765735,0.02939477519769177,-0.002405996399689858
150.9,0.01798128810783742,-0.01921544514313356,-0.1453011477289768,0.01675459404629528,0.01629944840039976
150.95,0.03065276868286507,-0.007330639189869315,-0.151960259851981,0.00513749294696838,0.02878608406913019
151,0.03238598137050998,0.005031896460283347,-0.1579602339046136,-0.005862931267895315,0.03039864656931368
151.05,0.01996479937782457,0.01897813606306542,-0.1632438430862427,-0.01616475548237734,0.01791274236407836
151.1,-0.007526922423114891,0.0350790576414533,-0.1677746486263191,-0.02506252055393533,-0.009605370095684906
151.15,-0.04831354208938771,0.05265946198477595,-0.1715396296405234,-0.03140057887417377,-0.05040100378164669
151.2,-0.09810929084478104,0.06945257940396909,-0.1745409022177828,-0.03397347249919603,-0.100206861978407
151.25,-0.1508474000339565,0.08178505537263248,-0.1767901445598213,-0.03196724486662345,-0.1529675919297873
151.3,-0.1997931294750672,0.08528418444322156,-0.1783066531683117,-0.02527302523413964,-0.2019508491476942
151.35,-0.2387783447879703,0.07593338022447066,-0.1791145548878306,-0.0145954843482791,-0.2409825358814388
151.4,-0.263265644038529,0.05119196721662916,-0.1792399400134185,-0.001358007708851246,-0.2655135551978749
151.45,-0.2710030581191748,0.010877549432879,-0.1787089574302807,0.01256324235667083,-0.273278284357839
151.5,-0.2621529241172592,-0.04242449629139511,-0.1775442644694513,0.02522618407354309,-0.2644267445012096
151.55,-0.2389280125797305,-0.1035415330902797,-0.1757622960966345,0.03504737813809583,-0.2411634556044376
151.6,-0.2048984291656771,-0.1654609105433606,-0.173375569945923,0.04118438277132447,-0.2070551689068615
151.65,-0.1641954232499317,-0.2204907740975704,-0.1704037778578311,0.04378285655796318,-0.166234934356519
151.7,-0.1208255956801703,-0.2615885613749299,-0.1668895650418625,0.0439432174743608,-0.1227150308786045
151.75,-0.0782258372264857,-0.2835732808131111,-0.1628998526881963,0.0433520641512197,-0.07994109457535559
151.8,-0.03908476207306866,-0.2839740508333923,-0.1585156414451706,0.04373821961243856,-0.04061202254730656
151.85,-0.005361423274053793,-0.2633572641329681,-0.1538311086756739,0.04638460709133792,-0.006698116569749946
151.9,0.0216100016630119,-0.2250926259245581,-0.148951977607869,0.05180042534033057,0.02045542347169244
151.95,0.04103373377356854,-0.1746437468853065,-0.1439820827729638,0.05954869904746408,0.04004270005367755
152,0.0526352096283013,-0.1185623059281209,-0.1390075199056668,0.06824136684317328,0.05178144114016126
152.05,0.05670368369221649,-0.0634054764077645,-0.1340899422942682,0.07575872780696254,0.05595677335175608
152.1,0.05413648960458441,-0.01478751552308782,-0.1292669656060365,0.07971379312613174,0.05346678562512275
152.15,0.04641499536857401,0.02328348061522212,-0.1245532297058844,0.07808758906463077,0.04579860360145876
152.2,0.03546172860734405,0.04871661238590952,-0.1199431187094874,0.06987311214763332,0.03488462418826299
152.25,0.02337261495894365,0.06131061181717085,-0.1154192683000606,0.05554071896271529,0.02283229652246782
152.3,0.01206603411482318,0.06246445528370415,-0.1109668540602574,0.03716390526418657,0.01157009076999754
152.35,0.00292927180347288,0.05472928346490824,-0.1065793913860816,0.01808008445099777,0.002490767594861831
152.4,-0.003442220192291556,0.04129820790820771,-0.1022482673867044,0.002086176507474489,-0.003811290034446579
152.45,-0.007330103304152956,0.02550563053063298,-0.09795662508329195,-0.007591450406421896,-0.007625528410453386
152.5,-0.009762358244561644,0.01037748048773002,-0.09367988649898246,-0.009126725978247261,-0.009992410876255686
152.55,-0.01218586958515285,-0.001744388899732441,-0.08938357830934218,-0.002420597835908935,-0.01237239342516333
152.6,-0.01602432530179384,-0.009482305315985151,-0.08502191258800101,0.01109779513016514,-0.01619950932442221
152.65,-0.02224701800593034,-0.01257420505683926,-0.08054166920372696,0.02906367517960642,-0.02244649859820691
152.7,-0.03108331151884801,-0.01185827512195381,-0.07588805171608293,0.04892561947308814,-0.03133735508149066
152.75,-0.04198442961011375,-0.009066501581027619,-0.07100798532932906,0.06863625409028569,-0.04230966085468835
152.8,-0.05386357724073555,-0.006437619142053042,-0.06585568455873841,0.0870911794566028,-0.05425767141505944
152.85,-0.06555345438877216,-0.006205757876216134,-0.06040341289544954,0.1041474162577704,-0.06599447866144093
152.9,-0.07633403125040814,-0.01006597075015125,-0.0546497813830954,0.1202345004207511,-0.07678495439916455
152.95,-0.08633542848544908,-0.01874578327288223,-0.04861993552387128,0.135758042264502,-0.08675294687375906
153,-0.09663691108978513,-0.0318043408274562,-0.04236216464120435,0.1505720771709672,-0.09698284709783245
153.05,-0.1089710398611029,-0.04772963194285756,-0.03594404093910808,0.1637497927380421,-0.1092238623547293
153.1,-0.1250790120641791,-0.06433236941492082,-0.02944551045427496,0.1737072246769047,-0.1252432183700634
153.15,-0.1459040518216856,-0.07935533506141629,-0.02294898397308159,0.1785814132834985,-0.1460153331185413
153.2,-0.1708983331445988,-0.09115003073079836,-0.01653206246688432,0.1767677090827001,-0.1710232864561819
153.25,-0.1977170926014523,-0.09923600021074136,-0.01026461415942592,0.1675172502102304,-0.1979469434497874
153.3,-0.2224719982344193,-0.1045601591231125,-0.004206223353113714,0.151388926740969,-0.2229109354752793
153.35,-0.2405437299731993,-0.1093405558004297,0.001596774028008063,0.1303039218725294,-0.2412934220024679
153.4,-0.2477650500200805,-0.1164916263055925,0.007111059161518996,0.1070949993305318,-0.2489080980763824
153.45,-0.2416456091106043,-0.1287405536702781,0.01231073703213253,0.0847246837786037,-0.2432308989510133
153.5,-0.2222669718756385,-0.1476569693803272,0.017170106704817,0.06551874953344672,-0.2243002496111915
153.55,-0.1925545591398328,-0.1728723413361594,0.02166008035423922,0.05069856637610221,-0.1949957426594953
153.6,-0.1578073153727288,-0.2017402368258849,0.02574890406135177,0.04031053840348072,-0.1605755449871589
153.65,-0.124589125813967,-0.2296092752106589,0.02940544797431283,0.03348729972245342,-0.1275734785719818
153.7,-0.09927683784626416,-0.2507268078047923,0.03260556291950345,0.02888498670697702,-0.1023509200364882
153.75,-0.08666513950216843,-0.2596074826333031,0.03534124370772362,0.02512520479499084,-0.08970160569896296
153.8,-0.0890007439353618,-0.252539954954064,0.03762826467692565,0.02113401309094996,-0.09188398884065541
153.85,-0.1056792136595042,-0.2288171258821595,0.03950652279322198,0.0163266387464573,-0.1083139476627488
153.9,-0.1336241557992299,-0.1913138934254112,0.04103312839496964,0.01060175019276411,-0.1359404244378094
153.95,-0.1681683072119451,-0.1461880904040899,0.04227531456044858,0.004157043502270789,-0.1701232872903035
154,-0.2041298740160245,-0.1017154750525466,0.0433037252191627,-0.002792721020455903,-0.205708192425564
154.05,-0.2367725076301408,-0.06652232032166938,0.04418206522338514,-0.01025567861067257,-0.2379858041070456
154.1,-0.2624344774452059,-0.0476685915858121,0.04496128392458798,-0.01849280009586059,-0.263320630935251
154.15,-0.2787625698580782,-0.04908539721446664,0.04568406603661979,-0.02778584552068371,-0.2793839413385036
154.2,-0.2846194203532079,-0.07076999698747966,0.04638893364485697,-0.03810937322591242,-0.2850590698642596
154.25,-0.2798055250088772,-0.1089218232955874,0.04711068362443283,-0.04893703152593123,-0.2801605304061612
154.3,-0.2647421281965249,-0.1569334610793911,0.04788275925379587,-0.0593037626519527,-0.2651137216717406
154.35,-0.2402213214007468,-0.2069214177807771,0.04874155696837862,-0.06812743590629627,-0.2407027428138332
154.4,-0.2072760622232773,-0.2513582776101398,0.04972812303038621,-0.07460131176916951,-0.207939843933176
154.45,-0.1671725241498751,-0.2843863550740382,0.05088569730022729,-0.07830981388699176,-0.1680597267596252
154.5,-0.1214871853656846,-0.3025360646805493,0.0522563837347193,-0.07895660571452548,-0.1226007464986876
154.55,-0.07220179905153402,-0.3047795633385392,0.05388203357722648,-0.07597673585628988,-0.07350582904369196
154.6,-0.02174094403980507,-0.2920530017571934,0.05580094711737971,-0.06840189029026075,-0.02316600952250991
154.65,0.02710717280811712,-0.2665023845778549,0.05803795536022344,-0.05511160751604682,0.02565331909498736
154.7,0.07140262208239694,-0.2307403450947442,0.06060247274492186,-0.03530040316010143,0.0700213773678966
154.75,0.1083665649817585,-0.1873342795122863,0.06349428749418401,-0.008939293263282085,0.1071538345209838
154.8,0.1357255496782423,-0.1386204679129139,0.06670438986765403,0.02292358370174158,0.1347590862503147
154.85,0.1520130149309658,-0.08680335847490483,0.07020688314890489,0.05815663709330016,0.1513430275730647
154.9,0.1567705409410209,-0.03420379414974045,0.07395374487242018,0.09385611858578875,0.1564150655235695
154.95,0.1506228288512399,0.01652198721418929,0.07787938553587048,0.1268430643315178,0.1505677437593557
155,0.1352229204205873,0.06234808156703786,0.08190665068754643,0.1541886779233517,0.1354264215264744
155.05,0.1130762600007362,0.1001025282801713,0.08595354769371694,0.1736816512702176,0.1134767100815837
155.1,0.08725453265850307,0.1269202660124529,0.089938643858821,0.1841914812579456,0.08778031366411221
155.15,0.0610156059050811,0.140802980601629,0.09378022392853141,0.1858747033090052,0.06159534004617973
155.2,0.03736214797835698,0.1411135957201735,0.09739635677241598,0.1801395917495873,0.03793337632502236
155.25,0.01859698772992398,0.1288467539804262,0.1007131651964966,0.1693238946413632,0.01911186177601432
155.3,0.00595850981673223,0.1065824886802787,0.1036770545313558,0.1561782435344981,0.00638542454184754
155.35,-0.0005737485429276964,0.07812423543460112,0.1062577267583418,0.1433237537634503,-0.000252441074955756
155.4,-0.002235089244006377,0.04790203088905232,0.1084428148962923,0.132820915201665,-0.002028241066183489
155.45,-0.001177835860077807,0.0202663530518401,0.110236146847055,0.1259413418401615,-0.001091540823208947
155.5,2.736467517451568e-05,-0.00119009368937173,0.1116555152508262,0.1231846839967319,-1.495080816737993e-05
155.55,-0.001022470016149298,-0.01416791505180581,0.112724347734887,0.1244813422202987,-0.001205098373041502
155.6,-0.006032162788066623,-0.01797796187879752,0.1134616662692488,0.129422886331034,-0.006368437656151693
155.65,-0.01566128128874685,-0.01360253764468577,0.1138790622644542,0.1373781570026098,-0.01616118663866173
155.7,-0.02943388874834809,-0.003492573584498559,0.113976005436332,0.1474859859375789,-0.03009796902637479
155.75,-0.04590419753741958,0.008879935662284066,0.113731494180627,0.1586167127779685,-0.04671876397094554
155.8,-0.06300976999806703,0.01965383305765289,0.1131126952609271,0.169369411078311,-0.06394567521798661
155.85,-0.07850632556568544,0.02529777582708276,0.1120931221850605,0.1781236696129636,-0.07952242551536243
155.9,-0.09037777950323972,0.02329501294550307,0.1106688783597885,0.183176711731681,-0.09142905144872038
155.95,-0.09714654794039475,0.01265842655004751,0.1088699281481041,0.1830221433272233,-0.09819483832360776
156,-0.0980523422853732,-0.005844734629053661,0.1067633815417832,0.1767384964489849,-0.0990771014516848
156.05,-0.09310929299247427,-0.02981911390088166,0.1044469984515902,0.1642451351821223,-0.09411459270731687
156.1,-0.08307517271638544,-0.05569679614733691,0.1020294254924189,0.1462290701586598,-0.08409069478821252
156.15,-0.06937397281430341,-0.07942302235300258,0.09960075386989481,0.1238703757796083,-0.07044849363527772
156.2,-0.05399840113220163,-0.0972221151577598,0.09722081419826917,0.09856390062166763,-0.05518730934783711
156.25,-0.03939326014497525,-0.1062790542177453,0.0949240800545319,0.07169116699072212,-0.0407428449128503
156.3,-0.02828877852556376,-0.1052010197919921,0.09271779642166667,0.04443779867277144,-0.02982212615062152
156.35,-0.02343986806924033,-0.09418761585399449,0.09057856777492146,0.01766936147911943,-0.02514807829135768
156.4,-0.02724287629534076,-0.0749140280390001,0.08845327634485356,-0.008113659071707306,-0.02908483729511968
156.45,-0.0412580170243687,-0.05019564715854563,0.08626450035082822,-0.03272457369382404,-0.04316833938859305
156.5,-0.06573550140197255,-0.02353927430498487,0.08392240446802557,-0.05614327396321214,-0.06763881028840085
156.55,-0.09929766678896464,0.001310850016044141,0.08134004686429686,-0.07831934952667803,-0.1011242546125751
156.6,-0.1389197026206715,0.02075396415347042,0.07843832244931115,-0.09899345922294905,-0.1406182890156216
156.65,-0.1802748052818466,0.03161756938539018,0.07514440986394733,-0.1175888173005909,-0.1818180779808243
156.7,-0.218382857985062,0.03137416041935509,0.07139441832354798,-0.1332291150334062,-0.2197649713038924
156.75,-0.2483918713772867,0.01834547505660949,0.06713485108446987,-0.1449167251301227,-0.249619072561126
156.8,-0.2662784539610102,-0.008061932869899147,0.06232374254232254,-0.1518248278228625,-0.2673570612228378
156.85,-0.2693065108825631,-0.0470981658671441,0.05693706136469756,-0.1535725950088596,-0.27023277048704
156.9,-0.2561977880229344,-0.09645805210733216,0.05097367595376023,-0.1503518888275756,-0.2569535906144921
156.95,-0.2270828689262477,-0.15222631875271,0.04444943487776892,-0.1428626279228463,-0.2276387512522905
157,-0.1833543177274439,-0.2090903771128194,0.0373860928462505,-0.132071280030199,-0.1836784332506685
157.05,-0.1275177849906763,-0.2608730683320801,0.02980922835891875,-0.1188753362154042,-0.1275873243216283
157.1,-0.06306348002073735,-0.3013402329100955,0.02175453933545857,-0.10385133498585,-0.06287407169550929
157.15,0.005685244977452947,-0.3251315912878817,0.01326742441263562,-0.08720394371604007,0.006115633693591582
157.2,0.07380616435609917,-0.3286130553266704,0.004395831085114765,-0.06892521220969829,0.07444033860502264
157.25,0.1361237665820613,-0.310460556003439,-0.004813837155595801,-0.04911177052803226,0.1369142672477103
157.3,0.1876458878538736,-0.2718473611282735,-0.01431615863063146,-0.02826377195986281,0.1885465767501477
157.35,0.2240399896111715,-0.2162141464918971,-0.0240621353066568,-0.007362420375138698,0.225016387744232
157.4,0.2420959909350051,-0.1487005363797059,-0.03399098523680083,0.01230236555867723,0.2431308804007364
157.45,0.2401328419375168,-0.07538973613825084,-0.04402551730326032,0.02943885453321708,0.2412259428815854
157.5,0.218308276538979,-0.002529801829707246,-0.05407734786389251,0.04306508055444004,0.2194703833140324
157.55,0.178773775837685,0.06413461565629935,-0.06405745536850482,0.05269529011112702,0.1800181834420103
157.6,0.1256018826012907,0.1198416939370422,-0.07388624567210389,0.05832623137936744,0.1269357384635749
157.65,0.06442260884142452,0.1610862530560487,-0.083501283867147,0.06028541344452076,0.06584124252410717
157.7,0.001763442724793285,0.1857137291247757,-0.09285928705041024,0.05909142397346987,0.003248388883357767
157.75,-0.05582587657587046,0.1928875767352866,-0.1019307849325867,0.05544265389356362,-0.05430490305821523
157.8,-0.1026961419354966,0.1829992870531534,-0.1106910429504179,0.05028706248251077,-0.1011772893732351
157.85,-0.1348666434864823,0.157573413812501,-0.1191130990355853,0.04479391650092525,-0.1333911811112491
157.9,-0.1504673437842679,0.1191942608984632,-0.1271658094584034,0.04016441175006243,-0.1490760280712475
157.95,-0.1497797547494481,0.07143515417716534,-0.134812921604003,0.03739644102733242,-0.148510263125228
158,-0.1349127124411738,0.01872213138343437,-0.142010919301522,0.03713476299691387,-0.1337982266716572
158.05,-0.1092399835189987,-0.03394584154234076,-0.1487095815333059,0.0396469244177098,-0.1083076626950427
158.1,-0.07676068000750791,-0.08145939357255971,-0.1548562828600381,0.04487713698047367,-0.07602963255613793
158.15,-0.04152598421781545,-0.1192103001107712,-0.1604023662789141,0.052503606149884,-0.04100432966634904
158.2,-0.007220058817562735,-0.1437403225833875,-0.1653113523934186,0.06195384162743943,-0.006901915620895982
158.25,0.02308191412790632,-0.1532679967061225,-0.1695666807337212,0.07238156807271556,0.02321843957352598
158.3,0.04701304558409197,-0.147941915031563,-0.1731735619635008,0.08266864769770929,0.04700547932313093
158.35,0.06293949110407478,-0.1297404352802847,-0.1761536082119178,0.09156338124486572,0.06283744622343584
158.4,0.06998087915162424,-0.1020448957584923,-0.1785370736783384,0.09799996422148315,0.06983943222673356
158.45,0.06806517801561537,-0.06900260370727962,-0.1803553328572128,0.1014423565318046,0.06793631704993097
158.5,0.05800388186353425,-0.0348401416498092,-0.1816348953769747,0.1020223058730602,0.05792791863610847
158.55,0.04152381962416735,-0.003284363895170839,-0.1823961073997816,0.1004183650836901,0.04152283830923709
158.6,0.02117298477208789,0.02280676871217202,-0.1826566337826269,0.09760337330125841,0.02124788798135341
158.65,4.319548676021915e-05,0.04158598833955413,-0.1824359281537944,0.09458509087079116,0.0001749218264665009
158.7,-0.01868676127073183,0.05218230049154782,-0.1817584913427917,0.09215780287583124,-0.01853238813857372
158.75,-0.03231407571694651,0.0545746909870658,-0.1806562649545436,0.09063332144703806,-0.03217928438893869
158.8,-0.03915796603803695,0.04945501904938232,-0.1791696967171258,0.08958660698011324,-0.03908539811458822
158.85,-0.03895353547210957,0.03812233933800513,-0.1773464914366745,0.08774631838582538,-0.03897943122282688
158.9,-0.03298495934634741,0.02239442237730477,-0.1752370870141466,0.08315615109388445,-0.0331337983915273
158.95,-0.02390450397227495,0.004487287661831596,-0.1728863343426196,0.07362510487012273,-0.02418509844738809
159,-0.01525237211784487,-0.0131897149938901,-0.1703231388991243,0.05734971055844601,-0.01565508439349494
159.05,-0.01075901665611592,-0.02834727513234253,-0.1675519149125547,0.03351389716953617,-0.01125385293987236
159.1,-0.01356243379189292,-0.0392076521196702,-0.1645537423737147,0.002690812423531141,-0.01409847200458608
159.15,-0.02549833457829127,-0.0448896009864132,-0.1612955974080196,-0.03306728755359889,-0.02600521029691544
159.2,-0.04661272962896318,-0.04567477219925936,-0.1577347531322958,-0.07049099687087938,-0.04700542589005069
159.25,-0.07500647101992966,-0.04305645983168421,-0.1538177473985732,-0.1056425252152263,-0.07519384543906549
159.3,-0.1070538353009736,-0.0395152283773918,-0.1494801505617245,-0.1346001160215344,-0.1069506894352369
159.35,-0.1379592922216432,-0.03804763286033558,-0.144649274467661,-0.154133760622738,-0.1375002008861242
159.4,-0.1625443452789459,-0.04155105800223757,-0.1392505614222269,-0.1622722747707776,-0.1616965182399407
159.45,-0.1761101613739509,-0.05219523191594055,-0.1332188313455721,-0.1587028107630961,-0.1748821383369589
159.5,-0.1752135078048596,-0.07091458002902284,-0.126508989936394,-0.1449796867064188,-0.1736567529682027
159.55,-0.1582239198262385,-0.09712653825140966,-0.1190995759131617,-0.1244357250747588,-0.1564261958689211
159.6,-0.1255905831884632,-0.1287221731964874,-0.1109929431554888,-0.1016447712387889,-0.1236614750576227
159.65,-0.07981437219225358,-0.1623132448290625,-0.1022167896385259,-0.08145265778618679,-0.0778660724728219
159.7,-0.02517564904441375,-0.19367590676517,-0.09282245067327749,-0.06782505520607719,-0.02330296103112783
159.75,0.03271037446937695,-0.2183114604435539,-0.08287400532228534,-0.06290367481019626,0.034445806157124
159.8,0.08744970091778341,-0.2320405842391252,-0.07243014185140451,-0.06655733642021797,0.08902726736384081
159.85,0.1325083477573219,-0.2315592599939861,-0.06153118805887842,-0.07651468655320472,0.1339464054234851
159.9,0.1619282529208816,-0.2149037621269861,-0.05020522174607922,-0.08904248154191334,0.1632728189770717
159.95,0.1711053286799047,-0.1817916666222004,-0.03848256941411599,-0.09997404742709363,0.1724127195867231
160,0.157566229897848,-0.1338185076935275,-0.02640411766732237,-0.1057622427472954,0.1588843219283917
160.05,0.1216132724078423,-0.07448823811172878,-0.01402539436094347,-0.1042353136537015,0.1229666147550742
160.1,0.06666143710282177,-0.009050602195350033,-0.001415760345693184,-0.09489950148213279,0.06804385916269129
160.15,-0.0009001649233660372,0.05588026804627166,0.01134525033534606,-0.07882773183025406,0.0004765068867882971
160.2,-0.07241164724820991,0.1129387076200364,0.02416288053724935,-0.05828544144044866,-0.07109398199143818
160.25,-0.1381727137689751,0.1548375753138973,0.03691555947767372,-0.03622316964087888,-0.1369699497589417
160.3,-0.1890162675244995,0.1753558878249729,0.04945283711835319,-0.0156927245929327,-0.1879702309707135
160.35,-0.2179243196488761,0.1703631096697815,0.06160606752110215,0.0007284348831369207,-0.2170488773908591
160.4,-0.2213263337271192,0.1387048305272667,0.07320510711139327,0.01139686392872671,-0.220599967135431
160.45,-0.1997527037578116,0.0827515738134838,0.08409948370782838,0.01587525576149232,-0.1991187871020071
160.5,-0.1576421551714965,0.00844041806373097,0.09417938949671228,0.01496781293644156,-0.1570171319998492
160.55,-0.1023088707490496,-0.07528318909648513,0.1033849961287944,0.01051268709483802,-0.1015962615121613
160.6,-0.04230517466792809,-0.1576089940409097,0.1117018653113486,0.005003301770388282,-0.04141274497126496
160.65,0.01440232585119851,-0.2274517955570176,0.1191552386317989,0.001145394645315144,0.01554599836185899
160.7,0.06196638150633466,-0.2752179124285852,0.1258033519946551,0.001397261477049299,0.06339895940276064
160.75,0.09751611294913838,-0.2944057485980858,0.1317248322636828,0.007532974690620817,0.09923501870584395
160.8,0.1211667164288026,-0.2827157488368086,0.1370049836769149,0.02036502804129037,0.123129896089778
160.85,0.1352685824853225,-0.2424306151682023,0.1417277625222207,0.0397121954733071,0.1374026914687754
160.9,0.1431966163076334,-0.1799585308007697,0.1459724198183154,0.06451025416364314,0.1454104153351221
160.95,0.1480781969689785,-0.1046039709765633,0.1498064972122586,0.09290947953329801,0.1502789594871869
161,0.1518302296948864,-0.02680819686061853,0.153273377702107,0.1223564104129769,0.1539393875811921
161.05,0.1547413483698312,0.04376409863374042,0.1563896072152057,0.1498039690225308,0.1567066915903817
161.1,0.1556546901312123,0.09986330041559754,0.1591556655284567,0.1721021041815393,0.1574563141286404
161.15,0.1526276780699089,0.1376548663344121,0.1615639361677849,0.1864435757988834,0.1542768806516878
161.2,0.1438193058539679,0.1568953243456549,0.1635986508176158,0.1907389421055334,0.1453507433366973
161.25,0.1283070483748262,0.1603216705842076,0.1652374800255739,0.183939845656885,0.1297663868869338
161.3,0.1065778747390184,0.1524869201764905,0.1664570435523956,0.1663091849112103,0.1080081030040082
161.35,0.08055475173743645,0.1383951281222772,0.1672384709127798,0.1394607075578631,0.0819845858060978
161.4,0.05317473010882053,0.1222973456504189,0.1675710889080902,0.1060409334014618,0.05461194428968197
161.45,0.0276764978405141,0.1069230956981524,0.1674515772645958,0.06920531262398057,0.02910725309557083
161.5,0.006835938595044731,0.09327872425879086,0.1668821939707107,0.03214640438557849,0.008229771535267938
161.55,-0.007613832383661918,0.08097227800342871,0.1658693572248489,-0.00225256515480682,-0.006295684347163044
161.6,-0.01522283072441848,0.06888578179025528,0.1644182601506253,-0.03171133174220869,-0.01401813641084776
161.65,-0.01669245104555631,0.05594346677157291,0.1625276667417516,-0.05479011832241907,-0.01563050754609918
161.7,-0.01346280615113722,0.04172534251759197,0.1601898156071769,-0.07099752220065605,-0.01255975400514353
161.75,-0.007188955889153367,0.02674711426746895,0.1573951642650881,-0.08073516457806934,-0.006446404561967989
161.8,0.0007068973826040185,0.01234426001714561,0.1541347448568356,-0.08505025322279321,0.00130110500162739
161.85,0.009269386505556965,0.0002330174435111187,0.1503940091750697,-0.08519752132473639,0.009739063503651613
161.9,0.01798086941248577,-0.008069558864834125,0.1461474216583633,-0.08218516585015578,0.01835915517814191
161.95,0.02652014651371955,-0.01174219244833702,0.1413609613727016,-0.07655638542399738,0.02684702245644544
162,0.03443418279503651,-0.01089367554939202,0.1359997402007815,-0.06851459145816542,0.0347538066623142
162.05,0.04087694301465955,-0.006467058284090499,0.1300379534004743,-0.05830823780033816,0.04123423463681902
162.1,0.04454298560619202,0.0001276840640461185,0.1234665504794729,-0.04663702609243791,0.04497930052667565
162.15,0.0438541580709358,0.007493662795863609,0.1162945635629838,-0.03482296028120976,0.04440198941337697
162.2,0.0373671146442305,0.01464349268163351,0.1085488389142784,-0.02462918209070291,0.03804446646017734
162.25,0.02428954475736087,0.02115801049949972,0.100271553082473,-0.01780654867593195,0.02509473543230983
162.3,0.00494807784398539,0.02705874379641537,0.09151506353461397,-0.01558965180997392,0.005856329287244999
162.35,-0.01894353685625287,0.03246556042731086,0.08233536734116176,-0.01836096408955333,-0.01798065211745847
162.4,-0.04431835401980825,0.03720158392154144,0.07278470759581668,-0.02558809571504055,-0.0433693379694684
162.45,-0.06711789095169092,0.04053175665516395,0.06290944063307835,-0.03600880277255669,-0.06626325966019703
162.5,-0.08292894936903426,0.04116574090558978,0.05275347804616037,-0.047960272248247,-0.08224884566231327
162.55,-0.08777875881106381,0.03755698888125769,0.04236048889482247,-0.05975196038020959,-0.08733781773728433
162.6,-0.07893368861684134,0.02841947448889548,0.03177157561276339,-0.07001366708940183,-0.07876559883279094
162.65,-0.05553716715989886,0.01329760871361285,0.02103033851658548,-0.07795402221057098,-0.05563221689473347
162.7,-0.01894486577512788,-0.00700173278224786,0.01019556646698072,-0.08346376046079555,-0.01924362615870823
162.75,0.02733138714081494,-0.03026279565659196,-0.0006570770444063734,-0.08702512209096622,0.02693596081814542
162.8,0.07808129980881465,-0.05306929606134736,-0.01144154260765173,-0.08945316484226025,0.07773278284926272
162.85,0.12718027569152,-0.07134059311815888,-0.02206796343663092,-0.09156231350892569,0.1270400023107485
162.9,0.168555003623917,-0.0810807479100964,-0.03244856215759145,-0.09386549014759134,0.168778798446502
162.95,0.1971522328045104,-0.07917730887463592,-0.04250364358537484,-0.09636965747972243,0.1978667536741897
163,0.2097414702139048,-0.06408053271817393,-0.05216365277396395,-0.09849255452418164,0.2110246149266949
163.05,0.2054252783010103,-0.03622015260046618,-0.06136808678341127,-0.09912448240416434,0.2072944003247461
163.1,0.1857886302202126,0.001926460827946674,-0.07006596406513149,-0.09684313916730843,0.1881986499642373
163.15,0.1546735026998855,0.046130664602129,-0.07821255869194793,-0.09023647090696968,0.1575256700662503
163.2,0.1176129808001476,0.09102400007374434,-0.0857645983121807,-0.07826702690175256,0.1207720042465026
163.25,0.08099672474215409,0.1309184177686812,-0.09267802010800474,-0.0606169731241739,0.08431363218994048
163.3,0.05108069194936559,0.1606886080937057,-0.09891102864067125,-0.03791570809811892,0.05441579773041783
163.35,0.03298290377988652,0.1765682392086667,-0.104431490331947,-0.0117371036335693,0.03622532226874253
163.4,0.029828586877946,0.1767380603458124,-0.1092243698885052,0.01565678342083579,0.03290732762175119
163.45,0.04219098618100517,0.1616272690864991,-0.1132981698567646,0.04174705663526052,0.0450771329922276
163.5,0.06793392927128691,0.1339003390240197,-0.1166911845669929,0.06424759022726634,0.07063332310976855
163.55,0.1024893954189327,0.09813017650840694,-0.1194767829078588,0.08151716074881267,0.1050297624231922
163.6,0.1395364795199709,0.06018817687823252,-0.1217591632449135,0.09278567500104019,0.1419520213636443
163.65,0.171984914162506,0.02641099189989621,-0.1236589789141731,0.09818064528849428,0.1743034232731258
163.7,0.1931271821048513,0.002629091771452929,-0.1252930891986871,0.09862232940534457,0.1953618511062291
163.75,0.1977879780159211,-0.006814148841009116,-0.1267552311590169,0.09563307446262931,0.1999358077206887
163.8,0.1832802691279034,0.0001122742320937564,-0.1281049955228828,0.09103026116397082,0.1853256186284011
163.85,0.1499730206307198,0.02262818297745445,-0.1293658554469638,0.08649920015119539,0.1518945358815209
163.9,0.1013176112117847,0.05710726094115903,-0.1305285700594938,0.08315893193885142,0.1030951759140231
163.95,0.04327260132452834,0.09756760464167613,-0.1315568660359965,0.08129370937333898,0.04489216224940706
164,-0.01679351785542921,0.1366403152345816,-0.1323921071791193,0.08037025607439707,-0.01533878475922568
164.05,-0.07149804288970855,0.1668534207241438,-0.1329580997899605,0.07933016824887214,-0.07020983505592515
164.1,-0.1148147295820467,0.1819846249074348,-0.1331755376973839,0.07699530918266068,-0.1136935610258122
164.15,-0.143085810492318,0.1782050488330185,-0.1329808087253408,0.07239443954646602,-0.1421347141803767
164.2,-0.1554345433304496,0.1547769639691828,-0.1323364473980022,0.06494166932983636,-0.1546606819825611
164.25,-0.1535096600365513,0.1141657923378429,-0.1312316531544194,0.05450829899947272,-0.1529230721483033
164.3,-0.1406896297640213,0.06154328693396027,-0.1296779736674939,0.04142451456388074,-0.1402993684932658
164.35,-0.1210261967463146,0.003794084720893043,-0.1277064176644501,0.02640629762764367,-0.1208353578479591
164.4,-0.09826063720719554,-0.05175915115923224,-0.1253674377278815,0.01042031171909028,-0.09826201824897607
164.45,-0.07518378051880339,-0.09863916737251449,-0.1227200195709013,-0.005466849064533773,-0.07535783040983862
164.5,-0.0534614475846795,-0.132237983991891,-0.1198030321394606,-0.02022588977286208,-0.05377721724961587
164.55,-0.03387061740637982,-0.1503847067437387,-0.1166179716446595,-0.03299015972012176,-0.03428933839800441
164.6,-0.01675624728592901,-0.1533715116489319,-0.1131388992132377,-0.04317823032763767,-0.01723635054696432
164.65,-0.002470412389621682,-0.1434873190805177,-0.1093287309827147,-0.05058426657913603,-0.002972206529493981
164.7,0.008398867677703332,-0.12423249158525,-0.1051490865409904,-0.05538330983799942,0.007910091719070533
164.75,0.01508843819005441,-0.09944940923704437,-0.1005675268577659,-0.0580899856026245,0.01464170800123421
164.8,0.01696074321079113,-0.07259308331235942,-0.09556589869244514,-0.05955621037725421,0.01658061221781221
164.85,0.01389683803778925,-0.04630452226639226,-0.09014569394276917,-0.06092368373844673,0.01360563756720107
164.9,0.006602626488735597,-0.02234127927662916,-0.08432746798406676,-0.06339293853064391,0.006422242906117648
164.95,-0.003313250691588329,-0.00179174612366223,-0.07815045286249683,-0.06788337818260053,-0.003361033642677036
165,-0.01354327473407733,0.01458811216418954,-0.07167185179751834,-0.07472706464403525,-0.01343838978234513
165.05,-0.02151984605291462,0.02609315914702998,-0.06496275957588843,-0.08346317740676773,-0.02124705308786734
165.1,-0.02496503772325051,0.03198003484290285,-0.05810221735165499,-0.09279976962508796,-0.02451746455166481
165.15,-0.02239691813214085,0.03161765274945982,-0.05117168033104502,-0.1008066161622964,-0.02177876516345983
165.2,-0.01345754690934068,0.02481777470627866,-0.04425308125365773,-0.105336282942809,-0.01268478854604249
165.25,0.00101722408215604,0.01220361632158468,-0.0374304574991009,-0.1045880063963499,0.001918461389420201
165.3,0.0191955316721461,-0.004560667359802373,-0.03078892090068563,-0.09760970115740199,0.02019280276890434
165.35,0.03866072651654012,-0.02281389592913352,-0.02440789615425759,-0.08450405827023125,0.03972028158036922
165.4,0.05693635563146326,-0.03925776062481695,-0.01835144304578507,-0.06627261769637252,0.05802841178702761
165.45,0.07200610339572006,-0.05057067129005877,-0.01266187710512995,-0.04446782638965964,0.07310923695690119
165.5,0.08271456325511019,-0.05412011012428786,-0.007361252702627052,-0.02090519132197147,0.0838187282677984
165.55,0.08896242374472393,-0.04857727834257891,-0.002457933643953136,0.002465569387063446,0.0900703060771299
165.6,0.09165350575671705,-0.03426096069017354,0.002048616390345037,0.02362141115224971,0.0927803333769005
165.65,0.09240538248685538,-0.01310933180903678,0.006166025297500266,0.04057080754803614,0.09357734986964295
165.7,0.09308975753312404,0.01171728632267666,0.009902365873161678,0.05154497124915841,0.09434103808421102
165.75,0.09531143032126477,0.03650480067351547,0.01325510162314936,0.05526823456973735,0.09667977695412699
165.8,0.0999551088443669,0.05776705103557928,0.01620718260192555,0.05125026172425855,0.1014757652567945
165.85,0.1069180671419374,0.07296320697796044,0.01873283723344538,0.03996324125824489,0.1086164496820459
165.9,0.1151058090656917,0.08098627687191073,0.02080837724891393,0.02280197433337247,0.1169894540049069
165.95,0.1227008408493229,0.082320064119627,0.02242309116164565,0.001875344717441879,0.1247525679251444
166,0.1276416348000863,0.07884275151487669,0.02359039713908945,-0.02026951148873287,0.1298154018889304
166.05,0.1281829996239698,0.07332995061951597,0.02435838165269283,-0.04093742308974668,0.1304049467938729
166.1,0.1233788478402571,0.06876971585431296,0.02481011622833051,-0.05757640957004017,0.1255538546448172
166.15,0.1133380268013196,0.06764919389631446,0.02505176237602369,-0.06805840751828243,0.1153621439201573
166.2,0.09916633094951742,0.07137729355851274,0.02519864406014777,-0.07094670866101022,0.1009422800685001
166.25,0.08259750787748961,0.07997410747436406,0.02536346531098721,-0.0657432156840381,0.08405082490512772
166.3,0.06541920866242577,0.09210079749652611,0.02564299052592711,-0.05303522442530448,0.06651071257484265
166.35,0.04887258722587691,0.1054139141966841,0.02610547954876019,-0.03443169743610601,0.04960481509083414
166.4,0.03323080752513743,0.117145183219396,0.0267825303833843,-0.01233209364904757,0.03364631864452211
166.45,0.01771841880743537,0.1247565345046365,0.02766859684828893,0.01037441946186809,0.01789056074016254
166.5,0.0008341238534363281,0.1264990652846629,0.02872988444599389,0.03068319695147725,0.0008519896744701438
166.55,-0.01899564018992517,0.1217320939850483,0.02991768773959314,0.04591255637414649,-0.01904466593130483
166.6,-0.04262952243621659,0.1109319597630216,0.03117982528493263,0.0540995310201444,-0.04267588653888554
166.65,-0.06955899191908256,0.09541266674087057,0.03246995586315315,0.05424969811831949,-0.06956230341761338
166.7,-0.09764456196087028,0.07685601614630277,0.03375564760679794,0.04642077036046397,-0.09759782512434001
166.75,-0.123388909674291,0.05679840787600382,0.03502121807340036,0.03164549693147242,-0.1233151438257061
166.8,-0.1427274566851229,0.03623250794666838,0.03626409124858243,0.01173159818851254,-0.1426700399818108
166.85,-0.1521374722378518,0.015447676654744,0.03749253100289046,-0.01098533059703504,-0.1521471434318843
166.9,-0.1497353086544713,-0.005842371497372378,0.0387236147023633,-0.03392381240797607,-0.1498574690522055
166.95,-0.1359970889695327,-0.02812687335767539,0.03997725566028598,-0.05459543863677784,-0.1362627517557884
167,-0.1138248936020868,-0.05159893767462292,0.04126824321626243,-0.07096806318731387,-0.1142472715753025
167.05,-0.08787413413468795,-0.0756927941999998,0.04260132849515419,-0.08177480437089865,-0.08845094179303226
167.1,-0.06330371425887167,-0.09882867293486347,0.0439722874016869,-0.08666910893364752,-0.06402341419498003
167.15,-0.04432452230757863,-0.1184892421580807,0.04536728312363492,-0.08618791122670916,-0.04517354085718822
167.2,-0.03301825441925492,-0.1316600912705013,0.04675868995239479,-0.08158103436424829,-0.03398630141899173
167.25,-0.02882973277641532,-0.1355532741105016,0.04810582922433804,-0.07455354538551216,-0.02991117169475566
167.3,-0.02891502537693244,-0.1284249420177127,0.0493587875901218,-0.06694108466973958,-0.03010621926862472
167.35,-0.02923425810154903,-0.110238166601855,0.05046154638078404,-0.06037805755259833,-0.03052794353156896
167.4,-0.02601755374988051,-0.08293927334957441,0.05135656171121294,-0.05604185545065952,-0.02739687268716551
167.45,-0.01710480121594809,-0.05021625650844119,0.05199083963064155,-0.05453684227143129,-0.01853900176819001
167.5,-0.002705378345143683,-0.01676156361995179,0.05232267107480165,-0.05592953154150917,-0.004149349014190173
167.55,0.01466961979903569,0.01277909814221556,0.05232886454673102,-0.05989137097592483,0.01327195359675337
167.6,0.03106343577344049,0.03486921243282065,0.05200885162647384,-0.06588959588730044,0.02977204883254742
167.65,0.04240697185109767,0.04783385296458853,0.05138430366697033,-0.07335346033111291,0.04127719965574456
167.7,0.04586643193574259,0.05207842769441828,0.0504980681767197,-0.08176343849776152,0.04494048598503408
167.75,0.04075633634767888,0.04972223472275444,0.04941443087612241,-0.09070777553330256,0.04005717823498023
167.8,0.02874519902352373,0.04378709979732542,0.04821464377093099,-0.09996589800461343,0.02827358354553933
167.85,0.01333783773122848,0.03721583981401244,0.04698521942181594,-0.1095339210695944,0.01307324661492315
167.9,-0.001142482369859261,0.03204340102491438,0.04580649265539127,-0.1194536212953708,-0.001237578468094247
167.95,-0.01071793113682224,0.02897438702659838,0.04474377108178273,-0.1294773232116969,-0.01069119640567517
168,-0.01271702140311837,0.02745968644829366,0.04384386457460998,-0.1387848926849494,-0.01261801880491698
168.05,-0.006299866138768691,0.02619946078830138,0.0431411667032866,-0.1459684760473393,-0.006171738821875383
168.1,0.007520622529899746,0.02386100948913533,0.0426645625336155,-0.1493456867243662,0.007648275438299657
168.15,0.02627992119654394,0.01974253339999099,0.04243558670062036,-0.147493672661884,0.02639580051345047
168.2,0.04670888713532559,0.01415072410677026,0.04246098753966826,-0.1397942599585656,0.04682155886845962
168.25,0.0654249139354908,0.008377099409333177,0.04272999374691333,-0.1267438591319298,0.06556070078271625
168.3,0.07950261148499653,0.004306840842812354,0.04322086218401144,-0.1098547778623911,0.07969993989786328
168.35,0.08683678110371403,0.003819572183404063,0.04391069683102827,-0.09117633665066764,0.08713766595177452
168.4,0.0862962259553708,0.00819639999971572,0.0447813595486049,-0.07267703388349643,0.08673624599836949
168.45,0.07772912604943517,0.01771946707250022,0.04581747189442575,-0.05576686020696435,0.07832769529289668
168.5,0.06189760003939541,0.03156539452752682,0.04700204356039633,-0.04107374046851494,0.06265054993514024
168.55,0.04039067627148113,0.04798795850358462,0.04831615300199416,-0.02843928159446567,0.04126696648803319
168.6,0.01551312963853523,0.06469511392198934,0.04973695621496921,-0.01710909045511667,0.0164566954362324
168.65,-0.009895541124567864,0.07928459255117648,0.05123031243353954,-0.006073013672713036,-0.008958668888200239
168.7,-0.03276501287023192,0.08961707871139668,0.05274238823082023,0.00559054326968462,-0.03191565259464302
168.75,-0.05024073292790283,0.09406018553622564,0.05419666026204867,0.01848932047719012,-0.04955344664395456
168.8,-0.06023080368661826,0.0916036352162623,0.05549753232686105,0.03282865152236661,-0.05976159705553064
168.85,-0.06194872625536724,0.08189677436877923,0.05653780565213001,0.04843148841489886,-0.06172580344975231
168.9,-0.0563062489937553,0.06527075007361638,0.05720872919015874,0.06484955539472083,-0.05632596419853242
168.95,-0.04600924939401365,0.0427793893446794,0.05741023355058106,0.08152201849332669,-0.04623802625770079
169,-0.0352507885252816,0.01624226188881406,0.05705883225923225,0.09785270475225122,-0.03563287466062315
169.05,-0.02898069920415317,-0.01178390353732761,0.05609517003566505,0.1131404186228988,-0.02945028844286102
169.1,-0.03184863615048353,-0.03819761459956078,0.05449454900714279,0.1264933231177444,-0.0323437608192253
169.15,-0.04704194448752217,-0.0597609316996221,0.05227393826632859,0.1368655023957293,-0.0475170874245886
169.2,-0.07532805413812309,-0.07370274981345515,0.0494836204130199,0.1432347561748488,-0.07576224897685385
169.25,-0.1146115223971287,-0.07841299469950813,0.04619422042816368,0.1448661763753742,-0.115010084835959
169.3,-0.1602016357247095,-0.07404325958629931,0.04248983713240617,0.1415539091713019,-0.1605911014922581
169.35,-0.2057739454924221,-0.06280438608108846,0.03845986180537753,0.1337393819881618,-0.2061921667151977
169.4,-0.2447739531908265,-0.04879998425746163,0.03418739093954459,0.1224654858859375,-0.2452584748982061
169.45,-0.2718497719152028,-0.03734059362557013,0.02973891027548708,0.1091629067743645,-0.2724282929934005
169.5,-0.2838913942415078,-0.03383082245284158,0.02515885251989924,0.09529222530996499,-0.2845768656996617
169.55,-0.2804044638187638,-0.04246415242616042,0.02046910946761893,0.08193154952110007,-0.2811958014804169
169.6,-0.2631936596632005,-0.06505783980822055,0.01567158760843235,0.06945606392436404,-0.264080726800856
169.65,-0.2355647703845964,-0.1003695701106392,0.01075304683242606,0.0574482928483569,-0.236535203536033
169.7,-0.2013808501673544,-0.1441342721826292,0.005693095342549526,0.04489442685108188,-0.202425813571007
169.75,-0.1642844594818636,-0.1898718790892838,0.0004749745834476959,0.03061732435046808,-0.1654015058260681
169.8,-0.1272577882790503,-0.230290430406153,-0.004904424382021488,0.01380061760304909,-0.1284503166549769
169.85,-0.09251409397986556,-0.2589160418023778,-0.01042961499319717,-0.005591929603912886,-0.09378839908028602
169.9,-0.06158456667842692,-0.2714903209545596,-0.0160665765854392,-0.0266414340093683,-0.06294623726863491
169.95,-0.03543465695727641,-0.2667408142871035,-0.02176525928034889,-0.04755243082819457,-0.03688593869506462
170,-0.01450769815732417,-0.2463398189727715,-0.02746392191453484,-0.06592384727727786,-0.01604686107878595
170.05,0.001299266375580525,-0.214134401695555,-0.03309583697584717,-0.07917082851845121,-0.0003231432024183301
170.1,0.01264071100810937,-0.1749520381437886,-0.03859931685754864,-0.08506709949946559,0.01094056153414741
170.15,0.02060794217846372,-0.1333862438405715,-0.04393057450476567,-0.08235540065459174,0.01883511929196641
170.2,0.02645346029362216,-0.0929209640952593,-0.04907321531708558,-0.07128234169499878,0.02461269622216211
170.25,0.03120531891136606,-0.05558961463248502,-0.05403916541716047,-0.05378737030191321,0.02930333628523601
170.3,0.03530018857615773,-0.02214593983237623,-0.05886411587662987,-0.03317894409716982,0.03334904378182801
170.35,0.03838013036258483,0.007448265047163671,-0.06360211636077956,-0.013393796597536,0.03640069787617689
170.4,0.03935274339860399,0.03346614656156882,-0.06831939354316519,0.001919537642797262,0.0373759150459787
170.45,0.03672020467926999,0.05599565375292159,-0.07308637212883129,0.0102315882641413,0.03478512831649683
170.5,0.02908945680992254,0.07476457755564203,-0.07796908152763093,0.01065813605780071,0.02723778784055791
170.55,0.01570997058796923,0.0891980975347258,-0.08302067164171939,0.004045948855972398,0.01397787610220125
170.6,-0.003121020371721243,0.09861664439548884,-0.08827266211970203,-0.00739436049299974,-0.004711636642764749
170.65,-0.0259062665440357,0.1024665794654213,-0.09372589175600465,-0.02075450941811214,-0.02735401651230651
170.7,-0.05009312248005168,0.100499841754341,-0.09934379246179714,-0.03316079450935132,-0.05141924546335885
170.75,-0.07248357802282453,0.09286737556791091,-0.1050544384568335,-0.04238513936009198,-0.07372833290412417
170.8,-0.08981712457247665,0.08013170759529437,-0.1107623018151162,-0.04719253510399993,-0.091031497900671
170.85,-0.0994058616507166,0.06322350219551803,-0.1163617212337161,-0.0473618400108912,-0.1006401494524481
170.9,-0.09969637956530224,0.04337079913122788,-0.1217472445208921,-0.04347718630313437,-0.1009888402123468
170.95,-0.09065036088010191,0.02202037115291211,-0.1268216496268619,-0.03662530375842572,-0.0920184310193658
171,-0.07386318270404675,0.0007579765961224227,-0.1315022956809502,-0.02806195217962177,-0.0752996201531142
171.05,-0.05238032552799415,-0.01877522187600766,-0.1357259835127091,-0.0189090778202016,-0.05385481276025494
171.1,-0.03021933041755272,-0.03498792415526736,-0.1394503995600791,-0.009948987057647171,-0.03168519589011132
171.15,-0.01166054348049791,-0.04648078857407489,-0.1426494577732658,-0.001535687687667687,-0.01306471217911659
171.2,-0.000420555529598932,-0.05222580064490834,-0.145304565914993,0.006366787034182052,-0.001714531682162124
171.25,0.001139782350304424,-0.05176741908791771,-0.1473970611494734,0.01400575219828878,-9.63812921339624e-06
171.3,-0.007393074219080757,-0.04540901357062654,-0.1489040679171647,0.02158166190050763,-0.00838397376674882
171.35,-0.02424526381812372,-0.03433056638529441,-0.1497972595508404,0.02905016335490927,-0.0250860464920879
171.4,-0.04566989570762722,-0.02057538791755764,-0.1500435725453576,0.03609161592816628,-0.04638893265247124
171.45,-0.06663566767134532,-0.006858502551937984,-0.1496047087391086,0.04224701342505834,-0.06727550296324525
171.5,-0.08189745409033883,0.003815558550541831,-0.14843589167398,0.04715487508554491,-0.08250702637254592
171.55,-0.08723491058144051,0.00869120707838833,-0.1464928862924997,0.05079497273779004,-0.08786164846300526
171.6,-0.08055374914099486,0.005871361929949914,-0.1437432207145695,0.05362368291110772,-0.08123693592326242
171.65,-0.06252712753208481,-0.005131101264871929,-0.1401707814008405,0.05652159159503258,-0.06329370913403931
171.7,-0.03654476023043376,-0.02305221354101233,-0.1357739439444858,0.06056162461485852,-0.03740777082529101
171.75,-0.00792485875227306,-0.04488172892606768,-0.1305621369888916,0.06668260671166487,-0.008884435260977486
171.8,0.01742210100883675,-0.06627548136364181,-0.1245555656579992,0.07536645480945783,0.01637603396551052
171.85,0.03449610644461593,-0.08234892912706809,-0.1177892270376354,0.08639868401279505,0.03338001836133975
171.9,0.04041866726547364,-0.08872345493939549,-0.1103176434640638,0.09881982550726294,0.03925165967326461
171.95,0.03497683637224746,-0.08260382046427617,-0.1022174881159255,0.1111536894971341,0.0337773048342489
172,0.02033994280807517,-0.06361797507097017,-0.09358740199215843,0.1218341216858613,0.01912369598926561
172.05,6.798124120933752e-05,-0.03416764655230908,-0.08454365121711749,0.1296188666428799,-0.001152186908747743
172.1,-0.02223166113083761,0.0008599438867952225,-0.07521152093012229,0.1338123712725493,-0.02344440268656123
172.15,-0.04412581508294859,0.03500658169663978,-0.06571505403276234,0.1342610573689962,-0.04531847023795932
172.2,-0.06503510884060394,0.06160497922078828,-0.05616712290012776,0.131213847642728,-0.06619030100134693
172.25,-0.0861480234539977,0.07526521871367486,-0.0466597676131969,0.1251561491437277,-0.08724143180796695
172.3,-0.1096208778294621,0.07310021735620731,-0.03725951145036976,0.1166638069318519,-0.1106213726835234
172.35,-0.1373637545888543,0.05535175278004711,-0.02801065942898362,0.1063201542355788,-0.138237288339058
172.4,-0.1698535963707591,0.0252333741864561,-0.01893948764969783,0.09472078662101419,-0.1705706107897333
172.45,-0.2054011734306053,-0.01197483268418997,-0.01005694099807625,0.08247215823220376,-0.2059464405081158
172.5,-0.2401450906940218,-0.05032595679472718,-0.001362598154553418,0.07009831208333463,-0.2405273326819066
172.55,-0.2688082263578857,-0.08470272318859029,0.00714742649472605,0.05790466935355937,-0.2690666525730877
172.6,-0.2860122744325567,-0.1119900817354176,0.01547018098628783,0.04592294444033716,-0.2862174012543324
172.65,-0.2877752119876833,-0.1316062548779761,0.02359146992174671,0.03402319638627581,-0.2880228285009704
172.7,-0.272761647871481,-0.1452697458042853,0.03149028414264832,0.02213260436479529,-0.2731605861880814
172.75,-0.2429252368292887,-0.1561066379709756,0.03914577269515918,0.01039911526070684,-0.2435814625029842
172.8,-0.2033502263397861,-0.1673907816668739,0.04654160244326327,-0.0007833128294655972,-0.2043508671266145
172.85,-0.1613145500585449,-0.1813037468648762,0.0536679023767257,-0.01085766267377895,-0.1627154867692984
172.9,-0.1247991342852623,-0.1980852473817978,0.06052200583244682,-0.01924071708057421,-0.1266187972399113
172.95,-0.1008045691988403,-0.2158220980401075,0.06710874729640448,-0.02545931299218854,-0.1030245277755423
173,-0.09387327018024601,-0.2309367078064426,0.07344102502459576,-0.02924406215296727,-0.0964447218102627
173.05,-0.1051516550464285,-0.2392359318276615,0.07954017651448519,-0.03059620960965207,-0.1080048883537528
173.1,-0.1321819863501,-0.2372196605891465,0.08543416647208368,-0.02987136839386546,-0.135236542070952
173.15,-0.1694374592573284,-0.2232761419982913,0.0911540540399689,-0.02784896045435021,-0.1726100036629398
173.2,-0.2094461083269524,-0.1984203377573983,0.09673402252353169,-0.02569550305442549,-0.2126559146192561
173.25,-0.2442399723806035,-0.1663517590890944,0.1022123978589589,-0.02479315425738271,-0.2474112608050867
173.3,-0.2668201179530672,-0.1327910484705084,0.107626525480465,-0.02649134798889284,-0.269883514573166
173.35,-0.2723583843361915,-0.1042521817223754,0.1130031861478353,-0.03183598381708972,-0.2752517076676613
173.4,-0.2589274882049362,-0.08656291065247956,0.1183490686171124,-0.0412797041601126,-0.2615980070074399
173.45,-0.2276585571975133,-0.08350893802870546,0.1236446060576561,-0.05441604045125705,-0.2300658339021032
173.5,-0.1823323928615874,-0.09593666905838261,0.1288437948414065,-0.0698774072772793,-0.1844521493476587
173.55,-0.1285202735804454,-0.1215232389589714,0.1338791740733518,-0.08550553062872597,-0.1303471448507487
173.6,-0.07247022732859161,-0.1552435787139811,0.1386694897667184,-0.09876506134878993,-0.07401879382261434
173.65,-0.01998288519942043,-0.1903913100092651,0.1431318654834032,-0.1072547349357105,-0.02128523824090467
173.7,0.02448963923615222,-0.2198926041153841,0.1471983734800981,-0.1091361176967035,0.02338957073505876
173.75,0.0583501482387238,-0.2376159847837964,0.150825768685754,-0.1033785727538809,0.05740516471092821
173.8,0.08090373416470241,-0.2394168673758024,0.1539910068023387,-0.08983448441894619,0.08007275467002273
173.85,0.09299988665408133,-0.2237405627870561,0.1566812073605663,-0.06920114465050149,0.09225602470673877
173.9,0.09642364315368308,-0.1917184015376097,0.1588830653226823,-0.04292307924752235,0.09575850170641137
173.95,0.09324168601179764,-0.1467949237226055,0.160573656857797,-0.01307690773237185,0.09266451976380169
174,0.08530033005597987,-0.0940053939250331,0.1617159882038355,0.0177906136396139,0.08483191159556325
174.05,0.07400310497478969,-0.03907515854930077,0.1622551411445441,0.04695854292552368,0.07366585722443286
174.1,0.06038736037876305,0.01247571174626005,0.1621155318094346,0.07199342743064503,0.06019447186788462
174.15,0.04540545644158801,0.05606819124934165,0.1612067530482533,0.09127189780453512,0.04535220362972631
174.2,0.03023766465081839,0.08853749318324489,0.1594378454713019,0.1043807440930627,0.03029760298918072
174.25,0.01645243600643609,0.1083089902299131,0.1567314268051035,0.1122158229497402,0.01657969648799079
174.3,0.005893429413408148,0.1153168488572153,0.1530342133016805,0.1166587141982007,0.006030483392250985
174.35,0.0002892395334243825,0.1107519845838176,0.1483277647889422,0.1199017618403614,0.0003778415197759344
174.4,0.0007059754127098613,0.09673825628119731,0.1426380076748204,0.123703219632347,0.0006980363636109876
174.45,0.007045018581604056,0.0760211370565736,0.1360385538866498,0.1288764735767509,0.006910396500683036
174.5,0.01779580606041443,0.05170725675273852,0.1286463937279444,0.1351691073762615,0.01752511564554982
174.55,0.03018142734410352,0.02704146416805431,0.1206103787880166,0.14154275194222,0.02978371048494899
174.6,0.04070744686788268,0.00518013430351405,0.1120927825084918,0.146740917776898,0.0402041886504888
174.65,0.04598452773148321,-0.01108272716039682,0.1032516946903062,0.1499069151842623,0.04540229459561795
174.7,0.04359002633603819,-0.01964950792431974,0.09423263036957863,0.1509701572311668,0.04295413747451188
174.75,0.0327020017207724,-0.01947484104455688,0.085160625698529,0.1506181396866139,0.03203244038337649
174.8,0.01429522815738403,-0.01085849639098974,0.07613073943927179,0.1498920448493088,0.0136050965135428
174.85,-0.009177620989377655,0.00443320452322149,0.06720473334833155,0.1496732837563698,-0.009882258952339462
174.9,-0.03452986879416679,0.02331121296444844,0.05841229788204416,0.1503000173714984,-0.03524981910154529
174.95,-0.05877482299262781,0.0418116728846088,0.04975335613850262,0.1513698608475733,-0.05951844442163778
175,-0.07994874566547,0.05580093167285077,0.04120405551667655,0.1517315957962601,-0.08073330564742709
175.05,-0.09755895577027511,0.0617996084915805,0.03272643763759819,0.1496739741615144,-0.09841209284022756
175.1,-0.1125266681320015,0.05773015703071432,0.02427834381413024,0.1432908903835172,-0.1134863881173354
175.15,-0.1266713937133226,0.0433844055931521,0.01582341515957242,0.1309419586909289,-0.1277836216022017
175.2,-0.141941435244797,0.02046155052691045,0.007340114695496891,0.1116871661738246,-0.1432543058887824
175.25,-0.1596703262020348,-0.007863733704672082,-0.001173084115179579,0.08557448539678097,-0.1612259438786375
175.3,-0.1801099517464015,-0.03774655484157163,-0.009696689059544794,0.05370844035228522,-0.1819348554495354
175.35,-0.2023699557805904,-0.06563203766005848,-0.01819202321504571,0.01814409294225608,-0.2044668150865263
175.4,-0.2247355404087311,-0.08909864666512146,-0.02660584574984493,-0.01830058949145993,-0.2270781579059192
175.45,-0.2452009470787954,-0.1073458129714041,-0.03487749906135307,-0.05232089025945127,-0.2477345518508937
175.5,-0.2619977761448231,-0.1211949217071771,-0.04294773591361628,-0.08056612668607485,-0.2646448468502014
175.55,-0.2739289707652997,-0.1326245897791158,-0.05076790198496517,-0.1002275161132608,-0.2765996342239708
175.6,-0.2804239047246822,-0.1440059022346299,-0.05830614500927933,-0.1096144943596846,-0.2830284543800469
175.65,-0.2813582327259689,-0.157291343399332,-0.06554901740435382,-0.108515576017562,-0.283818724890504
175.7,-0.2767801776646974,-0.1734096576079953,-0.07250247028200074,-0.09822713925085193,-0.2790386550644967
175.75,-0.2667137650144767,-0.1920365831331529,-0.07919373228982896,-0.08126288395771906,-0.2687353592033942
175.8,-0.251156887310321,-0.2117835118070289,-0.08566986366894436,-0.06082212034146875,-0.2529282069572723
175.85,-0.23028673291303,-0.2307049910935413,-0.09199030656416823,-0.04013246174605804,-0.2318104360924138
175.9,-0.2047691043571941,-0.2469197750054681,-0.0982138334188834,-0.02183026427008355,-0.2060571991883241
175.95,-0.1759992501899432,-0.2591100158350846,-0.1043847603826975,-0.007547280187983282,-0.1770667108050979
176,-0.1461050565964905,-0.2667469953985447,-0.1105240251985394,0.0022227739765056,-0.1469657294799787
176.05,-0.1176273483342737,-0.2699926892779539,-0.1166257416744751,0.008014250685295182,-0.1182923625689531
176.1,-0.09291933177384661,-0.2693610980827598,-0.1226566800324994,0.01107024756725146,-0.09339812288604959
176.15,-0.07343588192889614,-0.2653150396995414,-0.1285571024841102,0.01287688715588328,-0.0737385817373285
176.2,-0.05915818934758157,-0.2579851153596717,-0.1342436941980325,0.01471634569580661,-0.05929831264145757
176.25,-0.04839154727638912,-0.2471294960883378,-0.1396150312820293,0.0173772307927248,-0.04838757687931827
176.3,-0.03807446692953854,-0.2323388267313941,-0.1445589066165898,0.02108989410880495,-0.03794964979548165
176.35,-0.02457505101876312,-0.2133772416383076,-0.148960919048315,0.02570742997335183,-0.02435530764478866
176.4,-0.004777389387546408,-0.1904884996159963,-0.1527137123091819,0.03103776638122754,-0.004488002133160252
176.45,0.02285936303699454,-0.1645103334955922,-0.1557266108429463,0.03710793686795083,0.02319707057311365
176.5,0.05760445686960549,-0.136725113440313,-0.1579344688941912,0.04415695364838771,0.05797537470497749
176.55,0.09636050863192425,-0.1084919955228632,-0.1593059767677226,0.05234084280764084,0.09675614008450628
176.6,0.134228098952741,-0.08080834957011634,-0.1598507945305651,0.06135005801392304,0.1346452946835938
176.65,0.165587160190412,-0.05398888896217702,-0.1596186920358285,0.07022443331335945,0.1660258209768181
176.7,0.1853978547845379,-0.02761334935627319,-0.1586859623829173,0.07752728394295794,0.185858792524136
176.75,0.1903660895191263,-0.0007993766116008993,-0.1571335309571561,0.0817609894423955,0.1908498082740767
176.8,0.1796695959113209,0.02726573099669105,-0.1550240871032356,0.08178418949885988,0.1801763518074015
176.85,0.1550790312939897,0.05670668652600119,-0.1523884534228028,0.07714962727518131,0.1556096297981842
176.9,0.1204857146171016,0.08648500875146276,-0.1492299293225658,0.06835770299421362,0.1210421256964427
176.95,0.08100763216011621,0.114269686547226,-0.1455393815957889,0.05695753039619661,0.08159241192010525
177,0.04193908546461816,0.1367554688490289,-0.1413103062593177,0.04540255245900184,0.04255313827011198
177.05,0.007813410295824901,0.1503935813003039,-0.1365490479812815,0.03660823173525588,0.00845250812620002
177.1,-0.01822841537033544,0.1523394579771788,-0.1312803049403543,0.03325602731869011,-0.01757721275203972
177.15,-0.03469103248029687,0.1413465824177422,-0.1255534221970786,0.03700039967799398,-0.03405141959875885
177.2,-0.04164300794099939,0.118328608419397,-0.1194469605795071,0.04782235673537278,-0.04104877811241558
177.25,-0.04041642411966739,0.08639098926769206,-0.1130655718218958,0.06380247965622284,-0.03990761232994933
177.3,-0.03321843840073299,0.05029090198481762,-0.106529892127877,0.08149507688889208,-0.03283513628235724
177.35,-0.02275322959644688,0.01545717804601138,-0.09996289762244837,0.09686416754461821,-0.02252856039788731
177.4,-0.01189652302757027,-0.01316746741704355,-0.09347696224163665,0.1065032661432189,-0.01185085314558765
177.45,-0.003414154100640352,-0.03214400010698992,-0.08716522071783739,0.108704881211533,-0.003552019580012167
177.5,0.0003106162356047628,-0.04015291414858835,-0.08109665508076708,0.1039509198959463,1.006268144365663e-07
177.55,-0.002431308505357233,-0.03807907068563421,-0.07531338853729996,0.09462755587664472,-0.002891729684875055
177.6,-0.01237339580212171,-0.02858585089480786,-0.06983046410213262,0.08414086163701333,-0.01295461274872695
177.65,-0.02901993735048666,-0.01534210209898623,-0.06463773234842352,0.07585635952408755,-0.02969246068891368
177.7,-0.05053523633185243,-0.002144675521447814,-0.05970286384565515,0.07221185594967595,-0.05127406251951966
177.75,-0.07387075492606428,0.007824902488220598,-0.05497697598701989,0.07415650745780107,-0.07465841999835721
177.8,-0.09518157565088356,0.01245268323982063,-0.05040345726143303,0.08099838300545675,-0.09600898016815762
177.85,-0.1105013439128006,0.01081942399258584,-0.04592738575859684,0.09067652931115484,-0.1113671026830395
177.9,-0.1165553286011613,0.003069990164287384,-0.04150242024829176,0.1003609984784444,-0.1174641976585606
177.95,-0.111524672017647,-0.009850940317318535,-0.03709469433847656,0.1071890939247296,-0.112486031619926
178,-0.09556302873589047,-0.02647250537691159,-0.032685443107766,0.1089224492614627,-0.09658935465887852
178.05,-0.07091419990247981,-0.04500336828366919,-0.02827187733555164,0.1043894464209591,-0.07201935364160561
178.1,-0.04157691973037408,-0.06345924148189108,-0.02386573338828901,0.09365619372254469,-0.04277323186288834
178.15,-0.01257632031913386,-0.07976008058886269,-0.01948777147809444,0.07791723170376146,-0.01387010147283402
178.2,0.01100060390768948,-0.09187025200430599,-0.01515765147887793,0.05915721255297037,0.009615151379079701
178.25,0.02499634247276115,-0.09803409174060651,-0.0108855233087749,0.03967697489626243,0.02354341600704501
178.3,0.02699207039993597,-0.09710120330920929,-0.006668117907998816,0.02159340752162753,0.0255189125860672
178.35,0.01677281847056721,-0.08886770819943107,-0.002485094193030224,0.006434396219769712,0.01535050303789803
178.4,-0.003639607325857115,-0.07431343005607494,0.001707452580518742,-0.005063844812572938,-0.00492052800812165
178.45,-0.03038941179609211,-0.05561994514246793,0.005979453718398808,-0.01291621347754204,-0.03142842190933187
178.5,-0.05854550880123337,-0.03591087970096229,0.01041413372569383,-0.01765184351392218,-0.05924540104170806
178.55,-0.08306293499444445,-0.01873870122927801,0.01508558170400193,-0.01999263224605368,-0.08334427771549352
178.6,-0.09974206342547148,-0.007424390995920294,0.02003741051563968,-0.02059344192979347,-0.09955613096375604
178.65,-0.1059695358441676,-0.004406917660765231,0.02526794958164214,-0.01995516384051878,-0.1053071160822271
178.7,-0.1010681851425409,-0.0107612493890728,0.0307255816690587,-0.0184958457764474,-0.0999626685141376
178.75,-0.08618204157457386,-0.0259966225625386,0.03631278715028574,-0.01667214434132226,-0.08470626109436086
178.8,-0.06375242543107056,-0.04816690389718015,0.04189605726068718,-0.01506249446328261,-0.06200960714509113
178.85,-0.03675918292496393,-0.07424868252072969,0.04732126934228154,-0.01437569720484401,-0.03486975201882087
178.9,-0.007967107443447119,-0.1006928305097993,0.05243310038826143,-0.01538396932820166,-0.006053047367515996
178.95,0.0205974957752783,-0.124028374680545,0.0570934775286735,-0.01878330353074053,0.02242773246184865
179,0.04779998834019347,-0.1413940209685818,0.06119508943630481,-0.0249684741924785,0.04946425514651143
179.05,0.07317251724282134,-0.1509004088909929,0.06466777080621072,-0.03372930137408984,0.07462293035663115
179.1,0.09642959101746788,-0.151763539877089,0.06747829179737147,-0.04397558316619629,0.09765533471650079
179.15,0.1169313422509446,-0.1441990563369958,0.06962687957105845,-0.05372062118417081,0.1179558551767814
179.2,0.1333164817332913,-0.1291194080698309,0.0711431366686523,-0.06049027567155929,0.1341906371386606
179.25,0.1434726186980706,-0.1077378874334932,0.07208174771552556,-0.06205670384317683,0.1442651578550455
179.3,0.1448980754592444,-0.08121733698629696,0.07251625180401378,-0.05714328285209856,0.1456854014542289
179.35,0.135377930698636,-0.05048955513282116,0.07252895741628107,-0.04576887751112821,0.1362343053168263
179.4,0.1137822889508216,-0.01632411751355262,0.07219865164981459,-0.02915339346749063,0.1147714590659209
179.45,0.0807366519136689,0.02036639043530947,0.071591709072576,-0.009297501544568987,0.08190501511243325
179.5,0.03892879299844432,0.05810206686906494,0.07075844731993464,0.0116051402575131,0.04030058002007503
179.55,-0.007092421432718958,0.09448128869473893,0.06973204235815744,0.03174577792191153,-0.005517788734075435
179.6,-0.05162890571900272,0.1260902132364242,0.06852987820367989,0.05009376606917022,-0.04987655173397554
179.65,-0.08890244718397707,0.148798853224159,0.06716096107421377,0.06649442450264352,-0.08701877376811495
179.7,-0.1142099570621752,0.1584421757497917,0.06563879312986576,0.08145969664005914,-0.112256351570411
179.75,-0.1248536673549152,0.1517534645238972,0.06398878520380508,0.09574797601727927,-0.1228982381696571
179.8,-0.1205944439536139,0.1273182705062278,0.06224612480087066,0.1099287863153433,-0.1187030759437149
179.85,-0.1035175128752606,0.08627682287806454,0.06045109315416786,0.1241403307577436,-0.1017458811236484
179.9,-0.0773780821085238,0.03254440558009564,0.05864714404361193,0.1381033080791465,-0.07576587392455042
179.95,-0.04664664926955325,-0.02756577055166259,0.05688342336977048,0.1512605700643276,-0.04521456057727014
180,-0.01554703824242916,-0.08628620525335889,0.05521731497284477,0.1628648386042467,-0.01429662209526483
180.05,0.01264821851366286,-0.1357313113269142,0.0537125840190178,0.1719551990384238,0.01373252766110616
180.1,0.03591715142379896,-0.1693273973598948,0.05243634041645107,0.1773204255609403,0.036864296402631
180.15,0.05338870933335364,-0.1830134977979836,0.05145688368326912,0.1776036466998404,0.05423635654640063
180.2,0.0649852389831507,-0.1759271841995897,0.05083559599151211,0.1715997966428028,0.06577440485151459
180.25,0.07101025524227884,-0.1504220701358965,0.05061651758674623,0.1586372403259595,0.07177983746577643
180.3,0.07186052114998859,-0.1114322545078945,0.05082408839158425,0.1388625106743263,0.07264199989320763
180.35,0.06794767174188646,-0.06536323549601397,0.05145663394295052,0.113293583387094,0.0687609215374852
180.4,0.05980265484329877,-0.01880213334428715,0.05247292356326017,0.08363781189697686,0.06065341833278559
180.45,0.04825366339416937,0.02263225533037055,0.05378822424377083,0.05196723731441055,0.04913360558947888
180.5,0.03454997629993872,0.05504580872504444,0.05528485076562273,0.02038302516175946,0.03543927076209419
180.55,0.02034400600089371,0.07651638676947292,0.05683222544496136,-0.009164306041192182,0.02121635636203556
180.6,0.007516929601802934,0.0868793095115129,0.05830884188878455,-0.03488463358717996,0.008345727244941537
180.65,-0.002102756208325219,0.08722434782132915,0.05961547660551569,-0.05518063570597183,-0.00133825621055278
180.7,-0.007044759122073386,0.07933208994404833,0.06067831688157554,-0.06876401763249657,-0.006354994694418525
180.75,-0.006449042682951172,0.06523965625557421,0.06145281229869104,-0.07478687701520181,-0.005832298897430976
180.8,-0.0002133560246930458,0.04702070047122997,0.06192809125448451,-0.07298447764373472,0.0003428192654138518
180.85,0.01098235938006021,0.02675629520192335,0.0621256789572569,-0.06385976941890349,0.01149708647627568
180.9,0.02577165578336646,0.006591446198237427,0.06209061835933849,-0.04885399319453514,0.02626500317505226
180.95,0.04230246982939244,-0.01125581813634274,0.06187615611105041,-0.03034632893664178,0.04278981910017654
181,0.05852231036728953,-0.02462665003938835,0.06152822237615319,-0.01134993046674546,0.05901025697895146
181.05,0.07251559462570246,-0.03170141491419498,0.06107460441108431,0.00506550116231953,0.07300062793668671
181.1,0.082842689085749,-0.03134888577817674,0.06051849122898534,0.01643761675277825,0.08331306337713151
181.15,0.08880902825806118,-0.02342267364615491,0.05983692635009286,0.02145914588585415,0.08924972540514331
181.2,0.0905844900829776,-0.008890896925105918,0.05898571628551091,0.02026875392570658,0.09098445001496624
181.25,0.08911269638169421,0.01026735272487433,0.05790980797242617,0.0143840798667584,0.08947300915327577
181.3,0.08580368592383258,0.03139283311585878,0.05655444029275281,0.006243058407478452,0.08614482499666865
181.35,0.08207822500716302,0.05162657046354763,0.05487395581234872,-0.001562805646330725,0.08244399563267757
181.4,0.07889865152196469,0.06842613445040391,0.05284086343075173,-0.007151107311562148,0.07935457649663258
181.45,0.07644654807244577,0.08000480799688348,0.05045560964468931,-0.009979336139176906,0.07707122475665801
181.5,0.07407312534692338,0.08560104650792277,0.04775109138286426,-0.01096065213642216,0.07494290908598689
181.55,0.07056218387030434,0.08553011193733628,0.04478956890452745,-0.01202075849182202,0.07173170899318082
181.6,0.06463827750881708,0.08102688782458678,0.04165431067963665,-0.01527955258030665,0.06612156907694722
181.65,0.05556532283368192,0.07392376764582098,0.0384388696784641,-0.0221590626574202,0.05732279063739049
181.7,0.0436414732096158,0.06623785633796708,0.03523623426547406,-0.03275209922242828,0.04557780534158634
181.75,0.03041897999409252,0.05974503155957667,0.03212895580282943,-0.04566767214485926,0.0323937399001939
181.8,0.01854881002059532,0.05561355297096865,0.02918077198054736,-0.05836472732991688,0.02039908560243298
181.85,0.01125392320910429,0.05416861985154964,0.0264296547261208,-0.06784370783703712,0.01282392136797039
181.9,0.011537228742068,0.05485262810627961,0.02388338458781858,-0.07145351294808937,0.01270882191961786
181.95,0.02131417307162507,0.05641160699917996,0.02152122690843516,-0.06759993850730228,0.02203088106744366
182,0.04069589109179362,0.05727998688221303,0.01930021839699503,-0.05623447327090654,0.04097552143278732
182.05,0.06763481759382928,0.05608009833150951,0.01716104679345321,-0.03897312649619166,0.06756803578686277
182.1,0.09807229056276437,0.05210827414631253,0.01503314442515336,-0.0187202754335194,0.09780840204394337
182.15,0.1266145282023722,0.04566709336432162,0.0128416026185369,0.001099029922965153,0.1263381494839513
182.2,0.1476276041488142,0.03813093616592622,0.01051649811891603,0.01738182729157752,0.1475315439005435
182.25,0.1565172251671809,0.03169865261102944,0.008000534927817216,0.02795380358745436,0.1567768716749784
182.3,0.150880186631757,0.02887396562994515,0.005252109812042383,0.0317774438893756,0.1516333952616671
182.35,0.1312129612901846,0.03178959338884546,0.002245409758707906,0.02881990801468703,0.1325474851753771
182.4,0.1009536982911008,0.04154118159111064,-0.001030746077955724,0.01980599519335208,0.1029023760282732
182.45,0.06580419594352248,0.05770534013633033,-0.004575038423500599,0.006019312861825191,0.06834639193795922
182.5,0.03248189999884488,0.07817964208625544,-0.008376512107291623,-0.01084052647329256,0.03554949116213579
182.55,0.007226286382513054,0.0994196755432516,-0.01241802180082452,-0.02878945738581294,0.01071210698865049
182.6,-0.005537923544977565,0.1170643214387607,-0.01668186324613224,-0.04571106733929485,-0.001770019286141344
182.65,-0.004027251851388747,0.1268420321131799,-0.02115770410546036,-0.05954789234398206,-0.0001313069262961486
182.7,0.0107690157676953,0.1255678263807106,-0.02584897818937659,-0.06854874832080846,0.01463341557338982
182.75,0.03561105492223317,0.1119986928483425,-0.03077305300370814,-0.07154836583030717,0.03929236922905455
182.8,0.06594451772812583,0.08731786287535703,-0.03595453708448204,-0.06817523318782027,0.06931330526289481
182.85,0.09691654195689609,0.05508542381107606,-0.04141632480446711,-0.05888827838829408,0.0998786785209731
182.9,0.124182502329187,0.02062090692189211,-0.04717251067275186,-0.0448284869577935,0.1266889210341434
182.95,0.1443619635592811,-0.01005797255902774,-0.05322157881214273,-0.02756163386371306,0.146413061806254
183,0.1551795564566004,-0.03148149758022561,-0.05953886150644383,-0.008849871395724474,0.1568221110446596
183.05,0.1554393224349235,-0.03984387950884477,-0.06607525801857417,0.009463068771116105,0.1567562802951907
183.1,0.1449898206716528,-0.03371622331324003,-0.07275737435347274,0.02553757996016418,0.1460839719133411
183.15,0.1247471991438347,-0.01420755629422843,-0.07948223858061948,0.03773576501308917,0.1257222730228633
183.2,0.09672663198573535,0.01541558424124373,-0.08611627402860211,0.04488872087984273,0.09766926626660982
183.25,0.06395645576244068,0.05049393158045989,-0.09250453829935706,0.04646183794166733,0.06492312940687744
183.3,0.03016554973226522,0.0858834360478713,-0.0984869822546578,0.04256255143549927,0.03117668882588664
183.35,-0.0007709401161015584,0.116774491012216,-0.1039173542088893,0.03390232130976809,0.0002713679329626739
183.4,-0.02551651187611355,0.13927834130364,-0.1086809934504444,0.02179237462588575,-0.02448110591993718
183.45,-0.04189324004452246,0.1507541486615986,-0.1127064808662617,0.008064251202799104,-0.04091449145394965
183.5,-0.04923851299150693,0.1499393757707262,-0.1159681315555026,-0.005224651962977766,-0.04836442671968089
183.55,-0.04838729819528242,0.1369695261827957,-0.1184813586743698,-0.01624889026168199,-0.04765312110987363
183.6,-0.04129960592212008,0.1133348818093423,-0.1202937155054029,-0.02384547564556798,-0.04072147733761039
183.65,-0.03047334500701583,0.08176628095649252,-0.1214729659076625,-0.02779387937348635,-0.03004681822202093
183.7,-0.01834027599984035,0.04599861061465588,-0.1220934380450224,-0.0289201016043718,-0.01804308165812979
183.75,-0.006825264488008182,0.01035415137193085,-0.1222231512390544,-0.02899445162789667,-0.006622580808162304
183.8,0.002829721254263545,-0.02085499345707009,-0.1219157089940588,-0.03039148076919909,0.002979075962477207
183.85,0.009977829382007884,-0.04401997661747026,-0.1212093101372766,-0.0355345497003174,0.01011561335323757
183.9,0.01430863784485959,-0.05687170464936331,-0.1201312385522955,-0.04624584034466249,0.01447236977990729
183.95,0.01556535237946433,-0.05888263183437981,-0.1187049607043024,-0.06318941119018416,0.01578452883899073
184,0.01338696739100946,-0.05130443657101547,-0.1169576054832988,-0.08557200165969502,0.0136801095899432
184.05,0.007372714997413001,-0.03681575639807994,-0.1149255030591503,-0.1111816917566803,0.007745258219333029
184.1,-0.002626319186817447,-0.0188784329391633,-0.1126568008395874,-0.1367369622269277,-0.002182914121230561
184.15,-0.01608808844976345,-0.0009897749310511239,-0.1102103980053799,-0.1584942345193021,-0.01559528588197001
184.2,-0.03145036051143205,0.01395829078434385,-0.1076511162982704,-0.173016627784788,-0.03093890643518216
184.25,-0.04598525327692489,0.02405279302083241,-0.10504266967286,-0.1778777740275498,-0.04548884625354704
184.3,-0.05605265828222703,0.02841218607429236,-0.1024396870294001,-0.1721341391068917,-0.05559964677916968
184.35,-0.05774779057562495,0.02698442977738202,-0.09988058700413283,-0.1565658782689981,-0.05735257417932693
184.4,-0.04781692788992538,0.02023700717149268,-0.09738351020226499,-0.1336793221521124,-0.04747307281032059
184.45,-0.02460153681088924,0.008895278157478981,-0.09494559570684374,-0.1073462735632753,-0.02427858308489561
184.5,0.01127250899729456,-0.00615444462796666,-0.09254527445788674,-0.08200024009647269,0.01162758034443429
184.55,0.05669851122664497,-0.02376535442330613,-0.09014738797437682,-0.06156174060909027,0.05715528083294152
184.6,0.1064967755578117,-0.04230626617510586,-0.08770850384145867,-0.04847849801652451,0.1071323819104093
184.65,0.1543672844690591,-0.05946410353963516,-0.0851785852346168,-0.043236398677344,0.155256509446886
184.7,0.1941620613289037,-0.0722418599582571,-0.08250006832156687,-0.04447470481840932,0.1953688775057164
184.75,0.2211450955975364,-0.077269012221033,-0.07960908041163883,-0.04958937893120476,0.2227169485509041
184.8,0.2328946076704134,-0.07143157677666234,-0.07643812367532687,-0.05555770598692458,0.2348600407721401
184.85,0.2295987090257551,-0.05269836101934305,-0.07291932831878051,-0.05970046171504428,0.2319670061150221
184.9,0.213675028800086,-0.02091122646426297,-0.06899076947889282,-0.06014479005898651,0.216436818298694
184.95,0.1888614101232246,0.02173396880412104,-0.06460426891523696,-0.05589307547093247,0.1919880990650441
185,0.159096287982897,0.07072816616041622,-0.05973094762672349,-0.04663596198197839,0.162538592825507
185.05,0.1275749693007196,0.119884272236788,-0.05436337685842862,-0.0325449273932233,0.1312605965843251
185.1,0.09628487424051603,0.162463747683283,-0.04851549139449651,-0.01417039549238494,0.1001183882807409
185.15,0.06612515191986187,0.1925307814239049,-0.04222153399842865,0.007563458092746871,0.06999153558017845
185.2,0.03746866987558707,0.2061809959245651,-0.03553221378307753,0.03132970266296528,0.04124302673684593
185.25,0.01084657032979499,0.2023064193496942,-0.02850599699806711,0.05540447053908015,0.01440867556965653
185.3,-0.01260517947053056,0.1826814770726541,-0.0211981414211907,0.07776562584407293,-0.009353453211715046
185.35,-0.03117052246175241,0.1513601324589165,-0.01365224606665277,0.09629483792029711,-0.02828992770307981
185.4,-0.04305659638379467,0.1135856822411966,-0.005898282555630074,0.1090544281928639,-0.04056154134789913
185.45,-0.04715379059707454,0.07455796527845293,0.002042655403884375,0.1145968626846962,-0.04501325196001837
185.5,-0.04370930097726228,0.03843084899274052,0.01015045387858315,0.1122332197685899,-0.04185798107941224
185.55,-0.03460271704004159,0.007811319297492014,0.01839866485904457,0.1021867287881441,-0.03296007933171291
185.6,-0.02307868549433674,-0.01616550506582459,0.02675115155076963,0.08559338793656497,-0.02157103024497431
185.65,-0.01301060559625722,-0.03333231072094578,0.03516389167038814,0.06437441576986365,-0.01159036388075058
185.7,-0.007943834358872177,-0.04385752899132006,0.04358616369140028,0.04104259884630238,-0.006601232985082861
185.75,-0.01023073404714052,-0.04780538625764241,0.05195682291882547,0.01846862832813804,-0.008994924302402674
185.8,-0.02051073718104363,-0.04508764145870608,0.06020069849325183,-0.0004387594536235842,-0.01944078263427673
185.85,-0.03765101424486402,-0.03580603824347822,0.06822873450683087,-0.01318216628683032,-0.03681938931045659
185.9,-0.05910980835765914,-0.02079124235884611,0.07594164587040031,-0.01819301919347135,-0.05858329819607722
185.95,-0.08157469267149951,-0.002038788841376094,0.08323579189592101,-0.01525261833256239,-0.08139736482554633
186,-0.1016831320824223,0.01722809852088325,0.09001314185599024,-0.005633288679242465,-0.1018654873360714
186.05,-0.1166512816989698,0.03299114383201562,0.09619535043671812,0.008104730860713179,-0.1171673737471239
186.1,-0.1246928589979378,0.04128727936373183,0.1017346290043206,0.02257538105995995,-0.1254852020169347
186.15,-0.1251802842654064,0.03922405502333481,0.1066151300187638,0.03415431620879666,-0.1261706091153292
186.2,-0.1185653638612482,0.02582419800450897,0.1108477343790518,0.03957046046211081,-0.1196680603603174
186.25,-0.1061239711684811,0.002420893400991719,0.1144636844634802,0.03641961428442785,-0.1072593554012953
186.3,-0.08961510858455832,-0.02752710851869156,0.1175077788777801,0.02357750206371082,-0.09071959595473211
186.35,-0.07094372925380008,-0.05915037394287531,0.1200295526303742,0.001504458664853994,-0.07197564697588604
186.4,-0.05189650226421751,-0.0872110520515032,0.1220756903658918,-0.02763976014400644,-0.05283664516841435
186.45,-0.03398190511656492,-0.1071935314088582,0.1236889316563492,-0.06023092634375665,-0.03482972019675828
186.5,-0.01836763750026081,-0.1161749326762767,0.1249070316713262,-0.09184711623573841,-0.01913410240855112
186.55,-0.005877029325185112,-0.113293584140242,0.1257553575135166,-0.1182357212812601,-0.006576350787833696
186.6,0.003002466225341629,-0.09975011795389954,0.1262389229356487,-0.1363067410938469,0.002360649355422684
186.65,0.008132462337817989,-0.07839890319174836,0.1263428178884961,-0.1448283223525192,0.007548645111124963
186.7,0.009761105695019973,-0.05306202471812138,0.1260419171742006,-0.1445479326860441,0.009248462670313429
186.75,0.008556709081202445,-0.02773749436636286,0.1253142698826516,-0.1376985420974554,0.008140275449896373
186.8,0.005593552054663132,-0.005876081003622524,0.1241537837127673,-0.1271365001000855,0.005306487621791256
186.85,0.002255361388582372,0.0101367725241347,0.1225784682287816,-0.1154980067382118,0.002133067795727583
186.9,5.177544000900059e-05,0.01921789214392078,0.1206329836202327,-0.1046829183318359,0.0001249837813426247
186.95,0.0003793742478325828,0.02153796660776086,0.1183835024880846,-0.09571191743770015,0.0006674260892700623
187,0.004283729811880622,0.01825026279995146,0.1159048581193759,-0.08884108630749106,0.004789255156783911
187.05,0.01228125099090962,0.01110543983200263,0.1132669547484063,-0.08382512635436275,0.01298732233155186
187.1,0.02428014054680586,0.00206867645555453,0.1105241959756831,-0.08020868290485283,0.02515064741169015
187.15,0.03960981037590704,-0.006975246670005208,0.1077065466671303,-0.07753939564623182,0.04059328122993999
187.2,0.05714210716420116,-0.01439231012542735,0.1048137667915893,-0.07548223264700869,0.05817867364665363
187.25,0.07547467371620822,-0.01886117004767973,0.1018147245890344,-0.07382253594650114,0.07650502420203431
187.3,0.09314330187325467,-0.01937940839040031,0.09864950588657623,-0.07233722427233752,0.09411823509477224
187.35,0.1088294658184463,-0.0152718055917509,0.09523379375617647,-0.07063845218276918,0.1097180179527428
187.4,0.1215235386360354,-0.006232948104060165,0.09146994468494285,-0.06812948535951441,0.1223182710626519
187.45,0.1306025107884039,0.007601611276167097,0.08726348848338072,-0.06409708500345483,0.1313205564086373
187.5,0.1357923942724478,0.02559027215751741,0.08253691896226922,-0.05784207183816661,0.136472202621478
187.55,0.1370217624131004,0.04657440280526781,0.07723869926800653,-0.04881740547597439,0.1377158654622103
187.6,0.1342209438184301,0.06896097333785034,0.07134815810044226,-0.03684546611239323,0.1349863544863827
187.65,0.1271606002900556,0.0909086964073299,0.06487618237280746,-0.0223661238971476,0.1280484087645637
187.7,0.1154233413124043,0.1105915465651937,0.0578638672233151,-0.006548164566780805,0.1164695695415293
187.75,0.09855682784936068,0.126483867139254,0.05037922122653293,0.008867403490595258,0.09977563249398025
187.8,0.07637782139625598,0.137591409475416,0.0425129299989081,0.02198350126370811,0.0777580412667333
187.85,0.04932264985843707,0.1435614166256978,0.03437224402401023,0.03126945659551568,0.05082739120842988
187.9,0.01870111766836149,0.1446314299459427,0.0260680405595734,0.03599032606847177,0.02027039154885546
187.95,-0.0132677891760121,0.1414159275857212,0.01769769419002287,0.03639711290862103,-0.01171222643125963
188,-0.04369174377325909,0.134590579942108,0.009329339154845517,0.03359673663018858,-0.04223933264271101
188.05,-0.06947308102760312,0.1245858811253417,0.0009953502622374599,0.02911578996565049,-0.06821590487737605
188.1,-0.08789508518833025,0.111411321041035,-0.007298654450914599,0.02434003041087293,-0.08691802979344321
188.15,-0.09717774124754973,0.09470067214965749,-0.01555823994969363,0.02010135861991352,-0.0965485559301214
188.2,-0.09686968707689585,0.07399602827607576,-0.02378815504401599,0.01657779346398786,-0.09663013001287135
188.25,-0.08799022985418563,0.04919792041196974,-0.03198338480160867,0.01347401105920414,-0.08815003522683823
188.3,-0.07289346787928372,0.02103181771466223,-0.040121781009478,0.01032326655569443,-0.07342858678187131
188.35,-0.05487691803625998,-0.008657601568439366,-0.04815883007017319,0.006758102052264937,-0.05573295253221
188.4,-0.0375971901540509,-0.03693644401767382,-0.05602557703814359,0.002678928274099549,-0.03869801139708556
188.45,-0.02438988282535902,-0.06018971924397531,-0.06363132817979111,-0.001685218078948267,-0.02565027588542201
188.5,-0.01762078201630296,-0.07484126008670311,-0.07087115870928062,-0.00581428750312104,-0.0189609601547257
188.55,-0.01821033905982183,-0.07821367034284715,-0.07763554205647782,-0.009021142451275995,-0.01956961497507614
188.6,-0.02545683608977792,-0.06929527193977519,-0.08381938273807438,-0.01061620669932814,-0.02680347591665488
188.65,-0.03722452187883048,-0.04919009263099333,-0.08932811624866999,-0.0100660892009795,-0.03855966476867001
188.7,-0.05047143023964067,-0.02110479311946134,-0.09408339853904968,-0.007133052819054242,-0.05182564531120221
188.75,-0.06199172563682526,0.01015868183273561,-0.09803316143068763,-0.001980352434447346,-0.06341481239257762
188.8,-0.0691788534725685,0.03910482810543625,-0.1011604041080063,0.004769926587047051,-0.07072444433060326
188.85,-0.07060284440647976,0.06063725725398655,-0.1034855282653002,0.0120339210919649,-0.07231144208533147
188.9,-0.06625232717637494,0.07109608544181389,-0.1050625833930932,0.01835262035168523,-0.06813632939637526
188.95,-0.05739605561428113,0.06900242059171935,-0.1059726077422565,0.02209658928040079,-0.05943113568414909
189,-0.04613902620176739,0.05533171114365443,-0.1063161437611058,0.02174192543945191,-0.04826404901226811
189.05,-0.034831961693039,0.03325408126363283,-0.1062046662682046,0.01612897155126467,-0.03695876994104363
189.1,-0.02551804518962947,0.007409667711761325,-0.1057516592400964,0.004640646487099774,-0.02754864083031061
189.15,-0.01955517477519775,-0.0171053143092349,-0.1050623781647881,-0.01270338463702959,-0.02140284068578768
189.2,-0.01747280557088952,-0.03580351019236372,-0.1042236958626389,-0.03521189393398702,-0.01908099113070744
189.25,-0.01903867502374158,-0.0456838236069993,-0.1032980357922252,-0.06156831817823035,-0.02039297942279233
189.3,-0.02346364403173944,-0.04573412784230146,-0.1023214915065134,-0.08992056918164876,-0.02459292815116515
189.35,-0.02966062828793726,-0.0369681203734098,-0.1013048181530869,-0.1179034555510872,-0.03062735455844329
189.4,-0.03649238053304603,-0.0220301053687304,-0.100237797640122,-0.1427144354866123,-0.03737465593755762
189.45,-0.04296608095395699,-0.004500581507253743,-0.09909745054547092,-0.161503372297695,-0.04383688696249349
189.5,-0.04835416573179721,0.01191624010671,-0.0978570179103192,-0.1720726278794028,-0.04926339705669247
189.55,-0.05223426891526847,0.0241390606270202,-0.09649016475365829,-0.1735876299109363,-0.05319852354003968
189.6,-0.05445498655389289,0.03024375809263513,-0.0949725654532686,-0.1669135491963872,-0.05545720537121324
189.65,-0.05504754759416292,0.02970559172118292,-0.09328831008586025,-0.1543749045713956,-0.05604592669894592
189.7,-0.05411598660533517,0.02333928969833837,-0.09143600905112997,-0.1390458384844544,-0.0550587364466808
189.75,-0.05174131169880095,0.01298120035065065,-0.08942865819685691,-0.1238647518800891,-0.05258262986934437
189.8,-0.04792651444813976,0.0009951006176501798,-0.08728914858879899,-0.1108963445716572,-0.04863907051405986
189.85,-0.04259079917778463,-0.01029065503016274,-0.08504446356443746,-0.1009488209558563,-0.04317158946175936
189.9,-0.03560375349577225,-0.01908862339669104,-0.08271905647849276,-0.09355034087610405,-0.03607248228469673
189.95,-0.02684291966663433,-0.0244816965353144,-0.08032577151613668,-0.08722726140162095,-0.02723437504047349
190,-0.01626366066226029,-0.02650286494286058,-0.07785806887198421,-0.08001475081109824,-0.0166172537617536
190.05,-0.003980601330483211,-0.02595937721251956,-0.07528694407722641,-0.07007818248301557,-0.004330530310818204
190.1,0.009638395936871528,-0.02405517187646161,-0.07256206264536014,-0.0563003634355147,0.009269583683687799
190.15,0.02387717250048363,-0.02192625398399373,-0.06961615013634703,-0.03868137761476487,0.02348059001825731
190.2,0.03760692764945139,-0.02022559128869106,-0.06637242596488391,-0.01841291009596093,0.03718544647494765
190.25,0.04929513419907444,-0.0188768948568897,-0.06275473643340002,0.002405093124870465,0.04885942665725723
190.3,0.05712051648855399,-0.01707278432098702,-0.05869939992962098,0.02130440291795042,0.0566849612260843
190.35,0.05919734503131444,-0.0135235025786371,-0.05416660777400145,0.03607223086143226,0.05877735001713874
190.4,0.05387956375137894,-0.006890846706564813,-0.04914804789811356,0.04528304198579541,0.05349054394392683
190.45,0.04009282745599321,0.003708350578053909,-0.04366916077475269,0.0485881828848404,0.03975028550414245
190.5,0.01763699780880097,0.01826776745539449,-0.03778621327180559,0.04666941893443445,0.01735630605228022
190.55,-0.01259533371854273,0.03565588495810124,-0.03157903641326654,0.04089644022003131,-0.01280055003586339
190.6,-0.04853275167926825,0.05365724590533438,-0.02514147282703083,0.03287918962143344,-0.04865432799869629
190.65,-0.08701251162876797,0.06929433138687402,-0.01857225954309244,0.02412420467481223,-0.08705311508593855
190.7,-0.124064902655475,0.07936505439790814,-0.01196789054821246,0.01590076523184418,-0.1240438867644542
190.75,-0.1553849556486381,0.08108159567091011,-0.005416559573211743,0.009292988700657329,-0.15534285370349
190.8,-0.1769375409944837,0.072665124045173,0.001006333297858486,0.005297462961947365,-0.1769374275487949
190.85,-0.1856009297530679,0.05376065762560645,0.007239675029400039,0.004785078478114047,-0.1857253486114032
190.9,-0.1797312399038784,0.02558740694256606,0.01323590101585326,0.008300322812456667,-0.1800743773537997
190.95,-0.1595342140580892,-0.009191040583799825,0.01895845683400887,0.01588092749941818,-0.1601900141229672
191,-0.1271591311704327,-0.04683208304973852,0.02437698968575053,0.02701766244873567,-0.1282071103644746
191.05,-0.08647599549633242,-0.08302897559283506,0.02946245585750218,0.04070692213811705,-0.08796698994073959
191.1,-0.0425533687735232,-0.1134827022083956,0.03418437096875276,0.05553261483547046,-0.04449780986803142
191.15,-0.0009149039687982147,-0.1344526666062926,0.03850646323471252,0.06981674569385284,-0.003275662254430434
191.2,0.03329415348853041,-0.1432298040536256,0.04238169955346388,0.08189751702717075,0.03060273101878019
191.25,0.05606703357653377,-0.1384928293306672,0.04575623591320199,0.09047149673230563,0.05317335846236904
191.3,0.06506532239309176,-0.1205157195672827,0.04857682339184338,0.09486668556002663,0.06212831805614771
191.35,0.05981311108941956,-0.09120010664190181,0.05079356635899768,0.09513720260816672,0.05700456456858549
191.4,0.04153567153573619,-0.05390628159859723,0.05236344804223425,0.09191211696752272,0.03901926240896714
191.45,0.01271774435542173,-0.0130717686228824,0.0532596685907008,0.08604376972136535,0.01062711464235677
191.5,-0.02347462403140029,0.02635328920510316,0.05348375479575584,0.0782416135073034,-0.02505524706286089
191.55,-0.06374191134132728,0.05958649596504373,0.05307440790020912,0.06889676079185773,-0.06479158613565572
191.6,-0.105035731519232,0.0827011534507448,0.05210895542925359,0.05816647230670783,-0.1056018462217697
191.65,-0.1447178012267407,0.09318208834496106,0.05069709962877772,0.04621957987333554,-0.1449109009353938
191.7,-0.1805170672249335,0.09022700386634119,0.04896960366658287,0.03346246679072649,-0.1804953485853196
191.75,-0.2103774338771945,0.07472739002248563,0.04706415026506999,0.02058688766745872,-0.2103233939968212
191.8,-0.2323234929421334,0.04893317578314305,0.04511020825430057,0.008368663516218466,-0.2324168864697463
191.85,-0.2444625457490236,0.01589001258269096,0.04321596180949772,-0.002700433345961729,-0.2448548524616306
191.9,-0.2451926664279263,-0.02118903108249437,0.041461455718875,-0.01272711839201413,-0.2459879340367838
191.95,-0.2336090287570643,-0.05943924337782314,0.03989886100599893,-0.02247539355321837,-0.2348544459172855
192,-0.2100117921198599,-0.09661329986731515,0.03855568386193453,-0.03311814452038378,-0.2116987833511967
192.05,-0.1763415643179149,-0.1310618270300635,0.03743736815509263,-0.04578619240882653,-0.1784161623464756
192.1,-0.1363363643006036,-0.1614846953626611,0.03652976633472405,-0.06106060642093405,-0.138715067779829
192.15,-0.09524153819446908,-0.1865882956856961,0.0358060476871303,-0.07853750023618439,-0.0978289186878174
192.2,-0.05902643454408529,-0.2048293540955946,0.03524072790430388,-0.09662048613624614,-0.06172993105836377
192.25,-0.03323300536419714,-0.2144012020360982,0.03482024612420687,-0.1126976857231343,-0.03597285645688064
192.3,-0.02174666499044591,-0.213520355223846,0.03454223781846866,-0.1237446964284674,-0.02445946783452346
192.35,-0.0258525931935448,-0.2009527302260557,0.03440962571218875,-0.1271977387497551,-0.02849016842607971
192.4,-0.04388420998675749,-0.1766213764188594,0.03442326469852147,-0.1218205933037877,-0.04640961819947442
192.45,-0.07158717792688386,-0.142086734298552,0.03457313340196932,-0.1082557356338429,-0.07397126590662972
192.5,-0.103092408301978,-0.1007060799439287,0.03483157206592158,-0.0890081384233095,-0.1053126420093294
192.55,-0.1322026115563718,-0.05736405148704871,0.03515011498099579,-0.06780802777533657,-0.1342451906823469
192.6,-0.1536278799466814,-0.01778335425903615,0.03546033287991501,-0.0485597406836394,-0.1554917255740386
192.65,-0.1638668129459526,0.01247640609162448,0.03568028930270306,-0.03426089750841478,-0.1655671192619261
192.7,-0.161583243297564,0.02911545027668128,0.03572450987881803,-0.02628154408877267,-0.1631518070899441
192.75,-0.1475001803002678,0.03001448609789348,0.03551562605072567,-0.02422806849841405,-0.1489808260792899
192.8,-0.1239576946019753,0.01573369564009364,0.03499656969563714,-0.02635581511643919,-0.1253970749657565
192.85,-0.0943262540588545,-0.01055873159513188,0.03413633980916952,-0.03028446723651111,-0.0957621311784993
192.9,-0.06243534264180848,-0.04372877482377913,0.03292687298028663,-0.03370759580652745,-0.06388602710176805
192.95,-0.03210356222684442,-0.07773508554786118,0.03137918445831334,-0.03489388774807237,-0.03356175678240236
193,-0.006779226738628003,-0.1068353076131446,0.02952081442229348,-0.03294855641496341,-0.008212706523898106
193.05,0.01074487623583881,-0.1266381266832313,0.0273908248801632,-0.02787461336116483,0.00938602790251486
193.1,0.01858491023922186,-0.1347623722183076,0.02503356508781535,-0.02046224359997,0.01735617585060711
193.15,0.01599984346104722,-0.1310009076530954,0.02249659643363522,-0.01202870049599074,0.01494898066561251
193.2,0.003578131695700078,-0.1170406708888264,0.01983292129747433,-0.004032524219188819,0.002733840502825602
193.25,-0.01668385471733878,-0.09589702159295743,0.01710094931575812,0.002373906622035117,-0.01731833615352163
193.3,-0.04147908394620596,-0.07125574586706723,0.01436046903379434,0.006696642149366972,-0.04192671188578923
193.35,-0.06651076312839242,-0.0468819954546692,0.01166843636193976,0.009181153793003414,-0.06681604132840524
193.4,-0.08703920646189021,-0.02617189210238785,0.009076128514331372,0.01058992914963937,-0.08726014179520952
193.45,-0.0985998146835253,-0.01184318869499945,0.006628303966053128,0.01182610140077709,-0.09879863942388362
193.5,-0.09777937488858887,-0.005713548939690116,0.004366348296275357,0.01359432907982174,-0.0980142906219863
193.55,-0.08289828617821803,-0.008514862488049224,0.002333383183813931,0.01623339548149244,-0.08321759730584294
193.6,-0.05443973243935048,-0.01973435713722649,0.0005770496131554115,0.01980484993042529,-0.05487893846755054
193.65,-0.01510540011778183,-0.03752631519364957,-0.0008528327961232485,0.02438977624397575,-0.01568679443401966
193.7,0.03054259275208336,-0.0587714832701739,-0.001912902703079256,0.03039158195316606,0.02980867832425416
193.75,0.07679093537704602,-0.07935275270336423,-0.00257759843345623,0.03863385997247435,0.07590440248776614
193.8,0.1176814766187565,-0.09467682723427984,-0.002846435804998659,0.05012827894775388,0.1166508738156578
193.85,0.1479123258584777,-0.1004020322717598,-0.002744337619422998,0.06554948058580261,0.1467537359724374
193.9,0.1635460829810088,-0.09325350463939808,-0.00231717202503573,0.08469871070685696,0.1622820046709303
193.95,0.1624070489856932,-0.07175311999233941,-0.001625173558278181,0.1062944163616582,0.1610648478875366
194,0.1441486345382308,-0.03668453565408653,-0.0007350832991290801,0.1281716632182161,0.1427579804385289
194.05,0.1100634724698498,0.008841771019476918,0.0002892350041441838,0.1477287656646669,0.108652874463596
194.1,0.06276387217399768,0.05977055724412728,0.001397792245562912,0.1624271411227443,0.06135667884165152
194.15,0.005860917442079004,0.1098682161917926,0.002559014811994831,0.1702261189247675,0.004471617535372507
194.2,-0.05628098309730996,0.1527172423029242,0.003756789646031988,0.1698848504568475,-0.05764941279025548
194.25,-0.1187231901553882,0.1827307277395455,0.004984862435340021,0.1611016349313807,-0.1200803950357995
194.3,-0.1761592404392312,0.195981286948906,0.006235130353740959,0.1445238616706839,-0.1775268462110143
194.35,-0.22328132239187,0.1906939029374766,0.007484755665457865,0.1216682018318796,-0.2246908594892031
194.4,-0.2554004938642785,0.1673438636966921,0.008688928040471833,0.09475046060273556,-0.2568901224641762
194.45,-0.2692937854445825,0.1283976394551665,0.009782643595679597,0.06643520313539358,-0.2709045632645563
194.5,-0.2640952369177629,0.07780250466731353,0.0106886392661405,0.03955166535732052,-0.2658671209116501
194.55,-0.2419273840360529,0.02036662506426157,0.01132687053541886,0.01678539990248335,-0.2438957648551243
194.6,-0.2079617405164446,-0.03883542076173163,0.0116235027138275,0.000331446967874004,-0.2101543190128738
194.65,-0.1697245573193107,-0.09493868703986197,0.01151814027693882,-0.008433896226547182,-0.1721591110566857
194.7,-0.1357001512256744,-0.1436255110184268,0.01096966338323369,-0.009166372007718056,-0.1383822982209414
194.75,-0.1135321929174241,-0.1813635344995952,0.009960990183977447,-0.002605706940022951,-0.1164534343911363
194.8,-0.1082916080170088,-0.2056088107169841,0.008502236220417569,0.009518391756654726,-0.1114265835666218
194.85,-0.121286938566345,-0.2150321195117638,0.006629993511056864,0.02470338541304425,-0.1245910513746932
194.9,-0.1497451965144108,-0.2097776358786694,0.004401702237739724,0.03999365350101475,-0.1531526818977168
194.95,-0.1874325906627961,-0.1916894434339709,0.001888640331627223,0.05237613421243154,-0.1908575570487336
195,-0.2260252379771376,-0.1643849146294071,-0.000833970948039886,0.05924621751749604,-0.2293660361321769
195.05,-0.2568541107182458,-0.1330395318550199,-0.003697269508890044,0.05891856735684808,-0.2600024191380289
195.1,-0.2726002424339077,-0.1037928536340449,-0.006644998166462024,0.05103159631630216,-0.2754528061586017
195.15,-0.2685837937248599,-0.08279198868667714,-0.00963532786647725,0.03661350531400787,-0.2710551859132849
195.2,-0.2434416194357498,-0.07502729832657973,-0.01263866511944056,0.01773426842382785,-0.2454742454544961
195.25,-0.1991489206568509,-0.08322404886022455,-0.01563346740211313,-0.003071681623869373,-0.2007183417556439
195.3,-0.1404756782445782,-0.1070843516165401,-0.01860129824555179,-0.02336349829745533,-0.1415897992185072
195.35,-0.07404682639164299,-0.143114814466027,-0.02152073593483361,-0.04119762194918652,-0.07473998829524675
195.4,-0.007205142921346394,-0.1851409834448819,-0.02436227048809658,-0.05532331303293672,-0.007529144693697698
195.45,0.05313162419965785,-0.2254269782629943,-0.02708689509424211,-0.06518366119356851,0.05311683498231923
195.5,0.1014527576172525,-0.2561519728376703,-0.0296488442142237,-0.07080061205702788,0.1016864918974151
195.55,0.1343419019655301,-0.2709044687366524,-0.03200196473962397,-0.07264262004665617,0.1347672178868691
195.6,0.1507768351537728,-0.265858477566646,-0.03410686920521133,-0.07151182676192691,0.1513422883683214
195.65,0.1520043972463619,-0.24038955287077,-0.03593558361472265,-0.06839133851066451,0.1526642145982466
195.7,0.1410281821429197,-0.1970418220501755,-0.03747563727438641,-0.06422695940936261,0.1417422119642954
195.75,0.1218305088881552,-0.1409122706791501,-0.03873537889750056,-0.0597209117196739,0.1225648214275379
195.8,0.09851707057691184,-0.07863368176356,-0.03974776971198657,-0.05523561870472414,0.09924544093842508
195.85,0.07459214962398952,-0.01719300912669808,-0.04056928929229803,-0.05082596954870822,0.07529769296158217
195.9,0.0525254888655896,0.03717910604174196,-0.04127300623406649,-0.0463253639236114,0.05320161642951499
195.95,0.03367155082344994,0.07985748686296495,-0.04193882280328753,-0.04141504087051201,0.03432112462043024
196,0.01848347666018978,0.1082939367661638,-0.04264384973504831,-0.03568359324357341,0.01911589267918218
196.05,0.006878551769102251,0.1220803311996618,-0.04345313444284338,-0.02870040955662143,0.007504748377403447
196.1,-0.001410234785682331,0.1226495206006228,-0.0444106625583478,-0.02008399903494299,-0.0007837415658422109
196.15,-0.00661559074875014,0.1127189277610341,-0.0455344481550029,-0.009566084795825845,-0.005992469376006782
196.2,-0.0088869959815656,0.0956239066379726,-0.0468202755408324,0.002914267893418737,-0.008284888414832214
196.25,-0.008369479565694293,0.07469433808354392,-0.04825000060352863,0.01709641557306937,-0.007820704275586399
196.3,-0.005329588896638933,0.05279990013644709,-0.04979893932054574,0.03232426870878764,-0.004877881113793781
196.35,-0.0002540201972980365,0.03212789255113407,-0.0514416446795713,0.04756919981483833,5.222317931080633e-05
196.4,0.006116648364394604,0.01418303985714486,-0.05315588172076424,0.06156745987081427,0.006233459525723295
196.45,0.0128178570583552,-6.293777538818324e-05,-0.05492556500043555,0.07305317339315008,0.0127148636131576
196.5,0.01872917143823834,-0.009979283487566215,-0.05674136062940205,0.08106211885158469,0.01839647881408946
196.55,0.02265178307756991,-0.0151425582846742,-0.05859701532592748,0.08522710775496299,0.02210251924648488
196.6,0.02337645864983207,-0.01531978890999836,-0.06048360743113124,0.08590700946103166,0.02264394552761057
196.65,0.01973807296444748,-0.01056487310063586,-0.06238397193551748,0.0840863330249013,0.01886813264464221
196.7,0.01066832569776775,-0.001365516882100737,-0.06426727789584047,0.08113744293620979,0.009708407487005688
196.75,-0.00473109202994232,0.01124612012933512,-0.06608579248747115,0.07853659867859457,-0.005743056723178763
196.8,-0.02707010515266096,0.02569345779010457,-0.06777592053528581,0.07755959840050063,-0.02811430728185771
196.85,-0.05649531049403471,0.03999545027453216,-0.06926260538289286,0.07899592912628184,-0.05757366415409904
196.9,-0.09247508201775646,0.05201174689945554,-0.07046486809947505,0.08295586753741187,-0.0936089677582147
196.95,-0.133597713802679,0.05971755985213423,-0.07130174714275839,0.08881192621535285,-0.1348204395162432
197,-0.1774624363553483,0.06143027055642059,-0.07169951553437792,0.09528202198959497,-0.1788086070223739
197.05,-0.2207450506228556,0.05593822121556991,-0.07159901590200202,0.1006627674119082,-0.2222397192731643
197.1,-0.2594868989139372,0.04253241224682675,-0.07095952535853878,0.1031794169779425,-0.2611372569446624
197.15,-0.2895934696125103,0.02098639367752042,-0.06975672758873441,0.1013319036186462,-0.2913849933189041
197.2,-0.3074571870440548,-0.008454077074759481,-0.06797667462226342,0.09412942267432092,-0.3093545403510889
197.25,-0.3105644815638799,-0.04503050495727839,-0.06561113260440277,0.08121669325311609,-0.3125165319927129
197.3,-0.297937393948117,-0.08737996521636759,-0.06265775472386198,0.06293491543903473,-0.2998842183413456
197.35,-0.2702998174319076,-0.1334357692841091,-0.0591226825529097,0.0403442672485147,-0.2721800825851169
197.4,-0.229940166123046,-0.1803982569066698,-0.0550223676687035,0.0152227325058813,-0.2316966865391912
197.45,-0.1803281533355199,-0.2248546279959184,-0.05038493057658611,-0.01000911052441967,-0.1819112147741455
197.5,-0.1256069899484794,-0.2630890994877051,-0.0452527565943695,-0.03256926191921954,-0.1269747684774984
197.55,-0.07009343135217343,-0.2915644501083136,-0.03968521719224249,-0.0498555893645637,-0.07121069171732497
197.6,-0.01788493722830644,-0.3074858934393079,-0.03376034750864998,-0.0600957524249544,-0.01872060496977179
197.65,0.02739445795351758,-0.3093089424516647,-0.02757782858326885,-0.06285413117402759,0.02686914193016265
197.7,0.06274388354043996,-0.297049883301421,-0.02125305940089806,-0.05920244688242966,0.06255585265813379
197.75,0.08590849511932494,-0.2723021881307209,-0.01490141118237553,-0.05146404407492337,0.08608101719982914
197.8,0.09554935200264743,-0.2379408699162134,-0.008625494913439447,-0.04259822834553389,0.09609790839572568
197.85,0.09148608981962696,-0.1975809303200265,-0.002509954007010817,-0.03544325554411722,0.09241256757221583
197.9,0.07496238711311634,-0.1549335062468175,0.003379352917535883,-0.03205860626644574,0.07624879151016145
197.95,0.04881681671441888,-0.1132391566381624,0.008995463877788656,-0.03334397214581274,0.05042033033261817
198,0.01742035141863168,-0.07492811843697555,0.01430985862594347,-0.0390158626494836,0.0192711193281746
198.05,-0.01371771717902649,-0.04157461429305714,0.01931212281042016,-0.04787112573863304,-0.01171457725193992
198.1,-0.03867894494120062,-0.01410650606684083,0.02401149341159392,-0.05815588787449023,-0.03663699159300404
198.15,-0.0520947316162547,0.006860268552542736,0.0284352652144636,-0.06791906221302296,-0.05013558372227833
198.2,-0.05014296064866292,0.02073952946743701,0.03262062351702122,-0.07533989723349575,-0.04838300036974874
198.25,-0.03135814239264521,0.02689964352468505,0.03660573697641845,-0.07901436899710532,-0.02989423363903931
198.3,0.002943553627251664,0.02486461670288687,0.04042196073515347,-0.07814706422435137,0.004046766794164103
198.35,0.04874516732700698,0.01474087727658513,0.04408772902461927,-0.07260551868572576,0.04946419531602292
198.4,0.09992857596556685,-0.002290661678682859,0.04760625012373387,-0.06282197910458123,0.1002843990384953
198.45,0.1492899893101383,-0.0236354648364685,0.05096843542400742,-0.04957930666202124,0.1493450002528654
198.5,0.1897737536986129,-0.04530014970204066,0.05416008668163186,-0.03377537466278905,0.1896227685620501
198.55,0.2156776365052074,-0.06236081575919972,0.0571697636372383,-0.01627147308130837,0.2154345506647037
198.6,0.2235922067667083,-0.06983274283237118,0.05999590025257573,0.002125623161468369,0.2233746329116517
198.65,0.2129001264185126,-0.06375274821587568,0.06265403535636754,0.02059586430172042,0.2128145884704088
198.7,0.1857579388737934,-0.04219413535619876,0.06518021162653176,0.03825869769974024,0.1858878169391666
198.75,0.1465875197914819,-0.005931989062759491,0.06762580272954383,0.05420678345912368,0.1469852770793045
198.8,0.1011962672359205,0.04143940228821286,0.07004735503619536,0.0676239894034147,0.1018805555461765
198.85,0.05571066306212752,0.09399694936428415,0.0724968637554646,0.07799520939607942,0.05666796790073536
198.9,0.01553764681730331,0.144491669203058,0.07501269035502095,0.08533696535358851,0.01672759008450475
198.95,-0.01544414273680186,0.1856420208900937,0.07761115208804531,0.09032193904413215,-0.01408148487669159
199,-0.03532005109666161,0.2114386589404667,0.08028003144474655,0.09416145924359698,-0.03385606194254981
199.05,-0.04415111094489216,0.218190549376014,0.08297483877406581,0.09818813197670898,-0.04266140714603694
199.1,-0.04361654456575702,0.2051086160330178,0.08562035993352141,0.1033014030284951,-0.04217489947394409
199.15,-0.03642260908465794,0.1743338996538104,0.0881203538418639,0.1095842750337062,-0.03509648786328651
199.2,-0.0256492869195999,0.1304381327003236,0.0903729115708467,0.1162634915056709,-0.02449601157586379
199.25,-0.01418406180684126,0.07953200238324803,0.09228406564810576,0.1219249539053033,-0.01324732702735004
199.3,-0.004334878068680542,0.02818334893921992,0.09377600851549978,0.1248548663093356,-0.003640875247645114
199.35,0.002355024165021549,-0.017638550411194,0.09479167862923565,0.1235137479115465,0.002801213040266592
199.4,0.005118434842870626,-0.05340593898687018,0.09529619654383426,0.1170572847746799,0.00533526594531647
199.45,0.003857646368919922,-0.07653694570252489,0.09527325570486211,0.1056307918896566,0.003886617482615762
199.5,-0.001016374548756443,-0.08651947491457196,0.09471597883028082,0.09027046777729589,-0.001115417269632213
199.55,-0.008736307469472663,-0.08468899467613628,0.09361754905408548,0.07249518639181471,-0.008894478583106546
199.6,-0.01826890781862198,-0.07374974896622266,0.09196728445794028,0.05384285977415869,-0.01842108476944848
199.65,-0.02831512288507005,-0.05716426037493483,0.08974993626876132,0.03558779721861883,-0.02841358066739252
199.7,-0.03723724180257042,-0.03853806400709647,0.0869470167095423,0.01866732731333587,-0.03726257206109429
199.75,-0.04298707863412353,-0.0211009800038659,0.08354113489551662,0.003698008719693874,-0.04295294342198541
199.8,-0.04314946333961944,-0.007346952978207311,0.07952100338162893,-0.00895321920210857,-0.0430990914949711
199.85,-0.03520891219635692,0.001152733124490046,0.07488774246256658,-0.01901690020621929,-0.03520345042873868
199.9,-0.01707983902717952,0.003784912544677943,0.06966264098521807,-0.02616735376926155,-0.0171810882782113
199.95,0.01217314725711128,0.0008285981382232244,0.06389027107704381,-0.02997283584761187,0.01192122940795781
200,0.05161706534453864,-0.006655487777832703,0.05763520403903211,-0.02998689782761423,0.05120314363013706
200.05,0.09799897027230915,-0.01694226262030474,0.05097785345590672,-0.02598590850025723,0.09745124529118365
200.1,0.1458099005212135,-0.02775479433437178,0.04401065552607103,-0.01827638634754688,0.1451932206210239
200.15,0.1879980635505005,-0.03638961946034419,0.03683335825645107,-0.007902294623477347,0.1874018264549935
200.2,0.2172726674286448,-0.0398972225830892,0.0295462549775366,0.003397451092066187,0.2167928464210556
200.25,0.2277293305510534,-0.03537342785991565,0.02224260684831236,0.01348607277345307,0.2274492349343423
200.3,0.2163720981955727,-0.02040157506898821,0.01500329703909886,0.02024174502969026,0.2163470312259553
200.35,0.1840750141504678,0.006373208480020043,0.007894091273775328,0.02191202861505157,0.1843245382019065
200.4,0.1356460813914969,0.04463042950579765,0.0009639526975352419,0.01732101211936581,0.136155600261437
200.45,0.07890589256378372,0.09188592120593825,-0.005756260156240312,0.005970701559715358,0.07963652230602569
200.5,0.02299405843482453,0.1433326433258716,-0.01225271642405817,-0.01189127353921399,0.0238973422985112
200.55,-0.02363549242744525,0.1921881757896222,-0.01852200821484318,-0.03525357152181782,-0.02260255706456166
200.6,-0.0549647848668468,0.2306156027960927,-0.0245637231174749,-0.06239242984892674,-0.05382919213842841
200.65,-0.06842552524879161,0.2511206412556708,-0.03037599447206069,-0.09095528560136563,-0.06719485216600529
200.7,-0.06493587710738206,0.2481604610462348,-0.03595055319990903,-0.1181355005013056,-0.06360273907316677
200.75,-0.04803873918890586,0.219582385960693,-0.04126852832850969,-0.1410310133448965,-0.04659050277916077
200.8,-0.02249823077629719,0.1674925265875695,-0.04630183273721972,-0.1571127009016815,-0.02092827679705234
200.85,0.007143159140420279,0.09825450184970996,-0.05101870084883103,-0.1646064171496338,0.008827385615719885
200.9,0.03758273598546662,0.021524244474938,-0.05539081653955841,-0.162710031103732,0.03935763229401845
200.95,0.06708233672670104,-0.05151669572700662,-0.05940211396011719,-0.1517471672413055,0.06891309582393174
201,0.09510985400001216,-0.1103265425311595,-0.06305795656752322,-0.1332876725619477,0.09696022649880776
201.05,0.1215590345325821,-0.147038403587205,-0.06639157141629798,-0.1100964920922866,0.1234024393244668
201.1,0.1459459525713807,-0.1578659328672475,-0.06946433958588527,-0.08574315915180544,0.1477734310006803
201.15,0.1669533362164284,-0.1435450641647901,-0.07235809654821757,-0.06385793506732981,0.1687754692269898
201.2,0.1825244903038857,-0.1087349620981191,-0.07516065206062666,-0.04726881815306293,0.1843662953746259
201.25,0.1904650806553188,-0.06060187412574392,-0.07795148089716153,-0.03734949320440338,0.1923557461384819
201.3,0.1892935440560903,-0.007029695768436761,-0.08079409453851227,-0.03378492114562513,0.1912545916199257
201.35,0.1789733475537046,0.04502772073953354,-0.08373162882878871,-0.03477219099199934,0.1810093156356647
201.4,0.1612042825179096,0.09062879057691992,-0.08678218875643207,-0.0375663478521277,0.1632991101046778
201.45,0.1391261093734723,0.1271602178680197,-0.08993705585243139,-0.03925135643761852,0.1412460267189044
201.5,0.1165216370220723,0.1539527347574139,-0.09316424747731522,-0.03757557200494813,0.1186235049056606
201.55,0.09680397761814677,0.1714782569138983,-0.09641675068753863,-0.03162678842929987,0.09884578522998572
201.6,0.08215025089611404,0.1805100039991734,-0.09964193381194664,-0.02211397960022449,0.08410077938349014
201.65,0.0730780020463266,0.1815804835865396,-0.1027884123623493,-0.01112949747916913,0.07492252353418671
201.7,0.06857909977781772,0.1749034331385897,-0.1058100754025556,-0.001436532270750005,0.07032045730952574
201.75,0.06671670171177778,0.1607133182197471,-0.1086684031480254,0.004488350808404464,0.06837171508184736
201.8,0.06543346504642496,0.139799152691918,-0.1113297344654482,0.005289806431067542,0.06702686873557195
201.85,0.06327582362302327,0.1139334431992525,-0.1137586042026197,0.001132098083966594,0.06483337366211572
201.9,0.05980216825016007,0.08594894363555095,-0.1159123169881337,-0.006409044731593837,0.06134534003555486
201.95,0.05557756614429188,0.05936531579545434,-0.1177348343750803,-0.01483233302949962,0.05712048691695026
202,0.05179883848497424,0.03766094505219947,-0.1191512981528288,-0.02141519873263744,0.05334811477362467
202.05,0.0497054251808265,0.02343512115420099,-0.1200690369910077,-0.02394471818335108,0.05126171683302821
202.1,0.04998486625790647,0.0177515620219475,-0.120387648030914,-0.02120678255002099,0.05154552635480292
202.15,0.05237975618436916,0.01989315443473993,-0.1200164034495067,-0.01303188554209596,0.05394095165416024
202.2,0.05564015719949702,0.02761101769351615,-0.1188886896234949,4.888153239993374e-06,0.05719820523479735
202.25,0.0578581973628682,0.03777912900390484,-0.1169648517863148,0.01687651179066302,0.05940962296972013
202.3,0.05708832779635624,0.04723263740659411,-0.1142326184496372,0.03625283008118429,0.05862944560118966
202.35,0.05204775840360556,0.05352895766158366,-0.1107098138247499,0.05661197918460768,0.05357397081220472
202.4,0.04264821128394937,0.05541939217543346,-0.1064413931946058,0.07634350753429137,0.04415362385441551
202.45,0.03016298768793611,0.05292794619889235,-0.1014889060203659,0.09384077794552792,0.03163991080217715
202.5,0.01696112837922163,0.04706274246055819,-0.09591938201955374,0.1076302238854926,0.01839927478027337
202.55,0.005894319884899703,0.03929457660862229,-0.08979793128702607,0.1165543983514431,0.0072792909718018
202.6,-0.000464788909318148,0.03100100572371045,-0.08318596456192573,0.1199414864060632,0.000846819340802496
202.65,-0.0005004734656286162,0.02307099323481376,-0.07614755470308088,0.1176697621568463,0.0007110439786011113
202.7,0.00603489545858123,0.01579212600253393,-0.06875960286524146,0.1101033400104596,0.007114794234582722
202.75,0.01796023941296387,0.009032402473381884,-0.06111595610730924,0.09795774922336908,0.01887751673403743
202.8,0.03293494210959047,0.002617763378646165,-0.0533231987340782,0.08213398157033715,0.03366782223085263
202.85,0.0479612732885305,-0.003276289923608677,-0.04549379069537562,0.06352213111317423,0.04850758126756949
202.9,0.05999000678695648,-0.007914687236832751,-0.03774054308444236,0.04283291584755893,0.06037608919761289
202.95,0.06650062346402713,-0.01009507487366024,-0.03017381699670657,0.02058510586847058,0.06678560541129541
203,0.06595154897812415,-0.008538230113963041,-0.02290030411562777,-0.002722272422708213,0.06622447760451855
203.05,0.05803027386158912,-0.002442915152958691,-0.01601953125436884,-0.0263903260740781,0.05839978212186892
203.1,0.04367438718873018,0.008010518722499027,-0.009615799146182546,-0.04938972109651894,0.04425257567202667
203.15,0.02487757474480762,0.02141959314848629,-0.003748365972309486,-0.07037929589049449,0.02576178531954448
203.2,0.00433346796701443,0.03530205781031059,0.001554942733498654,-0.08789727536929617,0.00559019790677745
203.25,-0.01500749727568734,0.04660588648013225,0.006297241019162847,-0.100654904698411,-0.01335246296077064
203.3,-0.03039204646633724,0.05243406442207399,0.01050645115506865,-0.1077769633989721,-0.02835534776309734
203.35,-0.03967222961189292,0.05075925162126427,0.01422998890478183,-0.1089161919981745,-0.0373062227283697
203.4,-0.04163190799344095,0.04091745288967275,0.01753163311819339,-0.1042956040847863,-0.03901250040736554
203.45,-0.03620851434027623,0.02375620985800198,0.02048645145322542,-0.0947251459512307,-0.0334208754426622
203.5,-0.02457917347809792,0.00142808241461656,0.02317329689753589,-0.08156282840460431,-0.02170614495648804
203.55,-0.009072508414762374,-0.02308122053882877,0.0256660828237118,-0.0665730605901903,-0.00618779670851699
203.6,0.007131884086715065,-0.04654483134190524,0.02802616991074453,-0.05168759161535515,0.009964322052781638
203.65,0.020519153701074,-0.06605957077463953,0.03029665629505945,-0.03874011880937411,0.02324201935757197
203.7,0.02791783839362081,-0.07947020024996193,0.03249903561805689,-0.02924002520331337,0.03047625072205223
203.75,0.02722133705416507,-0.08559931768982371,0.03463530415776411,-0.02417057117047555,0.02956159546710235
203.8,0.01799071985199895,-0.08428992995730189,0.03669679482357596,-0.02377788542259161,0.02006378592338104
203.85,0.00177460667495418,-0.07630690066967138,0.03867524105483655,-0.02744822978707848,0.003544900923243999
203.9,-0.017966232004843,-0.0631599410663613,0.04057091667396973,-0.03387660338520691,-0.0165092778873912
203.95,-0.03635465687115537,-0.04689883960377139,0.04239551687596005,-0.04152897667968485,-0.03518584847182021
204,-0.04793600762610249,-0.02990156720814841,0.04417053468226262,-0.0491189262432087,-0.04698880617637652
204.05,-0.04769944458104121,-0.014642908271424,0.04592563808341832,-0.05583715910749568,-0.04686856746484785
204.1,-0.0320767011395415,-0.003415080681216098,0.04769720372306896,-0.06125687555277944,-0.03122991996019514
204.15,0.0002823813282308862,0.002012234458765694,0.04952449372548362,-0.06505082456245283,0.001284941042157262
204.2,0.04811203108267336,0.000768558889933324,0.05144376839937498,-0.0667638912986188,0.04939497061341508
204.25,0.107591140428769,-0.006780546269188059,0.05347949829734577,-0.06573536745240792,0.1092423177937722
204.3,0.1728579870040886,-0.01884484093987421,0.05563344029203404,-0.06115048808674549,0.1749133847126333
204.35,0.2368928516244805,-0.03226974619305922,0.05787808434815001,-0.05225719993609638,0.2393309527960468
204.4,0.2926144939427974,-0.04290346937022277,0.06015800847931868,-0.03873972453998669,0.2953612711726313
204.45,0.3339961563051755,-0.04625480776301938,0.06239694558538333,-0.0211019127243514,0.3369386607882372
204.5,0.3569994401894952,-0.03834165975174308,0.06450699163003959,-0.000849019508039003,0.3600048778982229
204.55,0.3601591111350059,-0.01656460607139748,0.06639628965486732,0.01966140977606253,0.3630943076262896
204.6,0.3447149863842395,0.01959600914051851,0.06797610122496794,0.03765590512485474,0.3474629910040975
204.65,0.3142748995552707,0.06824171732811357,0.06917173936056742,0.05052011049804749,0.3167454055824213
204.7,0.2740765556869685,0.1251818580297801,0.06992983286234761,0.05636415322551267,0.2762104588086347
204.75,0.2299933158059139,0.1845320704013329,0.07021607067052316,0.05443833793912979,0.2317617884017252
204.8,0.1874746465097546,0.2396930148227457,0.07001144754186633,0.04527842891805028,0.1888755402670161
204.85,0.1506299237417511,0.284516989871165,0.06931016815774038,0.03055573862327184,0.1516827824474516
204.9,0.1216366221882576,0.3144107681899165,0.06811768943829438,0.01271098480628845,0.1223778705404546
204.95,0.1005900451475099,0.3271244358035033,0.0664478485505498,-0.005502262615384873,0.1010679892498236
205,0.08581250233480489,0.323045968807141,0.06432011051723835,-0.02144572777777122,0.08608192542484699
205.05,0.07453271254265233,0.3049446496818284,0.06175846507648636,-0.032949864045211,0.07464858626025939
205.1,0.06375549509933362,0.2772453452408473,0.0587911012633488,-0.03860324961745413,0.06376638399914525
205.15,0.05109817506367562,0.2450225742556088,0.05545021786989618,-0.03794401899291617,0.05104056912667349
205.2,0.03538700026966275,0.2129612237442366,0.05177464165592116,-0.03147254179373929,0.03528214951395903
205.25,0.01688106208075194,0.1845182698359954,0.04781537919572143,-0.02047935258551036,0.01673541685432806
205.3,-0.00290056337687177,0.1614459071051479,0.04364178196278951,-0.006797552275360534,-0.00309136105749569
205.35,-0.02166499544362075,0.1437382800599068,0.03934596144458224,0.007433885956421715,-0.02190975267185646
205.4,-0.03698669291295218,0.1299619080339372,0.03503969291636044,0.02002745718866648,-0.03729195304202154
205.45,-0.04692329525613632,0.1178514397329488,0.03084412555306293,0.02908025482904863,-0.04728817942573849
205.5,-0.05045645358127365,0.1050169259393112,0.0268789071646362,0.03330510131246657,-0.05087031294512101
205.55,-0.04767457899587085,0.08960604933642685,0.02325172500529371,0.03220384251973769,-0.04811763934530611
205.6,-0.03969156078511652,0.0707870847703872,0.02004723756708432,0.0260044278176682,-0.04013790253305732
205.65,-0.02836050997542219,0.04896246796737136,0.01732008949890956,0.01545899812589754,-0.02878231606382253
205.7,-0.01588031214738285,0.02567795656961208,0.01509470025209803,0.001670789155432417,-0.01625228353245628
205.75,-0.004400588079324814,0.003257338218502104,0.01336880859911593,-0.01402189181795248,-0.004703753695023682
205.8,0.004289095041332311,-0.01574493543574196,0.01211815026843377,-0.03019658110960887,0.004064824978465276
205.85,0.008940294623974594,-0.02913879787167711,0.01130184902966541,-0.04553069529387206,0.008795198751669675
205.9,0.008899483064496215,-0.03559449954128974,0.0108694731773249,-0.0589076130818541,0.008825109574204848
205.95,0.004077863997282996,-0.03492550540980366,0.01076946718773408,-0.06940601698833877,0.004060159853093048
206,-0.005101985348013583,-0.02810930094917774,0.01095421222664983,-0.0762556125702038,-0.00507773545103124
206.05,-0.01773467517387477,-0.01706662604691866,0.01137938536690153,-0.0788516471332439,-0.01767789288045618
206.1,-0.03242599445824651,-0.004275702505435797,0.01200250061312835,-0.07683850965062175,-0.03233501396474547
206.15,-0.04728686629929262,0.007669879364077148,0.01278233840824328,-0.07022131009034581,-0.04714467734468453
206.2,-0.05998904721910334,0.01645460103283825,0.01367408276045506,-0.05944968875370857,-0.05976179662483355
206.25,-0.06793916207314434,0.02032281637919481,0.01462174025756124,-0.04538736134143186,-0.06757803423614051
206.3,-0.06859062265331775,0.01823388033178019,0.01555433031740244,-0.02915872799757814,-0.06803700121497636
206.35,-0.05986061464560159,0.009915608779885066,0.01638785642098134,-0.01197846250551197,-0.05905347232165842
206.4,-0.04057230478532527,-0.004139564301872511,0.01703120321842255,0.004902438056941289,-0.03945645337199777
206.45,-0.01081869840429686,-0.02270282751757069,0.01739333920301134,0.02004952413031692,-0.009352163919053691
206.5,0.02785190171459713,-0.04385885870915091,0.01739163276861899,0.03159738587062937,0.02969223870549753
206.55,0.07249756839721588,-0.06509797082315727,0.01696085504919836,0.03726441880589017,0.07471284323014649
206.6,0.1191118947142399,-0.08348513396555496,0.01606156479717685,0.03486316296742762,0.1216801542136977
206.65,0.1631785978373149,-0.09593847152023488,0.01468550817918879,0.02306314153442583,0.16605591727601
206.7,0.2003507368115736,-0.0996217245158576,0.01285606287201246,0.001986674253724537,0.2034740718141776
206.75,0.2271074652048451,-0.09240874176468961,0.01062371985922678,-0.02660852805904631,0.230400021468791
206.8,0.241233048933507,-0.07333693607937353,0.008058781842861074,-0.05956675405512731,0.2446120397708761
206.85,0.2419977547415918,-0.04294101314356658,0.005242820996447073,-0.09288127547742472,0.2453846321233742
206.9,0.2300022809880399,-0.003364406148611554,0.002257717221269884,-0.122405715120966,0.2333337322375373
206.95,0.2067492412192568,0.04181523933528364,-0.0008246117543306286,-0.1445348078576598,0.2099865234194729
207,0.1740963698591438,0.08804607779292628,-0.003941588955665654,-0.1566847605507036,0.1772297119220911
207.05,0.1337888459732371,0.1304768766486832,-0.007035230114646907,-0.1575407762170016,0.1368341753475975
207.1,0.08724299044071078,0.1647188922168407,-0.01005507032518815,-0.147122314915024,0.09023024892191828
207.15,0.03566450395072444,0.1875400184236714,-0.01295821865562607,-0.1266909204854939,0.03861895409751581
207.2,-0.01954506344091042,0.1973442457018874,-0.01570513469097795,-0.09850623520215727,-0.01662384693076052
207.25,-0.07626314211504193,0.1943235226760601,-0.01825613261789616,-0.06548771019302706,-0.07341914981806252
207.3,-0.1312496039617374,0.1802458720954332,-0.02057163825355229,-0.03086572291997878,-0.1285786631109098
207.35,-0.1801162648011178,0.157927618835762,-0.02261469459316934,0.00214520637138892,-0.1777614046623149
207.4,-0.2178016890725317,0.1305098539434184,-0.02435250623204011,0.03064861953977109,-0.2159343376021876
207.45,-0.2395177193518862,0.1007222955900351,-0.02576037593252023,0.05229999721241362,-0.2383086917718098
207.5,-0.2419517382102873,0.07033620509885247,-0.02682828151914729,0.06545273458352939,-0.2415378177703998
207.55,-0.2243742752428721,0.03996616736042097,-0.02756649030937253,0.06930507354603929,-0.2248287474978807
207.6,-0.1892798374012819,0.009288323414173405,-0.0280087654136158,0.06411948682711262,-0.1905938295110504
207.65,-0.1422907997459356,-0.02238290106382457,-0.02821203451056203,0.05144911545218887,-0.1443700041438861
207.7,-0.09125709479010154,-0.05532979319920189,-0.02825035546903693,0.03414944267316918,-0.09393470946879268
207.75,-0.04472390635086585,-0.08872761066545087,-0.02820421115311261,0.01595899014130102,-0.04778614300577055
207.8,-0.01013688816644194,-0.1202636198959155,-0.0281498332767065,0.0006903783414970017,-0.01335550804129626
207.85,0.007747957569763556,-0.1462672179582676,-0.02815180457052324,-0.008707322086114239,0.004584123557498154
207.9,0.00782632477123473,-0.162395472610841,-0.02825855809419658,-0.0109057125551102,0.004886529956223962
207.95,-0.007278406422775219,-0.164740827257255,-0.02850088092890557,-0.006480896378663181,-0.009880153053994034
208,-0.03203145836330228,-0.1510703437645635,-0.02889483158148676,0.002419351949212439,-0.0342381905172755
208.05,-0.05945171551258633,-0.1218254569826284,-0.02944844196128826,0.01287093766778515,-0.0612554258128874
208.1,-0.08280373378894444,-0.08053742964427746,-0.03017030239688573,0.02207255619194205,-0.08423220702366874
208.15,-0.09705627649892738,-0.03345868642895045,-0.03107487311268864,0.02802536717459379,-0.09815908112144878
208.2,-0.09975081116795781,0.01156603010167639,-0.03217973529883061,0.02986390354159446,-0.1005881937306305
208.25,-0.09113364657469647,0.04674163153464672,-0.03350234417401421,0.02784371875122809,-0.09176948248335465
208.3,-0.07363734246704211,0.06606158379813504,-0.03505977913751357,0.02303586556554709,-0.0741354118285194
208.35,-0.05096969373887904,0.06667264931812972,-0.03686552117379338,0.01683765087307759,-0.05139108019572813
208.4,-0.02712724108439077,0.04948859932947031,-0.03892495702070264,0.01047249448352132,-0.02752671933530448
208.45,-0.005593616506573351,0.01889383430879238,-0.04122989334881322,0.00463268185954136,-0.006014140924337941
208.5,0.01114527862567715,-0.01836317056274372,-0.04375214982504716,-0.000649789251714408,0.01067912254671366
208.55,0.02177257774591507,-0.05477121977907728,-0.04644134322974058,-0.005884286755227852,0.02125979656924831
208.6,0.026088928507627,-0.08371674499645143,-0.04922958816750617,-0.01181127459713902,0.02555343585297004
208.65,0.02484694107560675,-0.1007739330829849,-0.05203972068599755,-0.01903670102150031,0.02433326190915674
208.7,0.01954262093744704,-0.1043318650766349,-0.05479316972688159,-0.02777064962868868,0.01910636225858198
208.75,0.0121795955477505,-0.09547968182735822,-0.05741685885450276,-0.03775393366233221,0.01187487337859328
208.8,0.004986379149284312,-0.07729280477391909,-0.05984861047018986,-0.04833328164041421,0.004853837556970275
208.85,7.291472529311819e-05,-0.05380984471981798,-0.0620402358695501,-0.05860428801224382,0.0001317270320213559
208.9,-0.0009474547291328227,-0.02902708876748811,-0.06395690081029159,-0.06763277514260872,-0.0007013313602016735
208.95,0.002703967206669325,-0.006169168350137699,-0.06557483627271782,-0.07478948196114348,0.003114786612213205
209,0.01077165150781746,0.01264619081164453,-0.06688211671006428,-0.08003216384445282,0.01131511509514038
209.05,0.02198371779629977,0.0263849386711924,-0.06787866319036689,-0.08393084122222411,0.02262881625575097
209.1,0.03430720968406008,0.0348554346506017,-0.06856900701640067,-0.08743527738155604,0.0350322232046148
209.15,0.04538504004884599,0.03842172574369263,-0.06895346393585011,-0.09149353972687513,0.04618119715435587
209.2,0.05304006360439174,0.03780128443305508,-0.06902554607914235,-0.09666175070982508,0.05390961581274151
209.25,0.05571031176963901,0.03398397749864623,-0.06877206241639727,-0.1028643737108486,0.05666033816571886
209.3,0.05270336092384285,0.02822013762827913,-0.06817049405270442,-0.1093807035403028,0.05373755278868697
209.35,0.0442112026039978,0.02198467906268653,-0.06719033614387065,-0.1149729803161556,0.04532276414347136
209.4,0.03109300270072994,0.01683697916716453,-0.06580367140893778,-0.118040812860054,0.03226067195580928
209.45,0.01449008389883987,0.01415473790092336,-0.06400043658096388,-0.1168698388940582,0.01567838805815336
209.5,-0.00462055100943049,0.01479835910677485,-0.0618010916850712,-0.1100450273005041,-0.003457671038110899
209.55,-0.02580809227337507,0.01881802056087045,-0.05926158045073249,-0.09691317761042589,-0.02472175568682583
209.6,-0.04938099673819579,0.02532135102860927,-0.05646991475741148,-0.07794435230283732,-0.04842201926467499
209.65,-0.07629947765727026,0.03257292271368789,-0.05353706159555816,-0.05485813650168708,-0.07551432217865772
209.7,-0.1077804822520952,0.03832082135598325,-0.05058468757267587,-0.03038277300344187,-0.1072088532159027
209.75,-0.1446620713257232,0.04026992215954261,-0.04773058436612754,-0.007615356105356515,-0.144335407741152
209.8,-0.186692481040842,0.03657217895061721,-0.04507182629804857,0.01081894305596891,-0.1866322805145575
209.85,-0.2319751852298247,0.02619728611825478,-0.04266993939360314,0.02344120797449169,-0.2321905353590487
209.9,-0.2767981920021796,0.00908114570666646,-0.04054238978739383,0.03015243309589179,-0.2772827852820951
209.95,-0.315987836939192,-0.01398443205467403,-0.03866284509973256,0.03199057679651603,-0.316717862091881
210,-0.3437741785038224,-0.04167545699459374,-0.03697137284704693,0.03052363721030224,-0.3447088891649206
210.05,-0.3549861932376236,-0.07256016192051423,-0.03539062656483954,0.02711831828519977,-0.3560724576275313
210.1,-0.3462715388983945,-0.1054700804916756,-0.03384131397845436,0.02243712663332515,-0.3474524123850993
210.15,-0.3170051271803822,-0.1396734727015769,-0.03225277119429104,0.01642618538573919,-0.3182304601473815
210.2,-0.2696253831462913,-0.1747725425097401,-0.03056932896592107,0.008760490399601148,-0.2708614916007187
210.25,-0.2092958258044678,-0.210342219068697,-0.02875452468478001,-0.0005821244749131841,-0.2105304753445596
210.3,-0.1429774603067242,-0.24543564941548,-0.02679313441646691,-0.01098766759582925,-0.1442181964472926
210.35,-0.07815801712469046,-0.2781584436326706,-0.02468848967159215,-0.02120356159940342,-0.07942350220448235
210.4,-0.02156247158646689,-0.3055238764050428,-0.02245584194327599,-0.02951511596308353,-0.02286984794926439
210.45,0.02185049168097871,-0.3237282591684475,-0.02011549203186852,-0.03403024171846528,0.02049806850671299
210.5,0.049411390207941,-0.3288446285919117,-0.01768406768412878,-0.03307876450845761,0.04803185538042137
210.55,0.06073814786720836,-0.317783671028971,-0.01516442111698313,-0.02564085871131672,0.05936949562027372
210.6,0.05730838571443703,-0.2892546975917916,-0.01253865081416056,-0.01166857472832407,0.05599891284605119
210.65,0.04179033194858275,-0.2444212287189357,-0.009765735110794482,0.00778691605683317,0.04058364689075833
210.7,0.01733650518927903,-0.1870221376016599,-0.006783245643942615,0.03066001035443673,0.01625620961819352
210.75,-0.01299607412335653,-0.1228892535597972,-0.003514912298431871,0.05414447757952252,-0.01395611604275937
210.8,-0.04660213567072274,-0.05897286194831974,0.0001159985667164021,0.07512998294638933,-0.04747858534590527
210.85,-0.08143701403137006,-0.002128493442257073,0.004171567622841099,0.09074301219569936,-0.08228822698851757
210.9,-0.1159141831425407,0.04202750508428205,0.008687362572148805,0.09885309215209055,-0.1168050457849424
210.95,-0.1486741418825476,0.06992545617902601,0.01366556065043678,0.0984116861390105,-0.1496596832481123
211,-0.1783340611405495,0.08036259392966916,0.01907276640457672,0.08958402036452762,-0.1794476006358731
211.05,-0.203332103988546,0.07433623091054919,0.02484323745281669,0.07368597383098739,-0.2045815169029638
211.1,-0.221952317366904,0.05451772127457444,0.0308867380227198,0.05297998645898867,-0.2233251687348619
211.15,-0.2325570882425161,0.02456232087987614,0.03709780688904546,0.03039394034054968,-0.2340318330185147
211.2,-0.2339740201934459,-0.0115549195005592,0.04336481715539142,0.009155106973229939,-0.2355326021905922
211.25,-0.2259109784704942,-0.05004919216141446,0.04957760034600805,-0.007688272230399973,-0.2275477714605565
211.3,-0.2092371303597618,-0.08763496034529561,0.05563297826964342,-0.0177810782222951,-0.2109609356051308
211.35,-0.1859928400731902,-0.12165414454132,0.0614388128534441,-0.01984891656680631,-0.1878214651351251
211.4,-0.1590763193367741,-0.1500849915780045,0.06691455411060343,-0.01387159477860497,-0.1610259306785848
211.45,-0.1316707380055186,-0.1715028389571663,0.07198702505071414,-0.00108265203677293,-0.1337442067944954
211.5,-0.1065768141708076,-0.1850413762361764,0.07658379106263302,0.01615264394136389,-0.1087550903882978
211.55,-0.0856563960580161,-0.1903778962958977,0.08062877055340667,0.03457189525936202,-0.08789628446668668
211.6,-0.06955717888091753,-0.1877455045699703,0.08404508098102398,0.05040759185470729,-0.07179605072950862
211.65,-0.05778737136537568,-0.1779519857315465,0.08676427545829424,0.06000115654576384,-0.0599539992552332
211.7,-0.04908949273856505,-0.1623700328339214,0.08873607597260419,0.06056898970957676,-0.0511174715998135
211.75,-0.04196454835671933,-0.1428574439815932,0.08993451492488674,0.05084592447424539,-0.04380518756230578
211.8,-0.03516421904112959,-0.1215747145943508,0.09036076229325213,0.03132085878332671,-0.03679502382616617
211.85,-0.02799922832087278,-0.1006995466370318,0.09004602826624286,0.004010647413995563,-0.02942661512767325
211.9,-0.02039902457912366,-0.08207727190001568,0.08905312874959148,-0.0280548234124843,-0.02165462349305475
211.95,-0.01275667004018505,-0.06688480814580106,0.08747184395190649,-0.06141793481052712,-0.0138892792866776
212,-0.005670719789119233,-0.05540662938293778,0.08540976188104132,-0.09270190078301266,-0.006736043996824037
212.05,0.0002855089111202171,-0.04701272388109334,0.08298134867225793,-0.1189778753775988,-0.0007656020404557817
212.1,0.004676379774570819,-0.04037517353689218,0.08029215807005952,-0.1379822582613986,0.003596466767074424
212.15,0.007186918828718158,-0.03388342620379881,0.07742672346122759,-0.1482075952860819,0.006049725268290285
212.2,0.007536800540596387,-0.02614937561016173,0.07444889281163786,-0.1489045722699695,0.006330655850375289
212.25,0.005415769654242439,-0.01645141858380861,0.07140584019599788,-0.1400307435397894,0.00414640015422385
212.3,0.000502846711082079,-0.004978619495539571,0.06833102744309799,-0.1221856634420793,-0.0008069563285073578
212.35,-0.007428702890974156,0.007198187613222995,0.06524821209144627,-0.09656992201357811,-0.008740747212072741
212.4,-0.01837575213594812,0.01841275259350483,0.06217807441271084,-0.06498361068950516,-0.01963985800358692
212.45,-0.03201130385035435,0.02685107857889024,0.05914562804970169,-0.02984620585546385,-0.03317133704517683
212.5,-0.04767905164975148,0.03102163671647573,0.05618388392713825,0.005841460939804069,-0.0486814146041315
212.55,-0.06447283073214234,0.03011186555072864,0.05333142697498938,0.03870712223055018,-0.0652765840992609
212.6,-0.08135572781779681,0.02413740470681069,0.0506263159169264,0.06542812124393489,-0.08194231974584892
212.65,-0.09726151833996381,0.01386251731083887,0.04809953341915202,0.08327526178834224,-0.0976418310012559
212.7,-0.1111431209254275,0.0005438151321588425,0.04576917128778185,0.09065701130115875,-0.1113597593702849
212.75,-0.1219729937296972,-0.0144065228114264,0.04363607512284084,0.08754188215109344,-0.1220967959272359
212.8,-0.128737225489049,-0.02973854547514265,0.04168111091934423,0.07554630997492261,-0.1288583733315457
212.85,-0.1304801118188097,-0.04457690446044499,0.03986324600130298,0.05757882766560177,-0.1306955471196909
212.9,-0.1264422690809476,-0.05847508665344908,0.03811858031670501,0.03718769117970692,-0.1268419845590724
212.95,-0.116298491856597,-0.07131364251925554,0.03636245022326862,0.01783271049029885,-0.1169533430642408
213,-0.1004555747145786,-0.08309096188747972,0.0344966621385126,0.002286710423935206,-0.1014087212079423
213.05,-0.08033183809040302,-0.09368634412117521,0.03241920265330506,-0.007675247325389676,-0.08159472706018656
213.1,-0.05852016111912139,-0.1026842413491758,0.03003476220667944,-0.01128731330858753,-0.0600731210569006
213.15,-0.03874183491089933,-0.1093291958912906,0.02726667679656836,-0.008639101188769014,-0.04053816369471364
213.2,-0.02552700639663024,-0.1126364058969265,0.02406364116151516,-0.000517473024941909,-0.0274997484248331
213.25,-0.02361077065803475,-0.1116320065054309,0.02040044096853599,0.01168978075591791,-0.02568078002727203
213.3,-0.03710211157196035,-0.1056585353335632,0.01627631096736171,0.02609914455989249,-0.03918727282613571
213.35,-0.06856167785465489,-0.0946644091782558,0.01171198211969293,0.04054430473227154,-0.07058630389284171
213.4,-0.1181853745489648,-0.07940754842899089,0.006746205675533468,0.05288505931262433,-0.1200898368825202
213.45,-0.1833156300134211,-0.06153140871971963,0.001429722064339445,0.06132040150732782,-0.1850646784674078
213.5,-0.2584593664421471,-0.04350029095761587,-0.004182374014274459,0.06466086202170158,-0.2600482891823112
213.55,-0.3358872849443424,-0.0284052663463758,-0.01003665276124788,0.06256554107647451,-0.3373437722443752
213.6,-0.4067386471888172,-0.01966722297539891,-0.0160847035190772,0.05567981902655766,-0.4081196200670251
213.65,-0.4624152623920879,-0.02065981177829246,-0.02228253245505579,0.04555374126622372,-0.4637980186016033
213.7,-0.4959622013023152,-0.03427967721506608,-0.02858369678550537,0.03432014975821192,-0.4974314116735482
213.75,-0.5031402617935044,-0.06249588574938403,-0.03492712804576137,0.02423181731663346,-0.5047729298204244
213.8,-0.4829869403372237,-0.1059055810146168,-0.04122616399695983,0.01716171731900915,-0.4848387823682472
213.85,-0.4378059653621595,-0.1633587464008169,-0.04736541112839548,0.01414516481615369,-0.4399018843012448
213.9,-0.3726616277627111,-0.2317305767378254,-0.05320587163236629,0.01507706246760538,-0.3749923686145803
213.95,-0.2945439253185035,-0.3059258171309753,-0.05859636698758719,0.01871479868114629,-0.2970688730487592
214,-0.2113936895154363,-0.3791886855764461,-0.06339074155162161,0.02307619589251267,-0.214048578438393
214.05,-0.1311483415634014,-0.4437538346118544,-0.0674680926977731,0.02611986364668072,-0.1338553864219879
214.1,-0.06091209417518127,-0.4918064217850167,-0.07075011250365881,0.02640037001347442,-0.06359023361280558
214.15,-0.006297333271877063,-0.5166358113682575,-0.07321064619190643,0.02342581793793424,-0.008871026476869104
214.2,0.02905586653719149,-0.5137873860335151,-0.07487439761872161,0.01762747915692285,0.02664989025426745
214.25,0.04378835777612042,-0.4819755669686845,-0.07580513228727354,0.009993808952078697,0.04159596708642288
214.3,0.03895009265643172,-0.4235391933051532,-0.07608874810007171,0.00151863329472797,0.03699615524679301
214.35,0.01791153667752885,-0.3442972489331428,-0.07581875675264754,-0.00731655413824794,0.01619770694089534
214.4,-0.01399822087648167,-0.2527890270707586,-0.07508632776926105,-0.01682449222150411,-0.01549323758221555
214.45,-0.05016466539335677,-0.1590219150277423,-0.07396881633740038,-0.0280474166904786,-0.05148181858356654
214.5,-0.08364636778151031,-0.07296278720939159,-0.0725191580976296,-0.04233712361775713,-0.08483918881304531
214.55,-0.1082931038884067,-0.003066599328877095,-0.07076363303129463,-0.06073408801781546,-0.109417889461159
214.6,-0.1198085372525932,0.04487853290274346,-0.0687078599698801,-0.08338513438592002,-0.1209132841316547
214.65,-0.1165043761536543,0.06839830590510054,-0.06634811052684131,-0.1091735539116241,-0.1176193303149807
214.7,-0.09953984584603261,0.06840154722143876,-0.06368507338935303,-0.1356638979501655,-0.1006718030928243
214.75,-0.07256129574986692,0.04872338415813438,-0.06073694768843296,-0.1593785906469686,-0.07369353180587368
214.8,-0.04081856862196934,0.01529467154826436,-0.05754893995105259,-0.1763648572622111,-0.04191620037250587
214.85,-0.009977333970140416,-0.02486822980699377,-0.05419599253905022,-0.1829849214701672,-0.01099701500969541
214.9,0.01507426820634973,-0.06468224691855101,-0.05077765300927928,-0.1767496701576083,0.01417318332341666
214.95,0.03114035883968518,-0.09790329572981349,-0.04740728361941249,-0.1569049838644808,0.03038584366996733
215,0.03716322786389945,-0.1198441463787095,-0.04419835632992675,-0.1245788837386291,0.03656451682562395
215.05,0.03415235961459979,-0.127865187463717,-0.04125073045641381,-0.08252500189300659,0.03369878574499863
215.1,0.02468529415590576,-0.1216115360589982,-0.03863955967412858,-0.0346137478462161,0.02434985832968284
215.15,0.01216146298839592,-0.1029532786324727,-0.03640767013865542,0.01477689326466236,0.01190728750090042
215.2,1.485822973539669e-05,-0.0756079514204685,-0.03456061294698365,0.0613311419860627,-0.0001977785463344039
215.25,-0.008943694188454735,-0.0444722624781953,-0.03306588987351861,0.1012287146469634,-0.009151998772672365
215.3,-0.0129552113411097,-0.01474475262588504,-0.03186130310594237,0.1314429949357905,-0.01319134981917447
215.35,-0.01148753650877081,0.009007442397777343,-0.03086749676789502,0.1499908326375973,-0.01177889440949209
215.4,-0.005186227974682838,0.02365062495401188,-0.02999818597589821,0.1561827393917379,-0.005557280467008874
215.45,0.004346067532220301,0.02798675581143267,-0.02917101526364207,0.150776608593586,0.003871775765757646
215.5,0.01489076620344082,0.02285426431850429,-0.02831686246620824,0.1359091837270341,0.01428971464709472
215.55,0.02403374264339497,0.01082432496341978,-0.02738384838505697,0.1147572951656404,0.02328287337709878
215.6,0.02962346194327002,-0.004417556754969021,-0.02633724822646261,0.09092644649466514,0.02870138781116349
215.65,0.03020767253620317,-0.01884714567902152,-0.02515744384960006,0.06772751254648061,0.02909567935098789
215.7,0.02536259648579865,-0.02885956994267819,-0.02383382321380945,0.0476004363733826,0.02404470064687431
215.75,0.01581402594274825,-0.03186736346144436,-0.02235360365785966,0.03184846201442864,0.01427630827800663
215.8,0.003272163884578742,-0.0266519569605439,-0.02069174795254991,0.0207001738091239,0.001502301901747827
215.85,-0.01002990121947863,-0.01344853874368185,-0.01880766085124641,0.01361537388321781,-0.01204119471648346
215.9,-0.0220031448096881,0.006195953872260185,-0.01664756411673746,0.009704438595859066,-0.02425798104331883
215.95,-0.03139185940141854,0.02971601863196155,-0.01414991895235462,0.008121977080281938,-0.03387810839266103
216,-0.0382596928286668,0.05390102287859816,-0.0112538238302532,0.00830838607903977,-0.04094322419640112
216.05,-0.04408905645568829,0.07529862732958253,-0.007910693898496357,0.01001027164272546,-0.04690772150570799
216.1,-0.05142315008970534,0.09062008875240402,-0.004096303294530479,0.01312522980946209,-0.05428643521542759
216.15,-0.0631309205159785,0.09713534991049833,0.0001810420319962591,0.0174732605986935,-0.0659268242627295
216.2,-0.08149764827446537,0.09303909883758549,0.00487727416389816,0.02257364097395883,-0.08410781548795249
216.25,-0.1074040281653443,0.07774649073136297,0.009913659731875801,0.02751015498449882,-0.1097241202126804
216.3,-0.1398274808352219,0.05205818738309931,0.01518239689813805,0.03096252075621046,-0.141789235222115
216.35,-0.1758098115225086,0.01812768065857462,0.02055529993274013,0.03142412084298158,-0.1773987119321898
216.4,-0.2109072256118269,-0.02081311639147748,0.02589374460391081,0.02754442506309928,-0.2121715592515273
216.45,-0.2400199315952378,-0.06095361812467442,0.03105969702044564,0.01847367557352029,-0.2410677684284955
216.5,-0.2584075509315914,-0.09853943378419783,0.03592605363873935,0.004118441711818184,-0.2593920414865541
216.55,-0.2626592603157496,-0.1305047701595066,0.04038288292007891,-0.01471144755959785,-0.2637548027344665
216.6,-0.2514017242626299,-0.154952367674884,0.04433888520589158,-0.03629106751927211,-0.2527762838244632
216.65,-0.2255916206048294,-0.1713594528452243,0.04772129208645559,-0.05815973353676038,-0.227380549735036
216.7,-0.1883309633823087,-0.1804565604261618,0.05047655055725475,-0.07748904905805098,-0.1906171698079808
216.75,-0.1442466390041762,-0.1838183723187669,0.05257008448310002,-0.09156684581054864,-0.1470493483800708
216.8,-0.0985693340353027,-0.1832894763038274,0.05398320079385988,-0.09828700160928217,-0.1018418062172071
216.85,-0.05612031627207188,-0.1804127313667214,0.0547098742937055,-0.09651110161888338,-0.05975465257787255
216.9,-0.02044623558910112,-0.1760237747236264,0.05475786565556701,-0.08625331794130971,-0.02428328107706101
216.95,0.006683605533433327,-0.1701228983526688,0.05415431500656165,-0.06873423407098576,0.002841028246283184
217,0.02529868938311885,-0.1620480724997511,0.05295157396563721,-0.0462966187543175,0.02166977098469253
217.05,0.03679490329984555,-0.1508833496899196,0.05122938360148255,-0.02209421411468664,0.0336018700111364
217.1,0.04322329991415702,-0.1359692723641339,0.04909166079783972,0.0004663776039734224,0.04066986320189819
217.15,0.04656159899869779,-0.1173390545077823,0.04665644980360512,0.01841222766430256,0.04481001024195003
217.2,0.04821086342918798,-0.09592609895001997,0.04404205468970401,0.02984611384744032,0.04736111308924468
217.25,0.04884691075532675,-0.0734701282881659,0.04135456152641048,0.03436248285883643,0.04892198478081744
217.3,0.04859919856071682,-0.05213738405731344,0.03867857224607341,0.03307907226820146,0.04954075645796407
217.35,0.04740662555439203,-0.03397284685594226,0.03607427773941063,0.02823204741537779,0.04908318189314437
217.4,0.04535534636718547,-0.02036822168908825,0.03358188181331451,0.02245694434475919,0.04758228192012504
217.45,0.04284633876358683,-0.0117336862737879,0.03122577123663056,0.01802839306501652,0.04541421992349459
217.5,0.04053739575419746,-0.007491881642107456,0.02901402014631471,0.01634305567260433,0.04324223807279259
217.55,0.03910383437947075,-0.00638917342317552,0.02693808652476726,0.01777752349547385,0.04177342607197193
217.6,0.03893237786100085,-0.006998149903874151,0.02497685637764147,0.02187478313367244,0.04144279878425861
217.65,0.0398776311023991,-0.008212776295997426,0.02310461107026296,0.02772803658257609,0.04215830691328593
217.7,0.04118542312076095,-0.009543345006048365,0.02130228487108532,0.03439569464508872,0.04321278169170856
217.75,0.0416267126880213,-0.01110067791156782,0.01956790004975284,0.0411545271522118,0.04341069053562352
217.8,0.03982085712290357,-0.01329192675700225,0.01792041181203119,0.04750749828316143,0.0413885244293275
217.85,0.0346637594516761,-0.016377508738873,0.01639790484053871,0.05305489296380046,0.03604526256390483
217.9,0.02573895223247338,-0.02009690172634415,0.01505060991620644,0.05738765596976218,0.02695832890786359
217.95,0.01358064846925879,-0.02353684596531902,0.01392964473617048,0.06009489070772425,0.01465261432505882
218,-0.0003089271113675735,-0.02531410402814066,0.01307503819264255,0.06087549610824661,0.0006220617407084461
218.05,-0.01372012971089181,-0.02401768751171329,0.01250438279438976,0.05966722349470555,-0.01292905430637825
218.1,-0.02422193684023335,-0.01874873027779433,0.0122031506287435,0.05674264034598713,-0.02357305087128247
218.15,-0.02974942538786302,-0.009550297829220789,0.01211979789029083,0.0527897166654839,-0.02924842195406552
218.2,-0.02913405864323138,0.002441857465574848,0.01216828472354647,0.04897556061456596,-0.02879194530865331
218.25,-0.02243473331872103,0.01519639637580739,0.01223712180551051,0.04691755120500017,-0.02226965201342623
218.3,-0.01098551485872241,0.02628901073074014,0.01220399791202442,0.04847403359476892,-0.01102221635383738
218.35,0.002846031566567836,0.03356691825635233,0.01195415533646921,0.05531412362738866,0.002580569120717247
218.4,0.016122931029274,0.0357699995988251,0.01139701565119305,0.06830966808919281,0.01560752846761071
218.45,0.02590717760189517,0.03291636173026979,0.01047688523344698,0.08695491809660282,0.02513602375510587
218.5,0.02979366658839669,0.02633132831689788,0.009177566546919147,0.109144447699586,0.02878414679482644
218.55,0.02628416375492434,0.01829851465926069,0.00752173852276139,0.1315290580498296,0.02507974584149714
218.6,0.01492236997806438,0.01142689593214774,0.005563949409141455,0.1503660443027852,0.01358858704203081
218.65,-0.003816812768736095,0.007917455165113441,0.003375691362223876,0.1625115990102177,-0.005202924533076581
218.7,-0.02881014629071562,0.008944207202922771,0.001028478247589559,0.1661803705110295,-0.03017491132482358
218.75,-0.05860803323897708,0.01432973346197525,-0.001415722501717842,0.1612783116956123,-0.05989617397739089
218.8,-0.09164988726971662,0.02259565410523923,-0.003908635820224271,0.1492704507014281,-0.09283585014716333
218.85,-0.1262790234413408,0.03135539601738535,-0.006419563319017219,0.132611960695403,-0.1273711237281369
218.9,-0.1605632834361822,0.03791707722359405,-0.008936104139048884,0.1139025590557042,-0.1615998074602443
218.95,-0.1920415170271868,0.03990319579281698,-0.0114597155803805,0.09509483205299374,-0.1930795865655995
219,-0.2175857731928927,0.03570842258086665,-0.01399599525895556,0.07707346776112033,-0.2186863397362867
219.05,-0.2335578826972516,0.02468743293335895,-0.01653945162067427,0.05972862807906095,-0.2347704848950734
219.1,-0.236334787335133,0.007066486733202648,-0.01906170367611854,0.04242624827485774,-0.2376859483245939
219.15,-0.2231210446986943,-0.01633570192257222,-0.02150596616158446,0.02462218276637282,-0.2246080204994605
219.2,-0.1928206410054716,-0.04443449969122415,-0.02378425414921376,0.006338889634004893,-0.1944109260990471
219.25,-0.1466749924391696,-0.07610128306709318,-0.02578059022566515,-0.01166024496029833,-0.1483095730819615
219.3,-0.08841795953123126,-0.1101819947446714,-0.02736612926717019,-0.02801556102617582,-0.09001634511481527
219.35,-0.02384345390643337,-0.1453128374478056,-0.02842169455901095,-0.04116255408364639,-0.02530823310443697
219.4,0.04013434622903478,-0.1796317263748555,-0.02885717000717164,-0.04982545253787991,0.03891360596247162
219.45,0.09668889882998923,-0.2105459077963757,-0.02862429433020214,-0.05342272092678903,0.0958316977246445
219.5,0.1402456884535142,-0.2347222698880064,-0.02772296530600959,-0.05224344758108181,0.1398744098104602
219.55,0.1673222645728176,-0.2484076401098479,-0.0262004504428508,-0.04737025985187109,0.1675521511964675
219.6,0.176880909260084,-0.2480756235447669,-0.02414360670763488,-0.04038962952928734,0.1778057595021948
219.65,0.1701841930910759,-0.2312685584139662,-0.02166640518834995,-0.03295422850937218,0.1718594917237408
219.7,0.1502761180571294,-0.1974043383344716,-0.01889680239650116,-0.02636216149848232,0.1527034161263949
219.75,0.1212805873833822,-0.1483011539752837,-0.01596581732444635,-0.02136304093823038,0.1243977453384152
219.8,0.08770063012047155,-0.08823643326430297,-0.01299863540509216,-0.01824498382489398,0.09138214340265904
219.85,0.05383626071531798,-0.02347649294397969,-0.01010675264576155,-0.01704684774898768,0.05790546321577428
219.9,0.02335358183627658,0.03864066067128996,-0.007381623834421036,-0.0176933437774373,0.02760529233953429
219.95,-0.001025478335054192,0.09087059965697908,-0.004892539261715068,-0.01998155870580802,0.003203714769892618
220,-0.01775746305838984,0.1272244316303663,-0.002691103393959948,-0.02349916412995097,-0.01372783013315015
220.05,-0.0266469760962529,0.1438942138986633,-0.0008177649537737253,-0.02758113260971761,-0.02294509850983628
220.1,-0.02890177202794648,0.1397841215153287,0.0006959629179688065,-0.03137031580597262,-0.02559828442373246
220.15,-0.02698319123580513,0.11658933135507,0.001828485786186274,-0.03399390138203578,-0.0240951227583342
220.2,-0.02417112265090762,0.0784552381567446,0.002571807415062688,-0.03479915703699094,-0.02167678457650646
220.25,-0.02384599553537993,0.03131370765435698,0.002935583658496721,-0.03355823478328805,-0.02170476210956607
220.3,-0.02861118909355821,-0.01797734453296157,0.002945601385735852,-0.03055714835687092,-0.02678250807733124
220.35,-0.03949206237328574,-0.06257139376599052,0.002636316882786427,-0.02652942316693721,-0.0379476102968021
220.4,-0.05547909799538702,-0.0965443451555581,0.002042949263540483,-0.02246634487023278,-0.05420578596047709
220.45,-0.07361057196308055,-0.1156907238396143,0.001197622009804333,-0.01935666307511712,-0.07260430898173936
220.5,-0.08962479319296972,-0.1181197057065552,0.0001284312214832051,-0.01788227085049051,-0.0888787208051347
220.55,-0.09902468917754458,-0.1045622100706851,-0.001140463659677959,-0.01814475171102159,-0.098516412056881
220.6,-0.09825726658579809,-0.07830879945745411,-0.002584687948805231,-0.01954985782782833,-0.09794006872875377
220.65,-0.08567421305535279,-0.04473530943067711,-0.004172596044873189,-0.02091738271103392,-0.08547513458573763
220.7,-0.06201042733055976,-0.01043288648735324,-0.005859736711390784,-0.0207977891088766,-0.06183598446014293
220.75,-0.03026458263713589,0.01795611704647726,-0.007587153927259727,-0.01790565309320235,-0.03001238291126185
220.8,0.004965820633578623,0.03499233299242743,-0.009284676864638686,-0.01153421579347328,0.005392550942418528
220.85,0.03850253653146305,0.03752582097311752,-0.01087835733346254,-0.001829624254528649,0.03918090116431178
220.9,0.06568965059990238,0.02536285180531128,-0.01229826056141725,0.01016840028962908,0.06666602262918925
220.95,0.08331256683638465,0.001331485437060964,-0.01348200947026923,0.02280093877571789,0.08459614029420981
221,0.09013049457413963,-0.02930441726589905,-0.01437507131041649,0.03436174967926885,0.09169181126449677
221.05,0.08692840883429012,-0.05997268521426335,-0.0149342484236189,0.04375641167570427,0.08870293310339544
221.1,0.0761160752508524,-0.0842080485320752,-0.01513458826185748,0.05093993290575032,0.07801224948433116
221.15,0.06100513206472367,-0.09701109236861438,-0.01497401297993761,0.05687962156914192,0.06291636354165231
221.2,0.04496185995166725,-0.09584284652121761,-0.01447340126806018,0.0630095391291414,0.04678111271980773
221.25,0.03064960894324631,-0.08104321345122012,-0.01367460829046541,0.0704532851501328,0.03228474273690091
221.3,0.01954056927216156,-0.05560042030671619,-0.01263843504268669,0.07938965777957106,0.02092791840649422
221.35,0.01179825828020365,-0.02436682020222858,-0.01143995922737462,0.08876875931823056,0.01291181461954943
221.4,0.006528140194616006,0.007061913865339609,-0.0101565713014693,0.09644322455234657,0.007382510986344293
221.45,0.002293286542948633,0.03352581921405895,-0.008856018330064996,0.09970550494360408,0.002939661454384734
221.5,-0.00227518025041641,0.05127540904863515,-0.007591322408094903,0.09609197083261752,-0.001759031362674524
221.55,-0.007953189908167161,0.05855102373613963,-0.006400578619352559,0.0841802500320696,-0.007476876655374942
221.6,-0.01461874141207843,0.05567549678153905,-0.005312401544776357,0.0641094282756545,-0.01409425910966305
221.65,-0.0212187979686583,0.04468929819903356,-0.0043540980997262,0.03772463204400948,-0.0205739855985328
221.7,-0.02597721698791653,0.02866090966382684,-0.003556895448648456,0.008391927729897105,-0.02516547739338038
221.75,-0.02675733793769326,0.01086057200184609,-0.002960385096132501,-0.01950008937489353,-0.0257625943993175
221.8,-0.02147896391082637,-0.005995080610649572,-0.002616212380780414,-0.04138307188409045,-0.02031542590797453
221.85,-0.008508225138050518,-0.02023992985923095,-0.00258671611984157,-0.05359104348560766,-0.007215634694872519
221.9,0.01302511250846432,-0.03138226232844599,-0.002935745620718133,-0.0543280631423024,0.01439008782549789
221.95,0.04299765294540851,-0.0398517219626674,-0.003712756841214471,-0.04413101612850838,0.04437231101065031
222,0.0801480911332213,-0.04646492000304248,-0.004937789791766456,-0.02569549480330672,0.08147569177794356
222.05,0.1220239193716069,-0.05179064777375009,-0.006595000414077568,-0.00317517898171328,0.1232646020141692
222.1,0.1650425386987948,-0.05562895831517956,-0.00863456732937623,0.01884658074050836,0.1661815296863312
222.15,0.2047096035164875,-0.05678361716717906,-0.01097818070764922,0.03644836836324299,0.2057604914700289
222.2,0.2360328687018458,-0.05321557628449242,-0.01352394356720765,0.0471900590263907,0.2370350748212517
222.25,0.254134733344465,-0.04254339662057083,-0.01615003720200592,0.05038403981769411,0.2551449038404784
222.3,0.2550016060607636,-0.02274920331094599,-0.01872024415164236,0.04685362878024112,0.2560806824747591
222.35,0.2362426256027214,0.007116582268913207,-0.02109378504885367,0.03847243686168529,0.2374411485685336
222.4,0.1976925298564476,0.04643368515694041,-0.02313567504118341,0.0275834355548958,0.1990377612110076
222.45,0.1417089711162343,0.09284377146617384,-0.02472489788454779,0.01631006538099831,0.1431967708533316
222.5,0.0730784050626062,0.142445799943032,-0.02576302080974957,0.005997307563377972,0.07467201350841379
222.55,-0.001464802806194272,0.1902945116500896,-0.02618290683889424,-0.003019609226860956,0.0001712174212796791
222.6,-0.07401994667057193,0.2310733241930355,-0.02595460855593362,-0.01130372549552783,-0.07241954201473128
222.65,-0.1364678134718195,0.2597950037047949,-0.02508806711951389,-0.01991145534529127,-0.1349802764450063
222.7,-0.1814442745107439,0.2724190817803964,-0.0236329692506218,-0.02983926814820489,-0.1801305744796726
222.75,-0.2032239407735249,0.2663241514983945,-0.02167299558302183,-0.04152270938421582,-0.2021163287220703
222.8,-0.1984324226067858,0.2406125663614894,-0.01931049951596148,-0.05451029399853986,-0.1975275418136134
222.85,-0.1665298649735427,0.1962527876992364,-0.01664695254653004,-0.06737671609607118,-0.165788360568152
222.9,-0.1100134061657213,0.1360777098063166,-0.01376893392709849,-0.07795269144221519,-0.1093656742651315
222.95,-0.03428277427278238,0.06464529471551567,-0.01074124921128916,-0.08390485567353485,-0.03363905962958269
223,0.0528783637966535,-0.01204494855774929,-0.00760340448487179,-0.08351471189675418,0.05361576262587109
223.05,0.1422103300254066,-0.08698762019045703,-0.004369183784699693,-0.07634476801670899,0.1431351017003847
223.1,0.2242006949047785,-0.1527577684177757,-0.001032131666698688,-0.06353988505979588,0.2253923651695816
223.15,0.2904513118266973,-0.2022227680242701,0.002422213388604821,-0.04767487732148837,0.2919679356776875
223.2,0.3349400618770264,-0.2293310723251028,0.005999776061852147,-0.03215064088303334,0.3368137977777004
223.25,0.354905699805361,-0.2299056467449621,0.00968518035101773,-0.02028636100965971,0.3571414851566528
223.3,0.3511404441601046,-0.2023413131349496,0.01343926957511044,-0.01445509561905037,0.3537171909791879
223.35,0.3275987160026649,-0.1480821468191875,0.01720298340595489,-0.01557152657909132,0.3304733122837099
223.4,0.29039695511027,-0.0717530370672691,0.02090147086797783,-0.02299305233329005,0.2935100585994072
223.45,0.2464344617085438,0.01914856041754515,0.0244475986257609,-0.03475017195428807,0.2497180793387997
223.5,0.2019710670638947,0.1150368695810005,0.0277473461804375,-0.0480236831540647,0.2053560797808428
223.55,0.1615080167898629,0.2054439109071364,0.03070925685707848,-0.05977213156898265,0.1649311581887209
223.6,0.127235165264939,0.2804849826996466,0.03325392595737936,-0.06738109232141079,0.1306433656284909
223.65,0.09913834549271586,0.33234179324108,0.03531764277189842,-0.0691917056431627,0.1024903396392514
223.7,0.07566831455732462,0.3564829540983389,0.03685289272528114,-0.06475229746019925,0.07893254353343843
223.75,0.05470902033772575,0.3523594297073135,0.03783044156736226,-0.0546880053005801,0.05785920971864134
223.8,0.03451569546449171,0.3234016912452296,0.03824308064588183,-0.04025383259438071,0.03752507228791413
223.85,0.01433449508474074,0.2762890518456748,0.03810970233190564,-0.02281093043876568,0.01717131825827012
223.9,-0.005445839554150227,0.219619773786333,0.03747681183641294,-0.003491448979854641,-0.002819785186410129
223.95,-0.02358758566247912,0.1622571171722608,0.03641404490941846,0.01683338340855932,-0.02121395290547595
224,-0.03857335438632265,0.1117077142988258,0.03500589917432928,0.03736517966946053,-0.03649013779027666
224.05,-0.04921322571205104,0.07288157770475223,0.03334640131912331,0.05713441718132187,-0.04744535424672891
224.1,-0.05507115459052565,0.04749482009577272,0.03153629933475227,0.0748452448685695,-0.05362193104738111
224.15,-0.0565814991910702,0.03421582408678364,0.02967454093142946,0.08891133612727067,-0.055428127107225
224.2,-0.05484619505996636,0.02946678058865554,0.0278448224738661,0.09771176132218802,-0.05394150569965089
224.25,-0.05121302287632089,0.02863507068582088,0.02610913579813146,0.1000042334680407,-0.05049363618091929
224.3,-0.04680491829416249,0.02736623194050686,0.02451099079589958,0.0953603393799322,-0.04620367710721429
224.35,-0.04217964898222293,0.02261480713223296,0.02308312197981904,0.08444608148520275,-0.04163883030265658
224.4,-0.03724671716897521,0.01322334240056233,0.02185609805113148,0.06902318315211263,-0.03672805358676956
224.45,-0.03146773125840066,-5.153691054343712e-05,0.02086539269142462,0.05166818864445809,-0.03095662294424117
224.5,-0.02425375807924604,-0.01499969546493241,0.02015405002654991,0.03527435652699168,-0.02375690602273162
224.55,-0.01539100209630944,-0.02872721485630925,0.01976945502568195,0.02245156623242294,-0.01492906710617875
224.6,-0.005312164915379496,-0.03850419647238595,0.01975478596802538,0.01498959231274012,-0.004910261171117425
224.65,0.004908319455112361,-0.04247244556767482,0.02013606217244079,0.01353097371409084,0.005229063727073269
224.7,0.01384521901256741,-0.04005721381642269,0.02091098508253209,0.01751313154600562,0.01407301047974352
224.75,0.02019663134965683,-0.03201398787064258,0.02204547679283947,0.02535741280335614,0.02033068104919
224.8,0.02326846469682562,-0.0201363383354336,0.0234740669098869,0.03485123040715735,0.02331811234538805
224.85,0.02329428607337198,-0.006735512171336167,0.02510172358400636,0.04365395711689331,0.02327737404739583
224.9,0.0214730276971201,0.005945384722027325,0.02680939069375171,0.04980109814445175,0.0214152307981324
224.95,0.01969761535881612,0.01621494623435021,0.02846103704020198,0.05204459285922734,0.01963339619169363
225,0.02003877965469618,0.02319569693773132,0.02991190828023227,0.04993734403164621,0.02001341639237175
225.05,0.0241169782576064,0.02682863142937952,0.0310194191875276,0.04370538190941968,0.02418814979267614
225.1,0.03252959381566312,0.0276659864543507,0.03165422595603834,0.03402617247069488,0.03276675605370843
225.15,0.04449717108021223,0.02655912605664773,0.03170855396071603,0.02181242203769997,0.04497745840222572
225.2,0.05785206715157234,0.02436726556176694,0.03110283804510844,0.008040117579323465,0.05865265972485012
225.25,0.06942026717234576,0.02177859217074207,0.02979194800669738,-0.006398434046384709,0.07060836113364277
225.3,0.07575165161958848,0.0192716849894185,0.02776915022037169,-0.02082125449163473,0.07737438960957188
225.35,0.07405531040834069,0.01717956645048824,0.02506656253071549,-0.03479899850115049,0.07613205530269224
225.4,0.06311760170059187,0.01577730821720236,0.02175292822394792,-0.04804530026697764,0.06563662664032732
225.45,0.04394948993483195,0.01531451146162249,0.0179278722926498,-0.06018502949389478,0.04686950664296391
225.5,0.0199424474131867,0.01595407780744484,0.01371099226114952,-0.07055777853141239,0.02319817780814953
225.55,-0.00358488389757964,0.01764101041575705,0.009227176920575897,-0.07826749168443639,-7.516477052565973e-05
225.6,-0.02041226258271855,0.01996770609948467,0.004592149606331253,-0.0825500044943412,-0.01673938471571779
225.65,-0.02480837029881669,0.0221284110979848,-9.983855521017437e-05,-0.08325394585760271,-0.02106647830782582
225.7,-0.01294531986760493,0.02303248014036219,-0.004784983406259435,-0.08112930711557879,-0.009228065317868461
225.75,0.01604791934768699,0.02158478603264136,-0.009431949495277259,-0.07777232881146938,0.01965045181404024
225.8,0.05970707607812207,0.01708065419728044,-0.01403264220511713,-0.07525229601328089,0.06311165170123162
225.85,0.1126614144457865,0.009620455375195014,-0.01858428656039107,-0.0755354858861559,0.115796755749088
225.9,0.1677696384418751,0.000396637433952185,-0.02307954701441506,-0.07989096100993344,0.1705827399029487
225.95,0.2176481505860625,-0.008280355865790567,-0.02749888875440393,-0.08846984250094019,0.220111352597384
226,0.256164890052517,-0.01328064190505385,-0.03179350549079524,-0.1001673493056795,0.258280986119087
226.05,0.2794929702184233,-0.01126133345122454,-0.03587739746011481,-0.112809707951676,0.2812968800680223
226.1,0.286476234758133,0.0005341498715522031,-0.03963685830244135,-0.1236380188993671,0.2880310083761516
226.15,0.2782879402967886,0.02348775368624845,-0.04294938001159632,-0.1299473748599214,0.2796752805061224
226.2,0.2575914947180474,0.05705402368758944,-0.04570270453031389,-0.1297011349438798,0.2588973440954282
226.25,0.2275485221385188,0.0986221900062319,-0.04780859159707951,-0.1219979763735661,0.2288466546891541
226.3,0.1910262294392836,0.143870767789193,-0.04921106196691999,-0.1072951258591982,0.1923629315603617
226.35,0.1502325725515747,0.1875527385272939,-0.0498906010966792,-0.08729740276307803,0.151616479940067
226.4,0.10681714712289,0.2245177780595116,-0.0498658469161759,-0.0645285491930442,0.1082167746012312
226.45,0.06229141113092742,0.250704343841291,-0.04919452758837567,-0.04174788351578587,0.06364175578567532
226.5,0.01851546973176021,0.2638449652062926,-0.0479720389691134,-0.02138772826014777,0.01973205881261364
226.55,-0.02200672683476136,0.26371137785351,-0.0463240061143313,-0.005142332023182416,-0.02100955124084325
226.6,-0.05619361670613972,0.2518631628170819,-0.0443942466592353,0.006209177453115331,-0.05548505912718094
226.65,-0.08084378479073065,0.2310126811524711,-0.04233513895881613,0.0127662089342904,-0.08046374983261012
226.7,-0.09336668754657998,0.2042275926798328,-0.0402979840939221,0.01533659537202857,-0.09332051795493929
226.75,-0.09255730235343977,0.1742223716041469,-0.03841888560242801,0.01521809524190949,-0.09281831044093558
226.8,-0.07914698265588119,0.1429411143847443,-0.03680571501265284,0.01394595096054461,-0.07966486729709077
226.85,-0.05591540094454724,0.1115277408482402,-0.03553020387482081,0.01296640162727115,-0.0566273411437786
226.9,-0.02728121636140418,0.08063883460860249,-0.03462562724485274,0.01327231902918528,-0.02812235472964236
226.95,0.001541394104536814,0.050931853660792,-0.03409042307857491,0.0151359226498426,0.0006303266052145595
227,0.02558985718935548,0.02350248056368637,-0.03389549290155697,0.01806174817425953,0.02465855736959172
227.05,0.04111208254139199,6.726604798867886e-05,-0.03399145646821922,0.02097125725383476,0.04019978639138733
227.1,0.04618746334111103,-0.01721663880059277,-0.0343184740431921,0.02253351306443197,0.04532375064509464
227.15,0.04088411687174937,-0.02626462212071695,-0.034820575282001,0.02155824170356713,0.0400900707990462
227.2,0.02697941161021969,-0.02574832322134613,-0.03545469137068036,0.01740763373473356,0.02626809257030388
227.25,0.007392283088473503,-0.0157133745396858,-0.03619021673353917,0.01033989404031711,0.006768473676275089
227.3,-0.01447308796501389,0.002097609398163836,-0.03700298099686661,0.001628275211532731,-0.01501346387546676
227.35,-0.03530165946178829,0.02436094306902192,-0.03786623107589354,-0.006647960465622856,-0.03577136020896682
227.4,-0.05227142044568393,0.04673796392761698,-0.038743582878772,-0.01212320655262178,-0.05269021513132743
227.45,-0.06329109948189453,0.06476069622801794,-0.03958941922775538,-0.01285311757003913,-0.06368210836833144
227.5,-0.06713395311268341,0.07480365585420556,-0.0403513130359493,-0.007973241859721564,-0.067518532482997
227.55,-0.06353191512197143,0.0748756526840908,-0.04096818655744017,0.001982754258614875,-0.06392410671351806
227.6,-0.05324595548511257,0.06501250798573849,-0.04136884270534907,0.01518808680327761,-0.0536481021527952
227.65,-0.03806499859250397,0.04717083979391967,-0.0414723099970391,0.02884978901069911,-0.03846573492086336
227.7,-0.02064781852322392,0.02466933732029619,-0.04118906273604883,0.03965006661008572,-0.02102317104558704
227.75,-0.00414110400652969,0.001356280088789297,-0.04042349860839933,0.04434717457140849,-0.00445828722349878
227.8,0.008418484654331648,-0.019248695010252,-0.03908080257745256,0.04048703553981974,0.008195646121959776
227.85,0.01480830873560329,-0.03460891063716465,-0.03708152743892124,0.0270676055945233,0.01471399149036101
227.9,0.0142393611865892,-0.04348207158049006,-0.03437969538567798,0.004973280558987332,0.01430172073100289
227.95,0.0076842466770624,-0.04587746708685503,-0.03097442844651116,-0.02300463004474102,0.007923471953021954
228,-0.002228616541635953,-0.04276132247927866,-0.02690976643122117,-0.05265649374806444,-0.001800414897986546
228.05,-0.01176847361930339,-0.03566719343937441,-0.02226746181657047,-0.07926717116422385,-0.01114650600430228
228.1,-0.01697262034564521,-0.02635176478844692,-0.01716081691453331,-0.09872084611199895,-0.01615882568559335
228.15,-0.01459623998161918,-0.01656434313577915,-0.01172450327364305,-0.1084808110688625,-0.01359960880025723
228.2,-0.002876224997752282,-0.00791366328937293,-0.006096999646113155,-0.108122103515365,-0.001713845849470486
228.25,0.01809719689886506,-0.001760718482546109,-0.0004050395166719234,-0.09923947445316,0.01939905222610339
228.3,0.04648090458323904,0.0009324216102648553,0.005244458269055952,-0.0848166381961788,0.04788689069631985
228.35,0.07918375975994396,-0.0001863435700899529,0.01076774855200757,-0.06831401404385613,0.08065163263377906
228.4,0.1125890486070183,-0.004637558257242103,0.01610937724192085,-0.05273283693996445,0.1140743497189158
228.45,0.1432589411980297,-0.01098049598678785,0.02123873584329555,-0.0399205539470702,0.1447217222437632
228.5,0.1684220352037036,-0.01688626776574681,0.02613530107142903,-0.03037796469463906,0.169834324397263
228.55,0.1861501358748043,-0.01947332007398084,0.03077818420243317,-0.02362698981592764,0.1875023194328438
228.6,0.1952596252687987,-0.01588115930135747,0.03513752785532359,-0.01887222152147159,0.1965635605115164
228.65,0.1950716669757109,-0.003960165925520176,0.03916966292047835,-0.01555491528775204,0.1963590967531937
228.7,0.1851984463118786,0.01710495303382542,0.0428150267129308,-0.01358038476264608,0.1865139952879332
228.75,0.1654813031759619,0.0464178613247242,0.04599971652806895,-0.01326824044257365,0.1668712999577999
228.8,0.1361195443258683,0.08136595815919212,0.04864411463626483,-0.01516135947461923,0.1376187992302768
228.85,0.09793201040972616,0.1180156988029054,0.05067612316657999,-0.01976536641476314,0.09955216123381277
228.9,0.05262795014801706,0.1518189822828016,0.05204384175926091,-0.02725789452003129,0.05435016470733783
228.95,0.00294456758052117,0.1784551881830785,0.0527253516809143,-0.03726234408671104,0.004719038479833071
229,-0.04745515058451264,0.1946006145112549,0.05273529759502354,-0.04881803737221769,-0.04570323599957776
229.05,-0.09435721572218649,0.1984434891498462,0.05212698575089869,-0.06056826093447523,-0.09271663177012035
229.1,-0.1335822136709841,0.1898367892871574,0.05098405200039313,-0.07101337692765902,-0.1321434066501713
229.15,-0.1616427731691692,0.1700886573190798,0.04940708895394824,-0.07867208723293856,-0.1604875725482874
229.2,-0.1762981145424466,0.1414913466125606,0.04750326256919013,-0.08216071201314284,-0.1754946336350379
229.25,-0.1768610342242143,0.1067508242721711,0.04537947173357743,-0.08030050929315828,-0.1764642144338598
229.3,-0.1641950376153125,0.06849080878803671,0.04313883431890475,-0.07230843331833695,-0.1642515421993942
229.35,-0.1404454453106148,0.02896199626316415,0.04087386560544826,-0.05803790255057828,-0.1409993504515782
229.4,-0.1086276358044162,-0.009995016767038345,0.03866228145900064,-0.03819345702156324,-0.1097229936957996
229.45,-0.07221462826396513,-0.0467772956884539,0.03656531836808941,-0.01442635241727263,-0.07389199329503027
229.5,-0.03481879637985748,-0.07975276928780395,0.03462811468552324,0.01078479852113944,-0.0371049690739868
229.55,2.236656973246227e-05,-0.1070419172400642,0.03288255900406845,0.03452944849394507,-0.002871091022412897
229.6,0.02901784301841983,-0.126469197829557,0.031347931920921,0.05409463430447731,0.02556156801542864
229.65,0.0493342275246307,-0.1357448689540485,0.0300307750531309,0.06762791883118122,0.04541157160702414
229.7,0.05888583510469279,-0.1328581131678887,0.02892821542562873,0.07456702810754537,0.0546446303088069
229.75,0.05666822159784363,-0.1165898395002792,0.02803263183526206,0.07569720932634488,0.05229555879114317
229.8,0.04303252406311679,-0.08700585037906822,0.02733678388506905,0.07287036377294528,0.03873284512375413
229.85,0.01977912891566695,-0.04578497008077598,0.02683805247209314,0.06850806748228991,0.01574703155508433
229.9,-0.01001467132102492,0.003726197164588885,0.02653572034631102,0.06503607870982663,-0.0136207540861687
229.95,-0.04244320347869492,0.05677397026443592,0.02642451838086624,0.06432670321245341,-0.04552023960995755
230,-0.07342239492978024,0.1077395129745637,0.02648894216342756,0.06717023983257139,-0.07593107090725593
230.05,-0.09940211057321255,0.1508667962844422,0.02669943566551181,0.07291612612328226,-0.1013627851659077
230.1,-0.1179713934081914,0.1810497786710279,0.02701188180454811,0.0795055160565081,-0.1194501835372293
230.15,-0.1282045928032095,0.1945481274229918,0.02736867193229386,0.08397468541543834,-0.1292935915113403
230.2,-0.1306553840394787,0.1895169468473242,0.02769946988840244,0.08328788484521653,-0.1314526063139147
230.25,-0.1270019706269607,0.1662713826660174,0.0279231437168424,0.07522068307642871,-0.1275951446177779
230.3,-0.1194501996664343,0.1272537916951308,0.02795314770768098,0.05900629189617111,-0.1199071839348564
230.35,-0.1100815294764835,0.0767173265009416,0.02770414482456207,0.03555764340475125,-0.1104474510958942
230.4,-0.1003511761357442,0.02016991866115692,0.02709590718529026,0.007243597271642687,-0.1006509670456572
230.45,-0.0908856316862834,-0.03635382163485723,0.02605578792849628,-0.02263164067866468,-0.09112956963898738
230.5,-0.08161141998813859,-0.08709744268899272,0.02452543881842129,-0.05043288817881757,-0.08180159082497473
230.55,-0.07211635714077411,-0.1273474004618339,0.02247105438104446,-0.07275102035293217,-0.0722524848616995
230.6,-0.06205714340250853,-0.1540368123028629,0.01989045578214288,-0.08688774012558824,-0.06214106410369846
230.65,-0.05142485071788186,-0.1660857024794828,0.01681643187201859,-0.09129340086956567,-0.05146327926763511
230.7,-0.04056331177934232,-0.1644147301807718,0.01331826549144982,-0.08592020905535971,-0.04056875288178485
230.75,-0.02996357311460248,-0.1516295811999785,0.009498610731945689,-0.07229514916420576,-0.02995327338183362
230.8,-0.01996659859354006,-0.1314316614299402,0.005484133729774077,-0.05318842169414954,-0.01995965182819898
230.85,-0.01054430610957768,-0.107872948412304,0.001413571548549319,-0.03203488292357603,-0.01055745345285636
230.9,-0.001281926016712954,-0.08461993702012494,-0.002573240379638853,-0.01236996179011702,-0.001325057444535926
230.95,0.008418381076237137,-0.06438455032118184,-0.006344383183751301,0.002631119590647909,0.008345686894301763
231,0.01899788203035014,-0.04862958886862645,-0.009786180780089082,0.01062380537397575,0.01890751659234324
231.05,0.03040929454823072,-0.03757557217945717,-0.01281627710250616,0.01057182743835066,0.03032267470855443
231.1,0.04192661929633941,-0.03045435978806066,-0.01539341472952821,0.003008390147635194,0.04186962617605466
231.15,0.05216627386528618,-0.02589218444098018,-0.01751879257429484,-0.01008181205260707,0.05216194108288746
231.2,0.0593050746587329,-0.02229440670905114,-0.0192302031241135,-0.02571524502251903,0.05936562963957642
231.25,0.06141617764251688,-0.01814206570897642,-0.02058996344056768,-0.04054731835850152,0.06153640250988912
231.3,0.05682224973399259,-0.01217324362427408,-0.02166861090983829,-0.0515608549523451,0.05697599124504721
231.35,0.04438483540035475,-0.003483011258832103,-0.02252745945136125,-0.05667391403645672,0.04452587753308135
231.4,0.02368975264851417,0.008396256616843289,-0.02320255000045024,-0.05510126347828731,0.02375724458606526
231.45,-0.004875268235743992,0.02339485531594476,-0.02369454112465047,-0.04735329186152586,-0.00494767404333174
231.5,-0.04013758035784899,0.04079801909448388,-0.02396960369627149,-0.03491662694503328,-0.04041072450837285
231.55,-0.08023958441494933,0.05918668214444889,-0.02397122147414599,-0.01979286267412005,-0.08075821821068901
231.6,-0.1228154978677364,0.07649939338085154,-0.02363819393861455,-0.00407234254665494,-0.1236004185896641
231.65,-0.1652346356063712,0.09025511027955591,-0.02292432915033715,0.01037752944443075,-0.1662792788332335
231.7,-0.204883144651746,0.09791627973536898,-0.02181507779179082,0.02210602830410008,-0.206155249538259
231.75,-0.2394325496532708,0.09731285275651302,-0.02033685627770393,0.03018172538810683,-0.2408806455048118
231.8,-0.2670311601369723,0.08701888945813901,-0.01855990144736136,0.03424076622363768,-0.2685942122543293
231.85,-0.2863637194615473,0.06658882705567409,-0.01659691215191517,0.03450762760827047,-0.2879822795004167
231.9,-0.2965629714638293,0.03660856327330675,-0.01459654445771108,0.03178057399563631,-0.2981894316687416
231.95,-0.2970096237515752,-0.001421615095983375,-0.01272838169863966,0.02732406704182066,-0.2986164212861057
232,-0.2871109369542272,-0.04530950935340833,-0.01116174453455737,0.02262406234765024,-0.2886953784663845
232.05,-0.266173480287229,-0.09242296378441045,-0.01004415392772284,0.01907491079679925,-0.267759384170515
232.1,-0.2334725851373456,-0.1399135370132175,-0.009481067345399885,0.0177346239192115,-0.2351084348357051
232.15,-0.1885597936369623,-0.184889874362778,-0.009521036704809638,0.01920981419612692,-0.1903139592492377
232.2,-0.1317610424959911,-0.2245528433446011,-0.01015183405912234,0.0236218619999155,-0.1337136844241764
232.25,-0.06472428187804857,-0.2563208230590484,-0.01130667478851588,0.0305983207578651,-0.06695627570425011
232.3,0.009183352217012867,-0.2779679835418762,-0.01287749051761444,0.03929123235663923,0.006604504753051466
232.35,0.08482771483553796,-0.2877779575263394,-0.01473075508377392,0.04845180327893239,0.08186346709079878
232.4,0.1557285293029756,-0.284687092747785,-0.01672199078258207,0.05658486016472303,0.1523844384773661
232.45,0.2149301347179838,-0.2683780092079153,-0.01870944948962106,0.0621668822918041,0.2112669510217585
232.5,0.2561447395771995,-0.2392972256658179,-0.02056847493266678,0.06386522057712843,0.2522821499452632
232.55,0.2748792570287944,-0.1985960241453417,-0.02220434333524335,0.0607058398092115,0.2709890251314587
232.6,0.2692398111305622,-0.1480246499950358,-0.02355981857164902,0.05220104070753331,0.2655273882181668
232.65,0.2402048380361396,-0.08982856153685587,-0.02461614223906861,0.03849669416822692,0.2368807208995414
232.7,0.1913277558574693,-0.0266846766487433,-0.02538754073242472,0.02051746977389762,0.1885729211168708
232.75,0.1280034001191233,0.03831915422722598,-0.02591212286548633,-2.171726539183548e-05,0.1259352741936383
232.8,0.05653711395389042,0.1016994969168367,-0.02624228370086418,-0.02080975419206605,0.05518324115153034
232.85,-0.01674043356567675,0.1596488249259648,-0.02643290749455662,-0.03928871895194928,-0.01745459625516033
232.9,-0.08614614910288892,0.208221774323801,-0.02652861469612389,-0.05305564970556309,-0.08639182697783543
232.95,-0.1470475628303831,0.2436610622228346,-0.02655033722061134,-0.06021219853024251,-0.14706960839355
233,-0.1960285331716018,0.26283182706442,-0.02648429530952268,-0.05960014315806765,-0.1961087136249963
233.05,-0.23089811100663,0.2636826957770175,-0.02627947885965765,-0.05091385925220551,-0.2313115930691125
233.1,-0.2506286698584118,0.2456220948623274,-0.02585411659927223,-0.03471917353941784,-0.2516019312484103
233.15,-0.2552866866241952,0.2097070877522223,-0.02511026710354303,-0.0124111923402205,-0.2569645178788895
233.2,-0.2459813569236329,0.1585922157359136,-0.02395525443207169,0.01391098670495755,-0.2484085892020166
233.25,-0.2248139730563581,0.09625851904947547,-0.02232426317708269,0.04167224756729925,-0.2279340007985617
233.3,-0.1947745537987485,0.02760172947874406,-0.02019795640572486,0.06809665701380309,-0.1984440754522306
233.35,-0.1595221006915369,-0.04202886131241523,-0.01761053492627268,0.09049051685104897,-0.1635375820256502
233.4,-0.123006839715097,-0.1072742648401137,-0.01464720171691219,0.1065527828563823,-0.1271379022868883
233.45,-0.08895615312111119,-0.1631668955718443,-0.01143616029757472,0.1147018392936394,-0.09297875586236248
233.5,-0.06031636031759462,-0.2055012211901488,-0.008137264310337955,0.114358410690706,-0.06404124553606699
233.55,-0.03879917884889018,-0.2311956495220625,-0.004926554800467886,0.106083507771485,-0.04209060183638902
233.6,-0.02467640956696196,-0.2386398368229942,-0.00197826014111091,0.09146545853540244,-0.02746033379402507
233.65,-0.01690532367337978,-0.227976028063601,0.0005542378866207898,0.07274907809352119,-0.01916681513349455
233.7,-0.01355761706823782,-0.2012336950132426,0.002554900679795691,0.05232289772442758,-0.01533062741836505
233.75,-0.01242453202478431,-0.1622291904883221,0.003954144280622685,0.03223409478631829,-0.0137771168104513
233.8,-0.01161373998164337,-0.1161709634144695,0.004732171422363374,0.01387809729465066,-0.01263271426228296
233.85,-0.009970249155418016,-0.06898085929557751,0.004917502145304842,-0.002070410101483733,-0.01074774060496886
233.9,-0.00722653304900571,-0.02642390772312386,0.004580223527048732,-0.0155323536871489,-0.007849989533320778
233.95,-0.003885718641955331,0.0067915034817978,0.003822593350626236,-0.0268033502339623,-0.004431356784764473
234,-0.0009232741225953412,0.02775478626924155,0.002764622616750645,-0.03628747375772662,-0.001452305219592553
234.05,0.0005678506815725917,0.03576917877433161,0.001522738995294204,-0.0442350442965461,1.117145198387126e-05
234.1,-0.000325629881259527,0.03233668411713059,0.0001881900953106808,-0.05057501645885788,-0.0009365410851772671
234.15,-0.004162602474629374,0.02069970391917836,-0.001186007098136599,-0.05488622741892094,-0.004837104713935891
234.2,-0.01109367558740312,0.005032010829805977,-0.002584747614791882,-0.05646758315859975,-0.01182584983765311
234.25,-0.02087161183280283,-0.01053351475503733,-0.00401992999966122,-0.05445189241283754,-0.02164412625400386
234.3,-0.03285108007530162,-0.02279960997575731,-0.005518999894552179,-0.0479556597110916,-0.0336409243076034
234.35,-0.0459317865405755,-0.03009764891634537,-0.007112336423911292,-0.03628383171183291,-0.04671725846599817
234.4,-0.05846491246634013,-0.03244189829327415,-0.008811303008874005,-0.01917423121468727,-0.05923240278512631
234.45,-0.06821072836503914,-0.03123754398733397,-0.01059148352073552,0.002990282258460423,-0.06895977061576086
234.5,-0.07246579904582812,-0.02866496946745173,-0.01238868226811707,0.02907491829013132,-0.07321083815803286
234.55,-0.06844300565618139,-0.02695160065187274,-0.0141029381432915,0.05722180437922336,-0.06921142462068663
234.6,-0.05389381843561623,-0.02775440288190717,-0.01560491885893039,0.08502892900922306,-0.05472044532326381
234.65,-0.02784336747485018,-0.03181261709723604,-0.01674761901918242,0.1098954458308119,-0.0287629729022556
234.7,0.008780986963373113,-0.03891893356877607,-0.01738592750585249,0.1294726528890549,0.007741551221098875
234.75,0.0528669993391588,-0.04813383176839769,-0.01740035338464579,0.1420843819136542,0.05169489495704371
234.8,0.09934907522782899,-0.05809413100659888,-0.01671846542983801,0.1470158608129263,0.0980485667811819
234.85,0.1419782294966158,-0.06726002102906392,-0.0153280400885264,0.1446127604658874,0.1405697344102933
234.9,0.1744777885134978,-0.07400645812661233,-0.01327901022908201,0.1361648121550929,0.1729933255226174
234.95,0.1917878941261471,-0.07657161478955377,-0.01067587522627089,0.1236270946296081,0.1902635623258279
235,0.1910436992716222,-0.07297667017310056,-0.007664948980575459,0.1092921343023724,0.1895110598965968
235.05,0.1719978134961479,-0.06107663207748043,-0.004419247745096611,0.09548612623632473,0.1704754684150153
235.1,0.1367700451265207,-0.03886599000809987,-0.001121545804434909,0.08427806567482712,0.1352571179074789
235.15,0.08903463894770949,-0.005056158512957376,0.002055014820263157,0.07716036126635475,0.08750665155807769
235.2,0.03294661806790463,0.04019611169697446,0.004963226563326373,0.07473385197230137,0.03135450283815633
235.25,-0.02780716287193524,0.09464468343937821,0.007491552163834125,0.07653254290079052,-0.0295349384732963
235.3,-0.09051070319927444,0.1536663303171776,0.009572741875139956,0.08111191008713382,-0.09246222565500239
235.35,-0.1533383124487319,0.2105356041661662,0.01118672045062824,0.08640488266012075,-0.1556084065104227
235.4,-0.2147916679508804,0.257311132940941,0.01235607610886003,0.09022729476593355,-0.2174679988081215
235.45,-0.2729496187000762,0.2861858464182724,0.01313888340905101,0.09077556597074773,-0.2760960830697222
235.5,-0.3249039665602033,0.2909932979692152,0.01361600393477219,0.08699968708577024,-0.3285437540939365
235.55,-0.3666814880429929,0.2684852337613619,0.01387316874526306,0.07873485770452771,-0.3707836903157163
235.6,-0.3937583989232453,0.2190402176292936,0.01398517259541054,0.06655814762620786,-0.3982321592874777
235.65,-0.4020332588361926,0.1466172342178753,0.01400484172683369,0.05150934449568256,-0.4067323525381895
235.7,-0.3889349044815261,0.05797905217163896,0.01395706079825726,0.03481571325990773,-0.3936736922233467
235.75,-0.3542813261063139,-0.03858133230826005,0.01383972706859771,0.01766897339187811,-0.3588594212349335
235.8,-0.3005914823877472,-0.1346460054741315,0.01362874952613607,0.001070846263982365,-0.3048228498674868
235.85,-0.2327502553708577,-0.2228411320252483,0.01328690192471793,-0.01425865577921644,-0.2364896363388082
235.9,-0.1571434449267781,-0.297517558239734,0.01277940927399057,-0.0279152522353898,-0.1603048909222931
235.95,-0.0805401228550767,-0.3548821402726797,0.01209215459533924,-0.03974868684116628,-0.08310266615703726
236,-0.009039737325634839,-0.3927211890778904,0.01125111814695279,-0.04969815533696115,-0.0110401702992024
236.05,0.05266386209588426,-0.4099820182142767,0.01033230924378759,-0.05765463684762136,0.05114937519179569
236.1,0.1015902925659769,-0.4064751167288919,0.009448634206660145,-0.06348548502124944,0.1004699053653996
236.15,0.1363862828736288,-0.3828461339653835,0.008729870578355781,-0.0671415235695375,0.1355756304959322
236.2,0.1569884704434273,-0.3408001617779812,0.008305852072209519,-0.06866701074734188,0.1564271666988165
236.25,0.1642168782410579,-0.2834125276841046,0.008289182419400409,-0.0681132487663217,0.1638751447591218
236.3,0.159452880968306,-0.2152898309556254,0.008758465875467858,-0.06551199280956099,0.1593277453388913
236.35,0.1444772760059592,-0.1423798697232093,0.009746001364974555,-0.06095706445897789,0.1445811142910371
236.4,0.1214521825627796,-0.07135926647021923,0.01123203145850943,-0.05469906349952989,0.1217981722631197
236.45,0.09295868441419983,-0.008695693404592808,0.01314699169920291,-0.0471961816852141,0.09354807720911157
236.5,0.06197684942150324,0.04038289934835171,0.01538234581044862,-0.03911692944713487,0.06279170119472161
236.55,0.03172201778282382,0.07273828322162534,0.01780809687308382,-0.0312791890890992,0.03272452575354329
236.6,0.005315457729380059,0.08775835121088538,0.02029228154844687,-0.02451180965335225,0.006452912202377425
236.65,-0.01465727617149245,0.08725994833162426,0.02271738749241092,-0.01945007624510089,-0.01344472920706813
236.7,-0.02659037794854995,0.07489881869780723,0.02499171040583192,-0.01633413474217199,-0.0253619175567189
236.75,-0.03017264598689306,0.05526410223159878,0.02705432626176729,-0.01491869854886554,-0.02898109329742504
236.8,-0.02646342519099742,0.03290808805712098,0.02887353520414937,-0.01451220975971452,-0.02535217485589658
236.85,-0.01767775336230438,0.01155728767795239,0.03044116587400247,-0.01408545718487046,-0.0166797396326373
236.9,-0.006709741124536824,-0.0063295597640603,0.03176572027279478,-0.01250348966910644,-0.005847042178310224
236.95,0.003497755947450758,-0.01960689613163602,0.03286400189691518,-0.008926540983519991,0.004214751228179048
237,0.01057774378229615,-0.02816647741339057,0.03375028004496367,-0.003163002630298606,0.01115184946210662
237.05,0.01319656449373225,-0.03250391502386063,0.03442790420037634,0.004295195928185505,0.01364511027173038
237.1,0.0112342647454126,-0.03331240457917556,0.03488611219675897,0.01256390851975828,0.01158842885651007
237.15,0.005664782475178472,-0.03123848803885498,0.03510060285931327,0.02077504394616396,0.005965166468849981
237.2,-0.001797931531130415,-0.02684365309981018,0.0350354373163041,0.02838459909436775,-0.001510461228166393
237.25,-0.009165364643526252,-0.02071568301752402,0.03464619248265555,0.03527371818759584,-0.008862687762960286
237.3,-0.01462322496921008,-0.01361344065154313,0.03388558979138079,0.04165282564701551,-0.01430406425632591
237.35,-0.01687560979853034,-0.00653040373665742,0.03271147242767469,0.047856541225787,-0.01657639438011815
237.4,-0.01535612676698376,-0.0006071753834924754,0.03109630866655572,0.05414503432807968,-0.01515435780626362
237.45,-0.01032492954512497,0.003106171443444772,0.02903623923204002,0.06059905161498773,-0.01033223780282577
237.5,-0.002882713188902871,0.003963886603624345,0.02655616705453734,0.06712181388932842,-0.003227822404773151
237.55,0.005089892109437601,0.001997779371646469,0.02371031249213579,0.07349139687233816,0.004284959836097002
237.6,0.01109547983916578,-0.001962198364047651,0.02057947733723664,0.07939563367497633,0.009740321852158895
237.65,0.01233130182653269,-0.006389542348690325,0.01726420470977913,0.08442549405460575,0.01038690781757179
237.7,0.006168958664981608,-0.009384777577867875,0.01387469076688208,0.08805746350278727,0.003657986739672769
237.75,-0.009244732465983421,-0.009148992262179967,0.01051976140353572,0.08967236596421241,-0.01223920396167721
237.8,-0.0343968588867858,-0.004484788022802666,0.007296434176612743,0.0886545310466777,-0.03774206123415641
237.85,-0.06800899097848072,0.004810560085797333,0.004281607684393562,0.08457598934059392,-0.07153958057884863
237.9,-0.1069975106520527,0.01776469898112559,0.001526812756532103,0.07739406109625567,-0.1105341058096616
237.95,-0.1468674445818733,0.03230692455320777,-0.0009445308719517875,0.06757063760120534,-0.1502341566905888
238,-0.1824790428465578,0.045576245109618,-0.003136173462870651,0.0560587686911589,-0.1855179752782663
238.05,-0.2089966342728848,0.05438293466430061,-0.005071178385334885,0.04413373794576002,-0.2115803568227167
238.1,-0.2227702963032054,0.05572795101272188,-0.006778526977725186,0.03308902233331083,-0.22481260679481
238.15,-0.2219267642981113,0.04729821681241048,-0.008281890310898876,0.0238907547091797,-0.223392378049746
238.2,-0.2065489532363741,0.02787913800391173,-0.009593372073687545,0.01693211851635064,-0.2074605718443092
238.25,-0.1784495982336201,-0.002354959641707843,-0.01070985621468623,0.01198721910893625,-0.1788900743811758
238.3,-0.1406488999782188,-0.04170294089671434,-0.01161251773424593,0.008369098851666175,-0.1407556679838982
238.35,-0.09671644896015237,-0.08699041704739829,-0.0122713549104409,0.005221192532224845,-0.09666656417307862
238.4,-0.0501360227289985,-0.1338550347671613,-0.01265571658497705,0.001833978953644598,-0.0501222984157087
238.45,-0.003816871165525401,-0.1772746739786626,-0.012746625563481,-0.002104048002610922,-0.004018081631472104
238.5,0.04017271510964413,-0.212289957090363,-0.01254487316745062,-0.006364946821799632,0.03962239176748078
238.55,0.08062360302842106,-0.2347981413046967,-0.01207512629344465,-0.01017796033587496,0.07965977504765503
238.6,0.1169811936140007,-0.2422391423389709,-0.01138796155998678,-0.01238500484379855,0.1156232911617294
238.65,0.1489939060184569,-0.233991858759965,-0.01055922569983153,-0.01172735864706207,0.1473443796407974
238.7,0.1763316981037251,-0.2113656389980814,-0.009684769907313484,-0.007186241738345873,0.1745595315028637
238.75,0.1983047040910748,-0.1771864682895983,-0.008869559645948821,0.001726305215339218,0.1966164045651317
238.8,0.2137871947105718,-0.1350964476740147,-0.008215398721452327,0.01481825609336071,0.2123909851124616
238.85,0.2213867652405876,-0.0887704675257398,-0.00781184965287296,0.03124417448087639,0.2204581305931606
238.9,0.2198175464193282,-0.04127373758383351,-0.007728581393703304,0.04967869532521441,0.2194732073832556
238.95,0.2083639615536972,0.005278395239037503,-0.008008263706261176,0.06855756857151964,0.2086495949725184
239,0.1872903389538869,0.04970471390770592,-0.008663291155790565,0.08627131084738882,0.1881830079633861
239.05,0.158067363807481,0.09143741692874646,-0.009678166938630328,0.1012481694753604,0.1594899391382231
239.1,0.1233422848110908,0.1300295139046631,-0.01101426360407587,0.1120036905830263,0.1251844090242884
239.15,0.08665145476530121,0.1646692516954769,-0.01261056436927982,0.1172824963198984,0.08879058442911342
239.2,0.05193488282068798,0.1938722044393122,-0.0143836542723621,0.1162844656413575,0.05425294270084879
239.25,0.02295149784049816,0.2154630591918348,-0.01623610190317626,0.1088431779677384,0.02534452957173339
239.3,0.002703401165598452,0.2268761961375764,-0.01807192346251507,0.09548844650884925,0.005085324350958653
239.35,-0.007028532459612311,0.2257241680879664,-0.01981315129639971,0.07740877876711666,-0.004726169048061668
239.4,-0.005957632048439042,0.2105009216973333,-0.02141113202176709,0.05632186671852645,-0.003786626235470658
239.45,0.004678709318625115,0.1812243216894482,-0.02284773620959168,0.03427940909600986,0.006682924001326918
239.5,0.02234079897346676,0.139831360187918,-0.0241275548457105,0.0134426345679745,0.02416036760276374
239.55,0.0436214379506427,0.09019007654780953,-0.02526549391812583,-0.004192247719843307,0.04525748035004162
239.6,0.06480918840172756,0.03767987644593584,-0.02627247931254806,-0.01713271722932757,0.06628197822209109
239.65,0.08247209329058558,-0.01159013203098436,-0.02714084215863855,-0.02470444369398158,0.08381824338876814
239.7,0.09395765069445819,-0.05175494179201184,-0.02783690459583094,-0.02721089946193098,0.09522378294193751
239.75,0.09773501066056403,-0.078145212636485,-0.02830374225512489,-0.02586353040057703,0.09896841417060109
239.8,0.09354346445640814,-0.08802142889394943,-0.02846931285662757,-0.02248242238608785,0.09478166893609813
239.85,0.08234357600197988,-0.080961715405235,-0.02825861622174569,-0.01904564760918804,0.08360544238650458
239.9,0.06608819619305961,-0.05886041934049879,-0.02760818816836474,-0.01724661092493549,0.06736902717970156
239.95,0.0473471502101022,-0.02557210227562123,-0.02647873066929635,-0.01819236174683011,0.04861942194006375
240,0.02884022464960021,0.01371079735011493,-0.02486305849918735,-0.02227897705680103,0.03005979279234217
240.05,0.01295619873379895,0.05323300153536675,-0.02278697963097548,-0.02923207768045856,0.01407245885263969
240.1,0.00135074325924407,0.08749512582144658,-0.02030269656691941,-0.03827120528131759,0.002317838612437173
240.15,-0.005293227594533633,0.1120103441244423,-0.01747811479427752,-0.04834186503128611,-0.004506844678944688
240.2,-0.007294473497645316,0.1238970387339938,-0.01438678709401409,-0.05833411744175363,-0.006700502429889621
240.25,-0.00579777786308797,0.1222262247062673,-0.01110236464183534,-0.06719536955341333,-0.005387247140762219
240.3,-0.002450756882510791,0.1080736947986517,-0.007699604404889593,-0.07392489317792085,-0.002197668654232821
240.35,0.000977916139716052,0.08426476803236183,-0.00425996673790402,-0.07753951657736777,0.001110016760966892
240.4,0.002948351344017442,0.0548509277781975,-0.0008742758221027547,-0.07710841592516793,0.002998611146024011
240.45,0.002399644752305182,0.02440609393753079,0.002356817463830374,-0.07190605639364156,0.002402805544981179
240.5,-0.001130866030346759,-0.002737849590973562,0.00532024745490367,-0.06166937769684953,-0.001149482227494281
240.55,-0.007516219468771957,-0.0231847186034177,0.007896232420553373,-0.04684815254094069,-0.007542669904707588
240.6,-0.01614989084087228,-0.03497515443142502,0.009972754508120296,-0.02869109246955082,-0.0161801379072844
240.65,-0.02612036158616509,-0.03780686758934976,0.01146142985130461,-0.009091196860973112,-0.02615568670004953
240.7,-0.03641071540118862,-0.03294047524124022,0.01231408318732391,0.009758879408310451,-0.0364510817395764
240.75,-0.04608337540540797,-0.02282457175653213,0.01253738476859684,0.02581232953633278,-0.04612054258792453
240.8,-0.05441105976456634,-0.01053304856901094,0.01219649912179854,0.03761425018792826,-0.05442360818340319
240.85,-0.06092153248740395,0.0008574434045819923,0.01140750860153722,0.04458084484980925,-0.06087380952902549
240.9,-0.06534139334051665,0.008814586401831415,0.01032348928518606,0.0469972479091511,-0.06518749796060491
240.95,-0.067452908679575,0.01171537908602349,0.009114321107281276,0.04580524347869351,-0.06714542842982674
241,-0.06691044474447855,0.008976127215764573,0.007941504488842843,0.04232766136786892,-0.0664120857763662
241.05,-0.06308730180744902,0.0009572748802242348,0.006932647991647722,0.03802796625518982,-0.06238226986692613
241.1,-0.05502811918473278,-0.01129260444015046,0.006161095334377031,0.03431870451640218,-0.05412975460764635
241.15,-0.0415607930990462,-0.02635458922630829,0.005635447780098168,0.03235544102112208,-0.04051250433793441
241.2,-0.02157555181282158,-0.04272393798157931,0.005303905288291499,0.03277504713663994,-0.02044384672818145
241.25,0.005581597362513416,-0.05900221248060045,0.005073448086840959,0.03547021516598588,0.006721069489390885
241.3,0.03970970756269181,-0.0739776150500151,0.004836212242749272,0.03958100225219622,0.04078999128304533
241.35,0.07948234860384484,-0.08660769187959544,0.004494569330976139,0.04377691964562767,0.08046248966007291
241.4,0.1224164448958755,-0.09594557174781626,0.003981235417023998,0.04669758292051779,0.1232938478483518
241.45,0.1651186127032099,-0.1010608100778067,0.003275731464260245,0.04733140649466198,0.1659332106449047
241.5,0.2037513464728658,-0.1009967774880887,0.002415543498586525,0.0451837606697524,0.2045806580240071
241.55,0.234586880404307,-0.09478975682739044,0.001496224329903928,0.04020799723798407,0.2355331896280667
241.6,0.254499349975222,-0.0815626097950557,0.0006588874980136827,0.03257676201811786,0.2556722783432978
241.65,0.2612960998951001,-0.06069413097162446,6.830561505061228e-05,0.02243317410606425,0.2627942823787656
241.7,0.2538766938829443,-0.03204549909052029,-0.0001144672193204022,0.0097838060965244,0.2557722776446177
241.75,0.2322870393723237,0.003794445556358161,0.0002390044158486759,-0.005350612209215516,0.2346149858638621
241.8,0.1977591248629617,0.04530012928648341,0.001201336711887435,-0.0225835004766386,0.2005124911143449
241.85,0.1527857953942452,0.08991001114879993,0.002776137552312929,-0.04090237700004841,0.1559160389814793
241.9,0.1011920189968325,0.1341120704368592,0.004893454031392019,-0.0587257014715969,0.1046138544995661
241.95,0.04808586271136604,0.1737590036462706,0.007415711118185508,-0.07415833152735508,0.05168482544324049
242,-0.0004565229498863008,0.2046019116261397,0.01015573904783074,-0.08530847913511511,0.003186136027732989
242.05,-0.03806007631086263,0.222961372112008,0.01289819980073525,-0.0906448667250527,-0.03451475035922313
242.1,-0.05904215841393721,0.2264051360788661,0.0154233557626553,-0.08934479299518749,-0.05573015155903471
242.15,-0.05954361567486183,0.214270105616904,0.01753734479809715,-0.08155235666266913,-0.05658385320141557
242.2,-0.03851130012253691,0.1878893937591398,0.01909999626728998,-0.06848165535477595,-0.03599485572350891
242.25,0.001778814464228924,0.1504586437511648,0.02003864059759863,-0.05231465663425021,0.003796295239575587
242.3,0.05587640079550082,0.1065662468775362,0.02034606136714134,-0.03581367833965439,0.05737881729377287
242.35,0.1160323719686116,0.06150834697625818,0.02006706166099359,-0.02163879485169596,0.1170433693243697
242.4,0.1736261445717479,0.02055523307888563,0.01927938495168852,-0.01160045597075544,0.1742064018719705
242.45,0.2208045624350129,-0.01168088101508469,0.01807399660171261,-0.006157379914198774,0.2210468595676485
242.5,0.2519188154009558,-0.03169011916961134,0.01653919064136766,-0.004292474009218154,0.2519416145347056
242.55,0.2644021659485887,-0.0373141093954123,0.01474939523177304,-0.003764685381557521,0.2643415986940747
242.6,0.2588998244542767,-0.02784671478572132,0.01276059035867588,-0.001735424167196065,0.2588996010686999
242.65,0.238686650281554,-0.004043369350898995,0.01061536757892273,0.004320967885714278,0.2388854395688854
242.7,0.208608651343491,0.03192711315113606,0.008352078605313173,0.01570409070993611,0.2091252915879339
242.75,0.1738915331692503,0.0765941790595846,0.006009476798264635,0.0319236840027675,0.1748096860070941
242.8,0.1391428129727303,0.1254064450915411,0.003628559012790467,0.05070721956619807,0.1404978372587822
242.85,0.1077524370774276,0.1731156837191566,0.001256637272042394,0.06857726726714437,0.1095238570534411
242.9,0.08172921211086075,0.21434293805349,-0.001053357798492249,0.08180622665861748,0.08384148933262198
242.95,0.06186529127524492,0.244283811115944,-0.003249961352669861,0.08745370632297131,0.06419834600471286
243,0.04805079578026002,0.2594398530230847,-0.00529210019083548,0.08419214968137635,0.05045898872990418
243.05,0.03957487172428913,0.2582156938034016,-0.007155305727866823,0.07268575896885618,0.04191150594767401
243.1,0.03532770391336559,0.2412212552804829,-0.008833470680690125,0.05540849608735242,0.03746957892239022
243.15,0.03390811457543886,0.2111737632161347,-0.01033762790497283,0.03598814837953292,0.03577521204168871
243.2,0.03370673367150545,0.1723931138645604,-0.01169236724640543,0.01831888600257097,0.03527209421459709
243.25,0.03304412552921646,0.1299917317584594,-0.01292900712353318,0.005687170587712645,0.03433234769608173
243.3,0.03040856223315076,0.08894798584698521,-0.01407761582942485,9.242197222718088e-05,0.0314833516410864
243.35,0.02477444373333941,0.05328614008857574,-0.01515923946640974,0.001892036334850797,0.02571927922772582
243.4,0.01592569622277817,0.02554549851588889,-0.0161786919502559,0.009844377914966545,0.01682267702756074
243.45,0.004674671904741032,0.006627598161687343,-0.01712139196048773,0.02153922296648914,0.005587406154653252
243.5,-0.007127371645508506,-0.004005124893483258,-0.01795770798767748,0.03409149379402257,-0.006162913662495717
243.55,-0.01685094208544787,-0.007897453077894134,-0.01865278764622297,0.04486857532637795,-0.01582579616627433
243.6,-0.02160972686093488,-0.007095465998388728,-0.01917566295246514,0.05199403401442299,-0.02053309353499616
243.65,-0.01894793000634035,-0.003710387989596109,-0.01950539152617081,0.05448803431324063,-0.01783371585365706
243.7,-0.00752614842149538,0.0003710672119513481,-0.01963690395538431,0.0521382241661273,-0.006380097016478681
243.75,0.01238880638828859,0.003626699399461975,-0.01958702976288512,0.04532618077761391,0.01357704926869141
243.8,0.03878973264917898,0.004945218340106028,-0.0193955082279722,0.03495111226371866,0.04004682407256238
243.85,0.06821321412641485,0.003661745655724635,-0.01911861685300226,0.0224175165658655,0.06957503257847525
243.9,0.09638048719166256,-0.000363542915753079,-0.01882016693248212,0.009533205394012775,0.09788057721622279
243.95,0.1190252097258937,-0.006629176288070693,-0.01856246614802226,-0.00178589672103889,0.1206835295238401
244,0.1326896296807865,-0.01390380008482262,-0.01839719003922369,-0.009912087592663394,0.1345059285735513
244.05,0.1352939740067499,-0.02025918989324926,-0.01835893581161685,-0.01381504594989108,0.137248452367616
244.1,0.1263666892959603,-0.02330261269035472,-0.018460120436399,-0.01318298668442639,0.1284274477452408
244.15,0.1069294777633984,-0.02062702310109982,-0.01869095184275715,-0.008360130079679369,0.1090635121466669
244.2,0.07912467797390739,-0.01041998880222955,-0.01902910209088804,-0.0001776296358700848,0.08130770947892779
244.25,0.04572678976171323,0.007916734851527329,-0.01944783055833826,0.01024543003187916,0.04794756328608207
244.3,0.009683901963186071,0.03332829260789705,-0.01992163754007842,0.02171864989386481,0.01194124203632824
244.35,-0.02620422040817932,0.0630170149417888,-0.0204298695329172,0.03319493351190756,-0.02391051000147437
244.4,-0.05943244327722129,0.09278953611940277,-0.02095733840971853,0.04389535036583749,-0.05711238328539797
244.45,-0.08779082387251631,0.1178045357157118,-0.0214932276118508,0.05326154751081817,-0.08547193388277774
244.5,-0.1093006556997028,0.1335604537970339,-0.02202711555075149,0.06078289354475459,-0.1070278941088071
244.55,-0.122178437334734,0.1368678712821966,-0.02254020229064735,0.06585744155559374,-0.1200056504084338
244.6,-0.1248952730952927,0.1265381841199936,-0.02299483885955367,0.0678247895494877,-0.1228699667024032
244.65,-0.1163425885759723,0.1035954759728899,-0.02332942670766069,0.06618711101942877,-0.1144897399581943
244.7,-0.0960588246199969,0.07095156560515636,-0.02346413657915686,0.06090730235545852,-0.09436930895037521
244.75,-0.06443355540587574,0.03265102139054998,-0.02331732154560728,0.05261205160418038,-0.06286231060798531
244.8,-0.02280963760116438,-0.007067760930151323,-0.0228231098746447,0.04256544565478493,-0.02128438250183462
244.85,0.0265597520313739,-0.04460298516323896,-0.02193789179079886,0.0323845824872701,0.02812148560554517
244.9,0.08068725805479655,-0.07747281747750345,-0.02063672432308222,0.02358156219527191,0.08235881756273078
244.95,0.1361096500446985,-0.1043471947355691,-0.01891191804729198,0.01709073223450114,0.1379397520829754
245,0.1891667865292036,-0.1246848885727601,-0.01677935397043362,0.01294910343788507,0.1911730317363026
245.05,0.2362634236674237,-0.1381649287864436,-0.01428505061666957,0.01024842131354733,0.23843591373452
245.1,0.2741087292256224,-0.1441688059267007,-0.01150443032994786,0.007375389961066664,0.2764219434854286
245.15,0.2999525581632339,-0.1415359528948241,-0.008536311940256724,0.00244270437720758,0.3023801520143878
245.2,0.3118329470550739,-0.1287021869381813,-0.005493978983261816,-0.006211395620431252,0.314360281065239
245.25,0.3088255913204428,-0.1041819273866283,-0.002492264704231584,-0.01952665581091248,0.3114553638584007
245.3,0.2912521470229542,-0.06724158376248213,0.0003661379397363329,-0.03732153749014127,0.2940019806914323
245.35,0.260783416031171,-0.01854271081456516,0.003000548517650359,-0.05817070553333343,0.2636765501171633
245.4,0.220371170652708,0.03948602848714106,0.005357292326095164,-0.07969393449376391,0.2234241307926239
245.45,0.1739663540261517,0.1026803836507718,0.007410548026868136,-0.09918151703597293,0.1771777269253484
245.5,0.1260245796625451,0.1655884510995099,0.009160456319916632,-0.1142946383698501,0.1293685012985154
245.55,0.08085752097060471,0.2222348680414334,0.01063073906050049,-0.1235548783105591,0.08428343718451881
245.6,0.04194602718307894,0.2670315325909804,0.01186520354705767,-0.1264851070178092,0.04538402281156628
245.65,0.0113692028757977,0.2956399656392281,0.01291887239488154,-0.1234813541867296,0.01473863132200343
245.7,-0.01049599058883982,0.3056173039122259,0.01384452874914166,-0.1155730888787497,-0.007277960994416244
245.75,-0.02490211658052899,0.2967414563834877,0.01467998906324253,-0.1041602756684402,-0.02191423252718472
245.8,-0.03427690358690026,0.2709759091887855,0.01544289665664678,-0.09076031626327891,-0.03159121070556614
245.85,-0.04149171080202087,0.2320966153878034,0.01612950753170195,-0.07680031647241409,-0.03917312667946193
245.9,-0.04904378058315657,0.1850660295224599,0.01671546358083259,-0.06347658122612859,-0.04715011018590454
245.95,-0.0583765829229127,0.1352684881726143,0.01716169271175683,-0.05165097430585765,-0.05695608191527718
246,-0.06952213758994673,0.08773147118586422,0.01742365241348082,-0.04175471957893759,-0.06860802396944726
246.05,-0.08115720555305318,0.04645526638152681,0.01746277271605978,-0.03373554672880903,-0.08075960365492335
246.1,-0.09104590546676089,0.01395166427393146,0.01725801276061484,-0.02712769428719008,-0.09114426596221981
246.15,-0.09673700366908096,-0.008939158408075576,0.01681318578072599,-0.02126924103333821,-0.09727617757718138
246.2,-0.09631758380760223,-0.02293604697199736,0.01615727032781161,-0.01558259272115172,-0.09721021098952987
246.25,-0.08901454872228165,-0.02994626463691924,0.0153379985169535,-0.009774571019755035,-0.09015036699388812
246.3,-0.07548162595120714,-0.03251717674153443,0.01441312105363318,-0.003845526037047452,-0.07674177429658707
246.35,-0.05769942884260822,-0.03322147863628899,0.01344482100598016,0.002072143961333913,-0.05897244357432696
246.4,-0.03852620073136527,-0.03409895102772187,0.01249232445314491,0.007899398380142853,-0.0397214384738318
246.45,-0.0210308012462489,-0.03626091779431251,0.01160203004683213,0.0137037256208681,-0.02208648294013615
246.5,-0.007792415899505911,-0.03973739317136027,0.01080376889714046,0.01969344070962081,-0.008676775176159279
246.55,-0.0003461132259601947,-0.04360411083257604,0.01011185179029883,0.02614074061547911,-0.001052686288133375
246.6,0.001098575325132945,-0.04635241561158815,0.009526819465044578,0.03326826674266378,0.0005593905086360151
246.65,-0.002380918691946115,-0.04640692607526498,0.009041768679159345,0.04112470708386719,-0.002770816022527378
246.7,-0.008745567676748153,-0.04265664904451916,0.008653284100221981,0.04945787692106431,-0.009004404450973336
246.75,-0.0155106911620707,-0.03485442225419877,0.008371211936619272,0.0576461351647506,-0.01565212142111133
246.8,-0.0203228494480671,-0.02377154046976598,0.008222809563669886,0.06476868263217622,-0.02035398068124061
246.85,-0.02146636688090622,-0.01106476568765641,0.008248904025029147,0.06979925850334402,-0.02138739776670273
246.9,-0.01819564774347171,0.001101291211661082,0.008494469553457173,0.07180209946849347,-0.01799967066023012
246.95,-0.01083705850952503,0.01056483481966841,0.008997322398885177,0.07002810937457234,-0.01050898016941382
247,-0.0006590983225609896,0.01566854717583183,0.009776694226098503,0.06392547518951019,-0.000173584319430431
247.05,0.01044133336769752,0.01562078587298926,0.01082307624159246,0.05313656350352798,0.01112199645551742
247.1,0.0203561880978952,0.0106347041649964,0.01209129965476718,0.03753245845836389,0.02128271338548465
247.15,0.02719608225507753,0.001834526329618447,0.01349951191741283,0.01730254821567482,0.02842961311439457
247.2,0.02965328404626338,-0.009026906768635434,0.01493679545010845,-0.006917490929459882,0.03125869972047046
247.25,0.02724655786195175,-0.01995916348634585,0.0162776346171512,-0.03392836206883398,0.02928179484783677
247.3,0.02042806286437212,-0.02913804162436823,0.01739754511387426,-0.06193910408788103,0.0229313829005553
247.35,0.01055575883945136,-0.0352422030761429,0.01818600254531699,-0.08869933997582108,0.01353362377555734
247.4,-0.0002605397207846254,-0.03766984975575743,0.01855465995950245,-0.1117871564779538,0.00315884090768459
247.45,-0.009433972918779074,-0.03661071735732774,0.01844291171784918,-0.1289685778459057,-0.005646667240168768
247.5,-0.014290874845806,-0.03297151122810821,0.01783200084959707,-0.1385206785634746,-0.01024248848425091
247.55,-0.01254537317506341,-0.02817010438218698,0.01675593143469217,-0.1395022321379985,-0.008362319585178302
247.6,-0.002790002032700092,-0.02383454952057229,0.01529563208573137,-0.1320016445498214,0.001399623565891239
247.65,0.01510591739178599,-0.02146095177858637,0.0135650123864075,-0.1172759724484466,0.01918931474662511
247.7,0.03979824494700623,-0.02208466178378282,0.01169295936473569,-0.09763165406165089,0.04369124399427149
247.75,0.06854129703055145,-0.0260203726160011,0.009806832140519084,-0.07600277794794319,0.07219459583233312
247.8,0.09752586567026592,-0.0327265957964531,0.008022863098030186,-0.05534845917060836,0.1009245798756366
247.85,0.1224066769320092,-0.04082190903155292,0.006429960166128401,-0.03809074725429443,0.1255633040915431
247.9,0.1389009612136066,-0.04825298437999664,0.005070950320028411,-0.02575516090875072,0.1418445788109507
247.95,0.1433504696813169,-0.05259308193328954,0.003939814100218098,-0.01880944576379274,0.1461137006253309
248,0.1331778874173652,-0.05142441120741054,0.002994834849652794,-0.01662182738294295,0.1357843245440926
248.05,0.1072171225854034,-0.04275513286230237,0.002174408022413421,-0.01754498870842758,0.1096704736115769
248.1,0.06591743835670953,-0.02542436506221152,0.001409700919893342,-0.0192115619540402,0.06819441848538582
248.15,0.0114134638360456,0.0005709670297364688,0.0006409623330711489,-0.01907153552914904,0.01346158691485166
248.2,-0.05257338017811951,0.0338829954513673,-0.0001683781229765424,-0.01504139660149461,-0.05083173244791539
248.25,-0.12104473060913,0.07179759995676616,-0.001024859756801111,-0.006033517277202347,-0.1197018502857012
248.3,-0.1882589590642496,0.1104300223772149,-0.001904548313675924,0.007787769644930384,-0.1874060517336137
248.35,-0.248433508488675,0.145120834690162,-0.002756091083790824,0.0250435074550835,-0.2481424620875727
248.4,-0.2964895593322033,0.1709803198504609,-0.003506754440797399,0.04343638344661276,-0.2967963500442258
248.45,-0.3286804119870027,0.1835035154080863,-0.004073751837706308,0.06024902708450645,-0.3295743427397434
248.5,-0.3429747488595409,0.1791688988859041,-0.004374743489155009,0.07294634881359466,-0.3443966906556825
248.55,-0.3391462827754679,0.1559462479071633,-0.004333291756576929,0.07973847691387971,-0.340996734773087
248.6,-0.3186107323192602,0.1136659193111955,-0.003890875727636578,0.07995866308855104,-0.3207657473326503
248.65,-0.2841063623555087,0.05422222973946311,-0.003024152012225723,0.07416506910513869,-0.2864373641877748
248.7,-0.2393169408537456,-0.01840847314485028,-0.001753500989652435,0.06394538751303488,-0.2417090128445696
248.75,-0.1884953635594903,-0.09836417560148297,-0.0001432398873315588,0.05147798118682066,-0.1908598777080682
248.8,-0.1360994127799204,-0.178346814136512,0.00170129922929585,0.03898552795451872,-0.1383780033938746
248.85,-0.08642325424342749,-0.2503490262368687,0.003641812885648743,0.02823920034244728,-0.08858386481783304
248.9,-0.04321942526865265,-0.3066231477735469,0.005523574107794138,0.02020845226308115,-0.04524647679194516
248.95,-0.009337177597626648,-0.3407737529513278,0.007195676964925735,0.01490385965203532,-0.01122045894058304
249,0.01356185100125291,-0.3487855427044816,0.008526860476267606,0.01145535546282921,0.01183613995166244
249.05,0.02514343167434829,-0.3297692222531922,0.009420679133614995,0.008438663130207509,0.02359624331737187
249.1,0.02635134298724152,-0.2862372783478249,0.009825091613586689,0.004400104874909031,0.02500871450242359
249.15,0.01917344100153665,-0.2238141000191416,0.009729968557530499,-0.00156801681888942,0.01805961241259169
249.2,0.006274038146812547,-0.1504153307510498,0.009160646289147478,-0.009419357099389807,0.005402747308564604
249.25,-0.009427042915377708,-0.07504636617836707,0.008171535713256795,-0.01808106565980501,-0.01006034413580092
249.3,-0.02514930461668922,-0.00644914464491686,0.006836556180203623,-0.02572092036630217,-0.02557148464440623
249.35,-0.03856140250819049,0.04814894016732563,0.005237757682655497,-0.03020309127239778,-0.03882065558860714
249.4,-0.04797850712791717,0.0839695267322268,0.003455935368529173,-0.02958683796480253,-0.0481381247192697
249.45,-0.05244766847822251,0.09916628840245206,0.001563190867260977,-0.02262211658026624,-0.05257585295436651
249.5,-0.05174132003854889,0.09481612267900313,-0.000381243827927813,-0.009179067493252716,-0.05189911228592392
249.55,-0.04628601286882204,0.07446751607809282,-0.002329771515794221,0.009564897333303499,-0.04651591368059427
249.6,-0.03704843608095273,0.04336064311784049,-0.004241257037362556,0.03128443905407866,-0.03736618655753265
249.65,-0.02538759385465716,0.007477174490046867,-0.006078835587932652,0.05293448686702118,-0.02577904229607153
249.7,-0.01287054612626304,-0.02740821581557312,-0.007813082660883375,0.07130582517610368,-0.01329449986186038
249.75,-0.001050163916597128,-0.0565257411346532,-0.009417019652687042,0.08357094956688452,-0.00144682177715133
249.8,0.008778416216226251,-0.07664911438413125,-0.01086609946696759,0.08768404874857876,0.008475259763353726
249.85,0.01579853723349085,-0.08631768761300196,-0.01214495386244402,0.08256322685427361,0.01564842314145365
249.9,0.01980725455867124,-0.08574388387930426,-0.01324737276786936,0.06812363979910817,0.01985236041713828
249.95,0.02120972066005881,-0.07646926471228099,-0.01417423288481368,0.04531126294045865,0.0214691416254692
250,0.02085550017782901,-0.06087114342360306,-0.01493394856277941,0.01617110604510438,0.02132545923052376
