t,z_ref_qutip,DOUBLEADAPTIVE,DOUBLEFIXED,SINGLE_SITE_TDVP,TWO_SITE_TDVP
0,1,1,1,1,1
0.01,0.998350933857533,0.9983512682967978,0.9983509940671033,0.998350933456558,0.9983509334564209
0.02,0.9934149181036025,0.9934163405943017,0.9934166808848955,0.9934149212232178,0.9934149212229383
0.03,0.9852254090535876,0.9852286679605236,0.9852249229335062,0.9852254200991637,0.9852254200987535
0.04,0.9738378252983421,0.9738435921362519,0.9738326177913696,0.9738378413830963,0.9738378413825465
0.05,0.9593290065026266,0.9593379248268038,0.9593163142788004,0.9593290302677208,0.9593290302670242
0.06,0.9417965013486623,0.9418092190963159,0.9417804356554194,0.9417965458113278,0.9417965458104046
0.07000000000000001,0.9213576864690142,0.9213747759841555,0.9213388688889906,0.9213577501445293,0.9213577501432797
0.08,0.8981486222683847,0.8981706125555736,0.8981277364542877,0.8981487178181343,0.8981487178165527
0.09,0.8723228558723238,0.8723501921526001,0.8723012811674173,0.8723229782814911,0.8723229782795533
0.1,0.8440499430550982,0.8440830213060061,0.8440316910955409,0.8440501063697643,0.8440501063674273
0.11,0.8135139828089449,0.8135531009649104,0.8135038170606776,0.813514177349393,0.8135141773464671
0.12,0.7809118818155679,0.7809572458716177,0.7809148235888211,0.7809121044971135,0.7809121044936392
0.13,0.7464515892646999,0.7465033139544042,0.7464714401547667,0.7464518783579279,0.746451878353957
0.14,0.7103503554683835,0.710408418030896,0.7103916656481486,0.7103507277182379,0.7103507277136792
0.15,0.6728327347485888,0.672897062713055,0.6728983775389934,0.6728332229456583,0.6728332229403808
0.16,0.634128732095898,0.6341991746540583,0.6342198403055198,0.6341293426751846,0.6341293426689808
0.17,0.5944717812368173,0.5945481312287468,0.5945891029001488,0.5944725248648783,0.5944725248576526
0.18,0.5540968385786564,0.5541788186088428,0.554239626021904,0.5540977230130196,0.5540977230047361
0.19,0.5132384516407416,0.5133257179332944,0.5134034601558211,0.5132394878274442,0.5132394878180953
0.2,0.4721288939881791,0.4722210364661881,0.4723117079978679,0.4721300938862518,0.4721300938758299
0.21,0.4309963535392841,0.4310929000986869,0.4311941408565914,0.4309977298414348,0.4309977298299132
0.22,0.390063203782939,0.3901636251739112,0.3902749326066705,0.3900647695163245,0.3900647695036615
0.23,0.3495443718546652,0.3496480873863631,0.349769525048205,0.3495461398569132,0.3495461398430676
0.24,0.3096458177735007,0.3097522023395808,0.309883695848136,0.3096478001424889,0.3096478001274069
0.25,0.2705631381967559,0.2706715296876896,0.2708127341342967,0.2705653451696954,0.2705653451533357
0.26,0.232480314634183,0.2325900108145622,0.2327403305883782,0.2324827433248527,0.2324827433071521
0.27,0.1955685724295805,0.1956788499375616,0.1958374737598153,0.1955712185806077,0.1955712185614208
0.28,0.1599854211578096,0.1600955471625745,0.1602615737269713,0.1599882835239252,0.1599882835029456
0.29,0.1258738490731282,0.1259830883141529,0.1261560208467022,0.1258769285711372,0.1258769285479131
0.3,0.09336167172230027,0.09346929395884812,0.09364957957558756,0.09336497058004034,0.09336497055419724
0.31,0.06256104119445471,0.06266632870544986,0.06285320207431799,0.06256456215433936,0.06256456212587236
0.32,0.03356811548021154,0.03367037026754727,0.03386103578380439,0.03357186107627969,0.03357186104587401
0.33,0.006462885596098917,0.006561436071007176,0.006752748823048549,0.006466857521795766,0.00646685749125836
0.34,-0.01869084355138245,-0.01859663642479414,-0.01840760183846191,-0.01868664497097183,-0.01868664499805872
0.35,-0.04184532118042934,-0.04175606116409658,-0.04157198322154282,-0.04184090037687893,-0.04184090039419286
0.36,-0.06296857303544756,-0.06288483374118442,-0.06270819670032279,-0.06296394993687326,-0.06296394993389376
0.37,-0.08204402703186923,-0.08196632884102867,-0.08179946887959483,-0.08203921911682643,-0.08203921907667189
0.38,-0.09906997047801153,-0.09899877439143717,-0.09884391101861534,-0.09906499123987011,-0.09906499113615708
0.39,-0.1140589080390887,-0.1139946129127599,-0.1138538687436181,-0.1140537682390348,-0.11405376803139
0.4,-0.1270368210152455,-0.1269797613328824,-0.1268551732533673,-0.1270315297896449,-0.127031529417402
0.41,-0.138042336913552,-0.1379927811495829,-0.1378863048376135,-0.1380369027250945,-0.1380369020986039
0.42,-0.1471258216869185,-0.1470839712896339,-0.1469974804529069,-0.1471202531145658,-0.1471202521033866
0.43,-0.1543484073213296,-0.1543143963272097,-0.1542496777633685,-0.1543427136891463,-0.1543427121062856
0.44,-0.1597809675978969,-0.1597548628756236,-0.1597136083435104,-0.1597751594473221,-0.1597751570285739
0.45,-0.1635030491226667,-0.1634848569580663,-0.1634686527612119,-0.163497144257805,-0.1634971406350958
0.46,-0.1656017835358367,-0.1655914550022103,-0.1656017700950574,-0.1655958111144238,-0.1655958057820568
0.47,-0.1661708042844551,-0.1661682208003469,-0.1662063941317284,-0.1661647883932562,-0.1661647806659136
0.48,-0.1653091234893204,-0.1653141003418538,-0.16538132805537,-0.1653030840265169,-0.1653030729880123
0.49,-0.1631200348733002,-0.1631323258701606,-0.1632296488919128,-0.1631139889522757,-0.1631139733942897
0.5,-0.1597100374050844,-0.1597293398541981,-0.1598576323171079,-0.1597040005360184,-0.1597039788864582
0.51,-0.1551877888447094,-0.1552137488077818,-0.1553737076882025,-0.1551817759025372,-0.1551817461438483
0.52,-0.1496630982879448,-0.1496953160530018,-0.1498874523282331,-0.1496571242781086,-0.1496570838567715
0.53,-0.143245965901888,-0.1432840016195004,-0.1435086331925242,-0.1432400465373805,-0.1432399922671264
0.54,-0.1360456770867279,-0.1360890565147106,-0.1363463030934846,-0.136039829191153,-0.1360397571540355
0.55,-0.1281699501098236,-0.1282181776046882,-0.1285079576670346,-0.1281641990543277,-0.1281641045058717
0.5600000000000001,-0.1197241681384973,-0.1197767283255139,-0.1200987582465405,-0.1197185438120696,-0.119718421099124
0.57,-0.1108106749288365,-0.1108670294149455,-0.1112208247822644,-0.1108052026703312,-0.1108050451731768
0.58,-0.1015281281895659,-0.1015877228263143,-0.1019726019199114,-0.1015228302477916,-0.1015226303612859
0.59,-0.09197093919020163,-0.09203321097467826,-0.09244830034362517,-0.09196583585280421,-0.09196558502492608
0.6,-0.08222878891574847,-0.08229317248052903,-0.08273741450874411,-0.08222389930303209,-0.08222358815306885
0.61,-0.07238622097604418,-0.07245215463047838,-0.07292431694882928,-0.07238156349856772,-0.07238118204111266
0.62,-0.06252231058463203,-0.06258924187726095,-0.06308792844910471,-0.06251790306134913,-0.06251744106629875
0.63,-0.05271040808289923,-0.05277779886228812,-0.05330146254353091,-0.05270626751404422,-0.05270571503678156
0.64,-0.04301795448573913,-0.04308528567077802,-0.043632242021858,-0.04301409669813872,-0.04301344481762781
0.65,-0.03350636142400246,-0.033573142329137,-0.03414158443297238,-0.03350280543036799,-0.03350204723641442
0.66,-0.02423097379786853,-0.02429673893187234,-0.02488475294639736,-0.02422773377458454,-0.02422686564837584
0.67,-0.01524107765654762,-0.0153053872454661,-0.01591096839014561,-0.01523815876654677,-0.01523718200104268
0.68,-0.006579965500110249,-0.006642409181905173,-0.00726347782387804,-0.006577362975008882,-0.006576285783643776
0.6899999999999999,0.001714942616063839,0.001654742833371081,0.001020325364736285,0.0017172450846617,0.001718405121373778
0.7,0.009611931372023607,0.009554318855229726,0.008908735133108303,0.009613963948088111,0.0096151769479772
0.71,0.0170847813270869,0.01703006322520328,0.01637552570766665,0.01708659106798394,0.01708781137515802
0.72,0.02411252448439996,0.02406097075214736,0.02339970933776697,0.02411417911548441,0.02411534124279024
0.73,0.03067916987274659,0.03063101285903724,0.0299652644682773,0.03068076231177441,0.03068177625267104
0.74,0.03677340509840867,0.03672883924127596,0.03606083984639186,0.0367750583367043,0.03677580420584958
0.75,0.04238827980807949,0.04234746046418175,0.04167943992955248,0.04239015124084516,0.04239047320894163
0.76,0.04752086866318594,0.04748391674408209,0.04681809674655429,0.0475231606015436,0.04752286009834772
0.77,0.05217193474240118,0.05213893791534274,0.05147753309274761,0.05217490191822605,0.0521737300883654
0.78,0.0563455857493109,0.05631659929184596,0.05566182162339228,0.05634954294488032,0.05634719235460678
0.79,0.06004892972224589,0.06002397779317692,0.05937804405671177,0.06005426031563221,0.06005035592487939
0.8,0.06329173508356427,0.06327081233106407,0.06263595431948171,0.06329890044064701,0.06329298987400778
0.8100000000000001,0.06608609861739839,0.06606917204811269,0.0654476490718931,0.06609564824196773,0.06608719141447617
0.82,0.0684461245388714,0.06843313557646102,0.06782724864225687,0.06845870687068006,0.06844706504931508
0.83,0.07038761737879823,0.07037848404644315,0.06979059099261065,0.0704039911055952,0.07038841551504477
0.84,0.0719277911014909,0.07192241013203926,0.07135494092905753,0.07194883668739643,0.07192845679830556
0.85,0.07308499577568321,0.07308324497816787,0.07253871637027065,0.07311172739817878,0.07308553906717274
0.86,0.0738784633460243,0.0738802044211046,0.07336123309815124,0.07391204126160345,0.07387889492395083
0.87,0.07432807510331504,0.07433315549422065,0.07384246903942593,0.07436981681985155,0.07432840596662105
0.88,0.07445414907149639,0.07446240381198477,0.07400284876880281,0.07450554004620547,0.07445439024680889
0.89,0.07427724848030949,0.07428850205096121,0.07386304858579673,0.07433995208147137,0.07427741083814055
0.9,0.07381801124393415,0.07383207940199948,0.07344382220052054,0.07389387764310401,0.07381810538452099
0.91,0.07309699999953215,0.07311369155595082,0.07276584677080034,0.07318807365148877,0.07309703618669827
0.92,0.07213457198465742,0.07215369050950249,0.0718495887656313,0.07224309735104917,0.07213456011041586
0.93,0.07095076779575016,0.07097211323992897,0.07071518888991701,0.07107919297678866,0.07095071736242736
0.9399999999999999,0.06956521767670475,0.069588588099121,0.06938236509416484,0.06971619583038308,0.06956513798306974
0.95,0.06799706455987603,0.0680222576186999,0.06787033251162811,0.0681734524843377,0.06799696474636652
0.96,0.06626490237833456,0.06629171629938529,0.06619773901534542,0.0664697557271054,0.06626479104061156
0.97,0.06438672709903742,0.06441496187792367,0.06438261496961184,0.06462329279503043,0.06438661222322994
0.98,0.06237989995609249,0.06240935852253765,0.06244233566519986,0.06265160540616099,0.06237978890165513
0.99,0.06026112107346803,0.06029161040070924,0.06039359487566232,0.06057156011341303,0.06026102058517641
1,0.05804641194118469,0.05807774408853172,0.05825238795326138,0.05839932752688531,0.05804632817812405
1.01,0.05575110526673327,0.05578309834577977,0.05603400289724958,0.05615036901336456,0.055751043839602
1.02,0.05338984080451933,0.05342231986147827,0.05375301787333758,0.05383942956118293,0.05338980681544286
1.03,0.05097656586673943,0.05100936367759257,0.0514233037397786,0.05148053559650784,0.05097656395046868
1.04,0.04852453922492048,0.04855749711904916,0.0490580302398923,0.04908699664853133,0.0485245737094363
1.05,0.04604633792117829,0.0460793061927825,0.04666967464992611,0.04667140988214374,0.0460464126690372
1.06,0.04355386523665524,0.04358670356245459,0.04427003182042,0.04424566664347068,0.04355398358690105
1.07,0.04105835945189362,0.04109093735479374,0.04187022471367441,0.04182096029262217,0.04105852430246371
1.08,0.03857040298634254,0.03860260020422868,0.03948071471352876,0.03940779472556288,0.03857061687500624
1.09,0.0360999313324973,0.03613163809069181,0.03711131115993999,0.03701599310967407,0.03610019651221102
1.1,0.03365624147850958,0.03368735866781808,0.03477117973289967,0.03465470647194829,0.03365655998481515
1.11,0.03124799964692328,0.03127843891197213,0.03246884947102185,0.03233242188172469,0.03124837335633024
1.12,0.02888324829932338,0.02891293204403633,0.03021221835325905,0.03005697005853797,0.02888367897847871
1.13,0.02656941249280526,0.0265982737833288,0.02800855749202824,0.02783553230852442,0.02656990181087387
1.14,0.02431330595359653,0.02434128808477387,0.02586451407937845,0.02567464674977443,0.02431385521570439
1.15,0.02212113605151277,0.02214819258512424,0.02378611329396996,0.0235802138304555,0.02212174645349141
1.16,0.01999850938130318,0.0200246040411261,0.02177875941931401,0.02155750117896754,0.01999918216371743
1.17,0.01795043765171024,0.0179755440816784,0.0198472364505039,0.01961114786112583,0.01795117415388903
1.18,0.01598134414480791,0.01600544561767359,0.01799570848935184,0.01774516816647842,0.01598214584271329
1.19,0.01409507117962917,0.01411816025799539,0.01622772026059383,0.0159629551160273,0.0140959397082201
1.2,0.01229488891981971,0.01231696706923802,0.01454619813829877,0.01426728398690202,0.01229582608083046
1.21,0.0105835058398876,0.01060458299158779,0.01295345216158461,0.01266031629096653,0.01058451359614992
1.22,0.008963081126682405,0.008983175185697911,0.01145117964346354,0.01114360482038712,0.008964161584234853
1.23,0.007435239448233924,0.007454375537235824,0.0100404711258541,0.009718100568999133,0.007436394623374087
1.24,0.006001088233457953,0.006019297489137654,0.008721819584093737,0.008384162526800965,0.006002319429071257
1.25,0.004661235529322401,0.004678555308814558,0.007495133900722095,0.007141571488895437,0.004662544185268569
1.26,0.003415812584118295,0.003432285830618609,0.006359757670259203,0.005989549077418443,0.003417200357138717
1.27,0.002264498230734669,0.002280172645242329,0.005314494325998453,0.004926783107378041,0.002265966955345033
1.28,0.001206545517656849,0.001221472639509669,0.004357639371470268,0.003951460209982272,0.001208097152667176
1.29,0.0002408105250674959,0.0002550447242144482,0.003487020149839926,0.003061306257988561,0.0002424470874188844
1.3,-0.0006342168619167183,-0.0006206194737172765,0.002700043117017326,0.002253634641241953,-0.0006324933740017857
1.31,-0.001420380506886506,-0.001407363233804526,0.00199374804587743,0.001525401866736886,-0.001418568199082482
1.32,-0.002119824235171305,-0.002107331006282909,0.001364868043489287,0.0008732693726911656,-0.002117921407833512
1.33,-0.002734956436231948,-0.002722933684287332,0.0008098937778483473,0.0002936699209322158,-0.002732962320158405
1.34,-0.00326841503570618,-0.003256813279887971,0.00032513994368355,-0.0002171234721266568,-0.003266330234283576
1.35,-0.003723033792785558,-0.003711807419737811,-9.3188212943629e-05,-0.0006629283468435609,-0.003720858958850548
1.36,-0.004101805750815121,-0.004090914086211372,-0.0004489305304192781,-0.00104758569690061,-0.004099541631048975
1.37,-0.004407848731142769,-0.004397257031263813,-0.0007459118257541753,-0.001374897184192925,-0.004405496252468721
1.38,-0.004644372001543816,-0.004634052283901013,-0.0009878878958297643,-0.001648568650954751,-0.004641932363420531
1.39,-0.004814644486675393,-0.004804576159087914,-0.001178499144751377,-0.001872161547665008,-0.004812119255651615
1.4,-0.004921964890966401,-0.00491213515479505,-0.001321233005762923,-0.002049053470832396,-0.004919356093425808
1.41,-0.004969634065787666,-0.004960038092533647,-0.001419396022479591,-0.002182408554757598,-0.00496694427454375
1.42,-0.004960929903251457,-0.004951570811746853,-0.001476096254815651,-0.002275158015291268,-0.00495816231712487
1.43,-0.004899083646173036,-0.004889973669094938,-0.00149423650683489,-0.002329990719082131,-0.004896243505846054
1.44,-0.004787262604503581,-0.004778422022697515,-0.001476517947164468,-0.002349353255678754,-0.004784356474088147
1.45,-0.004628554361260522,-0.004620009804960135,-0.001425448474069557,-0.002335458624244613,-0.004625588837295691
1.46,-0.004425952160874995,-0.004417736213091328,-0.001343332224608029,-0.002290302317349835,-0.00442293392904225
1.47,-0.004182344736027481,-0.004174495479835283,-0.00123219768998678,-0.002215684295249432,-0.00417928062620665
1.48,-0.003900509150383362,-0.00389306962991931,-0.00109373016506259,-0.002113235068625707,-0.003897406184536545
1.49,-0.003583106514390329,-0.003576124077316667,-0.0009294996725586757,-0.001984443749068365,-0.003579971941954474
1.5,-0.003232680369550201,-0.003226205868273435,-0.0007413322947849021,-0.001830685295820422,-0.003229521685599257
1.51,-0.002851657478552415,-0.002845744321728794,-0.0005312462364630566,-0.001653242956849765,-0.00284848242081287
1.52,-0.002442350592379814,-0.002437053763851948,-0.0003012424139665626,-0.001453319394304486,-0.002439167227365646
1.53,-0.002006961544662555,-0.00200233800383437,-5.331928969420918e-05,-0.001232024828646761,-0.002003779841073139
1.54,-0.001547590667690374,-0.001543696158369245,0.0002104308160156276,-0.0009903223380488546,-0.001544420558655613
1.55,-0.001066242452019987,-0.001063129401361107,0.0004879321239752987,-0.0007289209243286909,-0.001063093030996665
1.56,-0.0005648319454818248,-0.0005625481897018059,0.0007776627077586973,-0.0004482672070861282,-0.0005617114857426331
1.57,-4.519194505128623e-05,-4.377949463119091e-05,0.001079508474151114,-0.0001490133265417692,-4.210790494985073e-05
1.58,0.0004909203320092193,0.0004914264453901307,0.001395398438907236,0.000167733163156214,0.0004939613221093264
1.59,0.001041817574992892,0.001041390337037318,0.001727622908277937,0.0005011523785461436,0.001044809746569841
1.6,0.001605878167392677,0.001604499486620059,0.002077994636805747,0.0008517396800244437,0.001608816669066315
1.61,0.0021815438733385,0.002179205349838176,0.002448140666982956,0.001220950051588232,0.002184424846637112
1.62,0.002767320132938821,0.002764023391208625,0.002839730284694864,0.001610607101462991,0.00277014049875729
1.63,0.003361779515051613,0.003357535614014473,0.00325453646397339,0.002022714825059724,0.003364535969041849
1.64,0.00396356430809919,0.003958396056646052,0.003694437042244036,0.00245940663931693,0.003966255344797998
1.65,0.004571397099037113,0.00456533947987664,0.004161394940954355,0.002922916237476036,0.004574023273475558
1.66,0.005184093256495962,0.005177193396894875,0.004657430544971697,0.003415548811728786,0.005186657143849083
1.67,0.005800576547795748,0.005792893524842357,0.005184597584561246,0.003939658750523434,0.005803082721571928
1.68,0.006419898218540783,0.006411502661913815,0.005744974336947595,0.004497646683412571,0.006422353244598333
1.69,0.007041259453375258,0.007032232915062053,0.006340675230306236,0.005091982060993372,0.00704367189537719
1.7,0.007664037044329323,0.007654471118283157,0.006973876602606732,0.005725242852008483,0.007666417475042209
1.71,0.008287811999557972,0.008277807190777919,0.007646844677411502,0.006400154172066463,0.008290173011740398
1.72,0.00891240124707836,0.008902065090268807,0.008361958073530851,0.007119610991027536,0.008914756942522861
1.73,0.009537890980074177,0.009527335922239755,0.009121725024136385,0.007886681003455243,0.009540256417574833
1.74,0.01016466962695591,0.01015401267439375,0.009928799289611878,0.008704591977993892,0.01016706218908736
1.75,0.01079346513326742,0.01078282596007729,0.01078599618226833,0.00957670984891279,0.01079590446638301
1.76,0.01142538114740699,0.01141488007772423,0.01169630222782059,0.01050651209213843,0.01142788904618347
1.77,0.01206193266717647,0.0120516886277327,0.01266286223785978,0.01149755865176788,0.01206453296376531
1.78,0.01270508041001946,0.01269520887551878,0.01368892701778596,0.01255346111791167,0.01270779885901957
1.79,0.01335726306163624,0.0133478740111066,0.01477777069593567,0.01367785003329408,0.01336012721274393
1.8,0.01402142653274601,0.01401262243244406,0.01593262715454125,0.01487433984294007,0.01402446558422027
1.81,0.0147010493446358,0.01469292317255272,0.01715668030044026,0.01614649089358111,0.01470429397250328
1.82,0.01540016448469698,0.01539279660004877,0.01845305551613807,0.0174977679549857,0.01540364543191758
1.83,0.01612337329332173,0.01611682954921412,0.01982474144588936,0.01893149496179697,0.0161271210975697
1.84,0.0168758525873024,0.01687018407970386,0.02127447317787662,0.02045080606501581,0.01687989881978874
1.85,0.01766335754953247,0.01765859912741363,0.02280465751033556,0.02205859361949658,0.01766773466726695
1.86,0.0184922154553925,0.01848838438659717,0.02441736093778746,0.02375745436066595,0.01849695663698869
1.87,0.01936931104737402,0.01936640585835236,0.02611432683260723,0.02554963564115309,0.01937445000424121
1.88,0.02030206310020994,0.0203000626110828,0.0278969897091455,0.02743698407911155,0.02030763385699563
1.89,0.02129839184292725,0.02129725442308278,0.02976647600094068,0.02942089918832291,0.02130442848445946
1.9,0.02236667704240337,0.02236634011423461,0.03172359454214069,0.03150229442511432,0.02237321342780746
1.91,0.02351570680642597,0.02351608652119164,0.03376882419206229,0.03368156757560536,0.02352277615004428
1.92,0.02475462010793328,0.02475560822602024,0.03590230563678232,0.03595858157800885,0.02476225143931787
1.93,0.02609283189993493,0.02609429830979981,0.03812384195143687,0.03833265586247098,0.02610105182297273
1.94,0.02753995513355818,0.02754175056753166,0.04043290972096375,0.04080256727734866,0.02754878943568417
1.95,0.0291057163894817,0.02910767378578916,0.04282868073321011,0.04336655885741403,0.0291151899508113
1.96,0.0307998626984091,0.03080179884694462,0.04531005391832349,0.04602235429192464,0.03080999934667067
1.97,0.03263206212257801,0.03263377958018571,0.04787569831254879,0.04876717624418564,0.03264288443549657
1.98,0.03461179916802559,0.03461308842638644,0.05052411039744592,0.05159776810250666,0.03462332822915842
1.99,0.03674826623132611,0.03674890811805331,0.05325369275516367,0.05451042200669831,0.03676052134906183
2,0.03905025240269519,0.0390500206936264,0.05606286224831292,0.05750102169005444,0.03906325080509176
2.01,0.04152603189353583,0.04152469526427227,0.05895018303303995,0.06056511518262353,0.04153978756697152
2.02,0.0441832564513646,0.04418057602845027,0.0619144702049656,0.06369803061359602,0.04419777442852157
2.03,0.04702883325884014,0.04702457208255367,0.06495472842519495,0.06689502006257897,0.04704411571869083
2.04,0.05006882260877843,0.0500627506033563,0.0680697992591498,0.07015136546490153,0.05008487044095439
2.05,0.05330833767854817,0.0533002349792826,0.0712578377497558,0.07346238514753217,0.05332515042339536
2.06,0.0567514493232587,0.05674110944210536,0.07451598638824142,0.07682338964616198,0.05676902503446518
2.07,0.06040109891611125,0.06038833169893565,0.07784045167821296,0.08022968816047371,0.06041943396362837
2.08,0.06425902064884004,0.06424365498559681,0.08122682859951758,0.08367664506685124,0.06427810948203505
2.09,0.06832567459464139,0.06830756085552381,0.08467042635787797,0.08715972033123159,0.06834550948670259
2.1,0.07260019169922076,0.072579203882365,0.08816648635713392,0.09067447162242326,0.07262076249378235
2.11,0.07708033452724686,0.07705636929005022,0.09171030188653961,0.09421653875039104,0.07710162558405625
2.12,0.08176247112733576,0.08173544433502661,0.0952972804815958,0.09778163208189472,0.08178445611962515
2.13,0.08664154575634278,0.08661140405736073,0.09892297945544931,0.1013655338368265,0.0866641978473689
2.14,0.09171108924744517,0.09167781179631501,0.1025831298437567,0.1049641128474064,0.09173438178600468
2.15,0.09696323573251876,0.09692683463646362,0.1062736547733603,0.1085733505304666,0.09698714206299142
2.16,0.1023887534197293,0.1023492737154164,0.1099906845102101,0.1121893755136391,0.1024132466296377
2.17,0.107977089907825,0.1079346090866832,0.1137305695690708,0.1158085046726361,0.1080021425416778
2.18,0.1137164314868135,0.1136710585945492,0.1174898933250955,0.1194272885885546,0.1137420152533251
2.19,0.1195937756426105,0.1195456499861845,0.1212654855488338,0.1230425594940786,0.1196198611396795
2.2,0.1255950157620312,0.1255443052642574,0.1250544378812966,0.1266514796995868,0.1256215722404604
2.21,0.1317050428111045,0.1316519360758613,0.1288541215406151,0.1302515883592328,0.13173203201147
2.22,0.1379078447759932,0.1378525487451654,0.1326622066951163,0.1338408443237458,0.1379352206836095
2.23,0.1441866093283336,0.1441293573922562,0.1364766821170745,0.1374176627759526,0.1442143286664529
2.24,0.1505238543898885,0.1504649034434051,0.1402958730557392,0.1409809433763183,0.150551876297813
2.25,0.1569015525591787,0.1568411797316748,0.1441184548083367,0.1445300877556172,0.1569298381356037
2.26,0.1633012580746808,0.1632397573142599,0.1479434592780505,0.1480650043601437,0.1633297699157937
2.27,0.1697042345011443,0.1696419130954578,0.1517702719232069,0.1515860988521872,0.1697329362622987
2.28,0.1760915812274081,0.1760287563423238,0.1555986169053696,0.1550942484655794,0.1761204372321866
2.29,0.1824443568977857,0.1823813522133213,0.1594285288428782,0.1585907588936284,0.1824733318130891
2.3,0.1887436980954281,0.1886808404879881,0.1632603102111339,0.162077302446116,0.188772756558543
2.31,0.1949709401014069,0.1949085477867174,0.1670944739292039,0.1655558363877841,0.1950000376503107
2.32,0.2011077044039126,0.2010460917028357,0.1709316709243121,0.1690285006461629,0.2011367948125019
2.33,0.2071359938152747,0.207075475432242,0.1747726024819791,0.172497494596746,0.2071650356680277
2.34,0.2130382833458598,0.2129791716763555,0.178617917112638,0.1759649336072411,0.2130672393206071
2.35,0.2187975919645561,0.218740194808336,0.1824680917402851,0.1794326876859751,0.2188264281613859
2.36,0.2243975417934182,0.2243421605266598,0.1863232975349782,0.1829022070883976,0.2244262271341607
2.37,0.2298224042264577,0.2297693324692496,0.1901832519362155,0.1863743429679207,0.2298509099427852
2.38,0.2350571327217303,0.235006655520884,0.1940470604971684,0.1898491744769534,0.2350854319437631
2.39,0.2400873822797936,0.2400397758112606,0.1979130550060338,0.1933258558832901,0.240115449731232
2.4,0.2448995168230471,0.2448550476659274,0.201778637356937,0.1968024967157201,0.2449273276859081
2.41,0.2494806104138024,0.2494395280322489,0.2056401407697739,0.2002760836653785,0.249508132018558
2.42,0.2538184101990085,0.2537809591524884,0.2094927198093021,0.2037424454240013,0.2538456130878523
2.43,0.2579013164075084,0.2578677404915849,0.2133302771894956,0.2071962531139893,0.2579281770071329
2.44,0.2617183479778886,0.2616888911433526,0.2171454287347849,0.2106310425592341,0.2617448477704144
2.45,0.2652590965119274,0.2652340041321525,0.220929499869744,0.214039242523638,0.2652852213209962
2.46,0.268513673753384,0.2684931941936057,0.2246725403387803,0.2174121952460821,0.2685394131527892
2.47,0.2714726543257311,0.2714570407550832,0.2283633407472448,0.2207401603527035,0.2714980011719143
2.48,0.2741270155673712,0.2741165279423711,0.2319894355731578,0.224012298332715,0.2741519656518447
2.49,0.276468076374084,0.2764629835111327,0.2355370815831071,0.2272166338855049,0.2764926281874218
2.5,0.2784874390661655,0.278488018640017,0.2389912067025062,0.2303400025230301,0.2785115915902227
2.51,0.2801769348226663,0.2801834705255343,0.2423353316062965,0.2333679866643553,0.2802006826691583
2.52,0.2815285561147721,0.2815413496870749,0.2455514748063033,0.2362848510035256,0.2815518998058556
2.53,0.2825344209361442,0.2825537938239593,0.2486200620983809,0.2390734912606212,0.282557367164634
2.54,0.2831867364708705,0.2832130299654034,0.2515198715199826,0.2417154139607134,0.2832092972727597
2.55,0.2834777715099625,0.2835113465203517,0.2542280505631273,0.2441907642123619,0.2834999635697122
2.56,0.2833998402775212,0.2834410766686247,0.2567202352614291,0.2464784100533673,0.2834216843563989
2.57,0.2829452989048589,0.2829945943404956,0.2589707759885584,0.2485560762081071,0.2829668193790188
2.58,0.282106555568099,0.2821643238112793,0.2609530411645515,0.2504005045864579,0.2821277800607276
2.59,0.2808760950600068,0.2809427636945959,0.2626397501623969,0.2519876145925486,0.2808970541503135
2.6,0.2792465215231758,0.279322525856031,0.2640032925697382,0.2532926475895471,0.2792672452947473
2.61,0.2772106107843198,0.2772963894920406,0.2650160028860095,0.2542902985440046,0.2772311277652676
2.62,0.2747613718870084,0.2748573703310042,0.2656503586738344,0.2549548508208572,0.274781716279035
2.63,0.271892139686058,0.2719988046187132,0.2658790844509582,0.2552603311079322,0.2719123505644635
2.64,0.2685966735816973,0.2687144472535528,0.2656751996525474,0.2551806940087988,0.2686167940226503
2.65,0.2648692692298909,0.264998583141966,0.2650120944196481,0.254690036890501,0.2648893455445195
2.66,0.2607048822000567,0.2608461505573931,0.2638636931439811,0.253762839513385,0.2607249632577522
2.67,0.2560992620806085,0.2562528750103401,0.2622047050020681,0.2523742205942757,0.256119398704302
2.68,0.2510490952749249,0.2512154118783565,0.2600109251539702,0.2505002036700823,0.2510693396921267
2.69,0.2455521545033113,0.2457314958067283,0.25725955098301,0.2481179860910693,0.2455725598289596
2.7,0.2396074576242203,0.2398000946778117,0.253929492473922,0.2452062067306712,0.2396280725347367
2.71,0.2332154157953204,0.2334215657628901,0.2500016680558678,0.241745209526759,0.2332362871475114
2.72,0.2263779875850832,0.2265978115194504,0.245459283468861,0.2377173010304565,0.2263991645882267
2.73,0.219098836731781,0.2193324323819825,0.2402880933620135,0.2331070006689369,0.219120369936224
2.74,0.2113834788130107,0.2116308738193578,0.2344766456026761,0.227901282472682,0.2114054191925546
2.75,0.2032394193609387,0.2035005648987124,0.2280165079851333,0.2220898066909285,0.2032618174741477
2.76,0.1946762806723234,0.1949510456062939,0.2209024767868228,0.2156651391769709,0.1946991858907128
2.77,0.1857059146146575,0.1859940802303308,0.2131327665077681,0.2086229558320171,0.1857293744087752
2.78,0.1763424988265155,0.1766437542095311,0.2047091797982059,0.2009622288973192,0.1763665581040802
2.79,0.1666026142796017,0.1669165519920887,0.1956372556615687,0.1926853915829256,0.1666273143446189
2.8,0.1565053072065446,0.1568314136330531,0.1859263927239035,0.1837984774705749,0.1565306786307164
2.81,0.1460721078245428,0.1464097680809051,0.175589943480408,0.1743112313319046,0.1460981770444374
2.82,0.135327041780948,0.1356755413656925,0.1646452755283767,0.1642371884277597,0.135353833525713
2.83,0.1242966140449772,0.1246551381987068,0.1531137965993805,0.1535937199441956,0.1243241504940705
2.84,0.1130097616479451,0.1133773958245276,0.1410209409989132,0.1424020429134567,0.1130380616688309
2.85,0.1014977778399297,0.1018735093263841,0.1283961154929197,0.130687193706762,0.1015268563030062
2.86,0.08979420726065239,0.09017692797018995,0.1152726030347083,0.1184779649253438,0.08982407443181806
2.87,0.07793471212664921,0.07832322257591445,0.1016874235797257,0.1058068062269225,0.0779653731404033
2.88,0.0659569098533548,0.06634992432070858,0.08768115289472445,0.09270969029047116,0.06598836427107607
2.89,0.05390018470842479,0.05429633580027099,0.0732977024538195,0.07922594573724445,0.05393242441204954
2.9,0.04180547638385606,0.04220331559638579,0.05858406552540751,0.06539805939259991,0.04183847843072025
2.91,0.02971502072029065,0.03011303801280363,0.04359003574618275,0.05127145079611367,0.02974875822841816
2.92,0.01767209534328734,0.01806873004219017,0.02836790465548433,0.03689422235183865,0.01770653879364881
2.93,0.005720737291221353,0.006114388007356419,0.01297214410554359,0.02231688895595629,0.005755854010524142
2.94,-0.006094558695101503,-0.005705523325304163,-0.002540921346087077,0.007592091333972928,-0.006058804968061215
2.95,-0.01772915619624552,-0.01734638603944805,-0.01811344763717032,-0.007225702369034803,-0.01769280565286618
2.96,-0.02913860404021635,-0.02876375536372666,-0.03368640599854444,-0.02208050204352974,-0.02910170104536713
2.97,-0.04027897048104893,-0.03991369332287464,-0.04919991564826948,-0.0369151035368781,-0.04024156371068138
2.98,-0.05110718078996758,-0.05075310591321236,-0.06459357112546521,-0.05167139507125595,-0.05106932325836522
2.99,-0.06158135016688546,-0.06124007984371926,-0.07980676195845626,-0.06629065957292962,-0.06154310325598511
3,-0.07166111660120376,-0.07133421481636337,-0.09477898414834535,-0.08071387280340031,-0.07162255351876223
3.01,-0.0813079805275055,-0.08099694730329365,-0.1094501456948993,-0.0948820009123682,-0.08126917369479358
3.02,-0.09048560321087833,-0.09019186180448147,-0.1237608717607219,-0.1087363056718841,-0.09044662410071513
3.03,-0.09916010035613436,-0.09888498563642989,-0.1376528180238352,-0.1222186698898177,-0.09912101985798633
3.04,-0.1073003158434051,-0.1070450634233724,-0.1510690015923174,-0.13527195687291,-0.1072612045346938
3.05,-0.1148780713944482,-0.1146438076514693,-0.1639541557595845,-0.1478404134174919,-0.114838999710768
3.06,-0.1218683888527645,-0.1216561219096611,-0.176255107240394,-0.1598701143277332,-0.1218294271534435
3.07,-0.1282496820822392,-0.1280602937751976,-0.1879211641048976,-0.1713094304702297,-0.1282109006117614
3.08,-0.1340039158598585,-0.133838154701555,-0.1989044935338745,-0.1821094885609539,-0.1339653846096411
3.09,-0.1391167229282207,-0.1389752047182306,-0.2091604652317913,-0.1922245865695766,-0.1390785180320206
3.1,-0.1435775002100211,-0.1434607002339842,-0.2186479408423661,-0.2016125366288227,-0.1435397007519941
3.11,-0.1473794632784133,-0.147287703723758,-0.2273295001164203,-0.2102349237713608,-0.1473421420325918
3.12,-0.1505196458267909,-0.1504530945667741,-0.2351716063967736,-0.2180572860129906,-0.150482869947891
3.13,-0.1529988699829112,-0.1529575407965271,-0.2421447228884506,-0.2250492328866004,-0.152962701597144
3.14,-0.1548216777413235,-0.1548054320340218,-0.2482233950181509,-0.2311845233575601,-0.1547861744246846
3.15,-0.1559962243526258,-0.1560047744041956,-0.2533863131900621,-0.2364411216415827,-0.1559614394994749
3.16,-0.1565341350536908,-0.1565670487711068,-0.2576163660792593,-0.2408012437643848,-0.1565001181427165
3.17,-0.1564503270435875,-0.1565070341548901,-0.260900689233355,-0.2442514013340988,-0.1564171238118608
3.18,-0.1557627988624108,-0.155842598699554,-0.2632307087285452,-0.2467824434720516,-0.1557304516461313
3.19,-0.1544923839269116,-0.1545944610353608,-0.2646021758404142,-0.2483895937615421,-0.1544609385440936
3.2,-0.1526624989282858,-0.1527859253157891,-0.2650151864423103,-0.24907247646694,-0.1526319970702696
3.21,-0.1502988513119914,-0.1504425936000015,-0.2644741780468659,-0.2488351249455077,-0.1502693268679055
3.22,-0.1474291274606734,-0.1475920595897189,-0.2629878978019361,-0.2476859648588375,-0.14740060758191
3.23,-0.1440826715517276,-0.1442635880056614,-0.2605693360670384,-0.2456377652412111,-0.1440551775639808
3.24,-0.1402901546613248,-0.1404877840935236,-0.2572356221935685,-0.2427075514909985,-0.1402637028355918
3.25,-0.1360832387231442,-0.1362962578766257,-0.2530078815658834,-0.2389164757605425,-0.1360578409198853
3.26,-0.1314942400149723,-0.1317212878209633,-0.2479110554748943,-0.2342896419219554,-0.1314699042174212
3.27,-0.1265557968377333,-0.1267954885546676,-0.2419736874525875,-0.2288558842130983,-0.1265325275911548
3.28,-0.1213005452195741,-0.1215514871953921,-0.2352276806683664,-0.2226475007688126,-0.1212783447423425
3.29,-0.1157608053112859,-0.1160216126891873,-0.2277080305075827,-0.2156999454515968,-0.1157396778016019
3.3,-0.1099682992307639,-0.1102376023502851,-0.219452534876922,-0.2080514836061254,-0.1099482443301527
3.31,-0.1039538732168181,-0.1042303295080175,-0.210501483349888,-0.1997428194150519,-0.1039348856280435
3.32,-0.09774724933817719,-0.09802955581419348,-0.2008973265106909,-0.1908167042382735,-0.09772931988359201
3.33,-0.09137680677265589,-0.09166371134625506,-0.1906843294554907,-0.1813175364907665,-0.09135992327661896
3.34,-0.08486939365763235,-0.08515970516762394,-0.1799082174456216,-0.171290964125307,-0.0848535416740413
3.35,-0.0782501716322641,-0.07854276848676134,-0.168615825158297,-0.1607835005911771,-0.07823533503785429
3.36,-0.07154249463786404,-0.07183633200085499,-0.1568547621434538,-0.1498421642832495,-0.07152865611081127
3.37,-0.06476782296200503,-0.06506193842841179,-0.1446731056482649,-0.1385141500897486,-0.06475496436394568
3.38,-0.05794567202877884,-0.05823919063735661,-0.1321191288621169,-0.1268465398372698,-0.05793377559208568
3.39,-0.05109359736809131,-0.05138573517219147,-0.1192410691797965,-0.1148860563683676,-0.05108264693940451
3.4,-0.04422721887865808,-0.0445172803858272,-0.1060869381754124,-0.1026788638116033,-0.04421719653747247
3.41,-0.0373602697940827,-0.03764764779967794,-0.09270437290126299,-0.09027041444952477,-0.03735115635377839
3.42,-0.03050468065383887,-0.03078885475924203,-0.07914052675835759,-0.07770534058916145,-0.03049645628998987
3.43,-0.02367069231749393,-0.02395122593122379,-0.06544199730189443,-0.06502738812293962,-0.02366333704659185
3.44,-0.0168669947620557,-0.01714353071071906,-0.0516547877394698,-0.05227938714808628,-0.01686048879330354
3.45,-0.01010088828134512,-0.01037314318192928,-0.03782429835047529,-0.03950325415000366,-0.01009521226203203
3.46,-0.003378463346015638,-0.003646220911128872,-0.02399534335138231,-0.02674001981966223,-0.003373598518820076
3.47,0.003295204908404358,0.003032101446107105,-0.01021218757838915,-0.01402987642701359,0.003299276619956104
3.48,0.009915852203716175,0.009657507963641065,0.003481404381241504,-0.001412238591465664,0.009919147778240434
3.49,0.01647981348527,0.0162262910726283,0.01704211607254935,0.01107418893805878,0.01648234920649816
3.5,0.0229838101954066,0.02273513944217564,0.03042703527717383,0.02339134334683501,0.02298560240802827
3.51,0.02942474177265618,0.02918092853333115,0.04359362999187122,0.03550174310161686,0.02942580662316074
3.52,0.03579948320470919,0.03556051814079142,0.05649975444956556,0.04736844242401639,0.03579983647997381
3.53,0.04210469387799587,0.04187056104974629,0.06910369208300982,0.05895500859704267,0.04210435093065457
3.54,0.04833664158372445,0.04810732667131778,0.08136423820257532,0.07022552891397638,0.04833561732642788
3.55,0.05449104519319477,0.05426654318432345,0.09324082134793482,0.08114465244196722,0.05448935414595762
3.56,0.06056293911218533,0.06034326131024514,0.1046936595985377,0.09167766965464474,0.06056059548895093
3.57,0.06654656215556022,0.06633174238973882,0.1156839467818019,0.1017906307587555,0.06654357998595112
3.58,0.07243527226355563,0.07222537292170828,0.1261740632038323,0.1114505015378306,0.07243166626591901
3.59,0.07822149112283772,0.07801660717910391,0.1361278057850517,0.1206253539731689,0.07821727657514549
3.6,0.08389667731940474,0.08369693893970981,0.1455106329583786,0.1292845878485342,0.08389186956476968
3.61,0.08945132822041382,0.08925690277588322,0.1542899202464554,0.1373991789618413,0.0894459426710984
3.62,0.09487501173103549,0.09468610474613026,0.1624352231600296,0.1449419493619042,0.09486906391445948
3.63,0.1001564267164296,0.09997328173530357,0.1699185452051449,0.1518878550845798,0.1001499323503124
3.64,0.1052834907468529,0.1051063881121307,0.1767146107592498,0.1582142870415356,0.1052764658322355
3.65,0.1102434532791926,0.110072707826066,0.1828011460123034,0.1639013808190086,0.1102359142016501
3.66,0.1150230318834796,0.1148589895643989,0.1881591771180712,0.1689323308743148,0.1150149955141964
3.67,0.1196085684882632,0.1194516021453296,0.1927733645567606,0.1732937035681404,0.1196000524575817
3.68,0.1239862011513008,0.1238367069395696,0.1966324060880813,0.1769757412297699,0.1239772257194746
3.69,0.1281420546064779,0.1280004437918982,0.1997295462753346,0.179972645862982,0.1281326407340402
3.7,0.1320624352889736,0.1319291266546368,0.2020631863052278,0.1822828266063477,0.1320526039788297
3.71,0.1357340324695018,0.1356094449511784,0.2036374230056435,0.1839090909405663,0.135723804814473
3.72,0.1391441215242719,0.1390286665698187,0.2044621063045269,0.1848587578076167,0.1391335187616882
3.73,0.1422807645285057,0.1421748383564666,0.2045521031586108,0.1851436730921566,0.1422698080948942
3.74,0.1451330041194041,0.145036980035288,0.2039262224068059,0.1847801150127618,0.1451217156994217
3.75,0.147691046723374,0.1476052676370813,0.2026067498591366,0.1837885877965617,0.1476794482882695
3.76,0.1499464314690611,0.1498712027486436,0.2006197475062454,0.1821935139455389,0.1499345453009211
3.77,0.1518921807465083,0.151827764202323,0.1979953981816424,0.1800228453776006,0.1518800301063662
3.78,0.1535229295871112,0.153469539193204,0.1947679046644782,0.1773076194965181,0.1535105404983556
3.79,0.1548350379070065,0.1547928312332705,0.190975006401685,0.1740814871199284,0.1548224358954026
3.8,0.1558266693640524,0.1557957428193238,0.1866573425157294,0.1703802359523668,0.1558138791321054
3.81,0.1564978457445972,0.156478231197295,0.1818578070419791,0.1662413275520288,0.1564848912418197
3.82,0.1568504736841204,0.1568421361411041,0.1766209504971201,0.161703459249376,0.1568373781730327
3.83,0.1568883428267943,0.156891179219557,0.1709924381532368,0.1568061566029283,0.1568751289411206
3.84,0.1566170954900762,0.1566309345880641,0.1650185616553544,0.1515893975226729,0.1566037852824426
3.85,0.1560441684593337,0.1560687719014937,0.1587457980435538,0.1460932664132453,0.1560307834364754
3.86,0.1551787080787706,0.1552137724875163,0.152220410553275,0.1403576354488868,0.1551652692229819
3.87,0.1540314589667466,0.1540766204352177,0.1454880863037288,0.1344218700246066,0.1540179880936581
3.88,0.1526146319716899,0.1526694707305771,0.1385936066935762,0.1283245560904387,0.1526011523107319
3.89,0.1509417548272142,0.1510057969987855,0.1315805470243148,0.122103248054612,0.1509282878295957
3.9,0.1490274984113721,0.1491002217845748,0.1244910025999881,0.115794236913205,0.1490140638299819
3.91,0.1468874920951584,0.146968332608563,0.1173653392828488,0.1094323390168814,0.1468741081434515
3.92,0.1445381285590308,0.1446264872741958,0.1102419671675624,0.1030507063157081,0.1445248120587934
3.93,0.1419963616308026,0.1420916120626828,0.1031571366350238,0.0966806590178142,0.1419831281467639
3.94,0.1392795008697529,0.1393809965399738,0.09614475656137056,0.09035154141079416,0.1392663648296527
3.95,0.1364050066289631,0.1365120887096181,0.08923623491833499,0.08409060122495593,0.1363919814281596
3.96,0.133390289256434,0.1335022941791549,0.08246034244157791,0.07792289248404566,0.1333773873495417
3.97,0.1302525139746915,0.1303687828677584,0.07584310047144949,0.07187120140771491,0.130239748939025
3.98,0.1270084219442421,0.1271283065730493,0.06940769445050121,0.06595599468766716,0.126995807305587
3.99,0.1236741628692092,0.1237970304410464,0.06317441482090796,0.06019538939431612,0.1236617101589174
4,0.1202651413528492,0.1203903810520129,0.0571606271164517,0.05460514386245724,0.1202528603632367
4.01,0.1167958845148949,0.1169229134549725,0.05138077282006509,0.04919866908239701,0.116783783534142
4.02,0.1132799305600223,0.1134081990639936,0.04584640203694612,0.04398706029097033,0.1132680165851227
4.03,0.109729739753845,0.1098587358803482,0.04056623825210753,0.03897914852572021,0.1097180186806875
4.04,0.1061566287929205,0.1062858820362189,0.03554627449066339,0.03418157182129966,0.1061451055831085
4.05,0.1025707290751341,0.1026998131784121,0.03078989920323749,0.02959886548340007,0.1025594078996033
4.06,0.09898096877401116,0.09910950373411431,0.02629804928365764,0.02523357050834552,0.09896985325684504
4.07,0.09539507671283083,0.09552273163453651,0.02206938689161997,0.02108635878657344,0.0953841719595877
4.08,0.09181961478031396,0.09194610562477923,0.01810049625530541,0.01715617329974795,0.09180892523963768
4.09,0.08826002609225185,0.08838511386760106,0.01438609637789806,0.01344038114668888,0.08824955477895541
4.1,0.08472070306028838,0.08484419216248501,0.01091926553978317,0.009934936945465933,0.08471045180441661
4.11,0.08120507404218376,0.08132680975651058,0.007691673619892925,0.006634553972413304,0.08119504370856701
4.12,0.07771570517790573,0.0778355704263593,0.004693818477762235,0.003532880313793341,0.07770589585637483
4.13,0.07425441483027631,0.07437232626641671,0.001915262838236731,0.0006226773156071674,0.07424482599723958
4.14,0.07082239786505849,0.07093830143026647,-0.0006551318313843812,-0.002104002288307871,0.07081302851756366
4.15,0.06742035688045549,0.06753422294428468,-0.00302897821212994,-0.004655639020084978,0.06741120564429198
4.16,0.06404863710662334,0.0641604556433204,-0.005218147180426569,-0.007041076289021064,0.06403970264458247
4.17,0.06070736172745456,0.06081713826931601,-0.007234568267385943,-0.009269356937410933,0.06069864406091918
4.18,0.05739656966252776,0.05750431782248,-0.009090052367981494,-0.01134956830249589,0.05738806807273295
4.19,0.05411634332705218,0.0542220793586316,-0.01079614191003259,-0.01329069705553648,0.05410805618233644
4.2,0.05086693064606912,0.05097066858184562,-0.0123639909207951,-0.01510149475558353,0.05085885558093889
4.21,0.04764885768742078,0.04775060478409338,-0.0138042723884213,-0.01679035478861191,0.04764099175509262
4.22,0.0444630293397424,0.04456278192778101,-0.01512710450973964,-0.01836520119468033,0.04445536913991682
4.23,0.04131081612288973,0.04140855594711601,-0.01634198391748243,-0.01983338985265132,0.04130335790678241
4.24,0.03819412552876272,0.03828981665401399,-0.01745771585510786,-0.02120162260953484,0.03818686528366522
4.25,0.03511545662351991,0.03520904296698041,-0.01848233895712659,-0.02247587519095268,0.03510839013931144
4.26,0.0320779364862786,0.03216934053078191,-0.01942305195864374,-0.02366134004859366,0.032071059911014
4.27,0.02908533899266368,0.02917446115358602,-0.0202861549523054,-0.02476238558818722,0.02907864931336734
4.28,0.02614208710539603,0.02622880384946386,-0.02107701503075388,-0.0257825333573149,0.02613558062508869
4.29,0.02325323329114532,0.02333739763082365,-0.02180005815601105,-0.02672445465268458,0.02324690570661825
4.3,0.0204244237017022,0.02050586653990172,-0.02245878284677771,-0.02758998758161835,0.02041827024639986
4.31,0.01766184549086622,0.01774037773482029,-0.02305579099450689,-0.02838017490776223,0.01765586106296968
4.32,0.0149721583206435,0.01504757374807142,-0.0235928349728648,-0.02909532212039723,0.01496633759802324
4.33,0.0123624114741379,0.01243449031005472,-0.02407088352432768,-0.02973507421990745,0.01235674901785228
4.34,0.00983994824489972,0.009908461375798816,-0.02449020879738817,-0.03029850883136498,0.009834438592855599
4.35,0.007412299491630175,0.007477013209410299,-0.02485049354156466,-0.03078424252948464,0.007406937243944478
4.36,0.005087067803420019,0.005147749568757742,-0.02515095287465186,-0.03119054672357324,0.00508184832776637
4.37,0.002871806633268218,0.002928230191202585,-0.02539046165724862,-0.03151546912531378,0.002866725877617382
4.38,0.0007738949285568912,0.0008258449046026906,-0.02556767801313242,-0.03175695671341644,0.0007689486223549924
4.39,-0.00119959165472788,-0.001152314231037121,-0.02568115597271692,-0.03191297622936751,-0.001204407829288434
4.4,-0.003042007982909468,-0.002999580314419104,-0.02572944413498734,-0.03198162859775849,-0.003046698227155087
4.41,-0.004747263700460727,-0.004709836109005883,-0.02571117078561597,-0.03196125425324881,-0.00475183194463491
4.42,-0.006309942170764982,-0.006277633312560871,-0.02562511794199596,-0.03185052712798847,-0.00631439192883676
4.43,-0.007725411852981378,-0.007698304340261863,-0.02547028721027322,-0.03164853592176875,-0.007729746087209555
4.44,-0.008989927994591317,-0.008968064501906625,-0.02524595965140281,-0.03135485212841138,-0.008994148990221995
4.45,-0.01010072270141075,-0.01008410261000448,-0.02495175069354993,-0.03096958501024399,-0.01010483193140393
4.46,-0.01105608217051259,-0.01104465824059786,-0.0245876599665304,-0.03049342420822049,-0.01106007957824373
4.47,-0.0118554070758475,-0.01184908408522972,-0.02415411503623099,-0.02992767090455434,-0.01185929166696742
4.48,-0.01249925832756064,-0.0124978920789337,-0.0236520074967877,-0.02927425842554399,-0.01250302843753137
4.49,-0.01298938564100643,-0.01299278225796902,-0.02308271975410048,-0.02853576293671656,-0.01299303876854319
4.5,-0.01332873759439778,-0.01333665358368313,-0.02244814106162107,-0.02771540452123245,-0.01333227025109801
4.51,-0.01352145315332757,-0.01353359625911627,-0.02175067186009838,-0.02681703853699136,-0.01352486073171566
4.52,-0.01357283449110293,-0.01358886536022752,-0.02099321611335253,-0.02584513680544509,-0.01357611115304458
4.53,-0.01348930123547933,-0.013508835902169,-0.02017916200919356,-0.02480475796867787,-0.01349243982263049
4.54,-0.01327832657255316,-0.01330093975938995,-0.01931235203917792,-0.02370150631366796,-0.01328131854013159
4.55,-0.01294835599968506,-0.01297358515148772,-0.01839704411223497,-0.02254147853291438,-0.01295119130752775
4.56,-0.01250870987043922,-0.01253605968932936,-0.01743786612584003,-0.0213311982722742,-0.01251137663085006
4.57,-0.01196946952146345,-0.01199841824363479,-0.01643976728421975,-0.02007753888674724,-0.01197195469120171
4.58,-0.01134135145977877,-0.01137135714750825,-0.01540796949924944,-0.01878763553377927,-0.01134364091366796
4.59,-0.01063556921930485,-0.01066607647239154,-0.01434791939860869,-0.01746878850885392,-0.01063764769087527
4.6,-0.009863685167249454,-0.009894132320361793,-0.0132652356198068,-0.01612836047993027,-0.009865536220283855
4.61,-0.009037454554571481,-0.009067281251371129,-0.01216564331456021,-0.01477367090684079,-0.00903906058726256
4.62,-0.008168664084468721,-0.008197319108570356,-0.01105489465839432,-0.0134118913419356,-0.008170006367054172
4.63,-0.007268967379521537,-0.007295916615348619,-0.009938684015986132,-0.01204994541389837,-0.007270026125376861
4.64,-0.006349719798543414,-0.006374454191807322,-0.008822566681341459,-0.0106944170356042,-0.006350474267814377
4.65,-0.005421815103135865,-0.00544385847426776,-0.00771188230965425,-0.009351469720153549,-0.005422243721021902
4.66,-0.004495526253153461,-0.004514443018336534,-0.00661167873724966,-0.008026778851795202,-0.004495606923261897
4.67,-0.003580353090196667,-0.003595755623767904,-0.00552663214768756,-0.00672547741040519,-0.003580063557822588
4.68,-0.002684879460034601,-0.002696434638746692,-0.004460962218311493,-0.005452114123359886,-0.002684197380740994
4.69,-0.001816641345722922,-0.0018240764836287,-0.003418343329428253,-0.004210621515316981,-0.001815544375093847
4.7,-0.000982008390368003,-0.0009851164812940683,-0.002401814719397211,-0.003004290091995654,-0.0009804743095838675
4.71,-0.0001860807159523791,-0.0001847248954170988,-0.001413693909832037,-0.001835744185049726,-0.0001840875912810791
4.72,0.0005673972888266677,0.0005732801385746056,-0.0004554988268916649,-0.0007069150030883375,0.0005698709157046511
4.73,0.001276104784094448,0.001286501349089364,0.0004721154959409501,0.0003809927484436093,0.0012790796791049
4.74,0.001939192738697262,0.001954011557579127,0.001369400268084742,0.001427542805995885,0.001942688736862153
4.75,0.002557312183118047,0.002576382515763864,0.00223753256904452,0.002433118050771843,0.002561347514338397
4.76,0.003132620946475712,0.003155692767423557,0.003078609874363147,0.003398978221201276,0.003137211651526306
4.77,0.003668768189391085,0.003695514263609312,0.003895620797901067,0.004327321233485559,0.003673928582701214
4.78,0.004170859349998994,0.004200877777553069,0.004692395815231176,0.005221343608187212,0.004176601926600576
4.79,0.004645399755256248,0.004678217482709024,0.005473543529399105,0.006085295034179816,0.004651735060016926
4.8,0.005100218084509727,0.005135295368323411,0.006244378987059429,0.006924522238244801,0.005107154556470428
4.81,0.005544370670882137,0.005581106464949692,0.007010850610419617,0.00774549796602797,0.005551914469171471
4.82,0.005988027900221733,0.006025766131507182,0.007779471524704096,0.008555831868821473,0.00599618271883906
4.83,0.006442344228172471,0.006480380911256634,0.008557259530794614,0.009364261243997307,0.006451111107527774
4.84,0.006919313586897341,0.006956904694135901,0.009351687868477288,0.01018062068672909,0.006928690714865293
4.85,0.007431613572378618,0.007467982126524109,0.01017064652064165,0.01101579058792534,0.007441594639493954
4.86,0.007992435383715206,0.008026781384864234,0.01102241152479105,0.0118816249477266,0.008003010222313089
4.87,0.008615307355351546,0.008646818573846304,0.01191561803765445,0.0127908591799758,0.008626463026947695
4.88,0.009313914157836729,0.009341776118483525,0.01285923210613149,0.01375699859821483,0.009325634954412965
4.89,0.01010191150366795,0.01012531758874369,0.01386251636374591,0.01479418829809187,0.01011417893189043
4.9,0.01099273988183682,0.01101090142345162,0.01493498602378618,0.01591706535155274,0.01100553263931281
4.91,0.01199943976916468,0.01201159600698787,0.01608635316435736,0.017140594662645,0.01201273372196132
4.92,0.01313447071313035,0.01313989849967057,0.01732645890860196,0.01847989043444953,0.01314823888355571
4.93,0.01440953659066454,0.01440755973289343,0.01866519431877295,0.0199500258159262,0.01442374916375383
4.94,0.01583541944437099,0.01582541735573867,0.02011241149038645,0.02156583379125676,0.01585004357881037
4.95,0.01742182553574045,0.01740323926389709,0.02167782651510136,0.0233417026587962,0.01743682314731743
4.96,0.0191772366843406,0.01914957915701715,0.0233709158692546,0.02529136951540262,0.0191925671377271
4.97,0.02110878199461078,0.02107164586122767,0.02520080758811172,0.02742771506374991,0.02112440316479486
4.98,0.02322212412894679,0.02317518782323985,0.02717616844879128,0.02976256286303769,0.02323799253233272
4.99,0.02552136105559467,0.02546439393669159,0.0293050883611225,0.03230648590562962,0.02553743197442471
5,0.02800894508148161,0.02794181160503473,0.0315949632325368,0.0350686231596038,0.02802517269129101
5.01,0.03068561980554906,0.03060828268414129,0.0340523776690661,0.03805650848616471,0.0307019573141698
5.02,0.03355037536565317,0.03346289768672112,0.03668298893806277,0.04127591412501797,0.03356677517079054
5.03,0.03660042209332139,0.03650296837416966,0.03949141361413788,0.04473071073897095,0.03661683596405191
5.04,0.03983118310558566,0.03972401861356067,0.0424811182597471,0.04842274581971995,0.0398475617258276
5.05,0.04323630526479144,0.04311979314148873,0.04565431538933357,0.0523517420786519,0.04325259666967268
5.06,0.04680768108982756,0.04668228365559696,0.04901186588131612,0.05651521727834674,0.04682383434450904
5.07,0.05053549554038696,0.05040177145191721,0.05255318898310157,0.06090842679970337,0.05055146128923982
5.08,0.05440828563088136,0.05426688564481852,0.05627618112893296,0.06552433008195074,0.05442401620885828
5.09,0.05841301399437284,0.05826467584909112,0.06017714495635562,0.07035358191135788,0.05842846353787323
5.1,0.06253515556447174,0.06238069807296676,0.06425073012859239,0.07538454935925643,0.06255028012865854
5.11,0.06675879601419409,0.06659911246804961,0.06848988778119758,0.08060335496578097,0.06677355370164939
5.12,0.07106674051792659,0.07090279150771461,0.07288584052609709,0.08599394650919001,0.07108109162140358
5.13,0.07544063135745702,0.07527343711881196,0.07742806987411327,0.0915381933560131,0.07545453851746153
5.14,0.07986107389457607,0.07969170527142722,0.0821043226031723,0.09721600890299992,0.07987450125072787
5.15,0.08430776666024038,0.08413733653620203,0.08690063696345085,0.1030054979306418,0.08432067973348112
5.16,0.08875963373879614,0.08858929114673186,0.09180138868993709,0.1088831267148184,0.08877200214243702
5.17,0.09319496569628648,0.09302588715362181,0.09678935568914904,0.1148239124292312,0.09320676311710763
5.18,0.09759155949857325,0.09742494032509408,0.1018457991901595,0.1208016267182627,0.09760276360767378
5.19,0.1019268587515216,0.101763904534151,0.1069505584054373,0.1267890064555189,0.1019374511247385
5.2,0.1061780931942205,0.1060200114718729,0.1120821556392997,0.1327579629523759,0.1061880592446249
5.21,0.1103224164122869,0.110170408637722,0.1172179094424479,0.1386797798005847,0.1103317453352272
5.22,0.1143370408560862,0.1141922946776188,0.1223340546358481,0.1445252898502829,0.1143457255855451
5.23,0.1181993693710479,0.1180630512654882,0.1274058692612052,0.150265024217233,0.1182074065437483
5.24,0.1218871234348465,0.1217603708496783,0.1324078090747217,0.1558693309476916,0.1218945124908721
5.25,0.1253784641355021,0.1252623797081561,0.1373136496664238,0.1613084675320422,0.1253852080971866
5.26,0.1286521096159761,0.1285477558718718,0.1420966348432744,0.1665526784189241,0.1286582159230643
5.27,0.1316874482431495,0.1315958415820132,0.1467296283528297,0.1715722739890307,0.131692928433626
5.28,0.134464644876758,0.1343867500425446,0.1511852653131212,0.1763377291406392,0.1344695142942981
5.29,0.1369647412735976,0.1369014663140397,0.155436100382415,0.1808198166719313,0.1369690188010385
5.3,0.1391697505563842,0.1391219422677764,0.159454751504405,0.1849897834370414,0.139173458373073
5.31,0.1410627457367651,0.141031185579958,0.1632140401853808,0.1888195676782342,0.1410659090965277
5.32,0.1426279423281599,0.1426133427938888,0.1666871308530612,0.1922820467322877,0.1426305893538227
5.33,0.1438507751331482,0.1438537765126019,0.1698476724725245,0.195351298083681,0.1438529366060686
5.34,0.1447179694148159,0.1447391368056402,0.1726699453038376,0.1980028549768237,0.1447196784141363
5.35,0.1452176055780921,0.1452574269215295,0.1751290148177673,0.2002139403495432,0.1452188977891765
5.36,0.1453391794444294,0.1453980633927595,0.1772008937061749,0.2019636681687162,0.1453400929563707
5.37,0.1450736566565513,0.1451519306037166,0.1788627118653841,0.2032332072637139,0.1450742315975223
5.38,0.1444135213986922,0.1445114298655364,0.1800928932696758,0.2040059077790943,0.1444137996107475
5.39,0.1433528196422876,0.143470523006983,0.1808713377656936,0.2042673935960822,0.143352844390457
5.4,0.1418871968801549,0.1420247704493167,0.181179604968086,0.204005625522545,0.1418870125903288
5.41,0.1400139302680114,0.1401713636879599,0.1810010966275915,0.2032109402157862,0.1400135822880562
5.42,0.137731955046772,0.1379091520569519,0.1803212331476477,0.2018760692745317,0.1377314894255212
5.43,0.1350418850536716,0.135238663606241,0.1791276194676659,0.1999961421835543,0.1350413483541028
5.44,0.1319460270082227,0.1321621198794016,0.1774101954401512,0.1975686760892132,0.1319454662741429
5.45,0.128448388850292,0.1286834443428619,0.1751613661879194,0.1945935548324749,0.1284478513223782
5.46,0.1245546812272401,0.1248082641894942,0.1723761087335824,0.1910729992660633,0.1245542140334167
5.47,0.1202723119859589,0.1205439052214914,0.1690520523464036,0.1870115305828857,0.1202719618828022
5.48,0.1156103734663868,0.1158993795109626,0.1651895313795001,0.1824159281218952,0.115610186611546
5.49,0.110579622287049,0.1108853655426131,0.1607916106751959,0.1772951828459419,0.1105796440362958
5.5,0.1051924513435641,0.1055141805614502,0.1558640847272961,0.1716604473782579,0.1051927260667435
5.51,0.0994628537718239,0.09979974487987053,0.1504154525992064,0.1655249831393119,0.09946342468260322
5.52,0.09340637867197613,0.09375753794255215,0.1444568710760201,0.1589041047656686,0.09340728766715767
5.53,0.08704007849501587,0.08740454600452841,0.1380020887117946,0.1518151216544489,0.08704136595234591
5.54,0.08038244792899364,0.08075920134696263,0.1310673633940659,0.1442772762057829,0.08038415250121972
5.55,0.07345335414619246,0.07384131303631358,0.1236713658719885,0.1363116781745459,0.07345551273615297
5.56,0.06627395901671466,0.0666719893242117,0.1158350714611636,0.1279412345254544,0.06627660661411316
5.57,0.05886663302273634,0.05927355188629035,0.1075816419112052,0.1191905743297283,0.05886980255166752
5.58,0.05125486132952321,0.05166944220571185,0.0989362992504112,0.1100859685446328,0.05125858351013646
5.59,0.04346314244262039,0.0438841205191528,0.08992619334118201,0.1006552449548982,0.04346744566295424
5.6,0.03551687998535005,0.03594295785622548,0.08058026491137693,0.09092769908181059,0.03552179018031798
5.61,0.02744226824219872,0.02787212181504656,0.07092910596886864,0.08093400241740978,0.0274478087775854
5.62,0.01926617222081596,0.01969845682355198,0.06100481972266802,0.07070610983781256,0.01927236378107833
5.63,0.01101600366858636,0.01144935973568956,0.05084088233979722,0.06027716840070246,0.01102286356468518
5.64,0.002719592164403353,0.003152651700709608,0.04047200893078279,0.04968142984269386,0.002727134300489209
5.65,-0.00559494653393335,-0.005163552679662953,0.02993402591890609,0.0389541688720812,-0.005586710956280938
5.66,-0.01389934217688616,-0.01347097782977236,0.01926375126922164,0.02813160872580878,-0.01389040476581677
5.67,-0.02216530298537713,-0.02174132019318537,0.008498882876614378,0.01725085437628709,-0.02215565825886429
5.68,-0.03036464791729019,-0.02994638059320448,-0.002322106174105498,0.006349832220945761,-0.03035429339579221
5.69,-0.03846943707925788,-0.03805819480730954,-0.01316006850218931,-0.004532766896246709,-0.03845837337146851
5.7,-0.04645209914189612,-0.04604916121647062,-0.02397528400691973,-0.01535754678068324,-0.04644033002332693
5.71,-0.05428555465347778,-0.05389216442535744,-0.03472756749652423,-0.0260844749254141,-0.05427308713695916
5.72,-0.06194333415842653,-0.06156069380486823,-0.04537638761049684,-0.03667297135455883,-0.06193017860149297
5.73,-0.06939968867743802,-0.06902895598351422,-0.05588100108582017,-0.04708202821550089,-0.06938586044531259
5.74,-0.07662969776251685,-0.07627198040796501,-0.06620060436402181,-0.05727037043799454,-0.0766152158797746
5.75,-0.08360936640642627,-0.08326571720425041,-0.07629450205157712,-0.06719666480829312,-0.0835942525929626
5.76,-0.09031571292186387,-0.08998712669753095,-0.08612228937448746,-0.07681977935431206,-0.09029999166442781
5.77,-0.09672684900133427,-0.09641426008796095,-0.09564404400210808,-0.08609908772840025,-0.09671054761307329
5.78,-0.1028220505736151,-0.1025263309293333,-0.1048205217622452,-0.09499480593121362,-0.1028051992402906
5.79,-0.1085818192751596,-0.1083037772130207,-0.1136133508831338,-0.1034683432844863,-0.1085644510862509
5.8,-0.1139879345124951,-0.1137283140182359,-0.1219852202989716,-0.1114826476297963,-0.1139700854750523
5.81,-0.119023496247898,-0.1187829768470959,-0.1299000589200465,-0.1190025267115877,-0.1190052052808479
5.82,-0.1236729584659769,-0.1234521559158075,-0.1373232042429053,-0.1259949326635741,-0.1236542676984447
5.83,-0.1279221526088095,-0.1277216218179829,-0.1442215599767954,-0.1324292027210526,-0.1279031094448411
5.84,-0.131758309808846,-0.1315785431091216,-0.1505637433287667,-0.1382772550124445,-0.1317389639492732
5.85,-0.1351700684628505,-0.1350114964799067,-0.1563202231842197,-0.1435137424641941,-0.1351504712058953
5.86,-0.1381474767935442,-0.138010470287549,-0.1614634506951179,-0.1481161701971985,-0.1381276810624064
5.87,-0.1406819904504255,-0.140566862296585,-0.1659679838373861,-0.1520649825879133,-0.1406620507977052
5.88,-0.1427664653137932,-0.1426734725416711,-0.1698106074121079,-0.155343625934717,-0.1427464379001788
5.89,-0.1443951464498552,-0.1443244922635001,-0.1729704497997768,-0.1579385918983557,-0.1443750889946657
5.9,-0.145563654178032,-0.1455154898843277,-0.1754290975496914,-0.1598394459033383,-0.1455436258794462
5.91,-0.1462689682018227,-0.1462433949807992,-0.1771707085782792,-0.1610388436554706,-0.1462490296250779
5.92,-0.1465094099202664,-0.1465064811795604,-0.17818212432267,-0.1615325378944505,-0.1464896236548358
5.93,-0.1462846248297905,-0.1463043488464503,-0.1784529806136589,-0.1613193764596429,-0.1462650566728937
5.94,-0.1455955707488516,-0.1456379083649401,-0.1779758162828551,-0.1604012917170254,-0.1455762862328313
5.95,-0.1444444995358935,-0.1445093647071959,-0.1767461776273446,-0.1587832804390633,-0.1444255636472492
5.96,-0.1428349436815864,-0.142922203894174,-0.1747627158910274,-0.1564733724619838,-0.142816420831506
5.97,-0.1407717055961188,-0.1408811818226589,-0.1720272739984828,-0.1534825860044153,-0.1407536595536806
5.98,-0.138260849644415,-0.138392315808859,-0.1685449580522888,-0.1498248675321731,-0.1382433434311035
5.99,-0.135309697129421,-0.1354628790619543,-0.1643241887772125,-0.1455170145380704,-0.1352927928744609
6,-0.1319268242793762,-0.1321013981592282,-0.1593767283877775,-0.1405785805140382,-0.1319105830363891
6.01,-0.1281220631490715,-0.1283176534493408,-0.1537176794554534,-0.1350317625687844,-0.1281065446755812
6.02,-0.1239065041416914,-0.124122682165236,-0.147365454287635,-0.1289012733684425,-0.1238917677027812
6.03,-0.1192925031054335,-0.119528783885942,-0.1403417158499297,-0.122214200123689,-0.1192786070340636
6.04,-0.114293690892999,-0.1145495278499944,-0.1326712938086779,-0.1149998540345388,-0.1142806902425472
6.05,-0.1089249798923309,-0.1091997614952805,-0.1243820811582327,-0.1072896138381321,-0.1089129263740638
6.06,-0.1032025732726695,-0.1034956194828072,-0.1155049176268,-0.09911676688559001,-0.1031915151777134
6.07,-0.09714397381973519,-0.09745453235815876,-0.1060734655445184,-0.09051635058498536,-0.09713395590040685
6.08,-0.09076799139290438,-0.0910952339155639,-0.0961240824292115,-0.0815249962255683,-0.09075905470691781
6.09,-0.08409474799268706,-0.08443776625785127,-0.0856956926930208,-0.07218077629785125,-0.0840869297150329
6.1,-0.07714567937152118,-0.07750348149185726,-0.07482965902426703,-0.06252305558374471,-0.077139012580064
6.11,-0.06994353207723858,-0.07031503896345198,-0.06356965242050006,-0.0525923456106237,-0.06993804552492716
6.12,-0.06251235434913481,-0.06289639691884841,-0.05196151868296461,-0.04243016159432617,-0.06250807269188186
6.13,-0.05487748186454434,-0.05527279747829905,-0.0400531385009244,-0.03207888074145554,-0.05487442468998871
6.14,-0.04706551395179606,-0.04747074382342614,-0.02789427806281619,-0.0215816007066878,-0.04706369522873644
6.15,-0.03910428065939465,-0.03951796852987438,-0.01553642735043709,-0.01098199704844771,-0.03910370876285441
6.16,-0.03102280041546522,-0.03144339202333013,-0.003032623743938201,-0.0003241786319869155,-0.03102347812604922
6.17,-0.02285122671634148,-0.0232770702001377,0.009562740895245392,0.01034745996466768,-0.0228531512020369
6.18,-0.01462078297985782,-0.01505013033555191,0.02219413102745843,0.02098838991949814,-0.01462394576927606
6.19,-0.006363684804299655,-0.0067946945038041,0.03480509713263147,0.03155410437634654,-0.006368071760881666
6.2,0.001886951004127328,0.001456210145670211,0.0473385250156676,0.04200028029739,0.001881359697169738
6.21,0.0100972110660197,0.009668754773528077,0.05973690509278512,0.05228294690886365,0.01009044096919914
6.22,0.01823250343210739,0.01780842626114654,0.0719426215785145,0.06235866170320836,0.01822458666150772
6.23,0.026257692150202,0.02584015884237217,0.08389826097129172,0.07218469487891865,0.026248666623365
6.24,0.03413724431133924,0.03372847997191575,0.09554693882923232,0.08171922287022321,0.03412715319838255
6.25,0.04183539108908978,0.04143767025412792,0.1068326437404861,0.09092153120698876,0.04182428253618498
6.26,0.04931630272329173,0.04893193705490345,0.1177005975733461,0.09975222634601211,0.04930422957232916
6.27,0.05654427657886115,0.05617560121006021,0.1280976309987033,0.1081734553575508,0.05653129607415552
6.28,0.06348393745939297,0.06313329602805895,0.1379725720614307,0.1161491314985729,0.06347011093307275
6.29,0.07010044913320267,0.06977017756540083,0.1472766428260872,0.1236451628427339,0.07008584166198006
6.3,0.07635973580542421,0.07605214493175583,0.1559638555797602,0.130629680358796,0.0763444158329023
6.31,0.08222871159755121,0.08194606916162356,0.1639913974068515,0.1370732612162007,0.08221275096678782
6.32,0.08767551631408685,0.08742002897275625,0.1713199915340942,0.142949142705766,0.0876589911682385
6.33,0.0926697605815853,0.09244355152137451,0.1779142257570279,0.1482334220209781,0.09265274858571393
6.34,0.09718276803994419,0.09698785606313137,0.1837428414253686,0.1529052372470902,0.09716534757617512
6.35,0.1011878196076712,0.1010260982388519,0.1887789795850571,0.1569469252257922,0.1011700692658317
6.36,0.1046603959676126,0.1045336125283202,0.1930003831635599,0.1603441524655151,0.1046423940294419
6.37,0.107578415349601,0.1074881502584787,0.1963895553869065,0.1630860159137386,0.1075602392633562
6.38,0.1099224638618834,0.1098701104205319,0.1989338751513097,0.1651651111635511,0.109904189706057
6.39,0.11167601553128,0.1116627604515247,0.2006256701589794,0.166577566503427,0.1116577174680861
6.4,0.1128256391532798,0.112852444074825,0.201462248538359,0.1673230421090686,0.1128073888742875
6.41,0.11336118806679,0.113428773273622,0.2014458895783993,0.1674046945886106,0.1133430551989394
6.42,0.1132759723495033,0.113384801491418,0.2005837941991497,0.1668291079891376,0.1132580243907901
6.43,0.1125669115396969,0.1127171752136092,0.198887995871144,0.165606193206551,0.1125492109433939
6.44,0.1112346574326095,0.1114262611843858,0.1963752328538831,0.1637490584592786,0.1112172611674416
6.45,0.1092836920636472,0.1095162466556197,0.1930667827962885,0.1612738540368169,0.1092666512680319
6.46,0.1067223961635161,0.1069952102497137,0.1889882608740258,0.1581995948723095,0.106705755820764
6.47,0.103563085838631,0.1038751612483136,0.1841693826906219,0.1545479645860698,0.1035468844762125
6.48,0.09982201558452121,0.1001720453921789,0.1786436931361148,0.1503431044983272,0.0998062850017114
6.49,0.09551934606124377,0.0959057155937808,0.1724482623215831,0.1456113907343393,0.09550411109016754
6.5,0.09067907541928805,0.09109986631974021,0.1656233496901685,0.140381201992028,0.09066435372539738
6.51,0.08532893216490438,0.08578193079257729,0.1582120375951106,0.1346826798896487,0.08531473528841943
6.52,0.07950023342340333,0.07998294058503858,0.1502598362098465,0.1285474831670276,0.07948656601487397
6.53,0.07322770432795585,0.07373734763069539,0.1418142627513271,0.1220085365120684,0.07321456286527023
6.54,0.06654925840599951,0.06708280914555864,0.1329243997265809,0.1150997745698168,0.06653663134100019
6.55,0.05950574332796237,0.06005993644021135,0.1236404391662112,0.1078558818918868,0.05949361126384678
6.56,0.05214065212455281,0.05271200909353591,0.1140132222850895,0.100312030264145,0.05212898802798688
6.57,0.04449980187244511,0.04508465644977089,0.1040937861936679,0.09250361595963186,0.04448857132395811
6.58,0.0366309823307536,0.03722550888296439,0.0939329305261708,0.08446600079678279,0.03662014381622847
6.59,0.02858357747712898,0.02918382173889922,0.08358081655133637,0.07623426208826478,0.02857308272207226
6.6,0.02040816328045619,0.02101007530710852,0.07308660915523896,0.06784295721917355,0.02039795768182212
6.61,0.01215608463771537,0.01275555458697414,0.06249816816823145,0.05932590833861462,0.01214610872157407
6.62,0.003879019491684591,0.004471912985764548,0.05186179051390449,0.05071601135325249,0.00386920848185307
6.63,-0.004371470606020332,-0.003789275584269114,0.04122199964657891,0.04204507126682239,-0.004381186787361879
6.64,-0.01254439647658065,-0.01197697146341775,0.03062137485448785,0.03334366340784162,-0.01255409268976093
6.65,-0.02058979825634197,-0.02004112588700924,0.02010041107695054,0.02464101786754447,-0.02059955361093835
6.66,-0.02845919865762264,-0.02793313438104617,0.009697400173556303,0.0159649230907678,-0.02846909596361591
6.67,-0.03610604730943338,-0.03560628168241942,-0.000551673283363141,0.007341644310733808,-0.03611617251318788
6.68,-0.04348615092061953,-0.04301617292821214,-0.01061322546258842,-0.001204146668252526,-0.04349659252793214
6.69,-0.05055808406084818,-0.05012114590434219,-0.020456156490472,-0.009649432306174821,-0.05056893255103967
6.7,-0.05728357571063442,-0.05688265926375363,-0.03005192133608614,-0.01797290097747356,-0.05729492271708769
6.71,-0.06362786725950841,-0.06326565181872501,-0.039374584680133,-0.02615498806284011,-0.06363980373371508
6.72,-0.06956003297684711,-0.06923886827836179,-0.04840085553298429,-0.03417790402618953,-0.06957264991888557
6.73,-0.07505326569698154,-0.07477514713793565,-0.05711009765198038,-0.04202564652815133,-0.07506665402269963
6.74,-0.0800851198217646,-0.07985166682701383,-0.06548431264790583,-0.0496839936813091,-0.08009936996715911
6.75,-0.08463770858024554,-0.08445014668333584,-0.07350809382818729,-0.05714047602347694,-0.08465291010265852
6.76,-0.08869785292273859,-0.0885569998343263,-0.08116855014531721,-0.06438432552232914,-0.08871409410112013
6.77,-0.09225717973781011,-0.09216343563186535,-0.08845520100998189,-0.07140640079656901,-0.09227454717595329
6.78,-0.0953121676932091,-0.09526550989236349,-0.0953598441095021,-0.0781990886528558,-0.09533074593104651
6.79,-0.09786413964800189,-0.09786412183546955,-0.1018763996444939,-0.08475618293941894,-0.09788401078684583
6.8,-0.09991920221083389,-0.09996495728241866,-0.1080007354450163,-0.09107274258117815,-0.09994044460233886
6.81,-0.1014881314132733,-0.1015783783598586,-0.1137304781534734,-0.09714493147711833,-0.1015108177982929
6.82,-0.1025862009436749,-0.1027192606469329,-0.1190648160160693,-0.1029698437028981,-0.1026104009796582
6.83,-0.1032329663676615,-0.1034067793925749,-0.1240042988193418,-0.1085453181591249,-0.1032587467438466
6.84,-0.1034519986762037,-0.1036641471060991,-0.1285506402023431,-0.1138697474178311,-0.103479423036411
6.85,-0.103270572231901,-0.103518305477449,-0.1327065270509998,-0.1189418860142153,-0.1032997010668039
6.86,-0.1027193108997496,-0.1029995752039201,-0.1364754400276644,-0.123760663767396,-0.1027502014144218
6.87,-0.1018317965666133,-0.1021412678785001,-0.1398614885875532,-0.1283250098491681,-0.101864502529647
6.88,-0.1006441447767134,-0.100979264622219,-0.1428692631502605,-0.1326336932158978,-0.1006787163574154
6.89,-0.0991945526733872,-0.09955156661050868,-0.1455037064660444,-0.1366851846517396,-0.0992310362733978
6.9,-0.09752282777339982,-0.09789782304430733,-0.1477700056488027,-0.1404775450380397,-0.09756126291807421
6.91,-0.09566989459661898,-0.09605884244351892,-0.1496735058229021,-0.1440083435840083,-0.09571031383502238
6.92,-0.09367729005885865,-0.09407609338825107,-0.1512196458258616,-0.1472746086682228,-0.09371972306137544
6.93,-0.09158666342223161,-0.09199120099748437,-0.1524139159097511,-0.1502728127037717,-0.0916311369760674
6.94,-0.08943927486697605,-0.08984544551247919,-0.1532618368902285,-0.1529988911123014,-0.08948581278234014
6.95,-0.08727550303326179,-0.08767926934153508,-0.1537689597101584,-0.1554482941339445,-0.08732412598296768
6.96,-0.08513436779520625,-0.08553179882287115,-0.1539408839214126,-0.1576160688703583,-0.08518509309945599
6.97,-0.08305307432278136,-0.08344038677423876,-0.1537832931477326,-0.1594969677196534,-0.08310591569097836
6.98,-0.0810665842058659,-0.08144018162317856,-0.153302005179827,-0.161085578289874,-0.08112155144726263
6.99,-0.07920721920992617,-0.07956372855424981,-0.1525030339856098,-0.162376469061998,-0.079264317765675
7,-0.07750430823319963,-0.07784060767396178,-0.1513926606215672,-0.1633643446152727,-0.07756353278141132
7.01,-0.0759838593580594,-0.07629711368663294,-0.1499775098440749,-0.1640442042197259,-0.07604519830699852
7.02,-0.07466828946646027,-0.07495598100248113,-0.1482646291830902,-0.164411498097279,-0.0747317285608543
7.03,-0.07357620596161532,-0.07383615757109974,-0.1462615673844829,-0.16446227663883,-0.07364172793258755
7.04,-0.07272223620765235,-0.07295263005844971,-0.1439764494570189,-0.1641933292342694,-0.07278982035451209
7.05,-0.07211691041035805,-0.07231630227403113,-0.1414180460495607,-0.1636023109345202,-0.07218653213458781
7.06,-0.0717665990545233,-0.07193392801777132,-0.1385958354768977,-0.1626878566743942,-0.07183822936624562
7.07,-0.07167350525957897,-0.07180809876481531,-0.1355200573314784,-0.1614496839998562,-0.07174711027655345
7.08,-0.07183571165855071,-0.07193728585193454,-0.132201757181685,-0.1598886859820653,-0.07191125211727062
7.09,-0.07224728177339003,-0.07231593608296732,-0.1286528222966407,-0.1580070161873015,-0.07232471145475333
7.1,-0.07289841842575702,-0.07293461894319608,-0.1248860086105146,-0.1558081672468475,-0.07297767598597221
7.11,-0.07377564669817527,-0.07378022291493558,-0.1209149592348447,-0.1532970438684043,-0.07385666530971363
7.12,-0.07486206790527461,-0.07483619772864913,-0.1167542147632296,-0.150480030231743,-0.07494477742497252
7.13,-0.07613765067003006,-0.07608283877586364,-0.1124192154253683,-0.1473650507936646,-0.07622197712218115
7.14,-0.0775795568229459,-0.07749760936030847,-0.1079262948817648,-0.143961622726124,-0.07766542188621245
7.15,-0.07916249992717465,-0.07905549597992567,-0.1032926651510552,-0.140280897604745,-0.07924982045079693
7.16,-0.08085913116550918,-0.08072939142092828,-0.09853639187097046,-0.1363356895804925,-0.08094781873891205
7.17,-0.08264044700032412,-0.08249050011123626,-0.09367635885198911,-0.1321404871041756,-0.0827304075981864
7.18,-0.08447621277652141,-0.08430875992903769,-0.08873222073256243,-0.1277114453251915,-0.08456734649876174
7.19,-0.08633539939852543,-0.08615327449597121,-0.08372434253026007,-0.1230663565552396,-0.08642759720594373
7.2,-0.08818662361349462,-0.08799274990598205,-0.07867372504273129,-0.1182245966850599,-0.08827976137291904
7.21,-0.08999856466444361,-0.08979592985085372,-0.07360191540570582,-0.1132070461691422,-0.09009251601966128
7.22,-0.09174040378051784,-0.09153202320118975,-0.06853090264681322,-0.1080359851185387,-0.09183504097161721
7.23,-0.09338223895059405,-0.09317111828504565,-0.06348299871926488,-0.1027349630844659,-0.09347743252303098
7.24,-0.09489547927476608,-0.09468457837170241,-0.0584807061435374,-0.09732864515078826,-0.09499109786078397
7.25,-0.09625321493653276,-0.09604541321060756,-0.05354657388375678,-0.09184263684228755,-0.09634912513046856
7.26,-0.09743055809571417,-0.09722862188814363,-0.04870304331495251,-0.08630329098736284,-0.09752662444047611
7.27,-0.09840495047813465,-0.09821150274038998,-0.04397228605614562,-0.08073750000042268,-0.09850103557534517
7.28,-0.09915643396725668,-0.09897392658861892,-0.03937603513304444,-0.07517247709292291,-0.09925239871832514
7.29,-0.09966788676397917,-0.09949857013716101,-0.03493541057738403,-0.0696355297576392,-0.09976358505641492
7.3,-0.09992520580504237,-0.09977110698016434,-0.03067074037827777,-0.06415382859426583,-0.100020484750218
7.31,-0.09991743871549286,-0.09978035429593024,-0.02660137781254845,-0.05875417424686608,-0.1000121503859219
7.32,-0.09963689331253128,-0.0995183739554239,-0.02274551660326662,-0.05346276497552205,-0.09973089467844465
7.33,-0.09907918906958009,-0.09898052742692875,-0.01912000597583202,-0.04830496723169031,-0.09917234185320617
7.34,-0.0982432621665484,-0.09816548451215573,-0.01574016833319086,-0.04330509156895457,-0.0983354327898468
7.35,-0.09713132501958262,-0.09707518659203318,-0.01261962281324114,-0.0384861762922869,-0.09722238465513638
7.36,-0.09574878164698242,-0.09571476568369486,-0.009770118346138945,-0.03386978139900132,-0.09583860637537145
7.37,-0.09410410082165174,-0.09409242120526734,-0.007201379987519296,-0.02947579554169266,-0.09419257189248459
7.38,-0.09220864958370177,-0.0922192569043121,-0.004920972294457981,-0.02532225888353284,-0.09229565370492809
7.39,-0.09007649734265066,-0.09010908092148939,-0.002934183371616217,-0.02142520475328119,-0.09016191970720888
7.4,-0.08772416559690389,-0.08777817242709918,-0.001243932974440587,-0.01779852288592398,-0.08780789680426093
7.41,-0.08517036271850745,-0.08524501867860745,0.0001492922691224696,-0.01445384672141331,-0.08525230518322757
7.42,-0.08243570011670875,-0.08253002669727028,0.001247473872585558,-0.01140046672380923,-0.08251576747099126
7.43,-0.07954238069780478,-0.07965521404745413,0.002055064640448356,-0.00864527100415835,-0.07962049728722193
7.44,-0.07651387144286406,-0.07664388342046946,0.002578958598927317,-0.006192713739202549,-0.07658997191693218
7.45,-0.07337456497908744,-0.07352028587414949,0.002828427350752949,-0.004044811052542396,-0.07344859397178849
7.46,-0.07014943509480524,-0.07030927765929329,0.002815023704548669,-0.002201163250855676,-0.07022134698465016
7.47,-0.06686369115221082,-0.0670359755739659,0.002552454678456717,-0.0006590016643189811,-0.06693344988701971
7.48,-0.06354243686688903,-0.06372541572692419,0.002056427026531416,0.0005867421141914075,-0.06361001525532695
7.49,-0.06021034224503716,-0.06040222046361854,0.001344469091312528,0.001543347034210663,-0.06027571608077525
7.5,-0.05689130948386553,-0.05709027801583011,0.0004357329988383118,0.002220195906847411,-0.05695446562179596
7.51,-0.05360817666687986,-0.05381243918325129,-0.0006492189111679814,0.002628653559606731,-0.05366911464116231
7.52,-0.05038243920648108,-0.05059023504666149,-0.001888639804326186,0.002781931883242994,-0.05044117001602832
7.53,-0.04723399332434854,-0.04744361935228592,-0.00325983287125986,0.002694943511519332,-0.04729053834329222
7.54,-0.04418090775037589,-0.04439073880013211,-0.004739391470737042,0.002384145573001595,-0.04423529775053769
7.55,-0.04123922640128495,-0.04144773402146473,-0.00630344179131892,0.001867374716891801,-0.04129150067047793
7.56,-0.03842280431284454,-0.03862857354864863,-0.007927884944789465,0.001163674474447041,-0.03847300985108409
7.57,-0.03574317858626191,-0.03594492257166354,-0.009588635424911451,0.0002931159848359455,-0.03579136936161231
7.58,-0.03320947667166792,-0.03340604774749351,-0.01126185292800802,-0.0007233868181605874,-0.03325571182401366
7.59,-0.03082836212126233,-0.03101875878947824,-0.01292416465622326,-0.001864266316070451,-0.03087270255746777
7.6,-0.02860400694949632,-0.02878738702142941,-0.01455287541301498,-0.003107493174920428,-0.02864652077910307
7.61,-0.02653811569224057,-0.02671380054397376,-0.01612616304973552,-0.004430769525170519,-0.02657887746403265
7.62,-0.02462997966477258,-0.02479745513572185,-0.01762325712821822,-0.005811721506801981,-0.02466906894080895
7.63,-0.02287656470078359,-0.02303547950628104,-0.01902459902305109,-0.007228089176282315,-0.02291406479186064
7.64,-0.02127263130789775,-0.02142279303860983,-0.0203119820908344,-0.008657911673501717,-0.02130862814973922
7.65,-0.01981088488556555,-0.01995225371138432,-0.02146867096709437,-0.01007970552069526,-0.01984546603629611
7.66,-0.01848215324786748,-0.01861483348430809,-0.02247949949201977,-0.01147263398045789,-0.01851540698938153
7.67,-0.01727558833782696,-0.01739981806763602,-0.02333094718835738,-0.01281666553999822,-0.01730760286630895
7.68,-0.01617889009494835,-0.01629502768743296,-0.0240111945973297,-0.01409271981304866,-0.01620975141009795
7.69,-0.01517854509451866,-0.01528705520538071,-0.0245101581109316,-0.01528279945329081,-0.01520833591762016
7.7,-0.01426007550171648,-0.01436151776022843,-0.02481950522483684,-0.01637010704162667,-0.0142888781614901
7.71,-0.01340830514458647,-0.01350331796921911,-0.02493265139044365,-0.01733914632564276,-0.0134362005920996
7.72,-0.01260762689360069,-0.01269691066276923,-0.02484473988739894,-0.01817580762856863,-0.01263469378392501
7.73,-0.01184227115060049,-0.01192657112342088,-0.02455260638541934,-0.01886743767808541,-0.01186858509115335
7.74,-0.01109657159580411,-0.01117666085896729,-0.02405473012249026,-0.01940289450185489,-0.01112220454102059
7.75,-0.01035522434181489,-0.01043188705756148,-0.02335117389160046,-0.01977258836787849,-0.01038024411695215
7.76,-0.009603536824824895,-0.009677552046917948,-0.02244351529407085,-0.01996850999017152,-0.009628006764691055
7.77,-0.008827662998489531,-0.00889978930733959,-0.02133477198769385,-0.01998424735853832,-0.008851641689080814
7.78,-0.008014823338930376,-0.008085782865247915,-0.02002932394766765,-0.01981499258071923,-0.008038362792270271
7.79,-0.007153500780761975,-0.007223967215048255,-0.01853283607214007,-0.01945754005177058,-0.007176647430017336
7.8,-0.006233616576502832,-0.006304205276193631,-0.01685218474159078,-0.01891027710532117,-0.006256413025364282
7.81,-0.005246684681135271,-0.005317942282227983,-0.01499539199137534,-0.01817316807699143,-0.005269169471152191
7.82,-0.004185938157708478,-0.004258333911942525,-0.01297157044175345,-0.01724773244778877,-0.004208145667523366
7.83,-0.003046428513158521,-0.003120347402058687,-0.01079088067392225,-0.01613701745935631,-0.003068388970123903
7.84,-0.001825097174041074,-0.001900834818720831,-0.008464500189307278,-0.01484556532361964,-0.001846836761493553
7.85,-0.0005208187489124085,-0.0005985781039757887,-0.006004599801570198,-0.01337937490083557,-0.0005423597946472292
7.86,0.0008655838465930117,0.0007856940540976742,-0.003424320237930878,-0.01174585750124363,0.0008442226134022235
7.87,0.002331351816014147,0.002249317060381339,-0.0007377400809755463,-0.009953786282874244,0.002310155046362561
7.88,0.003871828117623286,0.003787728096449561,0.002040173199319595,-0.008013238578642112,0.003850785227060283
7.89,0.005480525977269572,0.005394529415651106,0.004893634547483094,-0.005935530398578359,0.005459628779383274
7.9,0.007149216431162791,0.00706157568102006,0.007806136296825306,-0.003733142328767869,0.00712845793061978
7.91,0.008868038106691714,0.008779083480520422,0.0107605641339551,-0.001419636096739618,0.008847412274849531
7.92,0.01062562794761012,0.0105357608981877,0.0137393284786978,0.0009904388005095854,0.01060512946252962
7.93,0.0124092695055053,0.01231895480695477,0.01672450438314405,0.003481648806048399,0.01238889346907313
7.94,0.01420505628448116,0.0141148133809883,0.01969797315766475,0.006037790476288329,0.01418479792801836
7.95,0.01599806750446543,0.0159084612030827,0.02264155998724193,0.008642014912011442,0.01597792189323888
7.96,0.01777255357323014,0.01768418426608426,0.02553716328301442,0.0112769618656316,0.01775251531942135
7.97,0.01951212820571002,0.01942562213507587,0.02836687301886193,0.01392490254186579,0.0194921915202273
7.98,0.02119996401244478,0.02111596454683418,0.03111307661001328,0.01656788970254858,0.0211801238772088
7.99,0.02281899443288468,0.02273814977280675,0.03375855194223298,0.01918791329956615,0.02279924412771406
8,0.02435210896731494,0.02427506215927455,0.03628654800860542,0.0217670595218134,0.02433243965348519
8.01,0.02578234655403301,0.02570972638162361,0.03868085435424495,0.02428767088262052,0.02576274732015593
8.02,0.02709308364609697,0.02702549610500948,0.04092586124431424,0.02673250481987294,0.02707354157745923
8.029999999999999,0.02826821444025349,0.02820623492626217,0.04300661315317422,0.02908488824905053,0.0282487147163365
8.039999999999999,0.02929232136392705,0.0292364876767377,0.04490885870630418,0.03132886560370246,0.02927284738806957
8.050000000000001,0.03015083415300062,0.03010164038975183,0.04661910039299683,0.03344933810758538,0.03013136771721747
8.06,0.03083017609321911,0.03078806747873719,0.0481246470272173,0.03543219232457895,0.03081069758015881
8.07,0.03131789557259364,0.03128326492961325,0.04941367103669381,0.03726441639494021,0.03129838486962022
8.08,0.03160278323749578,0.03157596857129202,0.05047527139514285,0.03893420275511694,0.03158322081859499
8.09,0.03167497662253795,0.03165625673564504,0.05129954172096685,0.0404310365215691,0.03165534170993839
8.1,0.03152604363239678,0.03151563685109793,0.05187764207645656,0.04174576907159172,0.03150631454707592
8.109999999999999,0.03114905185375493,0.03114711574904289,0.05220187247772257,0.04287067665991451,0.03112920650274714
8.119999999999999,0.03053862182446642,0.03054525370781908,0.05226574603172823,0.04379950416263528,0.03051863819337997
8.130000000000001,0.02969096439445723,0.02970620249757988,0.05206405979641293,0.04452749424215396,0.02967082104349478
8.140000000000001,0.02860390264440308,0.02862772789952139,0.05159296174917399,0.04505140238786454,0.02858357920512633
8.15,0.02727687901029248,0.02730921735199554,0.05085001254634847,0.04536949842100801,0.02725635667910831
8.16,0.02571094842364286,0.02575167353250224,0.04983424102981004,0.04548155517289315,0.02569021044685538
8.17,0.02390875715477083,0.02395769482313959,0.04854619269534471,0.04538882516673293,0.02388779056124402
8.18,0.02187451239109914,0.02193144372529998,0.04698797059561283,0.04509400626336146,0.02185330826254467
8.19,0.01961394125573481,0.01967860438410229,0.04516326840871177,0.04460119737348539,0.01959249327940177
8.199999999999999,0.01713423662596091,0.01720633045232239,0.04307739564141239,0.04391584549096172,0.01711254154517161
8.210000000000001,0.01444399657749998,0.01452318456792473,0.04073729511868768,0.04304468545483348,0.01442205460669865
8.220000000000001,0.01155315683081698,0.01163907074021442,0.03815155299928785,0.0419956739895625,0.01153097202595194
8.23,0.008472917495138203,0.008565160939148275,0.03533040152299127,0.0407779196880475,0.008450498075568302
8.24,0.005215665390729361,0.005313817162762913,0.03228571453701823,0.03940161067464404,0.005193024008023406
8.25,0.001794893187426314,0.00189851022066001,0.02903099559986921,0.03787794170115066,0.001772047135904231
8.26,-0.001774883512980741,-0.00166626358220695,0.02558135818592938,0.03621904237623935,-0.001797912100971522
8.27,-0.005478211846660553,-0.005365066748453495,0.02195349729459767,0.0344379081015338,-0.005501393985776426
8.279999999999999,-0.00929878177142133,-0.009181604854963665,0.01816565167442208,0.03254833508414628,-0.009322083292678862
8.289999999999999,-0.01321950920232256,-0.01309880986989931,0.01423755594039516,0.03056486052057766,-0.0132428920839463
8.300000000000001,-0.01722261835256401,-0.01709892173340977,0.0101903820769832,0.02850270871050986,-0.01724604077079783
8.31,-0.02128972037514721,-0.02116356755480042,0.006046670122986653,0.02637774347571564,-0.02131313680642055
8.32,-0.02540188914481202,-0.02527383792585197,0.001830248149737479,0.02420642684695273,-0.02542525052133188
8.33,-0.02953973383779128,-0.02941035999964381,-0.00243385809791874,0.02200578355945021,-0.02956298775867883
8.34,-0.03368346811795303,-0.03355336713469337,-0.006719525368505119,0.01979337048488028,-0.03370655911757858
8.35,-0.03781297588934381,-0.0376827650540279,-0.01099964229716155,0.01758724974174042,-0.03783584576357574
8.359999999999999,-0.04190787398507054,-0.04177819461676086,-0.01524622748769849,0.01540596388173909,-0.04193046191410976
8.369999999999999,-0.04594757303205715,-0.04581909144381069,-0.01943055586208142,0.01326851125834433,-0.04596981425076707
8.380000000000001,-0.04991132979330296,-0.04978474277650163,-0.02352329300877942,0.01119431945301813,-0.04993315864641784
8.390000000000001,-0.0537783037309454,-0.05365434207376918,-0.02749463739824931,0.009203214470137389,-0.05379965472131232
8.4,-0.05752761069307059,-0.05740704196762092,-0.0313144703942862,0.007315383316612356,-0.0575484188553913
8.41,-0.06113837509447837,-0.06102200629466664,-0.03495251393452264,0.005551327560005315,-0.06115857638178201
8.42,-0.06458978208189806,-0.0644784620019952,-0.03837849559267759,0.003931805513816611,-0.06460931376647489
8.43,-0.06786113055020174,-0.06775575178642501,-0.04156232052930936,0.002477760837309828,-0.06787993163939554
8.44,-0.07093188791484038,-0.07083338836614894,-0.04447424965823454,0.001210235568983253,-0.07094989958042464
8.449999999999999,-0.07378174756092941,-0.07369111130122535,-0.04708508324014532,0.0001502659497931713,-0.07379891357908985
8.460000000000001,-0.07639069032284307,-0.07630894727332238,-0.04936634905144938,-0.0006812401532028112,-0.07640695707711642
8.470000000000001,-0.07873905018559714,-0.07866727470415169,-0.05129049422583243,-0.001263644829875565,-0.07875436646810363
8.48,-0.08080758240171795,-0.08074689353547354,-0.05283107979836976,-0.001576740611211047,-0.08082190186789723
8.49,-0.08257754239396678,-0.08252910091060878,-0.05396297689740831,-0.001600928916348665,-0.08259082388257055
8.5,-0.08403076934142301,-0.0839957733886007,-0.0546625634513464,-0.001317414599321332,-0.08404297698917973
8.51,-0.08514977666317425,-0.08512945618811651,-0.05490792022799806,-0.0007084137660252066,-0.08516088000845701
8.52,-0.08591784991202063,-0.08591345980062348,-0.05467902499912264,0.0002426289035238893,-0.08592782398998949
8.529999999999999,-0.08631915222169595,-0.08633196413396205,-0.0539579435847462,0.001550817906202595,-0.08632797765138833
8.539999999999999,-0.08633883725399953,-0.08637013015095596,-0.05272901642657912,0.003229584912191164,-0.08634650031603219
8.550000000000001,-0.08596316938033899,-0.08601421875690718,-0.05097903912716983,0.00529047246066483,-0.08596966208245549
8.56,-0.08517965082418499,-0.08525171646841834,-0.04869743507506819,0.00774292871209864,-0.08518497073569076
8.57,-0.08397715405472125,-0.08407146716770542,-0.04587641791137986,0.01059411811454058,-0.08398130468119264
8.58,-0.08234605967519462,-0.08246380901579797,-0.04251114126475786,0.01384875196620933,-0.08234905094942624
8.59,-0.08027839913185895,-0.08042071536864803,-0.03859983296494623,0.01750894169095435,-0.08028024708861375
8.6,-0.07776799907728116,-0.07793593831700485,-0.03414391086901625,0.02157407631789976,-0.07776872553924857
8.609999999999999,-0.0748106265845128,-0.07500515325838764,-0.02914807747788145,0.02604072433175758,-0.07481025887165227
8.619999999999999,-0.07140413340940927,-0.07162610271255682,-0.02362039063924343,0.03090255889928561,-0.07140270407217553
8.630000000000001,-0.06754859731400817,-0.06779873741508069,-0.01757230780784991,0.03615030462255353,-0.06754614388914132
8.640000000000001,-0.06324645831486565,-0.06352535257161729,-0.01101870160869123,0.041771703523377,-0.06324302310113372
8.65,-0.05850264759839182,-0.05881071703272078,-0.00397784493270259,0.04775149797476314,-0.05849827745187952
8.66,-0.05332470624693213,-0.05366219305933717,0.003528635381034151,0.05407142875414478,-0.05331945291154194
8.67,-0.04772289296641135,-0.0480898442965294,0.01147583598065433,0.06071024722525731,-0.04771681287720009
8.68,-0.04171027735163244,-0.04210652956027816,0.01983568365496446,0.06764374172433874,-0.0417034309181038
8.69,-0.03530281548067996,-0.03572798007186229,0.02857706756732614,0.07484477934538802,-0.03529526670611283
8.699999999999999,-0.02851940667356227,-0.02897285784777326,0.03766599192527453,0.08228336528108587,-0.02851122284971225
8.710000000000001,-0.02138192900073948,-0.02186279307079603,0.04706574306298977,0.08992672249591344,-0.02137318047153342
8.720000000000001,-0.01391525154773099,-0.01442239842905302,0.05673706495454667,0.09773939466905301,-0.01390601153404181
8.73,-0.006147221648033932,-0.006679258613355277,0.06663833820490372,0.1056833750276813,-0.006137566124629679
8.74,0.001891374457515491,0.001336106593588182,0.0767257593993404,0.1137182629749865,0.001901366842311902
8.75,0.01016687887748739,0.009590306921912983,0.08695351995086947,0.1218014494502692,0.01017712676556803
8.76,0.01864285893453462,0.01804717488447727,0.09727398580990304,0.1298883309144699,0.01865327728256994
8.77,0.02728023040361263,0.02666788833798167,0.1076378811746634,0.1379325508876233,0.02729073157823275
8.779999999999999,0.0360374130228179,0.03541112259054047,0.1179944803810073,0.1458862671806845,0.03604790730674529
8.789999999999999,0.04487051535575103,0.04423323192107786,0.128291812344215,0.1537004424080145,0.04488091096935998
8.800000000000001,0.05373354813327824,0.05308845997573425,0.1384768813233572,0.1613251550297934,0.05374375119274116
8.81,0.06257866551822217,0.06192917810549886,0.1484959065518149,0.1687099280079117,0.06258857994823652
8.82,0.07135643293029485,0.07070615031470584,0.1582945816592805,0.1758040720965107,0.07136596034924603
8.83,0.08001611967338097,0.07936882310547683,0.1678183530425365,0.1825570407590981,0.08002515926809017
8.84,0.08850601422617602,0.0878656381296995,0.1770127146366592,0.1889187936477706,0.08851446263210694
8.85,0.09677375987687757,0.09614436520087377,0.1858235150648749,0.1948401654558562,0.09678151089743864
8.859999999999999,0.1047667077117366,0.1041524528789571,0.1941972720426307,0.200273236744627,0.1047736518642794
8.869999999999999,0.1124322820020273,0.11183739353087,0.2020814883068411,0.2051717030520305,0.1124383076947379
8.880000000000001,0.1197183591485697,0.1191470994956371,0.2094249633563057,0.2094912382403348,0.1197233527293351
8.890000000000001,0.1265736528223367,0.1260302867526703,0.2161780960116646,0.2131898476697975,0.1265774984747996
8.9,0.1329481022967578,0.1324368623083511,0.2222931742208449,0.2162282064469683,0.1329506819585123
8.91,0.1387932601928124,0.1383183113827879,0.2277246504688911,0.2185699777461861,0.1387944535164596
8.92,0.1440626756299481,0.1436280803971762,0.2324294032414888,0.2201821061014309,0.1440623600047455
8.93,0.1487122687525499,0.1483219517337659,0.2363669867955475,0.2210350806739095,0.1487103194007767
8.94,0.1527006926321305,0.1523584062658951,0.2394998726415927,0.2211031638768983,0.1526969827903628
8.949999999999999,0.1559896783976745,0.1556989697348337,0.2417936864793429,0.2203645814340681,0.1559840798209013
8.960000000000001,0.1585443597443716,0.1583085391825752,0.2432174438852331,0.2188016709962383,0.1585367438377278
8.970000000000001,0.1603335751319399,0.1601556858337687,0.2437437869404198,0.2164009878521832,0.1603238131092433
8.98,0.1613301417340624,0.1612129310532733,0.2433492222934633,0.2131533680063931,0.161318104783836
8.99,0.1615110989626252,0.1614569922853553,0.2420143589581464,0.2090539508656846,0.1614966585051943
9,0.1608579188985137,0.1608689962023079,0.2397241416707111,0.2041021658103516,0.1608409469383006
9.01,0.1593566812406131,0.1594346566498591,0.2364680733065733,0.1983016887854018,0.159337050822111
9.02,0.1569982107914483,0.1571444153692395,0.2322404182505154,0.1916603764445763,0.1569757965615403
9.029999999999999,0.1537781759222696,0.1539935438958357,0.2270403781889135,0.1841901860209284,0.1537528547957788
9.039999999999999,0.1496971469061599,0.1499822054763884,0.2208722326745529,0.1759070887527837,0.1496687988260784
9.050000000000001,0.1447606113098613,0.1451154763052352,0.213745438721623,0.1668309832707286,0.144729122248204
9.06,0.1389789525807995,0.1394033258487924,0.2056746860610654,0.1569856129534829,0.1389442156061211
9.07,0.1323673885480628,0.1328605565006182,0.1966799069328963,0.1463984882026241,0.1323293023579
9.08,0.1249458655467489,0.1255067032801528,0.1867862410034632,0.1351008113510987,0.124904334915559
9.09,0.1167389156576853,0.1173658947501597,0.1760239570309097,0.1231273990599556,0.1166938519811181
9.1,0.1077754769154121,0.108466676774301,0.1644283333458511,0.1105165950623134,0.1077267988450787
9.109999999999999,0.09808867857849575,0.09884180116055929,0.152039499266836,0.09731016529376213,0.09803631273454472
9.119999999999999,0.08771559394762281,0.08852798163204023,0.138902239443588,0.08355316786710354,0.0876594756904755
9.130000000000001,0.07669696357364904,0.07756561992847466,0.1250657629781162,0.06929379182853301,0.0766370378111787
9.140000000000001,0.06507689176125943,0.06599850516392342,0.1105834391102395,0.05458316082539311,0.0650131140174991
9.15,0.05290251491872842,0.05387348984439272,0.09551250130957273,0.03947510031326928,0.05283485776918784
9.16,0.04022366580139981,0.04124014617938471,0.07991372179272055,0.02402586936069451,0.04015211538813146
9.17,0.02709251135626983,0.0281504065002926,0.06385105876483199,0.008293860201671777,0.02701706481906813
9.18,0.01356317718234293,0.01465819172442812,0.04739127904144003,-0.007660729711529701,0.01348384277978942
9.19,-0.0003086329750645713,0.0008190318739840774,0.03060355910790485,-0.02377624733905315,-0.0003918356809183843
9.199999999999999,-0.01446602126786322,-0.0133103173254675,0.01355906808457208,-0.03998994900496561,-0.014553061188955
9.210000000000001,-0.0288512793391166,-0.02767225778261345,-0.003669463552759211,-0.05623837422251243,-0.02894211363075927
9.220000000000001,-0.04340626758133723,-0.04220872842409462,-0.02100818533717652,-0.07245772225675606,-0.04350084143558358
9.23,-0.05807278632708231,-0.05686157688099436,-0.0383825739052045,-0.08858422592787429,-0.0581710328225416
9.24,-0.07279293694842974,-0.07157291993092879,-0.05571788143161971,-0.1045545180601758,-0.07289477548233103
9.25,-0.08750947283429976,-0.08628548939081593,-0.07293958117756461,-0.1203059870721115,-0.0876148014109181
9.26,-0.1021661082849074,-0.1009429604390842,-0.08997380631285207,-0.1357771193934879,-0.1022748139008738
9.27,-0.1167078326760972,-0.1154902596666148,-0.1067477787902071,-0.1509078275822615,-0.116819794020521
9.279999999999999,-0.1310811962421278,-0.1298738505068728,-0.1231902258661937,-0.1656397640772967,-0.1311962842655228
9.289999999999999,-0.1452345690123252,-0.1440419940717633,-0.1392317828093905,-0.1799166213500116,-0.1453526474458876
9.300000000000001,-0.159118373406137,-0.1579449838135573,-0.1548053812965015,-0.1936844197134736,-0.1592392992668258
9.31,-0.1726852893525826,-0.1715353528380609,-0.1698466238215622,-0.2068917841621435,-0.1728089134675656
9.32,-0.185890431210897,-0.1847680531025391,-0.1842941449703925,-0.2194902113551193,-0.1860165987913839
9.33,-0.1986914961760583,-0.1976006061370613,-0.1980899604988572,-0.2314343272842649,-0.1988200474655338
9.34,-0.211048888362965,-0.2099932253232252,-0.2111798047112842,-0.242682135393952,-0.2111796552651312
9.35,-0.2229258122077727,-0.2219089101447204,-0.2235134556615417,-0.2531952540703186,-0.2230586136138346
9.359999999999999,-0.2342883182131972,-0.2333135131846675,-0.2350450462942456,-0.2629391416177722,-0.2344229745306641
9.369999999999999,-0.2451053547751194,-0.2441757809804529,-0.2457333580156596,-0.2718833061845242,-0.2452416895611483
9.380000000000001,-0.255348783479399,-0.2544673701518771,-0.2555420916345463,-0.2800014976439533,-0.2554866241277822
9.390000000000001,-0.2649933706398462,-0.2641628404864738,-0.2644401094997703,-0.2872718782024644,-0.2651325489955355
9.4,-0.2740167578352719,-0.2732396268920774,-0.2724016423248111,-0.2936771684746338,-0.2741571107699724
9.41,-0.2823994135507045,-0.2816779923084079,-0.2794064548462322,-0.2992047659119739,-0.2825407835263647
9.42,-0.2901245681668313,-0.2894609638073394,-0.2854399660848781,-0.3038468327541428,-0.2902668038065545
9.43,-0.297178134637408,-0.296574254206904,-0.2904933222179676,-0.307600351053311,-0.2973210913158305
9.44,-0.3035486248578659,-0.3030061715790074,-0.2945634223122167,-0.3104671427709184,-0.3036921577053372
9.449999999999999,-0.309227039850295,-0.3087475190458999,-0.2976528987360104,-0.3124538534344701,-0.3093710058372861
9.460000000000001,-0.3142067515581952,-0.3137914872375839,-0.2997700545182259,-0.3135718983495248,-0.3143510219026544
9.470000000000001,-0.3184834026199903,-0.3181335417220845,-0.3009287592611922,-0.3138373708731388,-0.3186278626962752
9.48,-0.3220547911571516,-0.3217713076261822,-0.3011483039066943,-0.3132709127581585,-0.3221993402554811
9.49,-0.3249207549185211,-0.3247044535383248,-0.3004532133766802,-0.3118975470655492,-0.3250653059388337
9.5,-0.3270830567584574,-0.3269345766319024,-0.2988730154437709,-0.3097464746093856,-0.3272275358648599
9.51,-0.3285452731966925,-0.3284650907697396,-0.2964419643964574,-0.3068508353436632,-0.3286896194507767
9.52,-0.3293126876078354,-0.3293011191536154,-0.2931987190881182,-0.3032474365202611,-0.3294568525921879
9.529999999999999,-0.3293921896165632,-0.3294493928697738,-0.2891859765342916,-0.2989764498422757,-0.3295361368104058
9.539999999999999,-0.3287921913926383,-0.3289181564567882,-0.2844500640318712,-0.2940810802058076,-0.3289358854685603
9.550000000000001,-0.3275225219578541,-0.327717081389334,-0.2790404945355686,-0.2886072089652717,-0.3276659379248053
9.56,-0.3255943528814522,-0.3258571881344023,-0.2730094915251786,-0.2826030149713532,-0.3257374822544147
9.57,-0.3230201376193311,-0.3233507771982567,-0.2664114906902086,-0.2761185769158029,-0.3231629869356356
9.58,-0.3198135523218355,-0.3202113693469126,-0.2593026263863394,-0.2692054607721087,-0.3199561416604969
9.59,-0.3159894456768458,-0.3164536549526856,-0.2517402109971464,-0.2619162963443507,-0.3161318072039057
9.6,-0.3115637975094033,-0.3120934521978521,-0.2437822151284201,-0.2543043471265071,-0.3117059740652544
9.609999999999999,-0.3065536856500075,-0.3071476736562083,-0.2354867560432905,-0.2464230778288422,-0.3066957293888777
9.619999999999999,-0.300977260387965,-0.3016343005768569,-0.2269116009734523,-0.238325724043685,-0.3011192314752626
9.630000000000001,-0.294853727017053,-0.2955723640139588,-0.2181136909752125,-0.2300648685957552,-0.2949956910161564
9.640000000000001,-0.288203341110743,-0.2889819317833917,-0.2091486899287071,-0.2216920291467604,-0.2883453580250993
9.65,-0.281047376591438,-0.2818841000838481,-0.2000705622332704,-0.2132572615932702,-0.281189513292826
9.66,-0.2734081312261037,-0.2743009884971732,-0.1909311818715975,-0.2048087837025493,-0.2735504630753887
9.67,-0.2653089268433851,-0.2662557369822621,-0.1817799748982237,-0.196392623263465,-0.2654515356235212
9.68,-0.2567741060979989,-0.2577725033996391,-0.1726635970732832,-0.1880522947790521,-0.2569170780861119
9.69,-0.2478290280840169,-0.2488764600513044,-0.1636256482486276,-0.1798285083850396,-0.2479724522695005
9.699999999999999,-0.2385000612575877,-0.2395937876934547,-0.1547064251117022,-0.1717589142384179,-0.2386440277092388
9.710000000000001,-0.2288145721299792,-0.2299516654790545,-0.1459427138917037,-0.1638778850804015,-0.2289591705122642
9.720000000000001,-0.2188009082199046,-0.2199782553136742,-0.1373676245481852,-0.1562163390431289,-0.2189462264564263
9.73,-0.2084883772275023,-0.2097026791616232,-0.1290104677460127,-0.1488016040503836,-0.2086344968907558
9.74,-0.1979072176220764,-0.1991549879205566,-0.1208966755521321,-0.1416573243779291,-0.198054206064578
9.75,-0.1870885345234488,-0.1883661205911547,-0.1130477662677237,-0.1348034091133962,-0.1872364586258156
9.76,-0.17606426038953,-0.1773678526040102,-0.1054813531462617,-0.1282560214188923,-0.176213186168386
9.77,-0.1648670909085553,-0.1661927323276507,-0.0982111959677936,-0.1220276066850049,-0.1650170818742457
9.779999999999999,-0.153530406772398,-0.1548740049683016,-0.09124729357610989,-0.11612695690791,-0.1536815224860127
9.789999999999999,-0.1420881822360316,-0.1434455232819806,-0.0845960145813468,-0.110559307958257,-0.1422404770591096
9.800000000000001,-0.1305748801465473,-0.1319416447502507,-0.07826026254421481,-0.1053264658777356,-0.1307284021756229
9.81,-0.1190253333750617,-0.1203971151193334,-0.07223967117831137,-0.1004269579724957,-0.1191801235522905
9.82,-0.1074746128483221,-0.108846938464919,-0.0665308245577747,-0.09585620430437247,-0.1076307042389272
9.83,-0.09595788928772797,-0.09732623421758019,-0.06112749713376142,-0.09160670523682901,-0.09611529987678702
9.84,-0.08451027058880174,-0.08587008186155148,-0.05602090863266268,-0.0876682409843984,-0.08466900176459147
9.85,-0.07316661907182936,-0.07451335429799338,-0.05119998961170708,-0.08402807963232417,-0.07332666875806731
9.859999999999999,-0.06196138759498048,-0.06329054113740951,-0.0466516544312604,-0.08067119079864471,-0.06212274930188361
9.869999999999999,-0.05092843333714384,-0.05223556344940694,-0.04236107941251155,-0.07758046293397813,-0.05109109515515037
9.880000000000001,-0.04010082485888677,-0.04138158174633766,-0.03831198469527541,-0.07473692309914254,-0.04026476861797124
9.890000000000001,-0.02951064470644445,-0.030760799204958,-0.03448691855800246,-0.07211995882007555,-0.0296758452911145
9.9,-0.0191887897884869,-0.02040426233204073,-0.0308675426143929,-0.06970754219544906,-0.01935521459872047
9.91,-0.009164771921368957,-0.01034166145073212,-0.02743491546129351,-0.06747645675839548,-0.00933238046979934
9.92,0.0005334788622956194,-0.0006011335195447165,-0.02416977131652936,-0.0654025276491903,0.0003647352961655415
9.93,0.009879795019242752,0.008790930109008332,-0.02105278933991744,-0.06346085546872748,0.009709984365231572
9.94,0.01884997367264935,0.01781006833160825,-0.01806484899005795,-0.06162605381858405,0.0186791752468955
9.949999999999999,0.02742195071959634,0.02643392467546457,-0.01518726704305395,-0.05987249007594753,0.02725024605504878
9.960000000000001,0.03557595024467426,0.03464240879712743,-0.01240201267581342,-0.05817452847879312,0.03540342404181041
9.970000000000001,0.043294628443939,0.04241784257001768,-0.009691898062476056,-0.05650677416440253,0.04312136939111699
9.98,0.05056319943721858,0.04974508837212843,-0.007040743024131935,-0.05484431643826487,0.05038930090411969
9.99,0.05736954079290437,0.05661165737256585,-0.004433513276393075,-0.05316296924678654,0.05719510140026263
10,0.06370427682526936,0.06300779584671545,-0.001856432696674237,-0.05143950656403223,0.06352940089386855
