step,Z_site1,Z_site8,Z_site16
0,1.0,-1.0,-1.0
1,0.996802985959893,-0.9936110854350314,-0.9968029859598938
2,0.9872731096117284,-0.9746073196819305,-0.9872731096117268
3,0.9715916777437594,-0.9434719934806323,-0.9715916777437567
