step,Z_site1,Z_site8,Z_site16
0,1.0,-1.0,-1.0
1,0.9996007730106291,-0.9996004986205262,-0.9996007730106289
2,0.9984044109505855,-0.9984029562707192,-0.9984044109505855
3,0.9964138503065896,-0.9964097734125814,-0.9964138503065894
