step,Z_site1,Z_site8,Z_site16
0,1.0,-1.0,-1.0
1,0.9998002044226703,-0.9996004587760111,-0.9998002044226703
2,0.9992016542868865,-0.9984027922800505,-0.9992016542868865
3,0.9982059589576651,-0.9964093905527238,-0.9982059589576651
