step,Z_site1,Z_site3,Z_site6
0,1.0,1.0,-1.0
1,0.9604311616717031,0.9604311616717028,-0.9604311616717024
