step,Z_site1,Z_site3,Z_site6
0.0,1.0,1.0,-1.0
1.0,0.9604311616717025,0.960431161671703,-0.9604311616717027
