step,Z_site1,Z_site3,Z_site6
0,1.0,1.0,-1.0
1,0.9987502603949661,0.9987502603949663,-0.9987502603949667
2,0.9950538642441056,0.9950538951310978,-0.9950538642441048
3,0.9890661981560014,0.9890666145928502,-0.9890661981560015
