step,Z_site1,Z_site3,Z_site6
0,1.0,1.0,-1.0
1,0.9604311564868109,0.9604311642251119,-0.9604311564875816
