step,Z_site1,Z_site3,Z_site6
0.0,1.0,1.0,-1.0
1.0,0.9604311616717042,0.9604311616717042,-0.9604311616717041
