t,z_ref_qutip,DOUBLEADAPTIVE,DOUBLEFIXED,SINGLE_SITE_TDVP,TWO_SITE_TDVP
0,1,1,1,1,1
0.01,0.998350933857533,0.9995069924790172,0.9983518412140409,0.9983509334566188,0.9983509334215777
0.02,0.9934149181036025,0.9960983711700733,0.993418742856492,0.9934149212235053,0.9934149209021568
0.03,0.9852254090535876,0.9894188460226224,0.9852308963956674,0.9852254201013754,0.985225418985611
0.04,0.9738378252983421,0.9795136917651067,0.9738443188188514,0.9738378413953539,0.9738378387268758
0.05,0.9593290065026266,0.9664498902259737,0.959335153286996,0.9593290303180699,0.9593290250860631
0.06,0.9417965013486623,0.9503154681477091,0.9418029033092276,0.9417965459837251,0.9417965369034773
0.07000000000000001,0.9213576864690142,0.9312186891385946,0.9213642803232948,0.9213577506728504,0.9213577361097383
0.08,0.8981486222683847,0.9092870522411084,0.8981563163364784,0.8981487193154406,0.8981486970767173
0.09,0.8723228558723238,0.884666101527573,0.8723323402673032,0.8723229822533772,0.8723229490983674
0.1,0.8440499430550982,0.8575180886707647,0.8440617211345866,0.8440501162717021,0.8440500668805113
0.11,0.8135139828089449,0.8280204833611374,0.813530421192743,0.8135142006051599,0.8135141255881736
0.12,0.7809118818155679,0.7963643687423728,0.7809311994342667,0.7809121561076057,0.7809120384267326
0.13,0.7464515892646999,0.7627527281396386,0.7464730060287051,0.7464519869967992,0.7464517959004753
0.14,0.7103503554683835,0.727398647802904,0.7103743299494907,0.7103509455390697,0.710350626786602
0.15,0.6728327347485888,0.6905234466816708,0.6728606127530713,0.6728336407049558,0.672833101475608
0.16,0.634128732095898,0.652354745365435,0.6341638137309731,0.6341301122,0.6341291986572238
0.17,0.5944717812368173,0.6131245182298268,0.5945182910233073,0.5944738913510502,0.5944723563757575
0.18,0.5540968385786564,0.5730671475805866,0.5541566899177097,0.5541000701088344,0.5540975282460536
0.19,0.5132384516407416,0.5324174959858285,0.5133115607991006,0.5132433989183153,0.513239265121493
0.2,0.4721288939881791,0.4914090135530289,0.4722146227217038,0.4721364334201252,0.4721298417528985
0.21,0.4309963535392841,0.450271899801395,0.4310945608976873,0.4310077488945396,0.4309974469900919
0.22,0.390063203782939,0.4092313379437258,0.3901743044517188,0.3900802400638105,0.3900644548768859
0.23,0.3495443718546652,0.368505816995008,0.3496690967453309,0.3495695223528982,0.3495457925997065
0.24,0.3096458177735007,0.3283055567572133,0.3097850427772284,0.3096824490004413,0.3096474196951983
0.25,0.2705631381967559,0.2888310507557641,0.2707174497039121,0.2706157565416525,0.2705649312311169
0.26,0.232480314634183,0.2502717393647902,0.2326494016917949,0.2325548491862536,0.232482295875268
0.27,0.1955685724295805,0.2128048234998242,0.1957513832031706,0.1956727305227679,0.1955707378886408
0.28,0.1599854211578096,0.1765942264379882,0.160181028465418,0.160129088832052,0.1599877701498376
0.29,0.1258738490731282,0.1417897088639793,0.1260816707600346,0.1260695401251384,0.1258763833667073
0.3,0.09336167172230027,0.1085261434927489,0.09358112462434143,0.09362503086991847,0.0933643946850734
0.31,0.06256104119445471,0.07692295025787482,0.06279144848042739,0.06291140027389153,0.06256395698985262
0.32,0.03356811548021154,0.04708369124623585,0.03380861031983051,0.0340290999799282,0.03357122833435788
0.33,0.006462885596098917,0.01909582584300318,0.006712368876673702,0.007063067140197776,0.006466199152404817
0.34,-0.01869084355138245,-0.006969378623514377,-0.01843366014470227,-0.01791725491213564,-0.01868732677592477
0.35,-0.04184532118042934,-0.03105678562759273,-0.04158187478864095,-0.0408577557489222,-0.04184160320188191
0.36,-0.06296857303544756,-0.05312718396204924,-0.06270043121366786,-0.06171936543147039,-0.06296467116311655
0.37,-0.08204402703186923,-0.07315694602853207,-0.08177284821494335,-0.08047764051489176,-0.08203995594397373
0.38,-0.09906997047801153,-0.09113755853164968,-0.09879748379153669,-0.0971222393605351,-0.09906574070869573
0.39,-0.1140589080390887,-0.1070750352585205,-0.113786896930248,-0.1116562983932285,-0.1140545272542106
0.4,-0.1270368210152455,-0.1209892226834977,-0.1267671070326667,-0.1240957214712322,-0.1270322951419015
0.41,-0.138042336913552,-0.1329130098908406,-0.137776763367194,-0.1344683948564819,-0.138037671111763
0.42,-0.1471258216869185,-0.1428914550657087,-0.1468662371562028,-0.1428133403912117,-0.1471210211574785
0.43,-0.1543484073213296,-0.1509808411904941,-0.1540966491134592,-0.1491798194184518,-0.1543434779486456
0.44,-0.1597809675978969,-0.1572476738731043,-0.1595388453338936,-0.1536263997456568,-0.1597759164311152
0.45,-0.1635030491226667,-0.1617676342342749,-0.1632723343867691,-0.1562199975624742,-0.1634978904232128
0.46,-0.1656017835358367,-0.1646244996241474,-0.1653841982754662,-0.1570349057064355,-0.165596542862591
0.47,-0.1661708042844551,-0.1659090446715216,-0.1659679896075515,-0.156151819046115,-0.166165502053883
0.48,-0.1653091234893204,-0.1657179347800555,-0.1651226268749044,-0.1536568670409633,-0.1653037758318125
0.49,-0.1631200348733002,-0.1641526236878621,-0.1629512991840069,-0.1496406627614004,-0.1631146549991114
0.5,-0.1597100374050844,-0.1613182661006409,-0.1595603911115035,-0.1441973768297566,-0.1597046367356817
0.51,-0.1551877888447094,-0.1573226556992898,-0.1550584376015385,-0.1374238438891213,-0.1551823779182356
0.52,-0.1496630982879448,-0.1522751980240904,-0.1495551179820317,-0.1294187083364309,-0.1496576874512605
0.53,-0.143245965901888,-0.1462859268644747,-0.1431602972707777,-0.1202816151796609,-0.1432405658051225
0.54,-0.1360456770867279,-0.1394645718498752,-0.1359831219831692,-0.1101124510054755,-0.1360402989990674
0.55,-0.1281699501098236,-0.1319196839550206,-0.1281311766557807,-0.09901063917970288,-0.1281646132705797
0.5600000000000001,-0.1197241681384973,-0.1237578246158662,-0.1197097062779787,-0.08707449255366634,-0.1197188956515273
0.57,-0.1108106749288365,-0.1150828231169031,-0.1108209087912835,-0.07440062611840259,-0.1108054846402448
0.58,-0.1015281281895659,-0.1059951058767049,-0.1015633007864016,-0.06108343123957111,-0.1015230341298091
0.59,-0.09197093919020163,-0.09659110024390838,-0.09203115851321403,-0.04721461232158963,-0.09196595273980845
0.6,-0.08222878891574847,-0.08696271443010434,-0.08231403533157566,-0.03288278599395583,-0.08222391971309606
0.61,-0.07238622097604418,-0.07719689425256293,-0.07249635578105507,-0.0181731421902328,-0.07238147759232383
0.62,-0.06252231058463203,-0.06737525644114217,-0.06265708554595895,-0.00316716580611659,-0.06251770099315357
0.63,-0.05271040808289923,-0.05757379738912655,-0.05286947574703271,0.01205758301645232,-0.05270593995121708
0.64,-0.04301795448573913,-0.04786267540979028,-0.04320087921124505,0.02742763252038488,-0.04301363554626347
0.65,-0.03350636142400246,-0.03830606381105728,-0.03371263566342819,0.04287370995051187,-0.03350220480607624
0.66,-0.02423097379786853,-0.02896207143052221,-0.02446002215472942,0.05833080269150553,-0.02422699127015793
0.67,-0.01524107765654762,-0.01988272669088453,-0.01549226449887675,0.07373817385341097,-0.0152372770531502
0.68,-0.006579965500110249,-0.01111402074540258,-0.006852605033618731,0.08903933654595281,-0.006576351793227797
0.6899999999999999,0.001714942616063839,-0.002696004882054792,0.001421578333563378,0.1041819913154928,0.001718366497140689
0.7,0.009611931372023607,0.005337062959832994,0.009298607094885392,0.1191179313674245,0.009615163941343208
0.71,0.0170847813270869,0.01295652793826352,0.01675229658186411,0.1338029202614979,0.01708782212753152
0.72,0.02411252448439996,0.02013910984877282,0.02376171538268002,0.1481965467501064,0.02411537382455042
0.73,0.03067916987274659,0.02686664204905326,0.03031091519898432,0.162262061333762,0.03068182868281677
0.74,0.03677340509840867,0.03312578334850358,0.03638863647188767,0.1759661989399511,0.03677587447130298
0.75,0.04238827980807949,0.03890770835706225,0.04198799491019611,0.1892789918987531,0.0423905592832905
0.76,0.04752086866318594,0.04420778163304706,0.04710615382141259,0.2021735771003819,0.04752295995985689
0.77,0.05217193474240118,0.04902522075367033,0.05174398690728482,0.2146260008860525,0.05217384173710327
0.78,0.0563455857493109,0.05336275316051309,0.05590573596081605,0.2266150248552199,0.05634731382854197
0.79,0.06004892972224589,0.05722627131279567,0.05959866769075328,0.2381219353802718,0.06005048531479829
0.8,0.06329173508356427,0.06062449032132794,0.06283273367951464,0.2491303592150195,0.06329312533719489
0.8100000000000001,0.06608609861739839,0.06356861184316448,0.06562023721488386,0.2596260871762204,0.06608733118702259
0.82,0.0684461245388714,0.06607199759961996,0.06797551039239835,0.2695969074774615,0.06844720745702576
0.83,0.07038761737879823,0.06814985544601787,0.06991460445519881,0.2790324499104483,0.07038855898289015
0.84,0.0719277911014909,0.06981894047848325,0.07145499584061232,0.2879240417074551,0.07192859985837802
0.85,0.07308499577568321,0.07109727321824888,0.0726153098776211,0.2962645755861228,0.07308568036516361
0.86,0.0738784633460243,0.07200387647470585,0.07341506356925542,0.3040483901785445,0.07387903322415035
0.87,0.07432807510331504,0.07255853206101354,0.07387442842980851,0.3112711627835282,0.0743285401554607
0.88,0.07445414907149639,0.07278155812654064,0.07401401394174822,0.3179298141558217,0.07445451933500924
0.89,0.07427724848030949,0.07269360748409126,0.07385467184947109,0.3240224248591866,0.07427753396149733
0.9,0.07381801124393415,0.07231548695142187,0.07341732120684036,0.3295481625607971,0.07381822180342845
0.91,0.07309699999953215,0.07166799739991592,0.07272279383156777,0.334507219530664,0.07309714528446282
0.92,0.07213457198465742,0.07077179391166244,0.07179169958369597,0.3389007595290055,0.07213466139045538
0.93,0.07095076779575016,0.06964726519212161,0.07064431067319099,0.3427308732135478,0.07095081044448193
0.9399999999999999,0.06956521767670475,0.06831443117061908,0.06930046401187978,0.3460005411737397,0.06956522259849607
0.95,0.06799706455987603,0.06679285754593911,0.06777948045879795,0.348713603695995,0.06799704073262353
0.96,0.06626490237833456,0.06510158589971293,0.06610009966755775,0.3508747363790826,0.06626485833507134
0.97,0.06438672709903742,0.06325907790508506,0.06428042913172449,0.3524894307476492,0.06438667085638899
0.98,0.06237989995609249,0.06128317210140799,0.06233790594144806,0.3535639790508209,0.06237983898989891
0.99,0.06026112107346803,0.0591910516852151,0.06028926971303583,0.3541054624781371,0.06026106232316153
1,0.05804641194118469,0.05699922178119016,0.05815054513346873,0.3541217420738451,0.05804636183090922
1.01,0.05575110526673327,0.05472349470100302,0.05593703257419624,0.3536214516800484,0.05575106973462951
1.02,0.05338984080451933,0.05237898176948119,0.05366330527200525,0.3526139922873872,0.05338982533444631
1.03,0.05097656586673943,0.04998009039274265,0.05134321164793115,0.3511095272173558,0.05097657552140955
1.04,0.04852453922492048,0.04754052515749119,0.0489898814356664,0.3491189776021641,0.04852457879854871
1.05,0.04604633792117829,0.04507329188071535,0.04661573441533262,0.3466540176659066,0.04604641177306418
1.06,0.04355386523665524,0.04259070366991846,0.04423249069282181,0.3437270693448603,0.04355397722556281
1.07,0.04105835945189362,0.04010438820186291,0.04185118162417423,0.3403512958155941,0.0410585130112483
1.08,0.03857040298634254,0.03762529557823091,0.03948216065313714,0.3365405935280448,0.0385706011983229
1.09,0.0360999313324973,0.03516370626587512,0.0371351135019497,0.3323095823677805,0.03610017699694201
1.1,0.03365624147850958,0.03272923877368722,0.03481906732419188,0.3276735935983297,0.03365653717430428
1.11,0.03124799964692328,0.03033085685431713,0.03254239858765418,0.3226486552615831,0.03124834778484487
1.12,0.02888324829932338,0.02797687614423494,0.03031283959834652,0.317251474742419,0.02888365116616176
1.13,0.02656941249280526,0.0256749702673289,0.02813748369885249,0.3114994182331353,0.02656987225919472
1.14,0.02431330595359653,0.02343217652371898,0.02602278927144325,0.3054104868639314,0.02431382440342111
1.15,0.02212113605151277,0.02125490136512331,0.02397458274800146,0.2990032892969164,0.02212171483313208
1.16,0.01999850938130318,0.01914892592020612,0.02199806087741507,0.2922970106122315,0.01999915015856485
1.17,0.01795043765171024,0.01711941187749988,0.02009779253355637,0.2853113773446739,0.01795114215547033
1.18,0.01598134414480791,0.0151709080598601,0.01827772037392539,0.278066618556599,0.0159821142087832
1.19,0.01409507117962917,0.01330735803364663,0.0165411626936991,0.2705834228568829,0.01409590876122047
1.2,0.01229488891981971,0.01153210908890961,0.01489081587530633,0.2628828912954579,0.01229579610680387
1.21,0.0105835058398876,0.009847922905319773,0.0133287579193157,0.2549864860782125,0.01058448484409424
1.22,0.008963081126682405,0.008256988183862557,0.01185645365997945,0.2469159750580852,0.008964134265875945
1.23,0.007435239448233924,0.006760935478625218,0.0104747624088315,0.238693371965827,0.007436368913330604
1.24,0.006001088233457953,0.005360854408160698,0.009183948910405804,0.2303408723498446,0.006002295465387608
1.25,0.004661235529322401,0.004057313364284054,0.007983698602221256,0.2218807852006558,0.004662522070295438
1.26,0.003415812584118295,0.002850381769856969,0.006873138207862617,0.2133354602445848,0.003417180158728939
1.27,0.002264498230734669,0.001739654868490648,0.005850862620332964,0.2047272109058734,0.002265948708351895
1.28,0.001206545517656849,0.0007242809603875133,0.004914968828623856,0.1960782329594124,0.001208080860709004
1.29,0.0002408105250674959,-0.0001970090683042769,0.004063097299334684,0.1874105189302019,0.0002424327248920499
1.3,-0.0006342168619167183,-0.001025870137956963,0.003292480768657402,0.1787457683425808,-0.0006325058596848843
1.31,-0.001420380506886506,-0.001764309562264255,0.002599999872770653,0.1701052939837747,-0.00141857888504876
1.32,-0.002119824235171305,-0.00241465215178982,0.00198224450775375,0.1615099244230361,-0.002117930393135792
1.33,-0.002734956436231948,-0.002979504198271865,0.001435579329048087,0.1529799031195571,-0.002732969722991307
1.34,-0.00326841503570618,-0.003461716735976339,0.0009562114324188631,0.1445347845584655,-0.003266336189070629
1.35,-0.003723033792785558,-0.003864348498886616,0.0005402580424065939,0.1361933279728479,-0.00372086361320767
1.36,-0.004101805750815121,-0.00419062900528655,0.0001838119853249109,0.1279733893382723,-0.00409954514265537
1.37,-0.004407848731142769,-0.004443922204669937,-0.0001169971677413839,0.1198918124618219,-0.00440549878585772
1.38,-0.004644372001543816,-0.004627691117248367,-0.0003659481681742016,0.1119643201263775,-0.004641934086714983
1.39,-0.004814644486675393,-0.004745463884119783,-0.0005666809369673786,0.1042054063890837,-0.004812120337261638
1.4,-0.004921964890966401,-0.004800801626333007,-0.0007226584410325865,0.09662823126609515,-0.00491935669872956
1.41,-0.004969634065787666,-0.004797268481884609,-0.000837138605412735,0.08924451915982667,-0.004966944562575848
1.42,-0.004960929903251457,-0.004738404148708852,-0.0009131572152051848,0.0820644624953184,-0.004958162437285529
1.43,-0.004899083646173036,-0.004627699207547797,-0.0009535229574838544,0.07509663212475759,-0.004896243594666838
1.44,-0.004787262604503581,-0.004468573432470757,-0.0009608256606916665,0.0683478961293692,-0.004784356652060617
1.45,-0.004628554361260522,-0.004264357222922122,-0.0009374549253718389,0.06182334869165795,-0.004625589205805025
1.46,-0.004425952160874995,-0.004018276216006034,-0.0008856075609979253,0.05552625072458506,-0.00442293456741355
1.47,-0.004182344736027481,-0.003733439067501343,-0.0008072260910452211,0.04945798392418305,-0.004179281588903128
1.48,-0.003900509150383362,-0.00341282832919787,-0.0007038731816936816,0.04361801985542246,-0.003897407498520911
1.49,-0.003583106514390329,-0.003059294297462933,-0.0005768320088115342,0.03800390558552769,-0.003579973604261322
1.5,-0.003232680369550201,-0.002675551658638364,-0.0004275075956982621,0.03261126724276109,-0.003229523661122113
1.51,-0.002851657478552415,-0.0022641787054829,-0.0002575254167508367,0.0274338327014973,-0.002848484640351923
1.52,-0.002442350592379814,-0.001827618844934153,-6.852855365513388e-05,0.02246347437645896,-0.002439169585947365
1.53,-0.002006961544662555,-0.00136818406642214,0.0001378932756165852,0.01769027285207697,-0.00200378219658337
1.54,-0.001547590667690374,-0.0008880599972593828,0.0003601685119107856,0.01310260177992978,-0.001544422730798911
1.55,-0.001066242452019987,-0.0003893121381483011,0.0005968404336684219,0.008687234152290169,-0.001063094800612951
1.56,-0.0005648319454818248,0.000126107156193711,0.000847169587554486,0.004429469708557399,-0.0005617125945019952
1.57,-4.519194505128623e-05,0.0006563514101266543,0.001112722340877337,0.000313282860530506,-4.210805544391238e-05
1.58,0.0004909203320092193,0.001199672949743935,0.001396778923977937,-0.003678509860212176,0.0004939624658536479
1.59,0.001041817574992892,0.001754416497716682,0.001701638500540392,-0.007564064215179078,0.001044812558148978
1.6,0.001605878167392677,0.002319013918030743,0.002028729118397021,-0.01136230629374962,0.001608821558320039
1.61,0.0021815438733385,0.002891980570791763,0.00237936082525636,-0.01509271629468545,0.002184432257818059
1.62,0.002767320132938821,0.003471913705761054,0.002754947778249084,-0.01877510051634174,0.002770150908242841
1.63,0.003361779515051613,0.004057493276891311,0.003157026201085045,-0.02242935431913606,0.003364549882600432
1.64,0.00396356430809919,0.004647485500499926,0.003587231642933175,-0.02607521908096239,0.003966273294410017
1.65,0.004571397099037113,0.005240749411735746,0.004047265475597306,-0.02973203637082283,0.004574045813727057
1.66,0.005184093256495962,0.005836246602615724,0.004538855603129832,-0.03341850271139385,0.00518668484791529
1.67,0.005800576547795748,0.006433054253469517,0.005063719350023088,-0.03715242838217736,0.005803116176808731
1.68,0.006419898218540783,0.007030381497289517,0.005623541591431858,-0.04095050372796338,0.006422393047785802
1.69,0.007041259453375258,0.007627589080984154,0.006219977969621926,-0.04482807638079234,0.007043718647631259
1.7,0.007664037044329323,0.008224212206231263,0.00685468135937628,-0.04879894267767104,0.007666471776450468
1.71,0.008287811999557972,0.00881998634522263,0.007529339603774055,-0.05287515636312728,0.008290235455779338
1.72,0.00891240124707836,0.009414875734438222,0.008245712465082045,-0.05706685740881012,0.008914828110283768
1.73,0.009537890980074177,0.01000910415591078,0.009005663059641122,-0.06138212346729566,0.009540336871879163
1.74,0.01016466962695591,0.01060318752313327,0.009811185321584204,-0.06582684611042411,0.01016715246853828
1.75,0.01079346513326742,0.01119796770154913,0.01066442918971561,-0.070404633591859,0.01079600507943562
1.76,0.01142538114740699,0.01179464691371773,0.01156771890548869,-0.0751167414279531,0.01142800046528353
1.77,0.01206193266717647,0.01239482200974895,0.01252355058152882,-0.07996203162037346,0.01206465561964304
1.78,0.01270508041001946,0.01300051782578815,0.01353455415994653,-0.08493696085915087,0.01270793313520424
1.79,0.01335726306163624,0.01361421880902558,0.01460342802660208,-0.0900355975571836,0.01336027344038054
1.8,0.01402142653274601,0.01423889805775608,0.01573288890038127,-0.09524966708822624,0.01402462403723848
1.81,0.0147010493446358,0.01487804291046879,0.01692566066668466,-0.1005686241406396,0.01470446486324145
1.82,0.01540016448469698,0.01553567621941943,0.01818445003650826,-0.1059797506677424,0.01540382890724068
1.83,0.01612337329332173,0.01621637246253954,0.01951185807798206,-0.1114682775192878,0.01612731723556465
1.84,0.0168758525873024,0.01692526788302806,0.02091027268857315,-0.1170175274818274,0.0168801076270762
1.85,0.01766335754953247,0.01766806389914666,0.02238181293016839,-0.1226090771408529,0.01766795607700999
1.86,0.0184922154553925,0.01845102309704771,0.02392833030955754,-0.128222934705655,0.01849719050760412
1.87,0.01936931104737402,0.01928095720674772,0.02555142883021455,-0.1338377307096008,0.01937469611888898
1.88,0.02030206310020994,0.0201652065645101,0.02725247518273111,-0.1394309183152529,0.02030789192385057
1.89,0.02129839184292725,0.02111161068271666,0.02903259299571914,-0.1449789798184631,0.02130469813778724
1.9,0.02236667704240337,0.02212846967920534,0.03089264657423707,-0.150457635862713,0.02237349422985335
1.91,0.02351570680642597,0.02322449646035513,0.03283322124044818,-0.1558420538515265,0.02352306759373773
1.92,0.02475462010793328,0.02440875970363254,0.03485460604084684,-0.1611070520911226,0.02476255295175922
1.93,0.02609283189993493,0.02569061784388837,0.03695678311631334,-0.1662272963176624,0.02610136276969588
1.94,0.02753995513355818,0.02707964443071842,0.03913942710734697,-0.1711774854733006,0.02754910912564357
1.95,0.0291057163894817,0.02858554538886365,0.04140191842364538,-0.1759325239016767,0.02911551764204895
1.96,0.0307998626984091,0.03021806887709499,0.04374337681285467,-0.1804676775416753,0.03081033425259727
1.97,0.03263206212257801,0.03198690859983544,0.04616272603018956,-0.1847587122079468,0.03264322573172801
1.98,0.03461179916802559,0.03390160157677868,0.04865880312108284,-0.1887820126494816,0.03462367506080555
1.99,0.03674826623132611,0.0359714215153889,0.05123051787328547,-0.1925146817553378,0.03676087283841079
2,0.03905025240269519,0.03820526905626187,0.05387703704443847,-0.1959346200008344,0.03906360605955983
2.01,0.04152603189353583,0.04061156026851265,0.05659791677848591,-0.1990205859599397,0.04154014568724079
2.02,0.0441832564513646,0.04319811485895103,0.05939307976948627,-0.2017522394051344,0.04419813451675236
2.03,0.04702883325884014,0.04597204562213741,0.06226259286135905,-0.2041101691275238,0.04704447688668534
2.04,0.05006882260877843,0.04893965069688394,0.06520632630191747,-0.2060759080938036,0.05008523181818508
2.05,0.05330833767854817,0.05210631020699807,0.06822365058833979,-0.2076319388792442,0.05332551116476264
2.06,0.0567514493232587,0.05547638884979406,0.07131328401376141,-0.2087616924584187,0.05676938432769313
2.07,0.06040109891611125,0.05905314595502237,0.07447330476747455,-0.209449543397446,0.06041979103618206
2.08,0.06425902064884004,0.06283865446922993,0.07770127253818321,-0.2096808042908259,0.06427846360746509
2.09,0.06832567459464139,0.06683373022527339,0.08099439076654341,-0.2094417219557648,0.06834585999033549
2.1,0.07260019169922076,0.07103787273277312,0.08434966005564459,-0.2087194774809872,0.07262110875764355
2.11,0.07708033452724686,0.07544921857233189,0.08776399915442434,-0.2075021917732428,0.07710196705099182
2.12,0.08176247112733576,0.08006450829674305,0.0912343287530647,-0.2057789377991245,0.0817847922965288
2.13,0.08664154575634278,0.0848790675411189,0.09475762280606459,-0.2035397603216376,0.08666452830749022
2.14,0.09171108924744517,0.08988680282690537,0.09833093503761342,-0.2007757036103355,0.09173470617028434
2.15,0.09696323573251876,0.09508021231753738,0.1019514081119303,-0.1974788473805882,0.09698746008042058
2.16,0.1023887534197293,0.1004504115496503,0.1056162718844701,-0.1936423511022324,0.1024135580566255
2.17,0.107977089907825,0.1059871739261349,0.109322836064675,-0.1892605068122805,0.1080024472204467
2.18,0.1137164314868135,0.1116789855190247,0.1130684816085269,-0.1843288006642377,0.1137423130893425
2.19,0.1195937756426105,0.1175131134950141,0.1168506540901413,-0.1788439836318043,0.1196201520982019
2.2,0.1255950157620312,0.1234756872489098,0.1206668611250863,-0.1728041520289903,0.1256218563421991
2.21,0.1317050428111045,0.1295517911152926,0.1245146747055845,-0.1662088387670312,0.1317323093274829
2.22,0.1379078447759932,0.1357255673308026,0.1283917381779616,-0.1590591164766045,0.1379354913294971
2.23,0.1441866093283336,0.1419803277433286,0.1322957766403703,-0.1513577136964335,0.1442145927959207
2.24,0.1505238543898885,0.1482986726142915,0.1362246088154407,-0.1431091451649093,0.1505521340957428
2.25,0.1569015525591787,0.1546626147397617,0.1401761579859024,-0.1343198567435061,0.1569300898107127
2.26,0.1633012580746808,0.161053707028582,0.1441484593947983,-0.1249983845587583,0.1633300156930157
2.27,0.1697042345011443,0.1674531716228711,0.1481396616190918,-0.115155526526797,0.1697331763750108
2.28,0.1760915812274081,0.1738420286290037,0.1521480198006817,-0.1048045225506003,0.1761206719143977
2.29,0.1824443568977857,0.1802012225457162,0.1561718791711561,-0.0939612374888954,0.1824735612916959
2.3,0.1887436980954281,0.186511744529285,0.1602096478856374,-0.08264433873654919,0.1887729810458174
2.31,0.1949709401014069,0.1927547487231233,0.1642597586263183,-0.07087545827848996,0.1950002573367107
2.32,0.2011077044039126,0.1989116609994873,0.1683206186480019,-0.05867932778059404,0.2011370098599113
2.33,0.2071359938152747,0.2049642786121802,0.1723905479327112,-0.04608387502619044,0.2071652462035558
2.34,0.2130382833458598,0.210894859439325,0.1764677050383705,-0.03312027103178505,0.2130674454310293
2.35,0.2187975919645561,0.2166861997008797,0.1805500002895049,-0.01982291950663451,0.2188266298883004
2.36,0.2243975417934182,0.2223216992630371,0.1846349964001523,-0.006229383739305816,0.2244264244699691
2.37,0.2298224042264577,0.227785413886387,0.1887197976149083,0.007619749935121545,0.2298511028275262
2.38,0.2350571327217303,0.2330620940320945,0.192800930049448,0.0216810687745117,0.2350856202628481
2.39,0.2400873822797936,0.2381372101052633,0.1968742179583461,0.03590858338350322,0.2401156333141359
2.4,0.2448995168230471,0.2429969642820978,0.2009346627560276,0.0502540208422334,0.2449275063058167
2.41,0.2494806104138024,0.2476282893323229,0.2049763331178311,0.06466714991260608,0.2495083053929703
2.42,0.2538184101990085,0.2520188351054669,0.2089922746359201,0.07909612669429311,0.253845780880129
2.43,0.2579013164075084,0.2561569435943206,0.2129744457463189,0.09348784984923963,0.2579283388289743
2.44,0.2617183479778886,0.2600316137164224,0.2169136830136575,0.1077883160640873,0.2617450031851962
2.45,0.2652590965119274,0.2636324571605667,0.2207996941806394,0.1219429684531949,0.265285369847944
2.46,0.268513673753384,0.26694964682638,0.2246210730405688,0.1358970328142107,0.2685395542718872
2.47,0.2714726543257311,0.2699738595377913,0.2283653274987538,0.1495958387828971,0.2714981343294972
2.48,0.2741270155673712,0.2726962148330769,0.2320189117883861,0.1629851248154568,0.2741520902667582
2.49,0.276468076374084,0.2751082117235639,0.2355672554272127,0.1760113274486617,0.2764927436576869
2.5,0.2784874390661655,0.2772016653682109,0.2389947842637812,0.1886218564019279,0.2785116973000743
2.51,0.2801769348226663,0.2789686456319567,0.2422849319230781,0.2007653577834484,0.2802007779963537
2.52,0.2815285561147721,0.2804014194808834,0.2454201425262222,0.2123919679594662,0.2815519841291598
2.53,0.2825344209361442,0.2814923991175502,0.2483818675893841,0.223453560565487,0.2825574398713445
2.54,0.2831867364708705,0.2822340976748908,0.2511505617121981,0.2339039887070377,0.2832093577661859
2.55,0.2834777715099625,0.2826190941682902,0.2537056834690579,0.243699323645503,0.2835000112764805
2.56,0.2833998402775212,0.2826400092540371,0.2560257104264944,0.2527980902301478,0.2834217187334838
2.57,0.2829452989048589,0.2822894931601444,0.2580881810873693,0.2611614980740929,0.2829668399204248
2.58,0.282106555568099,0.281560226945763,0.2598697814144825,0.268753666052188,0.2821277863036907
2.59,0.2808760950600068,0.2804449380107775,0.2613464947366546,0.275541836219005,0.2808970456809897
2.6,0.2792465215231758,0.2789364305215711,0.2624938194383498,0.281496571828904,0.2792672217532667
2.61,0.2772106107843198,0.277027631146088,0.263287019578866,0.286591932938079,0.277231088850129
2.62,0.2747613718870084,0.2747116502052419,0.2637013327536429,0.290805622251729,0.2747816617507708
2.63,0.271892139686058,0.2719818580524284,0.2637120767030162,0.2941190936239383,0.2719122802485523
2.64,0.2685966735816973,0.2688319761929606,0.2632946838829694,0.2965176160774606,0.2686167078116503
2.65,0.2648692692298909,0.2652561823551958,0.2624247599757781,0.2979902874846994,0.2648892433993905
2.66,0.2607048822000567,0.2612492284297512,0.2610782347227605,0.2985299941499941,0.2607248452084105
2.67,0.2560992620806085,0.2568065699074536,0.2592316018193511,0.2981333153518729,0.2561192648493631
2.68,0.2510490952749249,0.2519245051754301,0.2568622067475905,0.2968003752151738,0.2510691901979266
2.69,0.2455521545033113,0.2466003227781999,0.2539485461706834,0.2945346477553451,0.2455723949278218
2.7,0.2396074576242203,0.2408324545215961,0.250470560583231,0.291342724180003,0.2396278925225861
2.71,0.2332154157953204,0.2346206320953695,0.2464099147005162,0.2872340541583447,0.2332360923808761
2.72,0.2263779875850832,0.2279660447198221,0.2417502652999758,0.2822206744616199,0.22639895548068
2.73,0.219098836731781,0.2208714951863026,0.2364775171239587,0.2763169389476631,0.2191201469543416
2.74,0.2113834788130107,0.2133415515644441,0.2305800667568864,0.269539263273597,0.2114051828514845
2.75,0.2032394193609387,0.2053826917935929,0.2240490335225923,0.2619058960866296,0.2032615683328431
2.76,0.1946762806723234,0.1970034383638259,0.2168784760703325,0.2534367259925498,0.1946989245469406
2.77,0.1857059146146575,0.1882144803246276,0.2090655935744698,0.2441531306294266,0.1857291014939667
2.78,0.1763424988265155,0.1790287799367418,0.200610910849127,0.2340778709870619,0.1763662742781122
2.79,0.1666026142796017,0.1694616614042146,0.1915184462541448,0.223235030986183,0.1666270202906376
2.8,0.1565053072065446,0.1595308792881477,0.1817958597171235,0.2116499994819774,0.1565303750500373
2.81,0.1460721078245428,0.1492566644098201,0.171454576384205,0.1993494894327562,0.1460978646516325
2.82,0.135327041780948,0.1386617452968946,0.1605098805136247,0.1863615870604159,0.1353535130439574
2.83,0.1242966140449772,0.1277713435105418,0.1489809745372643,0.1727158224566053,0.1243238226507956
2.84,0.1130097616479451,0.1166131415108145,0.1368909992290466,0.1584432522522157,0.1130377271917447
2.85,0.1014977778399297,0.1052172220688653,0.124267012154381,0.1435765446387012,0.1015265159165503
2.86,0.08979420726065239,0.0936159786132072,0.1111399229539849,0.1281500571652475,0.08982372885407597
2.87,0.07793471212664921,0.08184399629763217,0.09754438564101392,0.1121998982850009,0.07796502308050707
2.88,0.0659569098533548,0.06993790399481498,0.08351864992938102,0.09576396453041225,0.06598801042711711
2.89,0.05390018470842479,0.05793619784530502,0.06910437539828695,0.07888194640134694,0.05393206746952228
2.9,0.04180547638385606,0.04587903742004523,0.05434641367317283,0.06159529748463277,0.04183811906146906
2.91,0.02971502072029065,0.03380801597879279,0.03929256452688684,0.04394716292055012,0.02974839709012184
2.92,0.01767209534328734,0.02176590672013601,0.02399331187696052,0.02598226501823553,0.01770617652977025
2.93,0.005720737291221353,0.00979638731481508,0.008501545263692123,0.007746745525453236,0.005755491250731826
2.94,-0.006094558695101503,-0.002056254613553354,-0.007127728242907749,-0.01071203429141809,-0.006059167607048499
2.95,-0.01772915619624552,-0.01374743205330381,-0.02283767753798216,-0.02934573306811838,-0.01769316756606454
2.96,-0.02913860404021635,-0.02523258190080202,-0.03856994319862861,-0.04810530421485515,-0.02910206163798701
2.97,-0.04027897048104893,-0.03646749740874322,-0.05426493364235119,-0.06694130105017293,-0.04024192239632707
2.98,-0.05110718078996758,-0.04740866599350529,-0.06986212197186337,-0.08580420612018247,-0.05106967945703428
2.99,-0.06158135016688546,-0.05801360845221198,-0.0853003464589539,-0.1046447780232406,-0.06154345639193159
3,-0.07166111660120376,-0.06824121554532248,-0.1005181207026867,-0.1234144087614769,-0.07162290301831636
3.01,-0.0813079805275055,-0.07805207786231405,-0.1154539620997143,-0.1420654846711287,-0.08126951898417628
3.02,-0.09048560321087833,-0.08740880489590142,-0.1300467479996629,-0.1605517443788487,-0.09044696460394502
3.03,-0.09916010035613436,-0.09627632929846303,-0.1442361062806972,-0.1788286280519674,-0.09912135499494235
3.04,-0.1073003158434051,-0.1046221923910173,-0.1579628403236787,-0.1968536135664744,-0.1072615337193888
3.05,-0.1148780713944482,-0.1124168071563292,-0.1711693784771029,-0.2145865372987239,-0.114839322349912
3.06,-0.1218683888527645,-0.1196336951829279,-0.1838002280883942,-0.2319899003796958,-0.121829742645353
3.07,-0.1282496820822392,-0.126249694335324,-0.1958024079834199,-0.2490291659483824,-0.1282112083456558
3.08,-0.1340039158598585,-0.1322451343014888,-0.2071258337700284,-0.265673059921448,-0.1339656839653866
3.09,-0.1391167229282207,-0.1376039776033611,-0.2177236376387736,-0.2818938977098645,-0.1390788083803381
3.1,-0.1435775002100211,-0.1423139241319871,-0.2275524157729897,-0.2976679713442336,-0.1435399814551881
3.11,-0.1473794632784133,-0.146366477763179,-0.2365724081738004,-0.312976038168471,-0.147342412445774
3.12,-0.1505196458267909,-0.1497569741049477,-0.2447476244337144,-0.3278039240673695,-0.1504831294207661
3.13,-0.1529988699829112,-0.1524845689248787,-0.2520459332399368,-0.3421431069267189,-0.1529629494762956
3.14,-0.1548216777413235,-0.1545521873140775,-0.2584391332714303,-0.3559907367647543,-0.1547864100564036
3.15,-0.1559962243526258,-0.155966434170564,-0.2639030197528839,-0.3693479649438816,-0.1559616622330689
3.16,-0.1565341350536908,-0.1567374671235369,-0.2684174556281772,-0.3822157881564222,-0.1565003273342732
3.17,-0.1564503270435875,-0.1568788335568059,-0.2719664504042977,-0.3945901936630656,-0.156417318828458
3.18,-0.1557627988624108,-0.1564072739103015,-0.2745382442234267,-0.4064606512890053,-0.1557306318704032
3.19,-0.1544923839269116,-0.1553424939314246,-0.2761253903671634,-0.4178130046078448,-0.1544611033791028
3.2,-0.1526624989282858,-0.1537069090045271,-0.2767248265976463,-0.4286330595562291,-0.152632145944646
3.21,-0.1502988513119914,-0.1515253641000676,-0.2763379246341432,-0.4389081644392521,-0.1502694592411392
3.22,-0.1474291274606734,-0.1488248332481252,-0.2749705075664102,-0.4486272186356801,-0.1474007229497548
3.23,-0.1440826715517276,-0.1456341027453398,-0.2726328268761295,-0.4577801633806116,-0.1440552754638708
3.24,-0.1402901546613248,-0.1419834425410859,-0.2693394936352722,-0.4663574450896287,-0.1402637828519885
3.25,-0.1360832387231442,-0.1379042704092143,-0.2651093619782653,-0.4743495655119904,-0.1360579026894715
3.26,-0.1314942400149723,-0.1334288135922511,-0.2599653666675993,-0.4817467135278022,-0.1314699474340618
3.27,-0.1265557968377333,-0.1285897726085221,-0.2539343200157282,-0.488538457494131,-0.1265325520105423
3.28,-0.1213005452195741,-0.12341999184696,-0.2470466760795505,-0.4947134883366621,-0.1212783501862343
3.29,-0.1157608053112859,-0.1179521414455953,-0.2393362713967594,-0.5002594128360157,-0.1157396641615981
3.3,-0.1099682992307639,-0.1122184147586486,-0.2308400511792359,-0.5051625964010182,-0.1099482115709227
3.31,-0.1039538732168181,-0.1062502454596597,-0.221597787713822,-0.5094080521392192,-0.1039348337899482
3.32,-0.09774724933817719,-0.1000780480009268,-0.2116517941946047,-0.5129793761823731,-0.0977292490846674
3.33,-0.09137680677265589,-0.09373098475512653,-0.2010466334709742,-0.5158587361536363,-0.09135983371384782
3.34,-0.08486939365763235,-0.08723676271009539,-0.1898288188788173,-0.5180269233903133,-0.08485343362389874
3.35,-0.0782501716322641,-0.08062146208242854,-0.1780465048473008,-0.5194634771707553,-0.07823520885608637
3.36,-0.07154249463786404,-0.07390939867012686,-0.16574916860647,-0.5201468831470087,-0.07152851223148005
3.37,-0.06476782296200503,-0.06712302118901747,-0.152987289697487,-0.5200548419816355,-0.06475480329769168
3.38,-0.05794567202877884,-0.06028284424246377,-0.1398120386721737,-0.5191645996965146,-0.0579335979236526
3.39,-0.05109359736809131,-0.05340741696909235,-0.1262749882227598,-0.5174533286715406,-0.05108245332443667
3.4,-0.04422721887865808,-0.04651332680992526,-0.1124278583514865,-0.5148985470886858,-0.04421698769863752
3.41,-0.0373602697940827,-0.03961523724491706,-0.09832230304729173,-0.5114785643736481,-0.037350933076232
3.42,-0.03050468065383887,-0.03272595777984094,-0.08400974104079645,-0.5071729404950345,-0.03049621941629987
3.43,-0.02367069231749393,-0.02585654392714487,-0.06954122904233284,-0.5019629476541327,-0.02366308747112017
3.44,-0.0168669947620557,-0.01901642442782758,-0.05496737307378896,-0.495832023842244,-0.01686022745616073
3.45,-0.01010088828134512,-0.01221355251403772,-0.04033827194716799,-0.4887662088972414,-0.01009494014268969
3.46,-0.003378463346015638,-0.005454577622210188,-0.02570348610204182,-0.4807545550012995,-0.003373316629460998
3.47,0.003295204908404358,0.001254966357988996,-0.0111120243915635,-0.4717895049671177,0.003299567241268675
3.48,0.009915852203716175,0.007910460466083791,0.003387659229726503,-0.4618672330950414,0.009919446074469374
3.49,0.01647981348527,0.0145079920264124,0.01774766771571501,-0.450987944782787,0.01648265410851213
3.5,0.0229838101954066,0.02104414241192731,0.03192067037631074,-0.4391561323738841,0.02298591284136414
3.51,0.02942474177265618,0.02751577566080643,0.04585992789303128,-0.4263807858917059,0.029426121514597
3.52,0.03579948320470919,0.03391983231659135,0.05951933956296374,-0.412675558288941,0.03580015476378839
3.53,0.04210469387799587,0.04025313270663666,0.0728535173354945,-0.3980588856287525,0.04210467155453962
3.54,0.04833664158372445,0.0465121936391687,0.08581788896125475,-0.3825540632000838,0.04833593925692309
3.55,0.05449104519319477,0.05269306219076914,0.09836883064657431,-0.3661892789655735,0.05448967637339835
3.56,0.06056293911218533,0.05879116988009925,0.1104638282371972,-0.3489976059669888,0.06056091703183686
3.57,0.06654656215556022,0.0648012100868891,0.1220616651054887,-0.3310169553983583,0.066543899894702
3.58,0.07243527226355563,0.07071704108651944,0.1331226344027467,-0.3122899920335042,0.07243198362597864
3.59,0.07822149112283772,0.07653161653837182,0.1436087730019507,-0.2928640135965921,0.07821759050944188
3.6,0.08389667731940474,0.08223694470122078,0.1534841142448006,-0.2727907955237258,0.08389217923548314
3.61,0.08945132822041382,0.08782407706117529,0.1627149565541292,-0.2521264024099241,0.08944624728077322
3.62,0.09487501173103549,0.09328312645896208,0.1712701451289709,-0.2309309672931565,0.09486936270646534
3.63,0.1001564267164296,0.09860331420482538,0.1791213643316948,-0.2092684398145831,0.1001502246086793
3.64,0.1052834907468529,0.1037730450836228,0.1862434390144435,-0.1872063042252563,0.1052767508809299
3.65,0.1102434532791926,0.1087800085929355,0.1926146438591211,-0.1648152681928465,0.110236191403314
3.66,0.1150230318834796,0.1136113042369028,0.1982170203671133,-0.142168923402029,0.115015264268419
3.67,0.1196085684882632,0.1182535882304278,0.2030366997368976,-0.119343379040677,0.1196003121988047
3.68,0.1239862011513008,0.1226932385604353,0.2070642225777194,-0.09641686942096722,0.123977475914558
3.69,0.1281420546064779,0.1269165350055509,0.2102948281036225,-0.07346933720005389,0.1281328808796153
3.7,0.1320624352889736,0.1309098504320809,0.2127286569980436,-0.05058199393994212,0.1320528335985099
3.71,0.1357340324695018,0.1346598494639748,0.2143707930274841,-0.0278368600846981,0.1357240234560079
3.72,0.1391441215242719,0.1381536904756074,0.2152310969861885,-0.005316286843650764,0.139133725994154
3.73,0.1422807645285057,0.1413792267890799,0.2153238810926288,0.01689753703059116,0.1422700035059965
3.74,0.1451330041194041,0.144325202980978,0.2146675723578774,0.03872308995620599,0.1451218988930335
3.75,0.147691046723374,0.146981442317961,0.2132845010860233,0.06008002929670525,0.1476796188822258
3.76,0.1499464314690611,0.1493390215407457,0.2112008070107264,0.08088970460409883,0.1499347029251771
3.77,0.1518921807465083,0.1513904294922934,0.2084463385818515,0.1010756649135277,0.151880174401589
3.78,0.1535229295871112,0.1531297064285325,0.2050544447903948,0.1205641494411033,0.153510671114962
3.79,0.1548350379070065,0.1545525612489858,0.201061647512739,0.1392845446189015,0.1548225524931352
3.8,0.1558266693640524,0.1556564643328087,0.1965072338823697,0.1571697762815369,0.155813981380121
3.81,0.1564978457445972,0.156440714155228,0.1914328118477288,0.1741565719452151,0.1564849788193715
3.82,0.1568504736841204,0.1569064763822894,0.1858818575685737,0.1901854415873039,0.1568374507706832
3.83,0.1568883428267943,0.1570567946887014,0.1798992696340398,0.2052000072453389,0.1568751862625309
3.84,0.1566170954900762,0.1568965731031889,0.1735309366553556,0.2191449709640883,0.1566038270466803
3.85,0.1560441684593337,0.1564325302463615,0.1668233204733846,0.2319640419520566,0.1560308093808008
3.86,0.1551787080787706,0.1556731263753092,0.1598230553485109,0.2436136284382043,0.1551652791061127
3.87,0.1540314589667466,0.1546284646751951,0.1525765629897584,0.2540869879278796,0.154017981699401
3.88,0.1526146319716899,0.1533101687302653,0.1451296835377399,0.2633843778895156,0.1526011294519162
3.89,0.1509417548272142,0.1517312385542803,0.1375273232849572,0.2714860673074017,0.150928248352272
3.9,0.1490274984113721,0.1499058879550462,0.1298131207435339,0.2783695562668724,0.1490140076177401
3.91,0.1468874920951584,0.1478493663405784,0.1220291334644345,0.2840219783343984,0.1468740351218283
3.92,0.1445381285590308,0.1455777683400843,0.1142155486431597,0.2884413133469153,0.1445247221996173
3.93,0.1419963616308026,0.1431078348062098,0.1064104209409484,0.2916351242764517,0.1419830214723744
3.94,0.1392795008697529,0.1404567488831552,0.09864944107889273,0.2936193521351775,0.1392662414168869
3.95,0.1364050066289631,0.1376419308672043,0.0909657386241397,0.2944174102592447,0.1363918414120193
3.96,0.133390289256434,0.1346808355519333,0.08338972199736111,0.2940594709211292,0.133377230926425
3.97,0.1302525139746915,0.1315907556414956,0.07594895811324748,0.2925818474009619,0.1302395763694507
3.98,0.1270084219442421,0.1283886346353914,0.06866809325709766,0.2900264154534768,0.1269956189163621
3.99,0.1236741628692092,0.1250908923416839,0.06156881584988128,0.2864400459760047,0.1236615063446194
4,0.1202651413528492,0.1217132658691472,0.05466986072370345,0.2818740367395062,0.120252641587007
4.01,0.1167958845148949,0.1182706685900421,0.04798705348840387,0.2763835399800708,0.1167835503277157
4.02,0.1132799305600223,0.1147770691630348,0.0415333925874446,0.2700269875725115,0.1132677695480563
4.03,0.109729739753845,0.1112453922697779,0.03531916577664779,0.2628655181471538,0.1097177584788011
4.04,0.1061566287929205,0.1076874422592672,0.02935209705765846,0.2549624117949535,0.1061448329460835
4.05,0.1025707290751341,0.1041138504213165,0.0236375195840689,0.2463825384438114,0.1025591236177886
4.06,0.09898096877401116,0.1005340461347039,0.01817856973699739,0.2371918258722127,0.09896955817726716
4.07,0.09539507671283083,0.09695625166599253,0.01297639742550483,0.2274567528346438,0.09538386698121354
4.08,0.09181961478031396,0.09338749994062678,0.008030387679526296,0.2172438720281459,0.0918086113079451
4.09,0.08826002609225185,0.08983367417675714,0.003338388736150777,0.2066193667218015,0.08824923287984793
4.1,0.08472070306028838,0.08629956787211762,-0.001103057958356135,0.195648643876257,0.08471012295758573
4.11,0.08120507404218376,0.08278896327228419,-0.005298490126128153,0.1843959655640819,0.08119470896036562
4.12,0.07771570517790573,0.0793047261314741,-0.00925330338708491,0.1729241195216865,0.07770555627230014
4.13,0.07425441483027631,0.07584891431026675,-0.01297353996171924,0.1612941287685016,0.07424448265412265
4.14,0.07082239786505849,0.07242289754271802,-0.01646569060010028,0.1495649994562638,0.0708126824955761
4.15,0.06742035688045549,0.06902748555138966,-0.01973651261063875,0.1377935054832617,0.06741085801885532
4.16,0.06404863710662334,0.06566306159415669,-0.02279286647623835,0.1260340079322593,0.06403935447832054
4.17,0.06070736172745456,0.06232971849159813,-0.02564157314607557,0.1143383070592793,0.06069829639573443
4.18,0.05739656966252776,0.05902739420715025,-0.02828929364790733,0.1027555243556812,0.0573877219221316
4.19,0.05411634332705218,0.05575600413176579,-0.03074243211699823,0.09133201210530123,0.05410771252409263
4.2,0.05086693064606912,0.05251556735743901,-0.03300706259923125,0.08011128783881505,0.05085851535019392
4.21,0.04764885768742078,0.04930632440521115,-0.03508887899963808,0.06913399112919388,0.04764065583799482
4.22,0.0444630293397424,0.04612884409857165,-0.03699316638101868,0.05843786025897663,0.04445503836786008
4.23,0.04131081612288973,0.04298411753652087,-0.03872479078451152,0.04805772640989281,0.04130303305133742
4.24,0.03819412552876272,0.03987363741613315,-0.04028820439760888,0.03802552316771268,0.03818654705223723
4.25,0.03511545662351991,0.03679946127606759,-0.04168746363977544,0.02837030929177242,0.03510807917160169
4.26,0.0320779364862786,0.03376425757331764,-0.04292625905456576,0.01911830286226041,0.03207075677629923
4.27,0.02908533899266368,0.03077133385922487,-0.044007956064681,0.0102929250835162,0.02907835450863328
4.28,0.02614208710539603,0.027824646680358,-0.04493564326613525,0.001914852184370708,0.02613529457402197
4.29,0.02325323329114532,0.02492879318807395,-0.04571218154510587,-0.005997925985438635,0.02324662875945716
4.3,0.0204244237017022,0.02208898479031307,-0.04634024706557993,-0.01343004191133917,0.02041800268062616
4.31,0.01766184549086622,0.01931100351327147,-0.04682236614701218,-0.02036868202449738,0.01765560308480896
4.32,0.0149721583206435,0.01660114205300395,-0.04716094682077548,-0.02680351492760213,0.01496608934473709
4.33,0.0123624114741379,0.01396612878273629,-0.04735831501380949,-0.03272661706012803,0.01235651056074455
4.34,0.00983994824489972,0.01141303923863857,-0.04741676116361748,-0.03813239649537897,0.009834209940942418
4.35,0.007412299491630175,0.008949195834684731,-0.04733859831916698,-0.04301751543418292,0.007406718348231811
4.36,0.005087067803420019,0.0065820577570887,-0.04712622885769668,-0.04738081183768572,0.00508163908604492
4.37,0.002871806633268218,0.004319103160909277,-0.04678221529465959,-0.05122322052505385,0.00286652613969518
4.38,0.0007738949285568912,0.002167705931695352,-0.04630935087264032,-0.05454769395219194,0.0007687581956505873
4.39,-0.00119959165472788,0.0001350093766377403,-0.04571072669663745,-0.05735912278613992,-0.001204589173906867
4.4,-0.003042007982909468,-0.001772200736241514,-0.04498979339865983,-0.05966425629798461,-0.003046870749339126
4.41,-0.004747263700460727,-0.003547621369814846,-0.04415041631978034,-0.06147162251627275,-0.00475199592847092
4.42,-0.006309942170764982,-0.00518555326589365,-0.04319692389513025,-0.06279144801441305,-0.006314547676760096
4.43,-0.007725411852981378,-0.006681015561666448,-0.04213414931988912,-0.06363557715032031,-0.007729893914027064
4.44,-0.008989927994591317,-0.008029851804062849,-0.04096746569819321,-0.06401739053566263,-0.008994289217335416
4.45,-0.01010072270141075,-0.009228825334928137,-0.03970281478481474,-0.06395172248602532,-0.01010496488129192
4.46,-0.01105608217051259,-0.01027570219016893,-0.03834672918839627,-0.06345477719246151,-0.01106020556929393
4.47,-0.0118554070758475,-0.01116931985720926,-0.03690634759252093,-0.06254404335941866,-0.01185941100873511
4.48,-0.01249925832756064,-0.01190964046758064,-0.03538942225042097,-0.06123820707345046,-0.01250314142646008
4.49,-0.01298938564100643,-0.01249778726056905,-0.03380431780747006,-0.05955706270118438,-0.01299314568422077
4.5,-0.01332873759439778,-0.01293606343036641,-0.03216000049224438,-0.05752142166250862,-0.01333237135307369
4.51,-0.01352145315332757,-0.01322795275568084,-0.0304660169724944,-0.0551530189849111,-0.01352495625692218
4.52,-0.01357283449110293,-0.01337810170298437,-0.02873246272478114,-0.05247441761579613,-0.01357620131384563
4.53,-0.01348930123547933,-0.01339228299071521,-0.0269699404901067,-0.04950891054958323,-0.0134925248054989
4.54,-0.01327832657255316,-0.01327734089941923,-0.02518950986171564,-0.04628042091357093,-0.01328139850496018
4.55,-0.01294835599968506,-0.01304111890777088,-0.02340262854429076,-0.04281340024864744,-0.01295126638757943
4.56,-0.01250870987043922,-0.01269237052129235,-0.02162108377000888,-0.03913272531579937,-0.01251144693329675
4.57,-0.01196946952146345,-0.01224065443471012,-0.01985690943433283,-0.03526359385475436,-0.011972020298257
4.58,-0.01134135145977877,-0.01169621542615606,-0.01812228317494236,-0.03123141981510325,-0.01134370188425721
4.59,-0.01063556921930485,-0.0110698526187481,-0.01642940016277816,-0.02706172867154855,-0.01063770406280984
4.6,-0.009863685167249454,-0.01037277695937555,-0.0147903258586034,-0.02278005352321977,-0.009865588012866189
4.61,-0.009037454554571481,-0.009616459952284551,-0.01321683481857638,-0.01841183276359543,-0.009039107804292623
4.62,-0.008168664084468721,-0.008812475843340162,-0.01172024451187392,-0.01398231019654089,-0.008170049000149282
4.63,-0.007268967379521537,-0.007972339576139575,-0.01031125214591766,-0.009516438573354324,-0.007270064157544109
4.64,-0.006349719798543414,-0.007107342931371718,-0.008999779623700688,-0.005038787649634613,-0.006350507677211625
4.65,-0.005421815103135865,-0.006228391313544357,-0.007794828410400634,-0.0005734580322387939,-0.005422272484816415
4.66,-0.004495526253153461,-0.005345843663379091,-0.006704343789310618,0.003855997659164667,-0.004495631021532775
4.67,-0.003580353090196667,-0.004469357949421049,-0.005735087244297887,0.008226644403237782,-0.0035800829774153
4.68,-0.002684879460034601,-0.003607744628791376,-0.00489251598263285,0.01251622265845748,-0.002684212119007767
4.69,-0.001816641345722922,-0.002768830365880104,-0.004180669252254798,0.01670319114838081,-0.00181555444345749
4.7,-0.000982008390368003,-0.001959334160451964,-0.00360206184373596,0.0207667500114152,-0.0009804797368475615
4.71,-0.0001860807159523791,-0.00118475786534189,-0.003157586006000579,0.02468683842655894,-0.0001840884266309795
4.72,0.0005673972888266677,-0.0004492928706328336,-0.002846423960099931,0.02844409989751462,0.0005698746000667443
4.73,0.001276104784094448,0.0002442555008962399,-0.002665974154481887,0.032019809493739,0.001279087785736321
4.74,0.001939192738697262,0.0008945245999922857,-0.002611795147131502,0.03539576386415644,0.001942701141312009
4.75,0.002557312183118047,0.001501631050836283,-0.00267757129759838,0.03855415166302884,0.002561364063866922
4.76,0.003132620946475712,0.002067186632610629,-0.002855104175527923,0.0414774517854154,0.003137232164331927
4.77,0.003668768189391085,0.00259429303876868,-0.003134332763266023,0.04414843961300374,0.003673952847681461
4.78,0.004170859349998994,0.003087515425529985,-0.00350338430027719,0.04655038501191155,0.004176629703639856
4.79,0.004645399755256248,0.003552834978744479,-0.003948656198711542,0.04866746138120687,0.004651766080806641
4.8,0.005100218084509727,0.00399758104240483,-0.004454928046649986,0.05048526323249741,0.005107188525849127
4.81,0.005544370670882137,0.004430343656249003,-0.005005501440591476,0.05199124125749255,0.005551951066952721
4.82,0.005988027900221733,0.004860867637695554,-0.005582364322061162,0.05317489700094846,0.005996221602119989
4.83,0.006442344228172471,0.005299929609369591,-0.006166375673350544,0.05402770758380465,0.006451151913410502
4.84,0.006919313586897341,0.00575919961486826,-0.006737465893569217,0.05454286551382648,0.006928733063587156
4.85,0.007431613572378618,0.00625108918064976,-0.007274847981188437,0.05471495444231939,0.007441638137860584
4.86,0.007992435383715206,0.006788587870291796,-0.007757234847834416,0.05453965583488785,0.008003054467436321
4.87,0.008615307355351546,0.007385090536254857,-0.008163058708416715,0.05401353822017341,0.008626507610179079
4.88,0.009313914157836729,0.008054217599483771,-0.008470689498493833,0.05313394572947033,0.009325679465435277
4.89,0.01010191150366795,0.008809630774472388,-0.008658650527828382,0.05189897992956588,0.01011422296289133
4.9,0.01099273988183682,0.009664846703713759,-0.008705830849322194,0.0503075555597246,0.01100557578916739
4.91,0.01199943976916468,0.01063305097015965,-0.008591694793554538,0.04835950660871613,0.01201277560036401
4.92,0.01313447071313035,0.01172691492053163,-0.008296489498962445,0.04605572367058536,0.01314827911502781
4.93,0.01440953659066454,0.01295841765830363,-0.007801450903015372,0.04339831089531304,0.01442378739145905
4.94,0.01583541944437099,0.01433867545552703,-0.007089007625007693,0.04039075495419631,0.01585007946811678
4.95,0.01742182553574045,0.0158777806900805,-0.006142980767620265,0.03703809883436704,0.01743685638905568
4.96,0.0191772366843406,0.01758465224239425,-0.004948776318421444,0.03334711291136649,0.01919259745108476
4.97,0.02110878199461078,0.01946689908656962,-0.003493565935214271,0.02932645630098246,0.0211244302997956
4.98,0.02322212412894679,0.02153069858883833,-0.001766451669893698,0.02498682274409514,0.02323801627187783
4.99,0.02552136105559467,0.02378069078645534,0.0002413893809605216,0.0203410666136023,0.02553745213584563
5,0.02800894508148161,0.0262198896671178,0.002536583600005637,0.01540430580346963,0.02802518912740992
5.01,0.03068561980554906,0.02884961220862059,0.005123464524657007,0.01019399929263431,0.03070196991382912
5.02,0.03355037536565317,0.0316694256757683,0.008004002550306089,0.00472999812820929,0.03356678385887024
5.03,0.03660042209332139,0.03467711341157148,0.01117776060870967,-0.0009654305662396556,0.03661684070096327
5.04,0.03983118310558566,0.0378686591064914,0.01464187506622522,-0.006867606243503244,0.03984756250648769
5.05,0.04323630526479144,0.04123824928693132,0.01839106059709616,-0.0129494634519296,0.04325259352200428
5.06,0.04680768108982756,0.04477829353520391,0.02241763747221437,-0.01918160522198886,0.04682382732745843
5.07,0.05053549554038696,0.04847946174128892,0.02671157952724013,-0.02553238040121553,0.05055145049038473
5.08,0.05440828563088136,0.05233073749451589,0.03126058101314266,-0.03196798434461634,0.05442400174162465
5.09,0.05841301399437284,0.05631948655412655,0.03605014057317246,-0.03845258286292658,0.0584284455384031
5.1,0.06253515556447174,0.06043153919381161,0.04106366072012901,-0.04494845989252183,0.06255025875240433
5.11,0.06675879601419409,0.06465128509890217,0.04628256138567211,-0.05141618986704888,0.06677352911973133
5.12,0.07106674051792659,0.0689617794065519,0.05168640634878907,-0.05781483613962501,0.07108106401680109
5.13,0.07544063135745702,0.0733448584190961,0.05725304158232747,-0.06410217694937648,0.07545450808109683
5.14,0.07986107389457607,0.07778126348779085,0.06295874473456586,-0.07023496030687382,0.0798744681775011
5.15,0.08430776666024038,0.08225077155678162,0.06877838503065181,-0.07616918878839707,0.08432064421832824
5.16,0.08875963373879614,0.08673233087398224,0.07468559278447273,-0.08186043460984255,0.08877196437645685
5.17,0.09319496569628648,0.09120420041456806,0.08065293742688628,-0.0872641845477774,0.09320672328383683
5.18,0.09759155949857325,0.09564409162197574,0.08665211250202909,-0.09233621334108932,0.09760272187954483
5.19,0.1019268587515216,0.1000293111485951,0.092654125542176,-0.09703298318580006,0.1019374076597903
5.2,0.1061780931942205,0.1043369033712251,0.09862949023470569,-0.1013120658560843,0.1061880141835013
5.21,0.1103224164122869,0.1085437915623318,0.1045484179860557,-0.1051325828600675,0.1103316987985074
5.22,0.1143370408560862,0.112626916714176,0.1103810059798619,-0.108455657876372,0.1143456776714434
5.23,0.1181993693710479,0.1165633731357583,0.1160974191721184,-0.1112448745273835,0.1182073573262081
5.24,0.1218871234348465,0.1203305400681779,0.1216680643459109,-0.1134667313527749,0.1218944620180883
5.25,0.1253784641355021,0.1239062086883812,0.1270637552742555,-0.1150910846998434,0.1253851563905455
5.26,0.1286521096159761,0.1272687039905829,0.132255869066369,-0.1160915692215424,0.1286581629765437
5.27,0.1316874482431495,0.130397001145755,0.1372164947143526,-0.1164459848737044,0.1316928742136334
5.28,0.134464644876758,0.1332708360409541,0.1419185755150173,-0.1161366388600273,0.1344694587399388
5.29,0.1369647412735976,0.1358708097909802,0.146336047251211,-0.1151506310331142,0.1369689618248272
5.3,0.1391697505563842,0.1381784870945245,0.1504439737156402,-0.1134800719672678,0.1391733998620459
5.31,0.1410627457367651,0.1401764883749823,0.1542186804364254,-0.1111222243949855,0.1410658489137407
5.32,0.1426279423281599,0.1418485757018786,0.1576378865443081,-0.1080795610115642,0.1426305273402223
5.33,0.1438507751331482,0.1431797325318108,0.1606808338805201,-0.1043597347839205,0.1438528725826925
5.34,0.1447179694148159,0.1441562373374052,0.163328411886636,-0.09997546172183114,0.144719612184599
5.35,0.1452176055780921,0.144765731209262,0.1655632766070605,-0.09494432032748801,0.1452188291424223
5.36,0.1453391794444294,0.1449972795194671,0.1673699622008413,-0.08928847625797931,0.1453400216696453
5.37,0.1450736566565513,0.1448414277268337,0.1687349835602309,-0.08303434465680604,0.145074157439533
5.38,0.1444135213986922,0.1442902513849801,0.1696469288271476,-0.0762122056572529,0.1444137223449578
5.39,0.1433528196422876,0.1433374003861448,0.1700965406898141,-0.0688557903216272,0.143352763778477
5.4,0.1418871968801549,0.1419781374381149,0.1700767852958949,-0.0610018544987937,0.1418869283953802
5.41,0.1400139302680114,0.1402093707312079,0.1695829074534572,-0.05268975671680082,0.1400134942784447
5.42,0.137731955046772,0.1380296807088927,0.1686124705606482,-0.0439610534708017,0.1377313973781009
5.43,0.1350418850536716,0.1354393408118609,0.1671653794805991,-0.03485912151332865,0.1350412520577036
5.44,0.1319460270082227,0.1324403320238037,0.1652438844354166,-0.02542881252563955,0.1319453655328975
5.45,0.128448388850292,0.1290363510100084,0.1628525639994891,-0.01571614139814781,0.1284477459589514
5.46,0.1245546812272401,0.1252328116098363,0.1599982854774054,-0.005768005765487194,0.1245541038920936
5.47,0.1202723119859589,0.1210368394230582,0.1566901413789131,0.004368068215561682,0.120271846832422
5.48,0.1156103734663868,0.1164572592194958,0.1529393613445465,0.01464416040628469,0.115610066548231
5.49,0.110579622287049,0.111504574902503,0.148759199691603,0.02501217854044291,0.1105795188860052
5.5,0.1051924513435641,0.1061909417700151,0.1441647996783411,0.03542407385350177,0.1051925957875905
5.51,0.0994628537718239,0.1005301308423661,0.1391730365525415,0.04583205568613008,0.09946328926693804
5.52,0.09340637867197613,0.09453748506394655,0.1338023423938978,0.05618880856505359,0.09340714714340959
5.53,0.08704007849501587,0.08822986723595605,0.1280725166328687,0.06644771341687283,0.08704122038660711
5.54,0.08038244792899364,0.081625599599851,0.1220045269055042,0.07656307281183011,0.08038400199855689
5.55,0.07345335414619246,0.07474439506522956,0.1156203055622754,0.08649033863812872,0.07345535744164344
5.56,0.06627395901671466,0.06760728016085615,0.1089425476457515,0.09618633947439104,0.0662764467136075
5.57,0.05886663302273634,0.06023650988208379,0.1019945164003508,0.1056095041937903,0.05886963827225267
5.58,0.05125486132952321,0.05265547471005416,0.09479986224671683,0.1147200779812271,0.05125841512030543
5.59,0.04346314244262039,0.04488860018559482,0.08738246050113585,0.1234803269235734,0.04346727347248508
5.6,0.03551687998535005,0.03696123953072472,0.07976627185659657,0.1318547275722111,0.0355216145398336
5.61,0.02744226824219872,0.02889955992055759,0.07197522780887244,0.1398101383032411,0.02744763007781825
5.62,0.01926617222081596,0.02073042311482598,0.06403314104688784,0.1473159498462968,0.01927218245181728
5.63,0.01101600366858636,0.01248126125871585,0.05596363877367549,0.154344212963701,0.01102268007340534
5.64,0.002719592164403353,0.004179948754005069,0.04779011553333035,0.1608697418986634,0.00272694915067867
5.65,-0.00559494653393335,-0.004145328818343841,0.03953570183368604,0.1668701928501115,-0.005586897227125354
5.66,-0.01389934217688616,-0.01246620767658602,0.03122324572356888,0.1723261173585622,-0.01389059158850059
5.67,-0.02216530298537713,-0.02075427961922038,0.02287530598499016,0.1772209910939123,-0.02215584503511503
5.68,-0.03036464791729019,-0.02898122547690551,0.01451415679533186,0.1815412191141242,-0.03035447950120018
5.69,-0.03846943707925788,-0.03711894708899521,0.006161803789046572,0.1852761192017379,-0.03845855815870891
5.7,-0.04645209914189612,-0.04513969666382595,-0.002159989684729913,0.1884178853664151,-0.04644051282568618
5.71,-0.05428555465347778,-0.05301620240757732,-0.01042966889118452,0.1909615340050829,-0.05427326727212733
5.72,-0.06194333415842653,-0.06072178935241668,-0.01862585037425157,0.1929048355143648,-0.06193035537562874
5.73,-0.06939968867743802,-0.06823049438024786,-0.02672728448082723,0.1942482343329601,-0.06938603315732206
5.74,-0.07662969776251685,-0.0755171745230413,-0.03471282009013754,0.1949947604406254,-0.07661538382583521
5.75,-0.08360936640642627,-0.08255760772310416,-0.04256137249878539,0.1951499352503611,-0.08359441507121246
5.76,-0.09031571292186387,-0.08932858535530513,-0.05025189447631023,0.1947216746057919,-0.09030014797981717
5.77,-0.09672684900133427,-0.09580799594595568,-0.05776335029890373,0.1937201912496447,-0.09671069708233448
5.78,-0.1028220505736151,-0.1019748996669706,-0.06507469297277402,0.1921578986815306,-0.1028053411969755
5.79,-0.1085818192751596,-0.107809593335956,-0.07216484557978953,0.1900493177977713,-0.1085645848858304
5.8,-0.1139879345124951,-0.1132936658093248,-0.07901268843735798,0.1874109871280334,-0.1139702104999739
5.81,-0.119023496247898,-0.1184100438130025,-0.08559705438093801,0.1842613768778419,-0.1190053209455454
5.82,-0.1236729584659769,-0.1231430284097758,-0.0918967348659494,0.1806208063754349,-0.1236543734542409
5.83,-0.1279221526088095,-0.1274783224505822,-0.09789049971875186,0.1765113639264071,-0.1279032047846762
5.84,-0.131758309808846,-0.1314030494954984,-0.1035571332374088,0.1719568275186721,-0.1317390484121995
5.85,-0.1351700684628505,-0.1349057648158941,-0.1088754889447862,0.1669825843104651,-0.1351505443813155
5.86,-0.1381474767935442,-0.1379764591993689,-0.1138245646170758,0.1616155463923874,-0.138127742593984
5.87,-0.1406819904504255,-0.1406065563713894,-0.118383598243598,0.1558840599585645,-0.1406621003868581
5.88,-0.1427664653137932,-0.1427889049199225,-0.1225321843396088,0.1498178047716474,-0.142746475309165
5.89,-0.1443951464498552,-0.1445177656603428,-0.1262504086040261,0.1434476806839762,-0.1443751140491755
5.9,-0.145563654178032,-0.1457887954060733,-0.1295189974267482,0.1368056780077778,-0.1455436384706614
5.91,-0.1462689682018227,-0.1465990281152285,-0.1323194774074611,0.1299247287376764,-0.1462490297111689
5.92,-0.1465094099202664,-0.1469468543647361,-0.1346343390878023,0.1228385360458019,-0.1464896112618345
5.93,-0.1462846248297905,-0.1468320000616261,-0.1364471987439309,0.1155813801167406,-0.14626503189495
5.94,-0.1455955707488516,-0.1462555052386004,-0.1377429524811377,0.1081878992818607,-0.1455762492318269
5.95,-0.1444444995358935,-0.1452197036997264,-0.1385079180268255,0.1006928465517348,-0.1444255146516947
5.96,-0.1428349436815864,-0.1437282041854873,-0.1387299613856897,0.09313082301311126,-0.1428163601347986
5.97,-0.1407717055961188,-0.1417858736169133,-0.1383986076116537,0.08553599110906696,-0.1407535875116712
5.98,-0.138260849644415,-0.1393988228582618,-0.1375051369936068,0.07794177248388667,-0.1382432604589963
5.99,-0.135309697129421,-0.1365743953083089,-0.1360426695805968,0.0703805367442788,-0.1352926994430545
6,-0.1319268242793762,-0.1333211584936982,-0.1340062419261375,0.06288328903665108,-0.1319104796676994
6.01,-0.1281220631490715,-0.129648898696444,-0.1313928801286274,0.05547936562211597,-0.128106431937876
6.02,-0.1239065041416914,-0.1255686185041502,-0.1282016728067437,0.04819614750263779,-0.1238916462050551
6.03,-0.1192925031054335,-0.1210925370292222,-0.1244338468437577,0.0410588024885834,-0.1192784774200271
6.04,-0.114293690892999,-0.1162340924047557,-0.1200928478544303,0.03409006581359009,-0.1142805531841659
6.05,-0.1089249798923309,-0.1110079460328792,-0.1151844265347524,0.02731006846551548,-0.1089127825647249
6.06,-0.1032025732726695,-0.1054299879386178,-0.1097167313004873,0.02073622084364524,-0.1031913653250931
6.07,-0.09714397381973519,-0.09951734247102262,-0.1037004067077546,0.01438315726662392,-0.097133800719097
6.08,-0.09076799139290438,-0.09328837349573321,-0.09714869591878872,0.008262744389023746,-0.09075889491091649
6.09,-0.08409474799268706,-0.08676268814110438,-0.09007754399057943,0.002384153917837084,-0.0840867660101639
6.1,-0.07714567937152118,-0.07996113809492728,-0.08250569732919877,-0.003246002654373525,-0.07713884565642459
6.11,-0.06994353207723858,-0.0729058174012196,-0.07445479365392321,-0.008623482083779277,-0.06993787604944685
6.12,-0.06251235434913481,-0.0656200556767309,-0.06594943649682716,-0.01374616713600413,-0.06250790130108352
6.13,-0.05487748186454434,-0.05812840565363708,-0.05701724861845647,-0.01861378277000725,-0.05487425198304263
6.14,-0.04706551395179606,-0.05045662395770684,-0.04768889954058414,-0.02322758067772712,-0.04706352176090334
6.15,-0.03910428065939465,-0.04263164404918152,-0.03799810341387555,-0.02759000282557367,-0.03910353503936731
6.16,-0.03102280041546522,-0.03468154028685189,-0.02798158443705068,-0.03170433485252505,-0.03102330459658847
6.17,-0.02285122671634148,-0.02663548212547229,-0.01767900791126775,-0.03557435993024755,-0.02285297825580312
6.18,-0.01462078297985782,-0.01852367752404305,-0.007132875720901211,-0.03920402304909831,-0.01462377373075319
6.19,-0.006363684804299655,-0.01037730472894172,0.003611614400993224,-0.04259711473677869,-0.006367900886398492
6.2,0.001886951004127328,-0.002228431701748634,0.01450674600565538,-0.04575698202316691,0.001881529222095668
6.21,0.0100972110660197,0.005890077414159145,0.02550249726717851,-0.04868627311273588,0.01009060903161219
6.22,0.01823250343210739,0.01394466925268489,0.0365467900230334,-0.05138672078637152,0.0182247532218735
6.23,0.026257692150202,0.02190122191771415,0.04758577374818385,-0.05385896809034174,0.02624883171546849
6.24,0.03413724431133924,0.02972517954703557,0.0585641434390371,-0.05610243843610696,0.03412731692828136
6.25,0.04183539108908978,0.03738170070262442,0.06942549007206217,-0.05811525087521174,0.0418244450801627
6.26,0.04931630272329173,0.0448358203490089,0.08011268184458409,-0.05989418006476688,0.04930439117388791
6.27,0.05654427657886115,0.05205262497859309,0.09056827371608001,-0.0614346593278659,0.05653145704005791
6.28,0.06348393745939297,0.05899744023219,0.1007349418098109,-0.06273082425883392,0.06347027162842789
6.29,0.07010044913320267,0.06563603014677527,0.1105559380572061,-0.0637755935365979,0.07008600250443681
6.3,0.07635973580542421,0.07193480694265786,0.1199755592160219,-0.06456078299504914,0.07634457728599109
6.31,0.08222871159755121,0.07786105004159238,0.1289396232679521,-0.06507724855492747,0.08221291353247584
6.32,0.08767551631408685,0.08338313278849813,0.1373959453872898,-0.06531505333991511,0.08765915537876579
6.33,0.0926697605815853,0.08847075513522901,0.1452948052792665,-0.06526365416817359,0.09265291499475181
6.34,0.09718276803994419,0.09309518033782638,0.1525893977248279,-0.06491210261379954,0.09716551674948792
6.35,0.1011878196076712,0.09722947352123706,0.1592362585715734,-0.06424925595248343,0.1011702417714524
6.36,0.1046603959676126,0.1008487397804361,0.165195659079412,-0.06326399352268319,0.1046425704275107
6.37,0.107578415349601,0.1039303593174565,0.1704319623730922,-0.06194543432786531,0.1075604200957364
6.38,0.1099224638618834,0.1064542169669009,0.1749139367068831,-0.06028315205777013,0.1099043754858557
6.39,0.11167601553128,0.1084029233441376,0.1786150212681326,-0.05826738409883525,0.1116579086691747
6.4,0.1128256391532798,0.1097620247683458,0.1815135413070212,-0.05588923151979386,0.1128075859209989
6.41,0.11336118806679,0.1105201990691889,0.1835928704508615,-0.05314084744339553,0.1133432584560276
6.42,0.1132759723495033,0.110669434383195,0.1848415391106377,-0.05001561163713897,0.1132582341538225
6.43,0.1125669115396969,0.1102051880826979,0.185253288878504,-0.04650828956477704,0.1125494274296772
6.44,0.1112346574326095,0.1091265230571541,0.1848270737129293,-0.04261517452808938,0.1112174845076352
6.45,0.1092836920636472,0.1074362186847346,0.1835670094835493,-0.03833421188920189,0.10926688149856
6.46,0.1067223961635161,0.1051408539930056,0.181482274083467,-0.03366510469323025,0.1067059928771369
6.47,0.103563085838631,0.1022508607127174,0.1785869608105403,-0.02860940030685488,0.1035471281873939
6.48,0.09982201558452121,0.09878054417785048,0.174899888089074,-0.02317055794967376,0.09980653508559711
6.49,0.09551934606124377,0.09474807031801935,0.1704443688864108,-0.01735399722246528,0.0955043671503058
6.5,0.09067907541928805,0.09017541732298867,0.1652479434307186,-0.01116712793165375,0.09066461524900032
6.51,0.08532893216490438,0.08508829093120879,0.1593420791193639,-0.004619361675616385,0.08531500164571998
6.52,0.07950023342340333,0.07951600270035641,0.1527618418765363,0.002277894199902319,0.0794868364599261
6.53,0.07322770432795585,0.07349131105319406,0.1455455436989764,0.00951125954822496,0.07321483653818617
6.54,0.06654925840599951,0.06705022535112226,0.137734371695021,0.01706542043380233,0.06653690727163553
6.55,0.05950574332796237,0.06023177372412175,0.1293720044916762,0.02492318327600496,0.05949388837697661
6.56,0.05214065212455281,0.05307773587242715,0.1205042223255274,0.03306554309819293,0.05212926514990796
6.57,0.04449980187244511,0.04563234254514537,0.1111785172987165,0.04147176476493764,0.04448884719050172
6.58,0.0366309823307536,0.03794194388609595,0.1014437100508751,0.05011947599974564,0.03662041708214003
6.59,0.02858357747712898,0.03005464931006241,0.09134957842196229,0.05898477088578719,0.0285733519716595
6.6,0.02040816328045619,0.02201994202563357,0.08094650260044256,0.06804232246518482,0.02039822144079811
6.61,0.01215608463771537,0.01388827174632301,0.07028512989300556,0.07726550297306667,0.0121463654699826
6.62,0.003879019491684591,0.005710629522902966,0.05941606079603146,0.08662651017675926,0.003869456667956239
6.63,-0.004371470606020332,-0.002461891019937767,0.04838955668604872,0.09609649824583932,-0.004380948732387924
6.64,-0.01254439647658065,-0.01057854145663895,0.03725526833651727,0.1056457115631451,-0.01255386633644306
6.65,-0.02058979825634197,-0.01858937050747778,0.02606198371560792,0.1152436199084623,-0.02059934051563223
6.66,-0.02845919865762264,-0.02644567513125445,0.01485739316370155,0.1248590535128759,-0.02846889765229071
6.67,-0.03610604730943338,-0.03410044560773323,0.003687870071417521,0.1344603365993293,-0.03611599046507386
6.68,-0.04348615092061953,-0.04150879939285268,-0.007401734484189626,0.1440154181987512,-0.04349642815919663
6.69,-0.05055808406084818,-0.04862839853993373,-0.01836828412604918,0.153491999265016,-0.05056878719869068
6.7,-0.05728357571063442,-0.0554198455640259,-0.02917053688335547,0.1628576554075435,-0.05729479762330431
6.71,-0.06362786725950841,-0.06184705278447911,-0.03976931181017573,0.1720799549177432,-0.06363970003078678
6.72,-0.06956003297684711,-0.06787758041177,-0.05012764147201132,0.1811265721823192,-0.06957256861495403
6.73,-0.07505326569698154,-0.07348293894594304,-0.06021090875573443,0.1899653970482836,-0.07506659598848342
6.74,-0.0800851198217646,-0.0786388518218194,-0.06998696613844224,0.1985646412238194,-0.08009933592382501
6.75,-0.08463770858024554,-0.08332547466594997,-0.07942623542881305,0.2068929433549354,-0.08465290061101227
6.76,-0.08869785292273859,-0.08752756801737455,-0.08850178606611581,0.2149194749941004,-0.08871410955226122
6.77,-0.09225717973781011,-0.09123462090314038,-0.09718939030799723,0.2226140502504825,-0.09227458778351549
6.78,-0.0953121676932091,-0.09444092324422493,-0.1054675540347741,0.2299472424471874,-0.095330811725161
6.79,-0.09786413964800189,-0.09714558569078313,-0.1133175224254455,0.2368905115568553,-0.0978841016099109
6.8,-0.09991920221083389,-0.09935250613931834,-0.1207232604052551,0.2434163464653135,-0.0999405601066643
6.81,-0.1014881314132733,-0.101070282859597,-0.1276714085118182,0.2494984261123639,-0.1015109574456824
6.82,-0.1025862009436749,-0.1023120748461174,-0.1341512156423861,0.2551118031293671,-0.1026105640429665
6.83,-0.1032329663676615,-0.103095410697767,-0.1401544509533511,0.2602331125529084,-0.1032589323105009
6.84,-0.1034519986762037,-0.1034419480100557,-0.1456752978605494,0.264840806353639,-0.1034796300138984
6.85,-0.103270572231901,-0.1033771859268479,-0.1507102334884884,0.2689154117385782,-0.1032999281900739
6.86,-0.1027193108997496,-0.1029301341329759,-0.1552578969347088,0.2724398074574469,-0.1027504472551384
6.87,-0.1018317965666133,-0.1021329421660563,-0.1593189493648213,0.2753995079030344,-0.1018647655072112
6.88,-0.1006441447767134,-0.1010204934758474,-0.1628959283906178,0.2777829402044507,-0.1006789947516454
6.89,-0.0991945526733872,-0.09962996915414868,-0.1659930986498292,0.2795816956746292,-0.09923132823873165
6.9,-0.09752282777339982,-0.09800038668938166,-0.1686163002100373,0.2807907350095563,-0.09756156649915115
6.91,-0.09566989459661898,-0.09617211946076204,-0.1707727964380253,0.2814085275935494,-0.0957106269834832
6.92,-0.09367729005885865,-0.09418640297113146,-0.1724711232406791,0.2814371097195869,-0.09372004365368114
6.93,-0.09158666342223161,-0.09208483402028778,-0.1737209419451465,0.280882054238595,-0.09163146283215906
6.94,-0.08943927486697605,-0.08990886913856788,-0.1745328983960556,0.2797523539147156,-0.08948614168492131
6.95,-0.08727550303326179,-0.08769932863079899,-0.174918491004602,0.2780602306873224,-0.08732445569720848
6.96,-0.08513436779520625,-0.08549591252264466,-0.1748899504383101,0.2758208910725199,-0.08518542139288637
6.97,-0.08305307432278136,-0.0833367345548553,-0.1744601333776221,0.2730522525103878,-0.08310624035335357
6.98,-0.0810665842058659,-0.08125788013696578,-0.1736424322957424,0.2697746659487125,-0.08112187031018592
6.99,-0.07920721920992617,-0.07929299385374383,-0.1724507025676332,0.266010656734556,-0.07926462872176343
7,-0.07750430823319963,-0.07747290171910648,-0.170899207420819,0.2617847000907582,-0.07756383380275977
7.01,-0.0759838593580594,-0.07582527289892355,-0.1690025803529293,0.2571230405052264,-0.07604548746278783
7.02,-0.07466828946646027,-0.07437432508289959,-0.1667758037135266,0.2520535575456169,-0.07473200403387276
7.03,-0.07357620596161532,-0.07314057708447708,-0.1642342012429973,0.2466056748321859,-0.07364198803451061
7.04,-0.07272223620765235,-0.07214065159511079,-0.1613934415484087,0.2408103046082998,-0.07279006353977358
7.05,-0.07211691041035805,-0.07138713032546795,-0.1582695488494318,0.2346998176162766,-0.07218675701268717
7.06,-0.0717665990545233,-0.07088846304162377,-0.1548789169193762,0.2283080266487167,-0.07183843471238172
7.07,-0.07167350525957897,-0.07064893126042215,-0.1512383220349818,0.2216701719233856,-0.07174729504047317
7.08,-0.07183571165855071,-0.07066866661598692,-0.1473649309638052,0.2148228970261325,-0.07191141543025198
7.09,-0.07224728177339003,-0.07094372316006059,-0.1432763005507379,0.2078042053202142,-0.07232485263468597
7.1,-0.07289841842575702,-0.07146620212323362,-0.1389903662667305,0.2006533882262958,-0.07297779454045866
7.11,-0.07377564669817527,-0.07222442695297338,-0.1345254180750483,0.1934109184863082,-0.07385676093722915
7.12,-0.07486206790527461,-0.07320316576810404,-0.1299000630636069,0.1861183033342536,-0.07494485001406381
7.13,-0.07613765067003006,-0.07438389773812798,-0.1251331754027054,0.1788178943417535,-0.07622202674875878
7.14,-0.0775795568229459,-0.07574511931858097,-0.120243835247806,0.171552652544216,-0.07766544880898113
7.15,-0.07916249992717465,-0.07726268575889905,-0.1152512591602266,0.1643658692598581,-0.07924982510493828
7.16,-0.08085913116550918,-0.07891018285363616,-0.1101747254044575,0.157300844772594,-0.0809478017280767
7.17,-0.08264044700032412,-0.08065932353749095,-0.1050334980163964,0.150400528748691,-0.08273036968495123
7.18,-0.08447621277652141,-0.08248036363379585,-0.09984675371012086,0.1437071278823105,-0.08456728859366902
7.19,-0.08633539939852543,-0.08434253085915516,-0.09463351537587389,0.137261687796373,-0.08642752035527868
7.2,-0.08818662361349462,-0.0862144610663077,-0.08941259502423815,0.1311036576315792,-0.08827966674539545
7.21,-0.08999856466444361,-0.08806463567436773,-0.08420254755422135,0.1252704469929462,-0.09009240489218756
7.22,-0.09174040378051784,-0.08986181429103701,-0.0790216348263767,0.1197969859293174,-0.0918349147143096
7.23,-0.09338223895059405,-0.09157545667285499,-0.07388779753887642,0.1147152993229387,-0.09347729258368742
7.24,-0.09489547927476608,-0.09317612839515849,-0.06881863077736794,0.1100541073815692,-0.09499094574899181
7.25,-0.09625321493653276,-0.09463588490836411,-0.06383135825363134,0.105838463775413,-0.09634896240152852
7.26,-0.09743055809571417,-0.09592862903574162,-0.05894280038782651,0.1020894422824535,-0.09752645267934335
7.27,-0.09840495047813465,-0.09703043741302653,-0.05416933244829669,0.09882388156690791,-0.09850085638077477
7.28,-0.09915643396725668,-0.09791985187331143,-0.04952683057930923,0.0960541959297328,-0.09925221368737563
7.29,-0.09966788676397917,-0.09857813233262885,-0.04503060522011648,0.09378825760330989,-0.0997633957694965
7.3,-0.09992520580504237,-0.09898946832275274,-0.04069532273045195,0.09202935353366504,-0.1000202927568337
7.31,-0.09991743871549286,-0.09914114693876563,-0.036534916829569,0.09077621676510816,-0.1000119571912265
7.32,-0.09963689331253128,-0.09902367561043085,-0.03256249185656357,0.09002312970331194,-0.09973070173079535
7.33,-0.09907918906958009,-0.09863085875967748,-0.02879022013143145,0.08976009387643746,-0.09917215053275547
7.34,-0.0982432621665484,-0.09795982806232406,-0.0252292360088448,0.08997305851505111,-0.09833524439832686
7.35,-0.09713132501958262,-0.09701102668183847,-0.02188952952023804,0.09064419846712302,-0.09722220040687113
7.36,-0.09574878164698242,-0.09578814847731809,-0.0187798426004892,0.09175223074193245,-0.09583842738959858
7.37,-0.09410410082165174,-0.0942980337987559,-0.01590757065045889,0.09327275836968885,-0.09419239918702305
7.38,-0.09220864958370177,-0.09255052406120046,-0.0132786716400653,0.09517863025509843,-0.09229548819120587
7.39,-0.09007649734265066,-0.09055827782884479,-0.01089758431422772,0.09744030623499222,-0.09016176218665156
7.4,-0.08772416559690389,-0.0883365516329544,-0.008767156559726264,0.1000262175349958,-0.08780774796604141
7.41,-0.08517036271850745,-0.08590294918810515,-0.006888584767543338,0.1029031141545479,-0.0852521656033306
7.42,-0.08243570011670875,-0.08327714305375,-0.005261365094007653,0.1060363922846725,-0.08251563761255198
7.43,-0.07954238069780478,-0.0804805731081929,-0.003883257791391259,0.1093903965739109,-0.07962037750205936
7.44,-0.07651387144286406,-0.07753612645575003,-0.002750266093670017,0.1129286938096802,-0.0765898624482283
7.45,-0.07337456497908744,-0.07446780357316063,-0.001856631344133108,0.116614316292779,-0.07344849495780631
7.46,-0.07014943509480524,-0.07130037561670932,-0.001194846005449779,0.1204099747837521,-0.07022125846338256
7.47,-0.06686369115221082,-0.06805903785687117,-0.0007556858334489269,0.124278242336916,-0.06693337180169145
7.48,-0.06354243686688903,-0.06476906418232398,-0.0005282618482903012,0.1281817115692978,-0.06360994746060578
7.49,-0.06021034224503716,-0.06145546752101133,-0.0005000919177861052,0.1320831289073383,-0.06027565834960025
7.5,-0.05689130948386553,-0.05814267086497787,-0.0006571909508455986,0.1359455100944879,-0.05695441765267395
7.51,-0.05360817666687986,-0.05485419336181119,-0.0009841780578791481,0.1397322417183331,-0.05366907606583915
7.52,-0.05038243920648108,-0.05161235565307243,-0.001464398683099277,0.1434071737272266,-0.05044114040740399
7.53,-0.04723399332434854,-0.04843800830346323,-0.002080059671016432,0.1469347078643509,-0.04729051722345434
7.54,-0.04418090775037589,-0.04535028677826358,-0.002812375424304736,0.1502798866718952,-0.04423528459881687
7.55,-0.04123922640128495,-0.04236639599601216,-0.003641723615182002,0.1534084872388973,-0.04129149493141376
7.56,-0.03842280431284454,-0.03950142701491394,-0.004547809192489094,0.1562871232193933,-0.0384730109422009
7.57,-0.03574317858626191,-0.03676820791182928,-0.005509835581540223,0.1588833578733543,-0.03579137668093307
7.58,-0.03320947667166792,-0.03417719038966327,-0.00650668195973747,0.1611658300227757,-0.03325572475720739
7.59,-0.03082836212126233,-0.03173637311062744,-0.007517085319651673,0.1631043939081888,-0.03087272048459372
7.6,-0.02860400694949632,-0.02945126220721017,-0.008519825754309485,0.1646702730101843,-0.02864654308087938
7.61,-0.02653811569224057,-0.02732486887822466,-0.00949391308492209,0.1658362269934562,-0.02657890352759068
7.62,-0.02462997966477258,-0.0253577434418148,-0.01041877266550328,0.1665767300583463,-0.0246690981649117
7.63,-0.02287656470078359,-0.02354804469833938,-0.01127442799505451,0.1668681581646235,-0.02291409659155053
7.64,-0.02127263130789775,-0.02189164296029134,-0.01204167768407077,0.1666889818418621,-0.02130866196042713
7.65,-0.01981088488556555,-0.02038225463992949,-0.01270226438170041,0.166019960641455,-0.01984550131727802
7.66,-0.01848215324786748,-0.01901160585493528,-0.01323903347757199,0.1648443347436065,-0.0185154432268253
7.67,-0.01727558833782696,-0.01776962212469146,-0.01363607972600867,0.1631480088404981,-0.01730763957569748
7.68,-0.01617889009494835,-0.01664464089181861,-0.01387888034409113,0.1609197232085726,-0.01620978813819074
7.69,-0.01517854509451866,-0.015623643321096,-0.01395441352754484,0.1581512068907305,-0.01520837224396421
7.7,-0.01426007550171648,-0.01469250160542801,-0.01385126162504102,0.1548373081566649,-0.01428891369952223
7.71,-0.01340830514458647,-0.01383623784852017,-0.01355969835453541,0.1509760979052129,-0.01343623498988888
7.72,-0.01260762689360069,-0.01303929049796293,-0.01307175942319738,0.1465689424049251,-0.01263472672460741
7.73,-0.01184227115060049,-0.01228578427003924,-0.01238129576621882,0.1416205427029753,-0.01186861629311331
7.74,-0.01109657159580411,-0.01155979953755193,-0.01148400843641861,0.13613893911045,-0.01112223375786514
7.75,-0.01035522434181489,-0.01084563724258508,-0.01037746407608198,0.1301354803180839,-0.01038027113733936
7.76,-0.009603536824824895,-0.01012807554500955,-0.009061090014824191,0.1236247578248492,-0.009628031412039217
7.77,-0.008827662998489531,-0.009392614621840489,-0.007536148464876602,0.1166245073879654,-0.008851663821225264
7.78,-0.008014823338930376,-0.008625706288335977,-0.005805690058471646,0.1091554800543992,-0.008038382301076397
7.79,-0.007153500780761975,-0.007814965414446484,-0.00387448801910445,0.1012412859603168,-0.007176664241005992
7.8,-0.006233616576502832,-0.006949360453670617,-0.001748955412814279,0.09290821446296788,-0.006256427097360129
7.81,-0.005246684681135271,-0.006019380779211547,0.0005629510261604409,0.08418503430442803,-0.005269180795967887
7.82,-0.004185938157708478,-0.005017178927184562,0.003051836250955953,0.07510277742859334,-0.004208154269694786
7.83,-0.003046428513158521,-0.003936686270858303,0.00570697686504873,0.06569450983010949,-0.00306839490668992
7.84,-0.001825097174041074,-0.002773701086135616,0.008516431255365886,0.05599509246442491,-0.00184684012182007
7.85,-0.0005208187489124085,-0.00152594840881054,0.01146714605463184,0.04604093485075084,-0.0005423607002761344
7.86,0.0008655838465930117,-0.0001931115214216517,0.01454505610952744,0.03586974360731265,0.0008442240089110431
7.87,0.002331351816014147,0.001223164665860033,0.01773517648577383,0.02552026781263217,0.002310158557601749
7.88,0.003871828117623286,0.002719297667113652,0.02102168656822995,0.01503204281564841,0.003850790637010881
7.89,0.005480525977269572,0.004289817848412092,0.02438800775940775,0.004445133935135237,0.005459635839754395
7.9,0.007149216431162791,0.005927443821906464,0.02781687735116189,-0.006200118604297034,0.007128466362303465
7.91,0.008868038106691714,0.007623181080601005,0.03129042160660989,-0.01686335216621693,0.008847421768573061
7.92,0.01062562794761012,0.00936644187180663,0.03479023084639854,-0.02750443024553562,0.01060513967971438
7.93,0.0124092695055053,0.01114518407354992,0.03829743845488398,-0.03808368559377578,0.01238890404295412
7.94,0.01420505628448116,0.01294606664876857,0.04179280442024808,-0.0485621563591791,0.01418480846507308
7.95,0.01599806750446543,0.01475461910827119,0.04525680261742365,-0.05890181358418645,0.01597793197493802
7.96,0.01777255357323014,0.01655542231536122,0.04866970991707648,-0.06906577834409622,0.01775252450434817
7.97,0.01951212820571002,0.01833229791164126,0.0520116947238069,-0.07901852680075744,0.01949219934657764
7.98,0.02119996401244478,0.0200685036327376,0.055262902920866,-0.08872608149586197,0.02118012986569778
7.99,0.02281899443288468,0.02174693181223308,0.05840354034378453,-0.09815618732573406,0.02279924778490683
8,0.02435210896731494,0.02335030844021957,0.06141395242844827,-0.1072784708230294,0.02433244047551997
8.01,0.02578234655403301,0.02486139024799322,0.06427470303452537,-0.1160645816138564,0.025762744796888
8.02,0.02709308364609697,0.02626315743023167,0.06696665518315992,-0.1244883152089591,0.02707353519698641
8.029999999999999,0.02826821444025349,0.0275389997857507,0.06947105639976175,-0.1325257166073049,0.02824870396988188
8.039999999999999,0.02929232136392705,0.02867289425223374,0.07176963065412434,-0.1401551645183301,0.02927283177519141
8.050000000000001,0.03015083415300062,0.02964957202451707,0.07384467786059873,-0.1473574363223663,0.03013134675129969
8.06,0.03083017609321911,0.03045467367808385,0.07567918087701608,-0.1541157541653577,0.03081067079411592
8.07,0.03131789557259364,0.03107489096787791,0.0772569191474472,-0.1604158128075802,0.0312983518217827
8.08,0.03160278323749578,0.03149809423023237,0.0785625876393195,-0.166245790010245,0.03158318109866731
8.09,0.03167497662253795,0.03171344456765357,0.07958191947085519,-0.1715963403578887,0.03165529494499442
8.1,0.03152604363239678,0.03171149023293118,0.0803018104945315,-0.1764605735054073,0.03150626040748905
8.109999999999999,0.03114905185375493,0.03148424685958878,0.08071044399203042,-0.1808340179479263,0.03112914470798117
8.119999999999999,0.03053862182446642,0.03102526142568662,0.08079741349669767,-0.1847145715822364,0.03051856851754864
8.130000000000001,0.02969096439445723,0.03032966008116744,0.08055384160307921,-0.1881024405826704,0.02967074332062858
8.140000000000001,0.02860390264440308,0.02939418019243945,0.07997249250413352,-0.1910000684329186,0.028583493334018
8.15,0.02727687901029248,0.02821718714994498,0.07904787598207913,-0.1934120572721354,0.02725626262770531
8.16,0.02571094842364286,0.02679867665074043,0.07777634071823081,-0.1953450839364061,0.02569010825607843
8.17,0.02390875715477083,0.02514026331540636,0.07615615509588269,-0.1968078131251381,0.02388768034818206
8.18,0.02187451239109914,0.0232451566278456,0.07418757412236526,-0.1978108099570801,0.02185319022295451
8.19,0.01961394125573481,0.02111812529367085,0.07187289163182792,-0.1983664538024518,0.01959236768945066
8.199999999999999,0.01713423662596091,0.01876545119574813,0.06921647746958087,-0.1984888547041644,0.01711240876236186
8.210000000000001,0.01444399657749998,0.01619487418334337,0.06622479982482832,-0.1981937729588333,0.01442191506994572
8.220000000000001,0.01155315683081698,0.01341552896537201,0.06290643321584122,-0.1974985415698117,0.01153082625478064
8.23,0.008472917495138203,0.01043787539033247,0.05927205282000919,-0.1964219904061699,0.008450346668399167
8.24,0.005215665390729361,0.007273623387534456,0.05533441589769184,-0.1949843701344532,0.005192867639539744
8.25,0.001794893187426314,0.003935653818217255,0.05110833102730827,-0.193207273461644,0.001771886553518176
8.26,-0.001774883512980741,0.0004379364422211207,0.04661061580181036,-0.1911135510194057,-0.001798076081558186
8.27,-0.005478211846660553,-0.003204553854128933,0.04186004357301443,-0.1887272193482358,-0.005501560485890511
8.279999999999999,-0.00929878177142133,-0.006975921500964211,0.03687727978104971,-0.1860733588627954,-0.009322251376817303
8.289999999999999,-0.01321950920232256,-0.01085943438742959,0.03168480834924131,-0.1831780003147459,-0.01324306076671777
8.300000000000001,-0.01722261835256401,-0.01483760684752616,0.02630684851496917,-0.1800679990184382,-0.01724620902458462
8.31,-0.02128972037514721,-0.01889228076306881,0.02076926226273956,-0.1767708968706364,-0.02131330356969535
8.32,-0.02540188914481202,-0.02300470419825829,0.01509945222372278,-0.173314772895629,-0.0254254147075671
8.33,-0.02953973383779128,-0.02715560712677706,0.009326249573333945,-0.1697280836229803,-0.02956314826573586
8.34,-0.03368346811795303,-0.03132527396109214,0.003479791234848817,-0.1660394950262747,-0.0337067148374971
8.35,-0.03781297588934381,-0.03549361274269891,-0.002408614250304031,-0.1622777080150057,-0.03783599559266071
8.359999999999999,-0.04190787398507054,-0.03964022100019027,-0.008306632389677993,-0.1584712795980451,-0.04193060476321531
8.369999999999999,-0.04594757303205715,-0.04374444842728098,-0.01418105937346814,-0.154648441860037,-0.0459699490556591
8.380000000000001,-0.04991132979330296,-0.04778545667314565,-0.01999798820493015,-0.1508369208498744,-0.04993328437810579
8.390000000000001,-0.0537783037309454,-0.0517422766692468,-0.02572298215748581,-0.1470637574079169,-0.05379977039624045
8.4,-0.05752761069307059,-0.0555938640377529,-0.03132125318377671,-0.1433551318810016,-0.05754852354538226
8.41,-0.06113837509447837,-0.05931915323327364,-0.03675784333120624,-0.139736194605498,-0.06115866922360919
8.42,-0.06458978208189806,-0.06289711116018259,-0.0419978081771013,-0.136230903981474,-0.06460939397097087
8.43,-0.06786113055020174,-0.06630679107980531,-0.04700640244394977,-0.1328618739099144,-0.06787999849998183
8.44,-0.07093188791484038,-0.06952738767382821,-0.05174926883888353,-0.1296502323092232,-0.07094995248098268
8.449999999999999,-0.07378174756092941,-0.07253829416083435,-0.05619263142583991,-0.1266154923546975,-0.07379895200105702
8.460000000000001,-0.07639069032284307,-0.07531916237049674,-0.06030349439982069,-0.1237754379841592,-0.07640698060574636
8.470000000000001,-0.07873905018559714,-0.07784996666349614,-0.06404984620037762,-0.1211460250763466,-0.07875437479781716
8.48,-0.08080758240171795,-0.08011107254319139,-0.06740086784122262,-0.1187412995323454,-0.08082189480664187
8.49,-0.08257754239396678,-0.08208331073720054,-0.07032714347793634,-0.116573333274507,-0.08259080135514824
8.5,-0.08403076934142301,-0.08374805743262315,-0.07280087076860009,-0.1146521789262248,-0.084042939039503
8.51,-0.08514977666317425,-0.08508732122846457,-0.07479606851708953,-0.1129858436562751,-0.08516082680070491
8.52,-0.08591784991202063,-0.08608383722409452,-0.0762887793209277,-0.1115802823712769,-0.08592775580862816
8.529999999999999,-0.08631915222169595,-0.08672116849528155,-0.07725726531794963,-0.1104394101271079,-0.08632789490006865
8.539999999999999,-0.08633883725399953,-0.08698381502240676,-0.07768219548554756,-0.1095651333118258,-0.08634640351536832
8.550000000000001,-0.08596316938033899,-0.08685732993192885,-0.07754682318157413,-0.1089573988337149,-0.0859695518666847
8.56,-0.08517965082418499,-0.08632844269600681,-0.07683715267453367,-0.1086142602321875,-0.08518484784826746
8.57,-0.08397715405472125,-0.08538518870987238,-0.07554209329876932,-0.1085319593183649,-0.08398116996935995
8.58,-0.08234605967519462,-0.08401704443630825,-0.07365359964117901,-0.1087050216486273,-0.08234890535779382
8.59,-0.08027839913185895,-0.08221506707547044,-0.07116679590181207,-0.1091263638416889,-0.08028009165184596
8.6,-0.07776799907728116,-0.07997203749081183,-0.06808008236535074,-0.1097874104741428,-0.07776856137389521
8.609999999999999,-0.0748106265845128,-0.07728260490262884,-0.06439522186286117,-0.1106782180410841,-0.07481008716724724
8.619999999999999,-0.07140413340940927,-0.07414343165442178,-0.06011740426439827,-0.1117876032618365,-0.07140252608166597
8.630000000000001,-0.06754859731400817,-0.07055333616904202,-0.05525528746132752,-0.1131032728639472,-0.06754596091875992
8.640000000000001,-0.06324645831486565,-0.06651343204555638,-0.04982101396526739,-0.1146119519119372,-0.06324283649982149
8.65,-0.05850264759839182,-0.06202726110923118,-0.04383020310429492,-0.1162995077808537,-0.05849808860037331
8.66,-0.05332470624693213,-0.05710091811967577,-0.03730191971369051,-0.1181510670251327,-0.05331926321122876
8.67,-0.04772289296641135,-0.05174316477024909,-0.0302586210322684,-0.1201511226711691,-0.04771662373886432
8.68,-0.04171027735163244,-0.04596553057875397,-0.02272608405218574,-0.1222836298685666,-0.04170324375068923
8.69,-0.03530281548067996,-0.03978239827785052,-0.01473331569921205,-0.1245320883607395,-0.03529508290559857
8.699999999999999,-0.02851940667356227,-0.03321107136546997,-0.006312447904437968,-0.1268796108600133,-0.02851104378824237
8.710000000000001,-0.02138192900073948,-0.02627182157173097,0.00250138105147818,-0.1293089771051986,-0.02137300748690479
8.720000000000001,-0.01391525154773099,-0.01898791413932971,0.01167015840106855,-0.1318026741034336,-0.01390584591964672
8.73,-0.006147221648033932,-0.01138560899808005,0.02115314225633524,-0.1343429237718028,-0.006137409119955195
8.74,0.001891374457515491,-0.003494136139345405,0.03090702135975565,-0.1369116998574522,0.001901514060510257
8.75,0.01016687887748739,0.00465435623995053,0.04088609036032204,-0.1394907365912637,0.0101772630913658
8.76,0.01864285893453462,0.01302488195394186,0.05104244170243111,-0.1420615319907721,0.01865340168813606
8.77,0.02728023040361263,0.0215797262024634,0.06132617493698223,-0.1446053490531393,0.02729084312021735
8.779999999999999,0.0360374130228179,0.03027858453950794,0.0716856238590548,-0.1471032182590823,0.03604800513172063
8.789999999999999,0.04487051535575103,0.03907873148705021,0.08206760141200081,-0.1495359448435283,0.0448809943182874
8.800000000000001,0.05373354813327824,0.04793521844710358,0.09241766179697924,-0.1518841241871597,0.05374381940440581
8.81,0.06257866551822217,0.05680110016181938,0.1026803786887175,-0.1541281684602797,0.06258863246166219
8.82,0.07135643293029485,0.06562768857231766,0.1127996378874244,-0.156248347327576,0.07136599670507487
8.83,0.08001611967338097,0.07436483253620685,0.1227189421626725,-0.1582248451236993,0.0800251791089307
8.84,0.08850601422617602,0.08296122148281565,0.1323817255205063,-0.1600378364620191,0.08851446570187471
8.85,0.09677375987687757,0.09136471071543184,0.1417316737128458,-0.1616675817699222,0.09678149703973365
8.859999999999999,0.1047667077117366,0.09952266571677887,0.1507130475691065,-0.1630945437804667,0.1047736210198343
8.869999999999999,0.1124322820020273,0.1073823224859691,0.1592710057154554,-0.1642995255763411,0.1124382598980121
8.880000000000001,0.1197183591485697,0.1148911606412231,0.1673519234939941,-0.1652638303968458,0.1197232881042951
8.890000000000001,0.1265736528223367,0.1219972857696849,0.1749037054094941,-0.1659694430919836,0.1265774172300083
8.9,0.1329481022967578,0.1286498172989061,0.1818760891711294,-0.1663992328367092,0.1329505843815701
8.91,0.1387932601928124,0.1347992780067151,0.1882209402498316,-0.1665371764807039,0.1387943399679307
8.92,0.1440626756299481,0.1403979811798241,0.1938925366687057,-0.1663686016581438,0.1440622309116442
8.93,0.1487122687525499,0.1454004113779504,0.1988478442904951,-0.165880448440909,0.1487101752497364
8.94,0.1527006926321305,0.1497635947605782,0.2030467830015387,-0.1650615477771742,0.1526968241206001
8.949999999999999,0.1559896783976745,0.1534474549881267,0.2064524838425679,-0.1639029140744522,0.1559839072170615
8.960000000000001,0.1585443597443716,0.1564151508179164,0.2090315363531566,-0.1623980479033547,0.1585365579227488
8.970000000000001,0.1603335751319399,0.1586333916768334,0.2107542243552186,-0.1605432427706468,0.1603236145373369
8.98,0.1613301417340624,0.1600727277048333,0.2115947473671737,-0.158337887160748,0.1613178942336945
8.99,0.1615110989626252,0.1607078110240142,0.2115314240997495,-0.1557847496446975,0.1614964366735014
9,0.1608579188985137,0.1605176252927406,0.2105468742541383,-0.1528902311168901,0.1608407145336795
9.01,0.1593566812406131,0.1594856809495918,0.2086281751980943,-0.1496645647709719,0.159336808559547
9.02,0.1569982107914483,0.1576001739324517,0.2057669909360522,-0.1461219422132778,0.1569755451573864
9.029999999999999,0.1537781759222696,0.1548541060688657,0.2019596718729958,-0.1422805442631772,0.1537525949633901
9.039999999999999,0.1496971469061599,0.1512453657693514,0.1972073249025277,-0.1381624585062358,0.1496685312721311
9.050000000000001,0.1447606113098613,0.1467767681099036,0.191515854085556,-0.1337934729880186,0.1447288476697274
9.06,0.1389789525807995,0.1414560538577078,0.1848959725185941,-0.129202746037287,0.1389439346882763
9.07,0.1323673885480628,0.1352958474687854,0.177363185959268,-0.1244223644560439,0.1323290157725213
9.08,0.1249458655467489,0.1283135745618674,0.1689377485231794,-0.1194868137781636,0.1249040433204278
9.09,0.1167389156576853,0.1205313398421201,0.1596445904630191,-0.1144323924685572,0.1166935560199623
9.1,0.1077754769154121,0.1119757669053997,0.1495132178281928,-0.1092966050818062,0.1077264991482623
9.109999999999999,0.09808867857849575,0.1026778017909487,0.138577583759747,-0.1041175671599297,0.09803600992041761
9.119999999999999,0.08771559394762281,0.09267248256215194,0.1268759313190556,-0.09893344806162852,0.08765917036728266
9.130000000000001,0.07669696357364904,0.08199867757458529,0.1144506080548504,-0.09378196892578705,0.07663673057949327
9.140000000000001,0.06507689176125943,0.0706987954326504,0.1013478529365002,-0.08869996370168476,0.0650128054730732
9.15,0.05290251491872842,0.05881846993591533,0.08761755677333971,-0.08372300330035565,0.05283454850614222
9.16,0.04022366580139981,0.04640622356915686,0.073312997758127,-0.07888507735516326,0.04015180600238011
9.17,0.02709251135626983,0.03351311329291329,0.05849055428466365,-0.07421832500940345,0.02701675591186248
9.18,0.01356317718234293,0.02019236254133505,0.04320939766938092,-0.06975280524145328,0.01348353496129284
9.19,-0.0003086329750645713,0.006498983429206073,0.0275311678294764,-0.06551629790982094,-0.0003921417881548317
9.199999999999999,-0.01446602126786322,-0.007510606790459284,0.01151963530666128,-0.06153412833110244,-0.01455336494671611
9.210000000000001,-0.0288512793391166,-0.02177897099324405,-0.004759646760135294,-0.05782901026457299,-0.02894241438219269
9.220000000000001,-0.04340626758133723,-0.03624803522099546,-0.02123969705649587,-0.0544209042795667,-0.04350113850265586
9.23,-0.05807278632708231,-0.05085946566171368,-0.03785246339186055,-0.05132689037700022,-0.05817132550396287
9.24,-0.07279293694842974,-0.06555503591896683,-0.05452917970574245,-0.0485610552892447,-0.0728950630521239
9.25,-0.08750947283429976,-0.08027698114194398,-0.07120072014524453,-0.04613439604075098,-0.08761508311762034
9.26,-0.1021661082849074,-0.09496833585472098,-0.08779794825133252,-0.04405474211823973,-0.1022750889674968
9.27,-0.1167078326760972,-0.1095732526298544,-0.1042520600217808,-0.04232669901086916,-0.1168200616452877
9.279999999999999,-0.1310811962421278,-0.1240372990913549,-0.1204949203112674,-0.04095161599379654,-0.1311965436234189
9.289999999999999,-0.1452345690123252,-0.1383077310995221,-0.1364593925937786,-0.03992758090797277,-0.1453528976910725
9.300000000000001,-0.159118373406137,-0.1523337403584875,-0.1520796624812687,-0.03924944440046163,-0.1592395395358887
9.31,-0.1726852893525826,-0.1660666750894122,-0.1672915555311862,-0.03890887569379997,-0.17280914288361
9.32,-0.185890431210897,-0.1794602328211199,-0.1820328497829588,-0.03889445149964271,-0.1860168164689249
9.33,-0.1986914961760583,-0.1924706247583685,-0.1962435831656779,-0.03919177921637262,-0.1988202525161576
9.34,-0.211048888362965,-0.2050567115890132,-0.2098663554606029,-0.0397836550704358,-0.2111798468038477
9.35,-0.2229258122077727,-0.2171801109798954,-0.2228466239428682,-0.04065025737646516,-0.2230587907660639
9.359999999999999,-0.2342883182131972,-0.2288052773815601,-0.2351329912447624,-0.0417693745851857,-0.2344231364397529
9.369999999999999,-0.2451053547751194,-0.2398995551099219,-0.2466774834754568,-0.0431166672314176,-0.2452418353963284
9.380000000000001,-0.255348783479399,-0.2504332059922225,-0.2574358163056831,-0.04466596225176428,-0.2554867530924382
9.390000000000001,-0.2649933706398462,-0.260379413149735,-0.2673676466659506,-0.04638957737891442,-0.2651326603356724
9.4,-0.2740167578352719,-0.2697142627340847,-0.2764368079221839,-0.04825867241345111,-0.2741572037827547
9.41,-0.2823994135507045,-0.2784167056351337,-0.2846115267456288,-0.05024362312030206,-0.2825408575685978
9.42,-0.2901245681668313,-0.2864685013347912,-0.2918646200506562,-0.0523144123180419,-0.2902668583029519
9.43,-0.297178134637408,-0.2938541461945553,-0.2981736698454271,-0.05444103147999246,-0.2973211257669491
9.44,-0.3035486248578659,-0.3005607885365597,-0.303521172207452,-0.05659388493478867,-0.3036921716950339
9.449999999999999,-0.309227039850295,-0.3065781329098204,-0.3078946539556534,-0.05874418765897305,-0.3093709990395939
9.460000000000001,-0.3142067515581952,-0.3118983359263388,-0.3112867480289995,-0.06086434683336284,-0.3143509940878938
9.470000000000001,-0.3184834026199903,-0.3165158960070094,-0.3136952181582507,-0.0629283169299274,-0.3186278137363455
9.48,-0.3220547911571516,-0.3204275392969785,-0.3151229271056504,-0.06491191823110193,-0.3221992701281885
9.49,-0.3249207549185211,-0.3236321038971117,-0.3155777505524715,-0.0667931094429044,-0.3250652147311787
9.5,-0.3270830567584574,-0.3261304244157698,-0.3150724475068012,-0.06855220647069671,-0.3272274237752091
9.51,-0.3285452731966925,-0.3279252186774116,-0.3136245029717691,-0.07017204143255329,-0.3286894867898282
9.52,-0.3293126876078354,-0.3290209782351537,-0.3112559564181754,-0.07163805846576687,-0.3294566997827187
9.529999999999999,-0.3293921896165632,-0.3294238641278855,-0.3079932216698067,-0.07293834564955887,-0.3295359643857246
9.539999999999999,-0.3287921913926383,-0.32914160910236,-0.3038668949808661,-0.07406360519375077,-0.3289356940696864
9.550000000000001,-0.3275225219578541,-0.3281834272911833,-0.2989115430210095,-0.07500706669166773,-0.3276657282963913
9.56,-0.3255943528814522,-0.3265599321020591,-0.2931654626916703,-0.07576435049116997,-0.3257372552393751
9.57,-0.3230201376193311,-0.3242830628360102,-0.2866704085077297,-0.07633328993573174,-0.3231627434685744
9.58,-0.3198135523218355,-0.3213660203157264,-0.279471287866803,-0.07671372227151291,-0.3199558827599869
9.59,-0.3159894456768458,-0.3178232115728292,-0.2716158278430771,-0.07690725838387025,-0.3161315339636741
9.6,-0.3115637975094033,-0.3136702034180792,-0.2631542185657301,-0.07691704126381377,-0.3117056876443731
9.609999999999999,-0.3065536856500075,-0.3089236845038051,-0.2541387382079127,-0.07674750231129368,-0.3066954310010642
9.619999999999999,-0.300977260387965,-0.303601435285986,-0.2446233639172712,-0.07640412339136449,-0.3011189223774391
9.630000000000001,-0.294853727017053,-0.2977223051064826,-0.2346633723280334,-0.07589321111730785,-0.2949953724963371
9.640000000000001,-0.288203341110743,-0.2913061954462423,-0.2243149329548633,-0.07522168828150483,-0.288345031389811
9.65,-0.281047376591438,-0.2843740482491651,-0.2136346978337211,-0.07439690581008734,-0.2811891798541741
9.66,-0.2734081312261037,-0.2769478380856227,-0.2026793911119339,-0.07342647717277129,-0.2735501241379227
9.67,-0.2653089268433851,-0.2690505668154543,-0.191505402697932,-0.07231813589619829,-0.2654511924710975
9.68,-0.2567741060979989,-0.260706259324071,-0.180168390389464,-0.07107961574077609,-0.2569167319688471
9.69,-0.2478290280840169,-0.2519399588431827,-0.1687228950245646,-0.06971855221792345,-0.2479721043910652
9.699999999999999,-0.2385000612575877,-0.2427777203307918,-0.1572219731575989,-0.06824240344144211,-0.2386436792145628
9.710000000000001,-0.2288145721299792,-0.2332466003742356,-0.145716851625397,-0.06665838780961419,-0.2289588224758964
9.720000000000001,-0.2188009082199046,-0.2233746420958884,-0.1342566081936215,-0.06497343568805303,-0.2189458798716145
9.73,-0.2084883772275023,-0.2131908535841046,-0.1228878822437333,-0.06319415209504464,-0.2086341526594485
9.74,-0.1979072176220764,-0.202725178442202,-0.1116546190695527,-0.0613267873743687,-0.1980538649884432
9.75,-0.1870885345234488,-0.1920084571458676,-0.1005978506603645,-0.05937721297296067,-0.1872361213984148
9.76,-0.17606426038953,-0.1810723780239987,-0.08975551478533145,-0.05735089971943808,-0.1762128533685881
9.77,-0.1648670909085553,-0.1699494168293002,-0.07916231285329117,-0.05525289641595033,-0.165016753960993
9.779999999999999,-0.153530406772398,-0.1586727640416936,-0.06884960566025944,-0.05308780709068139,-0.1536811997944796
9.789999999999999,-0.1420881822360316,-0.1472762392485502,-0.05884534506921035,-0.05085976587989821,-0.1422401597983405
9.800000000000001,-0.1305748801465473,-0.1357941921682496,-0.04917403909627649,-0.04857240917485428,-0.1307280904276708
9.81,-0.1190253333750617,-0.1242613901252947,-0.03985674778128867,-0.0462288453328219,-0.119179817272859
9.82,-0.1074746128483221,-0.1127128920423863,-0.03091110736828512,-0.04383162286714704,-0.1076304032595355
9.83,-0.09595788928772797,-0.1011839092835528,-0.0223513804182579,-0.04138269855908189,-0.0961150039084257
9.84,-0.08451027058880174,-0.08970965395853442,-0.01418852932661441,-0.03888340734553536,-0.08466871040282109
9.85,-0.07316661907182936,-0.07832517557680524,-0.006430310315369836,-0.03633443611464593,-0.07332638148951426
9.859999999999999,-0.06196138759498048,-0.06706518721526666,0.0009186155178699806,-0.0337358036792138,-0.06212246551203587
9.869999999999999,-0.05092843333714384,-0.05596388263140439,0.007856557834164002,-0.03108684919896909,-0.05109081413738076
9.880000000000001,-0.04010082485888677,-0.04505474600819775,0.0143846630347933,-0.02838623119549299,-0.04026448958365436
9.890000000000001,-0.02951064470644445,-0.03437035625324081,0.02050677365068443,-0.02563193906056382,-0.02967556738072841
9.9,-0.0191887897884869,-0.02394218798669723,0.02622928308591799,-0.02282131861465037,-0.01935493689378581
9.91,-0.009164771921368957,-0.01380041153624856,0.03156098620307746,-0.01995111284267603,-0.009332102005518095
9.92,0.0005334788622956194,-0.003973694406591677,0.03651292471545853,-0.0170175184357706,0.000365015517751921
9.93,0.009879795019242752,0.005510993197652025,0.04109822508564648,-0.01401625821826036,0.009710267361696723
9.94,0.01884997367264935,0.0146285661477174,0.04533192589682977,-0.01094266895811952,0.01867946204169024
9.949999999999999,0.02742195071959634,0.02335600279372219,0.04923079161431626,-0.007791803468077951,0.02725053766371954
9.960000000000001,0.03557595024467426,0.03167251134742022,0.05281311028209706,-0.0045585453271062,0.03540372145836168
9.970000000000001,0.043294628443939,0.03955968167001889,0.05609847385112571,-0.00123773401333177,0.04312167357467095
9.98,0.05056319943721858,0.04700162001214359,0.05910754127699125,0.002175702234433918,0.05038961276603393
9.99,0.05736954079290437,0.05398506442250883,0.0618617860099237,0.005686608893256007,0.05719542179187498
10,0.06370427682526936,0.06049947875681438,0.06438323083661546,0.009299466308228976,0.06352973059499045
10.01,0.06956083800090275,0.06653712347579943,0.06669417410875966,0.01301825299685133,0.0693859755911721
10.02,0.07493549406758783,0.07209310171687233,0.06881691217415309,0.01684631457677815,0.07476043372072488
10.03,0.07982735097718728,0.07716537945280427,0.07077346333515633,0.02078624163294635,0.07965223025572943
10.04,0.08423835863713107,0.08175477890790062,0.07258529894494659,0.02483975953855649,0.08406331972599079
10.05,0.08817325465154148,0.08586494478093298,0.07427308736011162,0.02900763280916785,0.08799843971414634
10.06,0.09163948550299762,0.08950228321794013,0.07585645642103034,0.03328958602166693,0.09146503766908398
10.07,0.09464710708719724,0.0926758738798748,0.07735377991405112,0.03768424269976772,0.09447317128912058
10.08,0.09720865977126486,0.09539735585225873,0.07878199302762207,0.04218908289056533,0.0970353834247808
10.09,0.09933901931122945,0.09768078853903489,0.08015644106565217,0.04680041947215474,0.09916655283755854
10.1,0.1010552253313351,0.09954248906309715,0.08149076454055082,0.05151339258094878,0.1008837225185694
10.11,0.1023762894087063,0.1010008480540486,0.08279682218455953,0.05632198096736796,0.102205907612164
10.12,0.1033229822086026,0.102076126033047,0.08408465141168997,0.06121902861306694,0.1031538852977729
10.13,0.1039176021744505,0.1027902328982782,0.08536246344992604,0.06619628459701388,0.1037499692526366
10.14,0.1041837629146708,0.1031664932673235,0.08663666796745706,0.07124445399717083,0.1040177715433733
10.15,0.1041461302107228,0.1032294006391263,0.08791191986988001,0.07635325756460332,0.1039819549715054
10.16,0.1038301657791583,0.1030043634946577,0.08919117949786015,0.08151149800342583,0.1036679790235899
10.17,0.1032618702603788,0.1025174465582817,0.09047577725514883,0.0867071309207964,0.1031018426486961
10.18,0.1024675262752909,0.1017951104898646,0.09176547525020806,0.09192733885869303,0.1023098271032924
10.19,0.1014734447497122,0.1008639532697823,0.0930585219204797,0.09715860726244024,0.1013182420666912
10.2,0.1003057176158361,0.09975045647626851,0.09435169992949283,0.1023868017584532,0.1001531781398146
10.21,0.09898997985880269,0.0984807395388777,0.09564037085030841,0.1075972466835571,0.09884026869893264
10.22,0.09755117879844935,0.09708032488594215,0.09691852021068048,0.1127748054090307,0.09740446388737228
10.23,0.09601336538813213,0.09557391669239074,0.09817880354379033,0.1179039636105504,0.09586981929655464
10.24,0.094399515571068,0.0939851956814608,0.09941259158861526,0.1229689172223801,0.09425930161769336
10.25,0.09273134093470196,0.09233663214548704,0.100610014628765,0.1279536673437462,0.09259461324374685
10.26,0.09102913363097181,0.09064931903316098,0.101760012013944,0.1328421247880212,0.09089603747332264
10.27,0.08931163369431663,0.0889428266098431,0.1028503984770012,0.1376182272158654,0.08918230562175439
10.28,0.08759591919863116,0.0872350798407116,0.10386795939936,0.1422660717900153,0.08747048698597648
10.29,0.08589731983232345,0.08554225928101056,0.1047985824409153,0.1467700659369598,0.08577590224674791
10.3,0.08422935411018018,0.0838787258905927,0.1056274261856826,0.1511150980014607,0.08411206053085141
10.31,0.08260369008964674,0.08225696982863534,0.1063391209615981,0.1552867282527485,0.0824906200044232
10.32,0.08103012334216259,0.08068758293589007,0.1069179941028174,0.1592713988096187,0.08092137153247925
10.33,0.07951659269550707,0.07917925428207873,0.1073483112690138,0.1630566586392004,0.07941224462539997
10.34,0.07806921005525047,0.07773878785101984,0.10761452605315,0.1666313970074699,0.07796933460542022
10.35,0.07669229953013751,0.07637114116021415,0.107701531175731,0.1699860759091447,0.07659694966992459
10.36,0.07538846299895255,0.07507948336897619,0.1075949056088116,0.1731129494944179,0.07529767630685574
10.37,0.0741586622781784,0.07386527122260456,0.1072811528126562,0.1760062568260077,0.07407246133393175
10.38,0.07300231601456607,0.07272834101193304,0.1067479258881281,0.1786623739030111,0.07292070868901634
10.39,0.07191740932373393,0.0716670145989256,0.1059842359159786,0.1810799120897262,0.07184038899508566
10.4,0.0709006141331972,0.07067821747047764,0.1049806401621159,0.1832597529345904,0.07082815985947122
10.41,0.06994741795695296,0.06975760673381298,0.1037294072594396,0.185205013576816,0.069879494842427
10.42,0.06905225577459459,0.06889970695673653,0.1022246569926556,0.1869209419377104,0.06898881904278537
10.43,0.06820865942022819,0.06809805178248252,0.1004624729437432,0.1884147459246052,0.06814964929571937
10.44,0.06740939660406285,0.06734532930933279,0.09844098700094828,0.1896953651863755,0.06735473705617079
10.45,0.06664661199156684,0.06663352931606015,0.09616043555666626,0.1907731969830557,0.06659621214736777
10.46,0.065911970241257,0.0659540905312444,0.09362318804969039,0.1916597892013551,0.06586572568275184
10.47,0.06519679664682776,0.06529804628325286,0.09083374924972037,0.1923675135196397,0.06515459061662787
10.48,0.06449221399957288,0.06465616702300392,0.087798737233373,0.1929092305126766,0.0644539185394794
10.49,0.06378927445722872,0.06401909837851721,0.08452683927573579,0.193297956538235,0.06375475150283766
10.5,0.06307908537916078,0.06337749357384342,0.08102874784424896,0.1935465400268402,0.06304818783134314
10.51,0.06235292796621357,0.06272213922018199,0.07731707857319292,0.1936673526843253,0.06232550105143531
10.52,0.06160236790378489,0.06204407365981479,0.07340627163950925,0.1936719993678697,0.06157825123287441
10.53,0.06081936205737836,0.06133469720939166,0.06931247753034919,0.1935710491314553,0.06079838819705191
10.54,0.05999635035396071,0.06058587380505581,0.06505342795966856,0.1933737891693158,0.05997834619182468
10.55,0.05912634130725728,0.05979002369450814,0.06064829275402184,0.1930880030571893,0.05911112976352423
10.56,0.0582029890928179,0.05894020694834423,0.05611752387196656,0.1927197747042306,0.05819039067110476
10.57,0.05722066158436476,0.05803019767292966,0.05148268822990315,0.1922733196756091,0.05721049578377735
10.58,0.05617449937347643,0.05705454889874084,0.04676629151487599,0.1917508459242104,0.0561665859813365
10.59,0.05506046585484507,0.05600864819116091,0.04199159552665999,0.1911524463887817,0.05505462613609347
10.6,0.05387538850177778,0.05488876408540533,0.03718243172969243,0.1904760262973668,0.05387144629735585
10.61,0.05261699150672373,0.05369208348464161,0.03236301360598554,0.189717268291254,0.05261477422557531
10.62,0.05128392014392625,0.05241674018211101,0.02755775013070749,0.1888696385940482,0.05128325943519307
10.63,0.04987575622920922,0.05106183467607461,0.02279106230982902,0.187924437335095,0.04987648890552865
10.64,0.04839302551841693,0.04962744544370734,0.01808720428871669,0.1868708957417484,0.04839499461035468
10.65,0.04683719738964065,0.04811463182920028,0.01347009011519307,0.1856963221933539,0.04684025300215905
10.66,0.04521067657810945,0.04652542868562048,0.008963126861931681,0.1843862980485166,0.04521467656956424
10.67,0.04351678706250224,0.04486283289279203,0.004589054508661206,0.1829249227077393,0.04352159756900464
10.68,0.04175974819356731,0.04313078185783026,0.0003697927597962614,0.1812951055841476,0.04176524401769954
10.69,0.03994464314753444,0.04133412409406312,-0.003673705201551414,0.1794789006001863,0.03995070802680106
10.7,0.03807737978669291,0.03947858197084275,-0.007521592213065531,0.1774578766331677,0.03808390655390193
10.71,0.03616464443408946,0.03757070673331031,-0.01115526035752368,0.1752135151691232,0.03617153466484041
10.72,0.03421384735953398,0.03561782590945467,-0.01455746876029956,0.172727624495863,0.03422101141754408
10.73,0.03223306090178015,0.03362798325227423,-0.01771246710846786,0.1699827582818208,0.0322404185165015
10.74,0.0302309518942761,0.03160987140839355,-0.0206061158683486,0.1669626255319278,0.03023843193579834
10.75,0.0282167066276027,0.02957275756049915,-0.02322600308228739,0.1636524788135933,0.02822424677133523
10.76,0.02619994935087794,0.02752640235923542,-0.02556155550682659,0.1600394683538864,0.02620749565815728
10.77,0.02419065474199793,0.02548097254008286,-0.02760413936007888,0.156112951082642,0.02419816117542817
10.78,0.02219905486871399,0.02344694771110634,-0.02934714434051422,0.1518647458119481,0.02220648275759557
10.79,0.02023554126503917,0.02143502189683805,-0.03078604493631099,0.147289328314509,0.02024285873345849
10.8,0.01831056286620122,0.01945600052964414,-0.03191843537238082,0.1423839628736375,0.0183177442223792
10.81,0.01643452111662571,0.01752069368968873,-0.03274403771531315,0.137148769706915,0.0164415457257493
10.82,0.01461766113141521,0.0156398065044086,-0.03326468524930815,0.1315867303206181,0.01462451335871356
10.83,0.01286996287931078,0.01382382772420676,-0.03348428444762058,0.1257036351822304,0.01287663176868942
10.84,0.01120103234858782,0.01208291758931279,-0.03340875877535621,0.119507980003067,0.01120751087999028
10.85,0.00961999331228852,0.01042679618960163,-0.03304597675974114,0.1130108183487623,0.009626277684406825
10.86,0.008135381415940687,0.008864633591872451,-0.03240566585126931,0.1062255792284234,0.008141470362887482
10.87,0.006755041922504448,0.007404943064726832,-0.03149931292417457,0.09916785876966594,0.00676093607054512
10.88,0.005486032475046076,0.006055478767689526,-0.03034005192794437,0.09185519510299478,0.005491733743570149
10.89,0.00433453224071401,0.004823139286179168,-0.02894253915803047,0.08430683520515192,0.004340043290157691
10.9,0.003305758826203254,0.003713878385741221,-0.02732281676869319,0.07654350174614244,0.003311082506883389
10.91,0.002403894423283911,0.002732624325812727,-0.02549816541122607,0.06858716701387213,0.002409033015803808
10.92,0.00163202109268205,0.001883209014202469,-0.02348694717350286,0.06046083982277828,0.00163697644579569
10.93,0.0009920687651767904,0.001168308197930179,-0.02130844027135204,0.05218837001942767,0.000996841984310104
10.94,0.0004847752497529787,0.0005893937744653743,-0.01898266716806374,0.04379427384846712,0.0004893663037556784
10.95,0.0001096593257450748,0.0001466991708833909,-0.01653021796023113,0.03530358210168366,0.0001140667215051017
10.96,-0.0001349922338968059,-0.0001608014209084629,-0.01397207096172765,0.02674171169849227,-0.0001307717138683273
10.97,-0.0002521232003439818,-0.0003353993443885872,-0.01132941244416319,0.01813436018445858,-0.0002480947027123093
10.98,-0.0002458916807674986,-0.0003806429023538449,-0.008623457458236672,0.009507421619321887,-0.000242062434042789
10.99,-0.0001216390706553932,-0.000301313703324424,-0.005875273582543472,0.0008869214788876922,-0.0001180184912789595
11,0.0001141557669732882,-0.0001033879493347878,-0.00310560935734161,-0.007701032474889236,0.0001175559481537691
11.01,0.0004539366126078958,0.0002060170896486802,-0.0003347291110877837,-0.01623028689470774,0.0004571022654051293
11.02,0.0008891434082761559,0.0006187109418750447,0.002417744067358507,-0.02467467098316833,0.0008920583246443958
11.03,0.001410299494253672,0.001125511442277793,0.00513297528638379,-0.03300802009410231,0.001412945366455087
11.04,0.002007110454932978,0.001716338966394115,0.007793052541819612,-0.04120419885715793,0.002009466852825492
11.05,0.002668573671285356,0.002380322264317503,0.01038110667051173,-0.049237127779935,0.002670618044075868
11.06,0.003383097206030804,0.003105914574497493,0.01288141399106957,-0.05708081706281665,0.003384804901814809
11.07,0.004138626448307136,0.003881018519231061,0.01527947928771706,-0.06470941103595529,0.004139970745556887
11.08,0.004922776801239932,0.004693118125918883,0.01756209747606491,-0.07209724620255165,0.00492372894714771
11.09,0.005722970578378533,0.005529416183350178,0.01971739341139378,-0.07921892535225783,0.005723499829632717
11.1,0.006526576152934802,0.006376975033670518,0.02173484070659093,-0.08604940959653262,0.006526649847970967
11.11,0.007321047316974079,0.007222858820762346,0.02360526185709566,-0.09256412947737669,0.007320631070259376
11.12,0.008094061240452026,0.008054275167246883,0.02532081313325923,-0.09873911551744541,0.008093118950871392
11.13,0.008833652613066251,0.008858714237031329,0.02687495836425235,-0.1045511477225664,0.008832146392490636
11.14,0.009528342034974938,0.009624083159957497,0.02826243579398757,-0.1099779226326805,0.009526232132144541
11.15,0.01016725683766335,0.01033883384972678,0.02947922167328276,-0.1149982355682097,0.01016450155728754
11.16,0.01074024254264623,0.01099208233550908,0.03052249331289947,-0.1195921747688649,0.01073679816031414
11.17,0.01123796329856965,0.01157371784888239,0.03139059316167353,-0.1237413232141381,0.01123378397263597
11.18,0.01165198979838388,0.01207450005859045,0.03208299428487532,-0.1274289631006769,0.01164702748035212
11.19,0.01197487336316519,0.0124861430227477,0.03260026654047954,-0.1306402772892488,0.01196907771026146
11.2,0.01220020463555346,0.0128013846284985,0.03294404186537159,-0.1333625415822257,0.01219352338459262
11.21,0.01232265738534475,0.01301404051001326,0.03311697643523559,-0.1355853015065569,0.01231503627203456
11.22,0.01233801583220422,0.01311904167386979,0.03312270709855963,-0.1373005274009227,0.01232939810769618
11.23,0.01224318447186243,0.01311245531313071,0.03296579948101086,-0.1385027420653402,0.01223351071168993
11.24,0.01203618126280515,0.0129914885537592,0.03265168559582632,-0.1391891160292592,0.01202538920084784
11.25,0.01171611406327436,0.01275447514546907,0.03218658971387989,-0.1393595266054111,0.01170413845628504
11.26,0.01128314074913473,0.01240084537908248,0.03157744254999301,-0.1390165782690943,0.01126991327678339
11.27,0.01073841370515183,0.01193107977920604,0.03083178525323438,-0.1381655834592941,0.01072386290976085
11.28,0.01008400963437,0.01134664738016261,0.02995766588824644,-0.1368145045445477,0.01006806090365953
11.29,0.009322845775859108,0.01064992964013589,0.0289635317471128,-0.134973859329408,0.009305421463468799
11.3,0.008458582855599852,0.009844131279396151,0.02785812081830741,-0.1326565939947911,0.008439603711135113
11.31,0.007495521143076188,0.008933179540086766,0.02665035518874187,-0.1298779286765676,0.007474905450661151
11.32,0.006438485121999882,0.007921613553998841,0.02534923835654457,-0.1266551819189494,0.006416148210627137
11.33,0.005292701181337421,0.006814465668366854,0.02396375768257719,-0.1230075809416586,0.005268555481588111
11.34,0.004063671001465233,0.005617136714229198,0.02250279269138011,-0.1189560650038125,0.004037626179802967
11.35,0.002757042277889111,0.004335267304039603,0.02097502968784226,-0.1145230891219805,0.002729005449854882
11.36,0.001378478944045028,0.00297460731158472,0.01938888312666737,-0.1097324350071317,0.001348354965834075
11.37,-6.646693349437392e-05,0.001540885716389551,0.01775242426692791,-0.1046090353358673,-9.877509756095471e-05
11.38,-0.001572479437756894,3.968298696988004e-05,0.0160733177848425,-0.09917881638414389,-0.001607070276180678
11.39,-0.0031345977476697,-0.001523691865315424,0.0143587671528278,-0.09346856265787695,-0.003171570120844514
11.4,-0.004748328345448442,-0.003144317505552385,0.0126154696916212,-0.08750580550878406,-0.004787778598904224
11.41,-0.006409740454576551,-0.004817767818023233,0.01084958224436849,-0.08131873591459388,-0.006451764722606057
11.42,-0.008115557463702549,-0.006540208959294525,0.009066698386883287,-0.07493613976081481,-0.008160251690055298
11.43,-0.009863233584351866,-0.008308484274183736,0.007271837955444727,-0.06838735225238957,-0.00991069300893288
11.44,-0.01165101571759296,-0.01012018561964234,0.005469449426722395,-0.06170222668462577,-0.0117013342821311
11.45,-0.01347798988281437,-0.01197370985880036,0.003663425327488978,-0.0549111118635649,-0.01353125956492485
11.46,-0.01534411136380878,-0.01386829952638541,0.00185713042428004,-0.04804483206875099,-0.01540042145106257
11.47,-0.01725021798856271,-0.01580406692411651,5.344202591772707e-05,-0.0411346635875029,-0.01730965430612502
11.48,-0.01919802622916558,-0.01778200117540885,-0.001745198572681184,-0.03421230242370732,-0.01926067033612866
11.49,-0.02119011209889282,-0.01980395804507229,-0.003536724593185436,-0.02730981864710263,-0.02125603845319712
11.5,-0.02322987313414445,-0.02187263260290812,-0.005319373252968496,-0.02045959384486995,-0.02329914617350243
11.51,-0.02532146650454564,-0.02399151507580061,-0.007091607153437485,-0.0136942391421242,-0.02539414505098264
11.52,-0.02746974351494979,-0.0261648304923241,-0.008852028592653438,-0.007046492197684495,-0.02754588040922573
11.53,-0.02968016489017131,-0.02839746297858153,-0.01059928827431356,-0.0005490924295795119,-0.02975980637908066
11.54,-0.03195870238282899,-0.03069486580996139,-0.01233199076547303,0.005765365515536802,-0.03204188747720227
11.55,-0.0343117283452697,-0.03306295854995539,-0.01404860019824572,0.0118645993456406,-0.03439848816701474
11.56,-0.03674589488813326,-0.03550801280576737,-0.01574735078380779,0.01771682641850159,-0.03683625202585566
11.57,-0.03926800440390307,-0.03803652829739212,-0.01742616732342284,0.02329096880627868,-0.03936197229717164
11.58,-0.04188487336056753,-0.04065510107350173,-0.01908260075742763,0.02855687360966819,-0.04198245573284687
11.59,-0.04460319638909901,-0.04337028581638092,-0.02071378277644331,0.03348554544069643,-0.04470438172640512
11.6,-0.0474293962398018,-0.04618845426000756,-0.0223164017635884,0.03804938744541303,-0.04753415880185369
11.61,-0.05036947502110871,-0.04911565179943489,-0.02388670021446415,0.0422224467052813,-0.05047778055518604
11.62,-0.05342887756633767,-0.05215745439334596,-0.02542049181206546,0.0459806593495159,-0.053540683145959
11.63,-0.05661235254224072,-0.05531882785389697,-0.02691319500887923,0.04930209025063315,-0.05672760640588093
11.64,-0.05992381916027231,-0.05860399157831964,-0.02835987955870717,0.05216716179496339,-0.06004246057111362
11.65,-0.06336624140941974,-0.0620162887066576,-0.02975532288600058,0.05455886596337789,-0.06348820055669896
11.66,-0.06694151161590137,-0.06555806459161517,-0.03109407413826204,0.05646295387919831,-0.06706670957756372
11.67,-0.07065034499836549,-0.0692305553423751,-0.03237052478325331,0.05786809713819863,-0.07077869378303642
11.68,-0.07449218708683117,-0.073033788057146,-0.03357898530872699,0.05876601568295459,-0.07462358941398972
11.69,-0.07846514253043885,-0.07696649419249924,-0.03471376777042251,0.05915156775812308,-0.07859948381617504
11.7,-0.0825658950535318,-0.08102603733383179,-0.03576927364015597,0.05902279859500814,-0.08270305145358964
11.71,-0.08678966245771505,-0.08520835643437064,-0.03674008582643068,0.05838094589695592,-0.08692950586470266
11.72,-0.09113016989674472,-0.08950792538276914,-0.03762106315160391,0.0572304018648413,-0.09127256829559527
11.73,-0.09557963570335769,-0.09391772954461386,-0.03840743521555162,0.05557863330871593,-0.09572445353047271
11.74,-0.1001287746992675,-0.09842925970420746,-0.03909489556579399,0.05343606320319205,-0.1002758732248397
11.75,-0.1047668190820797,-0.1030325236127515,-0.03967969137059996,0.05081591871299074,-0.1049160568325834
11.76,-0.1094815567733561,-0.1077160751313571,-0.0401587081827553,0.04773405209968806,-0.1096327900081541
11.77,-0.1142593869086952,-0.112467060745861,-0.04052954870665904,0.0442087419032634,-0.114412470161125
11.78,-0.1190853936163185,-0.1172712830285154,-0.04079060463937961,0.04026048229287404,-0.1192401786451451
11.79,-0.1239434409919694,-0.1221132804310826,-0.04094112065366268,0.0359117684663155,-0.1240997688781288
11.8,-0.1288162552075859,-0.126976422614843,-0.04098124950685711,0.0311868854590131,-0.1289739695173941
11.81,-0.1336855518777159,-0.1318430203563922,-0.04091209718998162,0.02611170675454944,-0.1338445016534481
11.82,-0.138532168777669,-0.136694448914935,-0.04073575704130378,0.02071350775425085,-0.1386922088402924
11.83,-0.1433362074240287,-0.1415112836097643,-0.04045533185847616,0.01502079756867158,-0.1434971986493755
11.84,-0.1480771847349515,-0.1462734462366622,-0.04007494323385985,0.009063170854229363,-0.1482389943190014
11.85,-0.152734193246857,-0.1509603608481607,-0.03959972757241986,0.002871179651339872,-0.1528966949718443
11.86,-0.1572860682811209,-0.1555511173315621,-0.03903581849627114,-0.003523776499675502,-0.1574491427900311
11.87,-0.1617115603875266,-0.1600246411381931,-0.03839031557304085,-0.01008954537511131,-0.1618750954705182
11.88,-0.1659895151778746,-0.164359867448682,-0.03767123951756446,-0.01679330622429842,-0.1661534022329618
11.89,-0.1700990524577426,-0.1685359180063922,-0.03688747420454874,-0.02360164850280744,-0.1702631816181543
11.9,-0.1740197254990507,-0.1725322788191117,-0.03604869598804789,-0.03048065082643237,-0.1741839992969739
11.91,-0.1777317103016037,-0.1763289769209103,-0.03516529094804077,-0.03739596575370635,-0.177896044107951
11.92,-0.1812159790551848,-0.1799067544023563,-0.03424826078503823,-0.04431291554343519,-0.1813803005555576
11.93,-0.1844544673961742,-0.1832472379565213,-0.03330911819860904,-0.05119660320783265,-0.1846187160311458
11.94,-0.18743023468148,-0.1863331022432034,-0.03235977277603491,-0.05801204208759636,-0.1875943610641591
11.95,-0.1901276156523485,-0.1891482254332055,-0.03141240873702383,-0.06472430593235312,-0.1902915809722256
11.96,-0.1925323619366804,-0.1916778353502525,-0.03047935632898185,-0.07129870020278328,-0.1926961373552924
11.97,-0.194631771929466,-0.1939086446867939,-0.02957295916255892,-0.07770095412888928,-0.1947953379704718
11.98,-0.1964148142567626,-0.1958289738502437,-0.02870544017260335,-0.08389743204063155,-0.1965781536305818
11.99,-0.1978722228644282,-0.1974288601101153,-0.02788876903752657,-0.08985536166994879,-0.1980353208898226
12,-0.1989965748588508,-0.1987001518592367,-0.0271345337104279,-0.09554307650283139,-0.1991594294143436
12.01,-0.1997823730417329,-0.1996365869610281,-0.02645381823127468,-0.1009302687964557,-0.1999449930824458
12.02,-0.2002260999970669,-0.2002338543221872,-0.02585708831107703,-0.1059882495058646,-0.2003885040181494
12.03,-0.2003262544059577,-0.200489638006586,-0.02535408545497364,-0.1106902110121968,-0.2004884689315424
12.04,-0.2000833692086111,-0.2004036433923916,-0.02495372975902521,-0.1150114881377041,-0.2002454273182032
12.05,-0.1995000113550432,-0.1999776050667973,-0.02466403107145376,-0.1189298124126769,-0.199661951256459
12.06,-0.1985807630776662,-0.1992152763393287,-0.02449200799838158,-0.1224255538921625,-0.1987426267335516
12.07,-0.1973321849930936,-0.1981224004231348,-0.02444361425496527,-0.125481944008736,-0.1974940166273506
12.08,-0.1957627698722828,-0.1967066634841756,-0.02452367207360118,-0.1280852720460763,-0.1959246056673373
12.09,-0.1938828529602133,-0.1949776299140911,-0.02473581271112396,-0.1302250469467301,-0.1940447278941838
12.1,-0.1917045245691661,-0.192946660373466,-0.02508242446053827,-0.131894115520393,-0.1918664773290864
12.11,-0.1892415317155035,-0.1906268133808929,-0.02556460888487017,-0.1330887279581593,-0.1894036027491365
12.12,-0.1865091579479936,-0.1880327314568391,-0.02618214618534698,-0.1338085421836562,-0.1866713876408017
12.13,-0.1835240895797056,-0.1851805130311093,-0.02693347065878476,-0.1340565602683081,-0.183686516567489
12.14,-0.1803042697108982,-0.1820875714772658,-0.02781565709246425,-0.1338389931030988,-0.1804669293362043
12.15,-0.1768687415620547,-0.1787724827586287,-0.02882441872304758,-0.1331650537875465,-0.1770316644805632
12.16,-0.1732374827489262,-0.1752548232738153,-0.02995411710150353,-0.1320466855749861,-0.1734006936903153
12.17,-0.1694312333821625,-0.1715549995807699,-0.03119778391282019,-0.1304982362445717,-0.1695947489093946
12.18,-0.1654713253248411,-0.1676940717547868,-0.03254715453852353,-0.1285360967459738,-0.1656351438936828
12.19,-0.1613794787478163,-0.1636935721936355,-0.03399271294180195,-0.1261783269939998,-0.1615435920652166
12.2,-0.1571776274135401,-0.1595753217178232,-0.03552374729778141,-0.1234442948437808,-0.1573420225204452
12.21,-0.1528877381144055,-0.1553612448249136,-0.03712841566767966,-0.1203543547519961,-0.1530523960466046
12.22,-0.1485316283208148,-0.1510731859429089,-0.03879382090266664,-0.1169295899434498,-0.1486965229720346
12.23,-0.1441307874358553,-0.1467327284899985,-0.04050609384359677,-0.1131916360400548,-0.1442958846244401
12.24,-0.1397062033581744,-0.142361018486743,-0.04225048375392398,-0.1091625955954937,-0.1398714600967983
12.25,-0.1352781959592901,-0.1379785943838575,-0.0440114548025855,-0.1048650428493461,-0.1354435599252889
12.26,-0.1308662589675178,-0.1336052246651966,-0.04577278733973522,-0.1003221076761536,-0.1310316681695063
12.27,-0.1264889145442885,-0.1292597546641339,-0.04751768273496787,-0.09555761869729124,-0.1266542942547944
12.28,-0.1221635792410157,-0.1249599638940445,-0.04922887073470256,-0.09059627921675373,-0.1223288357919834
12.29,-0.1179064191857794,-0.1207224350436622,-0.05088871868876121,-0.08546384693959269,-0.1180714534348568
12.3,-0.1137322505466322,-0.1165624356280787,-0.05247934259112075,-0.08018728956370624,-0.1138969586725108
12.31,-0.1096544422056195,-0.1124938131199957,-0.05398272056246184,-0.07479489281712071,-0.1098187152862996
12.32,-0.1056848312556551,-0.1085289042160656,-0.05538080989045735,-0.06931630429327351,-0.105848555031814
12.33,-0.1018336531216613,-0.1046784587238294,-0.0566556686153753,-0.06378250419043602,-0.1019967079388576
12.34,-0.09810948653766488,-0.1009515783882822,-0.05778958157031144,-0.05822570151918705,-0.09827174745920647
12.35,-0.09451921345559731,-0.09735567081697261,-0.05876518893128635,-0.05267916055209942,-0.09468055053603452
12.36,-0.09106799381513103,-0.09389641851075281,-0.05956561364273816,-0.04717696674304978,-0.09122827252230142
12.37,-0.08775926009471918,-0.09057776286587471,-0.06017458383788638,-0.04175374395551146,-0.0879183367406377
12.38,-0.08459471677450912,-0.08740190288348154,-0.0605765481010449,-0.03644433583733425,-0.08475243835552465
12.39,-0.08157434614720913,-0.08436930820538707,-0.06075678415680591,-0.03128346395553383,-0.08173056212136431
12.4,-0.07869645118323429,-0.08147874599140464,-0.06070150349184916,-0.02630537428496837,-0.07885101347824242
12.41,-0.07595769946435114,-0.07872732106369396,-0.06039795438632617,-0.02154348220302593,-0.07611046239086161
12.42,-0.0733531789752698,-0.07611052866865797,-0.0598345243055467,-0.01703002455923885,-0.07350399926561135
12.43,-0.07087646527106267,-0.07362231914688316,-0.05900084101082237,-0.01279572584624766,-0.07102520223517195
12.44,-0.0685196992807266,-0.07125517375706991,-0.05788787117595462,-0.008869484095140989,-0.06866621506896431
12.45,-0.06627367498894969,-0.06900019086948994,-0.0564880156989982,-0.005278080891684633,-0.06641783494941067
12.46,-0.06412793626271995,-0.06684718172740167,-0.05479520139260807,-0.002045918859293283,-0.06426960934749754
12.47,-0.06207088879009402,-0.06478477496810431,-0.05280496853172162,0.0008052109422500009,-0.06220994123404283
12.48,-0.06008990054396474,-0.06280052909773404,-0.05051455283858197,0.003256330026514709,-0.06022620187397104
12.49,-0.05817142085777074,-0.06088105212334227,-0.04792295955622899,0.005291440903047007,-0.05830485046740175
12.5,-0.05630111330106846,-0.05901212756247676,-0.04503102692338079,0.006897662531273163,-0.05643155992127002
12.51,-0.05446398677944284,-0.05717884607301232,-0.04184147669239235,0.008065332991612273,-0.05459134805655608
12.52,-0.05264453140221143,-0.05536574197313499,-0.03835894995688854,0.008788080093492079,-0.05276871357670765
12.53,-0.05082685846376364,-0.05355693394902039,-0.03459002707247377,0.009062861144477186,-0.05094777614068663
12.54,-0.04899484389734998,-0.05173626927087371,-0.03054323070517645,0.008889973577064003,-0.049112419897274
12.55,-0.0471322745669789,-0.04988747085202799,-0.02622901111704967,0.008273038559580392,-0.04724643984466076
12.56,-0.04522299723045718,-0.0479942864886479,-0.02165971288434665,0.007218960089138027,-0.04533369037910245
12.57,-0.04325107374392707,-0.04604063960978078,-0.01684952249103544,0.005737862357557799,-0.0433582353884
12.58,-0.04120091874176742,-0.04401078085136123,-0.01181439669947193,0.003843008373689116,-0.04130449922869572
12.59,-0.03905745652631813,-0.04188943974548998,-0.006571972224849176,0.001550702896706668,-0.03915741789731669
12.6,-0.03680627468904644,-0.03966197578919217,-0.00114145792515441,-0.001119817332055684,-0.03690258967954929
12.61,-0.03443377333554367,-0.03731452812456526,0.004456488653812651,-0.004146503287033754,-0.0345264245044567
12.62,-0.0319273122154231,-0.03483416302529496,0.01019989805818039,-0.007504620881546686,-0.03201629119496019
12.63,-0.02927535488859669,-0.0322090183423131,0.01606563641781933,-0.0111668838236067,-0.02936066174174767
12.64,-0.02646760899922426,-0.02942844401530653,0.02202956092339892,-0.01510359085410728,-0.02654925167086963
12.65,-0.02349516166646783,-0.02648313770742444,0.0280666805815038,-0.01928276686567343,-0.0235731555133929
12.66,-0.0203506098718566,-0.02336527456993565,0.03415131963773799,-0.02367030822248717,-0.02042497632409046
12.67,-0.01702818456202257,-0.02006863009296617,0.04025728118410771,-0.02823013345127462,-0.01709894813782276
12.68,-0.01352385634072664,-0.01658869495014459,0.0463580085942516,-0.03292434128959104,-0.01359105019931461
12.69,-0.009835446197133491,-0.01292278070117381,0.05242674255122376,-0.03771337877964842,-0.009899111757374568
12.7,-0.005962720360544701,-0.009070115179758975,0.05843667155705368,-0.04255622259189162,-0.006022906181044618
12.71,-0.001907472314343491,-0.005031926368530504,0.06436107396055485,-0.0474105769663612,-0.001964233135149152
12.72,0.002326408379513908,-0.0008115135509549898,0.07017344973393158,-0.0522330915187042,0.002273012450919709
12.73,0.006732881695950797,0.003585695463756255,0.07584764049468506,-0.05697960167585547,0.006682785872397068
12.74,0.01130371841762943,0.008152102219958213,0.08135793663175278,-0.06160539374385382,0.01125685381206576
12.75,0.01602847821936177,0.01287791172722053,0.08667917087384092,-0.06606549565073205,0.01598477233477241
12.76,0.02089450469284848,0.01775112385998112,0.09178679824292302,-0.07031499331270052,0.02085388278993389
12.77,0.02588694101720936,0.0227575430060295,0.09665696305514926,-0.07430937135553828,0.02584932659284794
12.78,0.03098876736804636,0.02788080680796023,0.1012665544206147,-0.07800487556597219,0.03095407972511971
12.79,0.03618085251058523,0.03310243470401841,0.105593252471848,-0.081358892940122,0.03614900764008155
12.8,0.04144202967120886,0.03840189681570783,0.1096155682088568,-0.08433034357568292,0.04141294108108451
12.81,0.04674919373152767,0.04375670354891303,0.1133128802738855,-0.08688007701657252,0.04672277312067707
12.82,0.05207741970815574,0.04914251607324827,0.1166654720791637,-0.08897126413947387,0.05205357750918149
12.83,0.05740010237048249,0.05453327762278376,0.1196545724814674,-0.09056977442431879,0.05737874818421629
12.84,0.06268911659839146,0.05990136532299195,0.1222624026670437,-0.09164452762686182,0.06267015954194088
12.85,0.06791499782098863,0.06521776199826101,0.1244722311643621,-0.09216780861196161,0.06789834680951912
12.86,0.07304714118960438,0.07045224715573295,0.1262684380403403,-0.0921155345353723,0.07303270559053782
12.87,0.0780540202218912,0.07557360607935049,0.1276365884473867,-0.0914674647797894,0.07804170938536148
12.88,0.08290342058742776,0.08054985570668227,0.1285635148410008,-0.09020734611911652,0.08289314362105232
12.89,0.08756268810931755,0.08534848570477427,0.1290374064301495,-0.08832298850779213,0.08755435446540394
12.9,0.0919989905191909,0.08993671291364691,0.1290479037940983,-0.08580627059391227,0.09199251045136231
12.91,0.09617958979128108,0.09428174709170467,0.1285861961323133,-0.08265307835763724,0.09617487470648717
12.92,0.1000721226417036,0.0983510656804002,0.1276451183309005,-0.07886318487913752,0.1000690853716023
12.93,0.1036448865943348,0.1021126951108816,0.1262192449372554,-0.07444008370743604,0.1036434416074646
12.94,0.1068671288588887,0.1055354960071884,0.12430497822292,-0.06939079206531817,0.1068671924321694
12.95,0.1097093351554811,0.1085894495034498,0.1219006277556021,-0.06372564252305135,0.1097108255085041
12.96,0.112143515871914,0.1112459417897526,0.1190064792557021,-0.05745808213553538,0.1121463529121281
12.97,0.1141434852581371,0.1134780439357362,0.1156248509363749,-0.05060449584832738,0.114147590861026
12.98,0.1156851318835757,0.1152607840142428,0.111760135977049,-0.04318406609606856,0.1156904303752851
12.99,0.1167466774393439,0.1165714085601402,0.1074188302234284,-0.03521867339327256,0.1167530958651309
13,0.117308920400931,0.1173896304512076,0.102609544617368,-0.02673283449548008,0.1173163887144903
13.01,0.1173554618429487,0.1176978603880021,0.09734300222007003,-0.01775366707610071,0.1173639130365129
13.02,0.1168729107339821,0.1174814192763964,0.09163201998891635,-0.008310864609631041,0.1168822809255869
13.03,0.1158510662246952,0.1167287289785216,0.08549147569204818,0.00156333645525536,0.1158612947154596
13.04,0.1142830746619624,0.1154314790936866,0.07893826049144531,0.01183421287290054,0.1142941039726957
13.05,0.1121655594549556,0.1135847676585963,0.07199121780177065,0.02246464452309849,0.1121773352061926
13.06,0.1094987223739399,0.1111872139137987,0.0646710690588157,0.03341524194816003,0.1095111925528906
13.07,0.1062864118993262,0.1082410415678732,0.05700032703645597,0.04464450935277364,0.1062995280039392
13.08,0.1025361628202754,0.1047521312993399,0.04900319736157693,0.05610903665962619,0.1025498800596755
13.09,0.09825920285030482,0.1007300415641429,0.04070546890976701,0.06776371218153876,0.09827348004170178
13.1,0.09347042622335833,0.09618799711957071,0.03213439382667183,0.07956194741164047,0.09348522564145756
13.11,0.08818833445060169,0.09114284502809233,0.02331855801161342,0.09145590670763526,0.08820362164219081
13.12,0.08243494453745856,0.08561497826148129,0.01428774302452673,0.1033967365543772,0.08245068811051504
13.13,0.0762356653163537,0.07962822738142339,0.005072780542258515,0.1153347910793005,0.07625183671008434
13.14,0.06961914289903595,0.07320972112232227,-0.004294599294636103,0.1272198522346653,0.06963571613873332
13.15,0.06261707699345422,0.06638971704093471,-0.01378192403047929,0.1390013444089645,0.06263402802759133
13.16,0.0552640089951626,0.05920140372151844,-0.02335613758800348,0.1506285441761588,0.05528131496160305
13.17,0.04759708214145754,0.05168067633130391,-0.03298375914776486,0.1620507864910736,0.04761472258234178
13.18,0.03965578152313415,0.04386588760553878,-0.04263103935947016,0.1732176689694682,0.0396737380117298
13.19,0.03148165143175748,0.03579757660175109,-0.05226411043868034,0.1840792560252867,0.031499907086801
13.2,0.02311799411183817,0.02751817779612115,-0.06184912603153547,0.1945862846334818,0.02313653311743585
13.21,0.01460955293038916,0.01907171329849422,-0.07135238607671635,0.2046903733844303,0.01462836006920049
13.22,0.006002183024507326,0.01050347113458172,-0.08074044148328108,0.2143442363179022,0.006021243229460627
13.23,-0.002657487392420734,0.001859672681900459,-0.08998017366032479,0.2235019027791283,-0.002638189464431007
13.24,-0.01132240180205801,-0.006812867551153456,-0.09903884528685736,0.2321189442246253,-0.01130288217235442
13.25,-0.01994542215119638,-0.01546708654746987,-0.1078841216727804,0.2401527085126889,-0.01992569866545268
13.26,-0.0284796768521856,-0.02405601852007561,-0.116484066795609,0.2475625617335142,-0.02845976929026345
13.27,-0.03687890495965791,-0.03253313849181694,-0.124807124123905,0.2543101370617261,-0.03685883409615154
13.28,-0.04509779079370848,-0.04085270048630529,-0.132822098365297,0.2603595894535595,-0.04507757890666514
13.29,-0.05309228990153102,-0.04897006718404684,-0.1404981584063232,0.2656778542798379,-0.05307196121928887
13.3,-0.06081994188155008,-0.05684202801721294,-0.14780488210272,0.2702349072174129,-0.06079952295728802
13.31,-0.06824016725504997,-0.06442710283058584,-0.1547123593243384,0.2740040219643844,-0.06821968726980848
13.32,-0.07531454578393866,-0.07168582842233989,-0.1611913613711539,0.2769620216591587,-0.07529403678006086
13.33,-0.08200707386589483,-0.07858102549379864,-0.167213574575853,0.2790895193361198,-0.08198657091366068
13.34,-0.08828439887579198,-0.08507804377884998,-0.1727518862189915,0.2803711424042484,-0.08826394019676953
13.35,-0.09411602759684833,-0.09114498338809102,-0.1777807040061994,0.2807957360376699,-0.09409565569343342
13.36,-0.09947451149102667,-0.09675289068678616,-0.1822762873717749,0.2803565405428729,-0.09945427204945034
13.37,-0.1043356017875744,-0.1018759273261125,-0.1862170696317554,0.279051338208109,-0.104315542922268
13.38,-0.1086783755687568,-0.1064915113605324,-0.1895839535127958,0.2768825658032297,-0.1086585478986003
13.39,-0.112485333697799,-0.110580429706293,-0.1923605675172974,0.2738573897093589,-0.1124657903289076
13.4,-0.1157424694117331,-0.1141269215228214,-0.19453347576026,0.2699877415238342,-0.1157232658362762
13.41,-0.1184393076611833,-0.117118732424234,-0.1960923384943671,0.2652903128103457,-0.1184205015816948
13.42,-0.1205689155954909,-0.119547139747428,-0.1970300240895667,0.2597865083663159,-0.1205505666838092
13.43,-0.1221278848947735,-0.1214069494105393,-0.1973426756445326,0.253502357910131,-0.1221100544942028
13.44,-0.1231162868221978,-0.1226964651867801,-0.1970297367889972,0.2464683864422129,-0.1230990377150369
13.45,-0.1235376007260101,-0.1234174314903869,-0.1960939418062652,0.238719443740307,-0.1235209976104127
13.46,-0.1233986210293683,-0.1235749510211003,-0.1945412752086813,0.2302944935784164,-0.1233827288024061
13.47,-0.1227093382471277,-0.123177378838652,-0.1923809055549396,0.2212363633965551,-0.1226942213542247
13.48,-0.1214827999067231,-0.1222361946364877,-0.1896250977777977,0.2115914553814646,-0.1214685220238386
13.49,-0.119734953054826,-0.1207658551516476,-0.1862891077102685,0.2014094203168593,-0.1197215767196482
13.5,-0.1174844700995582,-0.1187836287830711,-0.1823910619264578,0.1907427961663023,-0.1174720563037256
13.51,-0.1147525602143931,-0.1163094145919374,-0.1779518254804415,0.1796466141660099,-0.1147411679674688
13.52,-0.1115627685741945,-0.1133655479248399,-0.1729948596388122,0.1681779761932349,-0.1115524544489794
13.53,-0.1079407657040219,-0.1099765949328578,-0.1675460712514196,0.156395608266605,-0.1079315833716187
13.54,-0.1039141290644691,-0.1061691382577828,-0.1616336549806248,0.1443593961284859,-0.1039061289607322
13.55,-0.09951211926709798,-0.1019715561213166,-0.1552879292104744,0.1321299098406342,-0.09950534834214964
13.56,-0.09476545394734992,-0.09741379698575908,-0.1485411660978194,0.11976792507657,-0.09475995454428676
13.57,-0.08970607873861809,-0.09252715185919647,-0.141427415933189,0.1073339492160082,-0.08970188821894931
13.58,-0.08436693953167801,-0.08734402620046278,-0.1339823257754827,0.09488776036729862,-0.08436408996732053
13.59,-0.07878175714479037,-0.08189771324612471,-0.1262429522169699,0.08248796703413885,-0.0787802750112222
13.6,-0.07298480591014113,-0.07622217043844071,-0.1182475681045168,0.07019159532102515,-0.07298471178956262
13.61,-0.0670106975879128,-0.07035180047958006,-0.1100354630572382,0.05805370940169247,-0.06701200589017853
13.62,-0.06089417184394855,-0.06432123836996589,-0.1016467376612886,0.04612706955573076,-0.0608968905520893
13.63,-0.05466989435039164,-0.05816514560756453,-0.09312209130305682,0.03446183053162521,-0.05467402479680472
13.64,-0.04837226355168329,-0.05191801253725215,-0.08450260376318119,0.02310528144435114,-0.04837780007356712
13.65,-0.04203522649624142,-0.04561396965678066,-0.07582951097405016,0.01210162697517547,-0.04204215613578088
13.66,-0.03569210397788886,-0.03928660851698851,-0.0671439757469014,0.001491808398498273,-0.03570040670779573
13.67,-0.0293754266146887,-0.03296881270149432,-0.05848685475576854,-0.008686638027454952,-0.02938507535517565
13.68,-0.02311678117971785,-0.02669259923398087,-0.04989846353979976,-0.01839968847735574,-0.02312774184001604
13.69,-0.01694666757012498,-0.02048897063807581,-0.04141834165827807,-0.02761690838495134,-0.0169588991272922
13.7,-0.01089436648927398,-0.01438777776583278,-0.03308502033128363,-0.03631150245769948,-0.01090782110984839
13.71,-0.004987817829619301,-0.008417593416755742,-0.02493579489602937,-0.0444603416180499,-0.005002441038817862
13.72,0.0007464903192771046,-0.002605596691265422,-0.01700650422874056,-0.05204397039227204,0.0007307594169114751
13.73,0.006283622156644358,0.003022532039318238,-0.009331318992003179,-0.05904659791440026,0.006266850604758401
13.74,0.01160028351104214,0.008442705709197806,-0.001942540255733427,-0.06545607525967378,0.0115825449690154
13.75,0.0166749030606204,0.01363251487174783,0.005129590212132495,-0.07126386129912998,0.0166562769468056
13.76,0.02148770255953494,0.01857130195176782,0.01185706683059512,-0.07646497869977187,0.02146827285183683
13.77,0.02602075614998843,0.02324022563233169,0.01821428313488738,-0.08105796110412428,0.02600061091143624
13.78,0.03025804074803609,0.0276223155548303,0.02417817955581786,-0.08504479192906644,0.03023727160757256
13.79,0.03418547686472224,0.03170251748658254,0.02972837476103452,-0.08843083464685825,0.03416417845201325
13.8,0.03779095996813908,0.03546772908490559,0.03484727920225711,-0.09122475387467949,0.03776922930241844
13.81,0.04106438246776848,0.03890682636228687,0.0395201895128186,-0.09343842612813991,0.04104231830179011
13.82,0.04399764637984561,0.04201068093504379,0.04373536248982102,-0.09508683871691581,0.04397534850123602
13.83,0.04658466662885136,0.044772168117578,0.04748406757982404,-0.09618797500359111,0.04656223520684399
13.84,0.04882136413478989,0.04718616590683028,0.05076061706489021,-0.09676268413281763,0.04879890007792659
13.85,0.05070565318681654,0.04924954488898159,0.05356237351419912,-0.09683453338161191,0.0506832559971892
13.86,0.05223741624338685,0.05096114909412763,0.0558897345184402,-0.09642964148649413,0.05221518273450276
13.87,0.05341846985956547,0.05232176782603604,0.05774609523646185,-0.09557649165898119,0.05339649343614966
13.88,0.05425252206318477,0.05333409850345983,0.05913778980216483,-0.09430572348440652,0.05423089199042341
13.89,0.05474512068071182,0.05400270056766937,0.06007401307837246,-0.09264990347560942,0.0547239213489546
13.9,0.05490359272832089,0.05433394053796531,0.06056672450399891,-0.09064327468161926,0.05488290292022313
13.91,0.05473697502916775,0.05433592833336576,0.06063053579093214,-0.08832148638996901,0.05471686719713753
13.92,0.05425593627070539,0.05401844502360342,0.06028258399168673,-0.08572130557271357,0.05423647583331359
13.93,0.05347269055776045,0.05339286222534517,0.05954239107884296,-0.08288031228435022,0.05345393544132937
13.94,0.0524009027338697,0.05247205341804617,0.0584317108198314,-0.07983658171274177,0.05238290344985808
13.95,0.05105558870638004,0.05127029751723311,0.05697436354918173,-0.07662835601667617,0.05103838642334213
13.96,0.04945300536631825,0.04980317510889687,0.05519605948692624,-0.07329370947598085,0.04943663131616932
13.97,0.04761053505812469,0.04808745781649826,0.05312421144558865,-0.06987021086426459,0.04759501020190127
13.98,0.04554656433999703,0.04614099133960126,0.05078773795160701,-0.06639458736635728,0.04553189908488936
13.99,0.04328035748996237,0.04398257276975792,0.04821685785050772,-0.06290239483163107,0.04326655146538838
14,0.04083192548816388,0.04163182285274303,0.04544287734417385,-0.05942769968805145,0.04081896738843138
14.01,0.0382218912594606,0.03910905392556097,0.04249797020323065,-0.05600277840947204,0.038209758760129
14.02,0.03547135200707999,0.03643513431008855,0.03941495173189308,-0.0526578409477344,0.03546001176136621
14.03,0.03260173926322895,0.03363134999158202,0.03622704703516211,-0.04942078487043566,0.03259114722728201
14.04,0.02963467811107369,0.03071926444876372,0.03296765428868492,-0.04631698689580904,0.02962477989075085
14.05,0.02659184695703371,0.02772057753198143,0.02967010402719994,-0.0433691378835912,0.02658257740859593
14.06,0.02349483645607671,0.02465698430679741,0.02636741591177166,-0.04059712596175791,0.0234861201004769
14.07,0.02036501080089435,0.02155003479230744,0.02309205497397981,-0.03801797029093956,0.02035676233191636
14.08,0.01722337160749657,0.0184209955259913,0.01987568993882982,-0.03564580511076054,0.01721549646502907
14.09,0.01409042527357607,0.01529071388086811,0.01674895685843925,-0.03349191049102035,0.01408282028339641
14.1,0.01098605469180911,0.01217948604543861,0.01374123186354315,-0.03156478310017757,0.01097860877189566
14.11,0.007929396166499002,0.009106929553266474,0.01088041720967553,-0.02987023783774445,0.007921991098178982
14.12,0.00493872234077324,0.006091861217088268,0.008192744753042991,-0.02841152980963763,0.004931233601353946
14.13,0.00203133159751214,0.003152181282762123,0.005702600339467012,-0.02718948610212246,0.002023629545359229
14.14,-0.00077655450929682,0.0003047645715391623,0.003432371247484245,-0.02620263809829781,-0.0007846036590680727
14.15,-0.00346988558820264,-0.002434640674044641,0.001402316929941305,-0.02544734738549503,-0.003478419118557285
14.16,-0.006034868701338261,-0.005051505584206417,-0.0003695387829050212,-0.02491792115410024,-0.006044026424543214
14.17,-0.008459045129700592,-0.007532604503382445,-0.00186749762314381,-0.0246067158754133,-0.008468968406744715
14.18,-0.01073135747179862,-0.009866089353837815,-0.00307826357067853,-0.02450423053172068,-0.01074218822317841
14.19,-0.01284220669393183,-0.01204155406631424,-0.003991010823384822,-0.02459919247145653,-0.01285408640643504
14.2,-0.01478349882021403,-0.01405008869374258,-0.004597446335703415,-0.02487863996725659,-0.01479656755583536
14.21,-0.01654868102059927,-0.01588432289571384,-0.004891867792027105,-0.02532800580631905,-0.01656307643507954
14.22,-0.01813276695447338,-0.01753845855284114,-0.004871214637653776,-0.02593120588417958,-0.01814862330452643
14.23,-0.0195323520638767,-0.01900829134123516,-0.004535106591563198,-0.02667073599527431,-0.01954979838592541
14.24,-0.02074561574386411,-0.02029122116809978,-0.00388586221676146,-0.02752777900930781,-0.02076477542493255
14.25,-0.0217723139039494,-0.02138625143966705,-0.002928490650982885,-0.02848232355747793,-0.02179330438277705
14.26,-0.02261376124650088,-0.02229397720248438,-0.001670652375032833,-0.02951329435209954,-0.02263669335298663
14.27,-0.02327280253204551,-0.0230165622677807,-0.0001225885232859492,-0.03059869340959409,-0.02329777986218989
14.28,-0.02375377344598096,-0.02355770549638714,0.001702979000789751,-0.03171575078479483,-0.02378089177545251
14.29,-0.02406245134623974,-0.02392259648781203,0.003790973345146109,-0.03284108296914029,-0.02409179808675127
14.3,-0.02420599623066768,-0.02411786098153135,0.006124111679445599,-0.03395085685046495,-0.02423764993407568
14.31,-0.02419288232104215,-0.02415149634138591,0.008683075529923645,-0.03502095705768599,-0.02422691223647949
14.32,-0.02403282101527139,-0.02403279755494436,0.01144670139052439,-0.03602715459139866,-0.02406928640727884
14.33,-0.02373667669533016,-0.02377227423932193,0.01439219056740432,-0.03694527483863358,-0.02377562465353578
14.34,-0.02331636912869394,-0.02338155920361384,0.01749533669186609,-0.03775136335293366,-0.02335783642753497
14.35,-0.0227847740806637,-0.02287330917612962,0.02073076852920785,-0.03842184811632932,-0.02282878765036611
14.36,-0.02215561646502556,-0.02226109836217627,0.02407220490399775,-0.03893369735706925,-0.02220219338154528
14.37,-0.02144335717482556,-0.02155930555547075,0.0274927179545208,-0.0392645723489361,-0.02149250466140745
14.38,-0.0206630748610691,-0.02078299558278646,0.03096500061456048,-0.03939297494202315,-0.02071479030413104
14.39,-0.01983034348622982,-0.01994779591675439,0.03446163420239096,-0.03929838985328526,-0.01988461446882295
14.4,-0.01896110652674031,-0.01906976934517046,0.03795535221309565,-0.0389614219652058,-0.01901791088294613
14.41,-0.01807154874259988,-0.0181652836349967,0.04141929676537182,-0.0383639290344443,-0.01813085463600284
14.42,-0.017177967610659,-0.01725087917449691,0.04482726455258373,-0.0374891502950328,-0.01723973250085575
14.43,-0.01629664396657239,-0.01634313561558404,0.04815393952282743,-0.03632183145128365,-0.01636081277445633
14.44,-0.01544370636398305,-0.01545853856917528,0.05137510983969373,-0.03484834649492441,-0.01551021565775257
14.45,-0.01463500670059612,-0.01461334742860598,0.05446786696686268,-0.03305681665143656,-0.01470378521523513
14.46,-0.01388599514879209,-0.01382346540911705,0.05741078500918551,-0.03093722656559883,-0.01395696396675983
14.47,-0.01321159847145881,-0.01310431289522673,0.06018407876226872,-0.02848153758063499,-0.01328467116658733
14.48,-0.01262610306288434,-0.01247070518140386,0.06276973928525881,-0.02568379765560325,-0.01270118581623308
14.49,-0.01214304374108196,-0.01193673567454973,0.06515164620518527,-0.02254024711068559,-0.01222003543740285
14.5,-0.01177509928527848,-0.01151566559782469,0.0673156563504031,-0.01904941900214596,-0.01185389159847461
14.51,-0.01153399566631749,-0.01121982119365073,0.06924966864825555,-0.01521223252399273,-0.01161447314172837
14.52,-0.01143042050182022,-0.01106049936827902,0.07094366546621489,-0.01103207743252965,-0.01151245799870276
14.53,-0.01147394161193317,-0.01104788265082129,0.07238973070839472,-0.006514887117044954,-0.01155740440729786
14.54,-0.01167293384461933,-0.01119096425584848,0.07358204502055726,-0.00166919762267892,-0.01175768225683843
14.55,-0.01203452579696107,-0.0114974839413175,0.07451685846879391,0.003493810301806566,-0.0121204151868356
14.56,-0.01256455324800781,-0.0119738752430073,0.07519244112881684,0.008960289180067638,-0.01265143395232038
14.57,-0.01326752419383793,-0.01262522454407444,0.07560901223896871,0.01471372584246217,-0.01335524144473682
14.58,-0.01414659577626316,-0.01345524230511042,0.07576864897045388,0.02073496838491473,-0.01423498962387199
14.59,-0.01520356322061252,-0.01446624663766566,0.07567517642391108,0.02700228158726353,-0.01529246847515897
14.6,-0.0164388607515585,-0.01565915925529121,0.07533404107860187,0.0334914328318574,-0.01652810696003304
14.61,-0.01785157437324246,-0.01703351368370642,0.07475217047575555,0.04017580991796083,-0.0179409857772091
14.62,-0.01943947009656878,-0.01858747545916639,0.07393782230417068,0.04702657139423716,-0.01952886160247191
14.63,-0.02119902148260936,-0.02031787389424827,0.07290042621664278,0.0540128291630052,-0.02128820232657191
14.64,-0.02312545573331321,-0.02222024484477148,0.07165042164307278,0.06110186218699165,-0.02321423266793876
14.65,-0.02521281215767593,-0.02428888377113492,0.0701990946314911,0.06825935919761761,-0.02530098940197789
14.66,-0.02745400606977259,-0.0265169082534441,0.0685584164226809,0.07544968741072344,-0.02754138532457723
14.67,-0.02984090040849387,-0.0288963289956613,0.06674088613666995,0.08263618344662327,-0.02992728095664909
14.68,-0.03236438399377197,-0.03141812824396489,0.06475937969616286,0.08978146196709325,-0.03244956290167855
14.69,-0.03501445525742756,-0.03407234445332441,0.06262700697251744,0.09684773701666438,-0.03509822769126325
14.7,-0.03778031022990414,-0.03684816196676222,0.06035697909427706,0.10379715071495,-0.03786246989661435
14.71,-0.04065043396825006,-0.03973400442515429,0.05796248781447061,0.1105921038073396,-0.04073077324812607
14.72,-0.04361269641212398,-0.04271763060105394,0.05545659864268182,0.117195582649708,-0.04369100349162941
14.73,-0.04665443688590424,-0.04578623134744275,0.05285215895783246,0.1235714774743654,-0.04673050171911275
14.74,-0.04976256060391143,-0.04892652637129985,0.05016172144952352,0.1296848872437076,-0.04983617694382247
14.75,-0.05292363077241698,-0.05212485958358726,0.04739748205971522,0.1355024070171337,-0.05299459674411566
14.76,-0.0561239560667593,-0.05536729184265488,0.04457123035383215,0.1409923944968764,-0.05619207487633926
14.77,-0.0593496740705473,-0.05863968999686392,0.04169430929509349,0.146125213230256,-0.05941475485300979
14.78,-0.06258682979229718,-0.06192781124177604,0.03877758106638751,0.1508734507733216,-0.06264868859673733
14.79,-0.06582144850499319,-0.06521738193368071,0.0358313960583943,0.1552121109047779,-0.065879909410547
14.8,-0.06903960229749503,-0.06849417014064213,0.03286556334836405,0.1591187796631083,-0.06909449864878731
14.81,-0.07222747059981552,-0.07174405136218126,0.02988932262164379,0.1625737655161006,-0.07227864562695879
14.82,-0.07537139351497048,-0.07495306700731469,0.02691131910356076,0.1655602143273111,-0.07541870047037347
14.83,-0.07845791243764125,-0.07810747538606061,0.02393958427373,0.1680641999439235,-0.07850121976725821
14.84,-0.08147381240105245,-0.08119379513901737,0.02098152569509837,0.170074791201951,-0.08151300505870529
14.85,-0.08440615394533826,-0.08419884119978038,0.01804392918557651,0.1715840959558929,-0.0844411343619092
14.86,-0.08724229796990948,-0.08710975355222672,0.01513297593895058,0.1725872824371979,-0.08727298708168252
14.87,-0.08996992449904163,-0.08991401920524839,0.01225427627664366,0.1730825778889707,-0.08999626281472817
14.88,-0.09257704600696631,-0.09259948795789441,0.009412920661613311,0.1730712440790198,-0.09259899468870775
14.89,-0.0950520160709121,-0.09515438266515608,0.006613547522860252,0.1725575290241381,-0.09506955800114714
14.9,-0.09738353422542348,-0.09756730483564258,0.003860426347713719,0.1715485941209466,-0.09739667502889304
14.91,-0.09956064818742347,-0.0998272364947157,0.001157553415026602,0.1700544159129418,-0.09956941696538052
14.92,-0.1015727533210251,-0.1019235393282049,-0.00149124346783347,0.1680876619505204,-0.1015772040082397
14.93,-0.1034095920493219,-0.1038459521807308,-0.004082195669748934,0.1656635406198674,-0.1034098046625939
14.94,-0.105061254691987,-0.1055845880178141,-0.006611484792752587,0.1627996254070549,-0.1050573353447222
14.95,-0.1065181805431978,-0.1071299314715224,-0.009075139029230406,0.1595156547868869,-0.1065102613657284
14.96,-0.1077711613879017,-0.1084728380748105,-0.01146893939798393,0.155833309731656,-0.1077594003458063
14.97,-0.108811348473144,-0.109604536250138,-0.01378833977285299,0.1517759716659161,-0.1087959290562979
14.98,-0.1096302638547289,-0.1105166330532467,-0.01602840380645487,0.1473684644921574,-0.1096113946100331
14.99,-0.1102198169391135,-0.111201124584442,-0.01818376102211255,0.1426367850258505,-0.1101977308214098
15,-0.1105723269163491,-0.1116504118684478,-0.02024858357267745,0.1376078267620353,-0.1105472804377017
15.01,-0.1106805504727895,-0.1118573228722469,-0.02221658446528507,0.132309102315419,-0.1106528238040669
15.02,-0.1105377190716858,-0.1118151411808817,-0.02408103741045636,0.1267684701091334,-0.1105076143688892
15.03,-0.1101375826901323,-0.1115176416870737,-0.02583481784470287,0.1210138709223342,-0.1101054212658545
15.04,-0.109474458707193,-0.1109591334745966,-0.02747046407666337,0.1150730797418025,-0.1094405790274159
15.05,-0.108543288731483,-0.1101345098909936,-0.02898025691352391,0.1089734780042834,-0.1085080442940797
15.06,-0.1073397021058477,-0.1090393056145256,-0.03035631555546842,0.1027418507775322,-0.1073034591884946
15.07,-0.1058600855570114,-0.1076697603258421,-0.03159070703800809,0.09640421272777216,-0.1058232208262204
15.08,-0.1041016582617987,-0.1060228883992997,-0.03267556609938638,0.08998566588271834,-0.1040645562397343
15.09,-0.1020625514110573,-0.1040965538348398,-0.03360322208934385,0.08351029125019055,-0.1020256018025045
15.1,-0.09974189105043582,-0.1018895494626979,-0.03436632943308593,0.07700107532413103,-0.09970548605942975
15.11,-0.09713988162075379,-0.0994016792741248,-0.03495799821381806,0.07047987143859313,-0.09710441470232395
15.12,-0.09425789554068818,-0.09663384256591967,-0.03537192161580638,0.06396739485549363,-0.09422375627788104
15.13,-0.09109855683370716,-0.09358811843925507,-0.03560249724945258,0.05748324943654676,-0.09106612708425854
15.14,-0.08766582263255823,-0.09026784906734664,-0.03564493973748001,0.05104598279825345,-0.08763547360403146
15.15,-0.08396506136771714,-0.08667772004541752,-0.03549538236391536,0.04467316602473853,-0.08393715073875058
15.16,-0.08000312496053931,-0.08282383606254684,-0.03515096606848211,0.03838149335637042,-0.07997799405635864
15.17,-0.07578841320320555,-0.07871379009066853,-0.03460991460072843,0.03218689681452058,-0.07576638423909876
15.18,-0.07133092851641488,-0.07435672427289441,-0.03387159521337557,0.02610467048542897,-0.07131230192813254
15.19,-0.06664231931817093,-0.06976338071298716,-0.03293656484250057,0.02014959917564335,-0.06662737120293316
15.2,-0.06173591018963435,-0.06494614042074431,-0.03180660225126514,0.01433608635867945,-0.06172489000916531
15.21,-0.05662671750672153,-0.05991904875506182,-0.03048472705951977,0.008678276732802692,-0.05661984595816344
15.22,-0.05133145017276855,-0.05469782582704819,-0.0289752069063417,0.003190169264752463,-0.05132891606357892
15.23,-0.04586849049195452,-0.04929986047908919,-0.0272835541752271,-0.002114282743846063,-0.04587044915511074
15.24,-0.04025785781348626,-0.04374418664084284,-0.02541651374968473,-0.007221087313779795,-0.04026442991338031
15.25,-0.03452115313347794,-0.03805144107734781,-0.02338204317309289,-0.01211614719439991,-0.03453242370157489
15.26,-0.02868148391450143,-0.0322438017851171,-0.02118928637963224,-0.01678521236167851,-0.02869750162533341
15.27,-0.02276336882810262,-0.02634490655542654,-0.01884854185791884,-0.02121385234101708,-0.02278414552871316
15.28,-0.01679262241986754,-0.02037975150666338,-0.01637122571360944,-0.02538744856875952,-0.01681813292706857
15.29,-0.01079622000288491,-0.01437456968451511,-0.0137698296239282,-0.02929120658495205,-0.01082640218263542
15.3,-0.004802144097324349,-0.00835669013614837,-0.0110578731692792,-0.03291018752118163,-0.004836898540463042
15.31,0.00116078772420612,-0.002354378177295335,-0.008249849588482627,-0.0362293580989998,0.00112159804353168
15.32,0.007063115231228588,0.00360334211599278,-0.005361163795627899,-0.03923365817103519,0.007019662040138153
15.33,0.01287493884913673,0.009486881850855389,-0.002408061672658557,-0.04190808470298363,0.01282742690579664
15.34,0.01856613791432577,0.0152662960585544,0.000592449752588653,-0.04423779099545794,0.01851480323083332
15.35,0.02410660049766819,0.02091150531272046,0.003622690789590877,-0.04620819986447966,0.02405170837631199
15.36,0.02946646236933171,0.02639252804361752,0.006664405025650244,-0.04780512941822496,0.02940830525436544
15.37,0.034616352542872,0.03167972113172557,0.009698861195176156,-0.04901492996104684,0.0345552476914226
15.38,0.03952764265304489,0.03674402615929812,0.01270695967558355,-0.04982463039992741,0.03946392963150647
15.39,0.04417269727547653,0.04155721852857197,0.01566934293249611,-0.05022209231146901,0.04410673529119702
15.4,0.04852511992135605,0.0460921565236464,0.01856650994432502,-0.05019616956034229,0.04845728727289211
15.41,0.05255999922413165,0.05032302730264465,0.02137893513847849,-0.04973687107925051,0.05249068958035691
15.42,0.05625414616935735,0.05422558675969424,0.02408719253771507,-0.04883552417605908,0.05618376246300205
15.43,0.05958631463635669,0.05777739019449207,0.02667208567313756,-0.04748493556919609,0.05951526604356161
15.44,0.06253741079780127,0.06095801077105478,0.0291147834791794,-0.0456795472864534,0.06246610975861866
15.45,0.06509068547979664,0.06374924283769162,0.03139696195281549,-0.04341558458483319,0.06501954476252653
15.46,0.06723190679463918,0.06613528731642249,0.03350095089842298,-0.04069119313227698,0.06716133661161017
15.47,0.0689495105698596,0.06810291655102119,0.03540988461331351,-0.03750656280710418,0.06887991575550406
15.48,0.07023472634817231,0.06964161622681897,0.03710785490046409,-0.03386403560149664,0.07016650361362359
15.49,0.07108167691686089,0.07074370223921211,0.0385800643320105,-0.0297681952606112,0.07101521230389274
15.5,0.07148744738575609,0.0714044106885115,0.03981297725516425,-0.02522593645926052,0.07142311641437793
15.51,0.07145213345212019,0.07162195951183881,0.04079446567302858,-0.02024651152763518,0.07139029556174448
15.52,0.07097885198978822,0.07139758062424101,0.04151394689365562,-0.01484155299781686,0.07091984685887576
15.53,0.07007372085504973,0.07073552182599874,0.04196250976030702,-0.009025070560585713,0.07001786681183902
15.54,0.06874580995535212,0.06964301813594009,0.04213302637227556,-0.002813421399282423,0.06869340257819795
15.55,0.06700706203455052,0.06813023262553985,0.04202024647281832,0.003774746697076226,0.0669583729379451
15.56,0.06487218394343332,0.06621016724884643,0.04162087209155696,0.01071857954838434,0.06482745974904969
15.57,0.06235850958028265,0.06389854458223465,0.04093361054252559,0.01799512769026829,0.06231797107499493
15.58,0.05948583609060277,0.06121366179828158,0.03995920444985479,0.0255794833483261,0.05944967757529174
15.59,0.05627623509778878,0.05817621859368127,0.03870043805430212,0.03344494162536632,0.05624462413525821
15.6,0.05275384114809106,0.05480912116529296,0.03716211960164473,0.04156318358685246,0.05272691907184102
15.61,0.0489446238052097,0.05113726467585245,0.03535104009074436,0.04990447825287825,0.04892250358204908
15.62,0.04487613787608528,0.04718729696596685,0.03327590904076028,0.0584378998311883,0.04485890439371226
15.63,0.04057726189443183,0.04298736654669999,0.03094726822304333,0.06713155588120262,0.04056497282956484
15.64,0.03607792691129074,0.03856685814244265,0.02837738452554783,0.07595282151617844,0.03607061370040687
15.65,0.03140883869306858,0.03395611924236303,0.02558012334278109,0.08486857426740002,0.03140650759716734
15.66,0.02660119699494583,0.02918618125597261,0.0225708041999601,0.09384542389265016,0.0266038302519585
15.67,0.02168641562231763,0.0242884789511727,0.01936604081228377,0.1028499312536266,0.02169397268200907
15.68,0.01669584697973614,0.01929457187868033,0.01598356849704319,0.1118488104537355,0.01670826581634899
15.69,0.01166051508322331,0.01423587145437977,0.01244206277790572,0.1208091087520632,0.011677713232571
15.7,0.006610860496205316,0.009143377280109555,0.008760954039196633,0.1296983593737537,0.0066327355005244
15.71,0.001576497424796641,0.004047426135207421,0.004960244012185144,0.1384847032291614,0.001602929442391154
15.72,-0.003414008456904859,-0.001022543133096465,0.001060330460637915,0.1471369767241038,-0.003383154622491391
15.73,-0.008333341838361681,-0.00603820584952619,-0.002918153562483761,0.1556247642625497,-0.008298214871858445
15.74,-0.01315561648060996,-0.0109725462171093,-0.006954480261884111,0.1639184156630433,-0.01311637677567884
15.75,-0.0178565286677706,-0.01580002817814929,-0.01102794335634133,0.1719890304659117,-0.01781334663325024
15.76,-0.02241348375729326,-0.02049674050926653,-0.01511794812419054,0.1798084129189395,-0.02236653820693857
15.77,-0.02680569462505593,-0.02504051465364887,-0.01920407582095773,0.1873490032019826,-0.02675517124868554
15.78,-0.03101425126278457,-0.02941101424254466,-0.02326612546424284,0.1945837920838538,-0.03096034117719626
15.79,-0.03502215950490552,-0.03358979572383147,-0.02728413787423195,0.2014862275897911,-0.03496505963771401
15.8,-0.03881435407043608,-0.03756033999027075,-0.03123840791677324,0.2080301232850527,-0.0387542661541681
15.81,-0.04237768526057986,-0.04130805537508275,-0.03510949100104138,0.2141895783433642,-0.04231481155709316
15.82,-0.04570087224666482,-0.0448202528498115,-0.03887820913924767,0.2199389195737705,-0.0456354143311743
15.83,-0.0487744337209816,-0.04808609471097969,-0.04252566055818174,0.2252526749554002,-0.04870659146573553
15.84,-0.05159059508816846,-0.05109651846978441,-0.04603323531367809,0.2301055869454177,-0.05152056580187264
15.85,-0.05414317453764265,-0.05384413805572191,-0.04938263792065589,0.2344726719046492,-0.05407115224376269
15.86,-0.05642745069429308,-0.05632312480310969,-0.05255591688946504,0.2383293295199893,-0.05635362553246864
15.87,-0.05844001482627226,-0.05852907100249238,-0.05553550034469462,0.2416515032566386,-0.05836457256236499
15.88,-0.0601786107678117,-0.06045883906169192,-0.05830423658055223,0.2444158898730301,-0.06010173244790173
15.89,-0.06164196269073687,-0.06211039952890107,-0.06084543839920475,0.2466001931402283,-0.061563827718359
15.9,-0.06282960683533635,-0.06348266137969605,-0.0631429302834271,0.2481834143870175,-0.06275039012731587
15.91,-0.0637417153115456,-0.06457529805848,-0.06518109777416636,0.2491461705584804,-0.06366158461035498
15.92,-0.06437891896445434,-0.06538857279128663,-0.06694493877737973,0.2494710292648803,-0.0642980349085514
15.93,-0.06474213802377848,-0.06592316665079817,-0.06842011685461674,0.2491428498444958,-0.0646606542973554
15.94,-0.06483242118343081,-0.06618001275690316,-0.06959301681934915,0.2481491197065362,-0.06475048472253631
15.95,-0.06465079621537401,-0.06616013983971047,-0.0704508031395053,0.2464802760222649,-0.06456854744990348
15.96,-0.06419813497429898,-0.06586452818012528,-0.07098148171374918,0.2441300040177691,-0.06411570808782208
15.97,-0.0634750353542707,-0.06529398068102898,-0.07117396552332705,0.2410955045104566,-0.06339255854600256
15.98,-0.06248172201551672,-0.06444901151518101,-0.07101814444298427,0.2373777247672253,-0.06239931815668931
15.99,-0.06121796532354698,-0.06332975445050681,-0.07050495911525656,0.2329815481297668,-0.06113575581168063
16,-0.0596830342097781,-0.06193589257608778,-0.06962647826775364,0.2279159390800417,-0.05960113456782323
16.01,-0.05787566092703769,-0.06026661074942463,-0.06837597823160191,0.2221940414747728,-0.05779417975214618
16.02,-0.05579403178489765,-0.05832057166421706,-0.06674802278252767,0.2158332285595025,-0.05571307116342467
16.03,-0.05343580365880797,-0.05609591600479019,-0.06473854087386172,0.2088551040977937,-0.05335545952764748
16.04,-0.05079814448397473,-0.05359028671519883,-0.06234489945876764,0.2012854545469184,-0.05071850692806446
16.05,-0.04787779702500193,-0.05080087697587937,-0.05956596847876472,0.193154152709162,-0.04779895050399213
16.06,-0.04467116480339715,-0.04772450105569154,-0.05640217526246027,0.184495013718229,-0.04459318830334691
16.07,-0.04117441867995458,-0.04435768680080732,-0.05285554602873693,0.1753456046107281,-0.0410973857886362
16.08,-0.03738362125309243,-0.04069678814096955,-0.0489297328771135,0.1657470091068571,-0.03730760114082987
16.09,-0.0332948674185042,-0.0367381156450573,-0.04463002548208672,0.1557435496008441,-0.03321992718558364
16.1,-0.02890444766629388,-0.03247808284704112,-0.03996334754781528,0.1453824687545388,-0.02883064748619535
16.11,-0.02420901122693893,-0.02791336579467268,-0.03493823876104357,0.1347135735059479,-0.02413640391108129
16.12,-0.01920574174349905,-0.02304107305069025,-0.02956482336850641,0.1237888447528899,-0.01913437279348867
16.13,-0.0138925390641676,-0.01785892320229449,-0.02385476656109442,0.1126620164502113,-0.01382244665940996
16.14,-0.008268203478372914,-0.01236542681120317,-0.01782121966038636,0.1013881283623995,-0.008199418407471071
16.15,-0.002332619236043185,-0.006560069663883672,-0.01147875485722549,0.09002305723288384,-0.002265164782061901
16.16,0.003913065803375537,-0.0004434941585551577,-0.004843290129533551,0.07862303165390094,0.003979174012353814
16.17,0.01046626749055238,0.005982324309680209,0.002067994944536244,0.06724413642920885,0.01053102165329084
16.18,0.01732280421483217,0.01271390903397823,0.009236751499378471,0.05594181269626081,0.01738620299603355
16.19,0.02447674604848101,0.01974612470587334,0.01664356052476695,0.04477036049135408,0.02453879417720389
16.2,0.03192027627520764,0.02707203394997737,0.02426803729835952,0.03378245077593095,0.03198098819710748
16.21,0.03964357858936023,0.03468277028842698,0.03208893947668495,0.02302865416888727,0.03970297843268555
16.22,0.0476347408453647,0.04256742990951939,0.040084277295659,0.01255699372322755,0.04769286228179859
16.23,0.05587968078283542,0.05071298435212201,0.0482314245558918,0.002412529022725152,0.05593656686088633
16.24,0.06436209543651185,0.05910421592755,0.05650722937196812,-0.007363021363854361,0.06441779837650718
16.25,0.07306343553056595,0.06772367738902341,0.06488812397335281,-0.01673161246066696,0.07311801647140564
16.26,0.08196290582313821,0.0765516770313831,0.0733502330873429,-0.02565915450788475,0.08201643451268409
16.27,0.0910374920292913,0.08556629006539151,0.08186948056129184,-0.0341157384612486,0.09109004644783125
16.28,0.1002620165937301,0.09474339676705607,0.09042169387485294,-0.04207580120229876,0.1003136805086737
16.29,0.1096092161096719,0.1040567475571863,0.09898270607287685,-0.04951822746167422,0.1096600796981287
16.3,0.1190498474581132,0.1134780548241206,0.1075284544670477,-0.05642638676234202,0.1191000086544629
16.31,0.1285528224440022,0.1229771109665135,0.1160350752753455,-0.06278810509267468,0.1286023861564073
16.32,0.1380853649410086,0.1325219318055001,0.1244789932519197,-0.06859557247570114,0.1381344422139245
16.33,0.1476131912623576,0.1420789241995011,0.132837005337172,-0.07384518905978821,0.1476618983870658
16.34,0.1571007121146809,0.1516130763931514,0.1410863574234813,-0.07853735376371568,0.1571491696922985
16.35,0.1665112542307521,0.1610881693484166,0.1492048134521043,-0.08267620081234056,0.1665595861947244
16.36,0.1758072995409307,0.1704670070452055,0.1571707161942815,-0.08626929064803224,0.1758556321481959
16.37,0.1849507396741474,0.1797116635047743,0.1649630392132116,-0.0893272626556022,0.1849992003355996
16.38,0.1939031450402382,0.1887837440847326,0.1725614296834821,-0.09186345786179595,0.1939518590800314
16.39,0.2026260374196047,0.1976446584211984,0.1799462420196245,-0.09389352024417075,0.2026751292459564
16.4,0.2110811753014075,0.2062559022526402,0.1870985626815804,-0.09543498550049329,0.2111307684284859
16.41,0.219230843407702,0.2145793452511021,0.1940002270680484,-0.09650686609368792,0.2192810594395092
16.42,0.227038142501176,0.2225775219104928,0.2006338299816449,-0.09712924111546573,0.2270891001420307
16.43,0.2344672775539971,0.2302139224981968,0.2069827315978371,-0.09732285902985816,0.2345190916587516
16.44,0.2414838413096173,0.2374532810656048,0.213031061045742,-0.09710876069900731,0.2415366219876829
16.45,0.2480550903083289,0.2442618575350226,0.2187637195444573,-0.09650792929416213,0.2481089420958673
16.46,0.2541502105173839,0.250607710933875,0.224166384577289,-0.09554097279258977,0.2542052316316716
16.47,0.2597405703422617,0.256460960931352,0.2292255159644866,-0.09422784379176369,0.259796851495453
16.48,0.2647999589924064,0.2617940349460097,0.2339283640855162,-0.09258760036763664,0.2648575806369378
16.49,0.2693047994454729,0.2665818982340483,0.2382629800540955,-0.09063821069056988,0.269363834603691
16.5,0.2732343490366958,0.2708022645355673,0.2422182274517295,-0.08839640311080343,0.273294863547289
16.51,0.2765708753169999,0.2744357850488218,0.2457837952958346,-0.08587756244934408,0.27663292760044
16.52,0.2792998068628674,0.2774662137192396,0.2489502122098852,-0.08309567228799186,0.279363447767183
16.53,0.2814098579834786,0.279880547069452,0.2517088621794963,-0.0800633021475719,0.2814751307175308
16.54,0.2828931259850063,0.281669137057376,0.2540520026965141,-0.07679163757686219,0.2829600661447649
16.55,0.2837451599346762,0.2828257757289852,0.255972786389042,-0.07329055034524212,0.2838137956258104
16.56,0.2839650001621046,0.2833477507281238,0.2574652873165658,-0.06956870513935764,0.2840353522196428
16.57,0.2835551894415976,0.2832358710334053,0.2585245329395583,-0.06563369840990219,0.283627270342693
16.58,0.2825217529087878,0.2824944626076721,0.2591465423791854,-0.06149222430439027,0.2825955657706305
16.59,0.2808741427366181,0.2811313339641445,0.2593283710406848,-0.05715026196626932,0.2809496859292758
16.6,0.2786251631699764,0.2791577119710069,0.2590681610794834,-0.05261327789644965,0.2787024309506011
16.61,0.275790863325747,0.2765881485298352,0.2583651966284795,-0.04788643658458425,0.2758698462791396
16.62,0.2723904024300902,0.273440399070067,0.2572199622369721,-0.0429748122563185,0.2724710879161453
16.63,0.2684458890724676,0.2697352740996576,0.2556342026246414,-0.03788359439029954,0.2685282616802345
16.64,0.2639821961341551,0.2654964653386625,0.2536109816322311,-0.03261827968390829,0.2640662381400385
16.65,0.2590267533081616,0.2607503482341026,0.2511547381469031,-0.02718484344371142,0.2591124451337297
16.66,0.2536093193654114,0.2555257629073102,0.2482713367837631,-0.02158988399920192,0.2536966400284053
16.67,0.2477617394016143,0.2498537758144153,0.2449681112073434,-0.01584073472998171,0.2478506640863362
16.68,0.2415176800537,0.2437674246026934,0.241253898171026,-0.009945539678194226,0.2416081814922471
16.69,0.2349123530720875,0.237301448817339,0.2371390606311722,-0.003913290473529674,0.2350044057531675
16.7,0.2279822360907954,0.2304920092531005,0.2326354986430883,0.002246175637111825,0.2280758163081946
16.71,0.2207647824504094,0.2233763988524973,0.2277566471457851,0.008522214610120593,0.2208598682774747
16.72,0.2132981271359069,0.2159927481264254,0.2225174601574335,0.01490344696200996,0.2133946983367841
16.73,0.205620791842165,0.2083797281130242,0.2169343812898362,0.02137785527592134,0.2057188297250511
16.74,0.1977713921604823,0.2005762538954874,0.2110253008027421,0.02793289981726987,0.1978708793767241
16.75,0.189788349826938,0.1926211916673919,0.2048094996246942,0.03455564318544818,0.1898892701190794
16.76,0.1817096130360357,0.184553072264606,0.1983075808632931,0.0412328746640841,0.1818119507868999
16.77,0.1735723914278718,0.1764098139762128,0.1915413893515516,0.0479512254986838,0.1736761269846604
16.78,0.1654128915489828,0.1682284573049485,0.1845339198024423,0.05469726768985561,0.1655180050709411
16.79,0.15726607829441,0.1600449141735829,0.1773092142567314,0.0614575909043974,0.1573725517534431
16.8,0.1491654551471024,0.1518937338707166,0.16989224976673,0.06821885455377796,0.1492732714682785
16.81,0.1411428612850441,0.1438078878016488,0.1623088176500961,0.07496781469632519,0.1412520034770284
16.82,0.1332282900643107,0.1358185748605429,0.1545853960735929,0.08169132790107614,0.1333387403530085
16.83,0.1254497302705002,0.1279550489722377,0.146749018014326,0.08837633631388769,0.1255614692476666
16.84,0.1178330312355752,0.1202444700685652,0.1388271366014108,0.09500983970278831,0.1179460370332646
16.85,0.110401792611944,0.1127117794671322,0.1308474893333051,0.1015788611301074,0.1105160401128887
16.86,0.1031772800546987,0.105379600313072,0.122837961722489,0.108070413093184,0.1032927393778627
16.87,0.09617836917054483,0.09826816342964473,0.1148264497966889,0.1144714705547229,0.09629500047990802
16.88,0.08942149988036122,0.09139525860640252,0.1068407200540254,0.1207689563504685,0.08953925927541367
16.89,0.08292067193299907,0.08477621104019778,0.09890826544991888,0.1269497431278673,0.08303951199602388
16.9,0.07668746052825101,0.07842388234065251,0.09105615706466058,0.1330006743367251,0.07680732940760499
16.91,0.07073105333241002,0.07234869522431303,0.08331089302160932,0.1389086049490612,0.07085189394228608
16.92,0.06505830918578658,0.06655868075440552,0.07569824821923676,0.1446604606130414,0.06518005852936948
16.93,0.05967383699221804,0.06105954673899328,0.06824312955946615,0.1502433119374681,0.05979642561385001
16.94,0.05458009306817649,0.05585476568049719,0.06096944105255608,0.1556444586733898,0.05470344463875088
16.95,0.04977749504393304,0.0509456804748275,0.05389996165278227,0.1608515168536109,0.04990152608242604
16.96,0.0452645521427641,0.04633162588961393,0.04705623671321152,0.1658525006477097,0.04538916998625364
16.97,0.04103800694728545,0.0420100637096954,0.04045848238684785,0.1706358899930469,0.041163106783633
16.98,0.03709297591625644,0.03797672932606805,0.03412550158108651,0.1751906751758034,0.03721844814911057
16.99,0.03342311495130411,0.03422578746402677,0.02807461010543144,0.1795063706228094,0.03354884552768039
17,0.0300207836732529,0.03074999469887679,0.02232157204353979,0.183572992287706,0.03014665397914718
17.01,0.02687721207677706,0.02754086639396142,0.01688054372874798,0.1873809960813019,0.02700309898089398
17.02,0.02398266783458872,0.02458884571575992,0.0117640257917303,0.1909211785272223,0.02410844387382421
17.03,0.0213266220108189,0.02188347243357042,0.006982822578815218,0.1941845447728945,0.02145215570983577
17.04,0.01889791104761013,0.01941354929562661,0.00254600794852311,0.1971621527087831,0.01902306736338977
17.05,0.01668489302219268,0.01716730388775578,-0.001539103777888129,0.1998449447201547,0.01680953390302797
17.06,0.01467559960482136,0.01513254402340714,-0.005266982966376454,0.2022235801292224,0.01479958137855408
17.07,0.01285787196074808,0.01329680488267204,-0.008633906940418934,0.204288281521495,0.01298104636395397
17.08,0.0112194839284271,0.01164748631048634,-0.01163797991664228,0.2060287069785433,0.01134170480183777
17.09,0.009748265283710998,0.01017197889746946,-0.0142791505311507,0.2074338580552997,0.009869388919243938
17.1,0.008432205721206018,0.008857777697380997,-0.01655922624833128,0.2084920305525146,0.00855209122371503
17.11,0.00725954512599401,0.007692582679425131,-0.01848188342075763,0.2091908121636505,0.007378054838957926
17.12,0.006218849714576799,0.006664385267674211,-0.02005267143853656,0.2095171282679175,0.006335849697358009
17.13,0.005299073824694896,0.005761540579882707,-0.02127900929287518,0.2094573347284162,0.005414434368249621
17.14,0.004489607394807192,0.004972825239930811,-0.02217017295485824,0.2089973546455696,0.004603203562038027
17.15,0.003780309486754414,0.00428748089805786,-0.0227372721816031,0.2081228546209361,0.003892021607003471
17.16,0.003161532369189599,0.003695243846906227,-0.02299321565284629,0.2068194551504047,0.003271242443772693
17.17,0.002624120902716653,0.003186361365263402,-0.02295266367003967,0.2050729692041957,0.002731716918041083
17.18,0.002159408957607678,0.002751595651398431,-0.02263196798903233,0.2028696627755939,0.002264788371271587
17.19,0.001759208168803437,0.002382216420102334,-0.02204909868194349,0.2001965311144366,0.001862277727990025
17.2,0.001415783890684033,0.002069983428223843,-0.02122355820574062,0.1970415844459904,0.001516459453629326
17.21,0.00112182355044818,0.001807120359223924,-0.02017628306424141,0.1933941371689289,0.001220029905373343
17.22,0.0008703990416220257,0.001586281634650466,-0.01892953356430371,0.1892450947984937,0.0009660697173357047
17.23,0.0006549248859950752,0.001400513826997019,-0.01750677218183783,0.1845872332518442,0.0007480019484080724
17.24,0.0004691139452459291,0.001243213422009115,-0.01593253099010122,0.1794154654454372,0.000559547774351965
17.25,0.000306932847812565,0.001108082717621528,-0.01423226850612885,0.1737270905749178,0.0003946815237631518
17.26,0.0001625609844266349,0.0009890856506057921,-0.01243221624067525,0.1675220218640497,0.0002475868398678638
17.27,3.034177889010684e-05,0.0008804053103977916,-0.01055921525350184,0.1608029889903287,0.0001126156964528224
17.28,-9.525003890425965e-05,0.0007764048325151207,-0.008640543166618275,0.1535757118147729,-1.57480927664988e-05
17.29,-0.0002196374415498968,0.0006715932625506182,-0.006703732393901929,0.1458490424598915,-0.0001429193552393015
17.3,-0.0003481642673341934,0.0005605978469482853,-0.004776380792171242,0.1376350731959217,-0.0002742346705199017
17.31,-0.0004861098401693569,0.0004381440408773307,-0.002885956473925533,0.1289492080182036,-0.0004149669357275121
17.32,-0.0006386940825190176,0.0002990443289120348,-0.00105959906091535,0.1198101962373106,-0.0005703304221497119
17.33,-0.000811072392637037,0.0001381967342660717,0.0006760799026518383,0.1102401268665293,-0.0007454755944221736
17.34,-0.001008319811126057,-4.940634928340959e-05,0.002295194418016788,0.1002643830824929,-0.0009454732173555525
17.35,-0.001235403619746187,-0.0002686586273965563,0.003772776447736881,0.08991155655082883,-0.00117528754293017
17.36,-0.001497145003515387,-0.0005243095728839631,0.005084960649306747,0.07921332193841257,-0.001439738646473621
17.37,-0.00179817571701406,-0.0008209234651367359,0.006209159314435442,0.06820427245977273,-0.001743454261049271
17.38,-0.002142876630138867,-0.001162828255226234,0.007124226013548784,0.05692171780852306,-0.002090811737096854
17.39,-0.002535310449296604,-0.001554054986442677,0.007810607007301185,0.04540544629054938,-0.002485871024819342
17.4,-0.002979147030910914,-0.001998268766283395,0.008250479890257012,0.03369745339699454,-0.00293229983415888
17.41,-0.003477582261575006,-0.002498692536745617,0.008427879143364014,0.02184163943433776,-0.003433292365955576
17.42,-0.004033252112255698,-0.003058025120011743,0.008328808338254778,0.009883479175299248,-0.003991483223005521
17.43,-0.00464814366071606,-0.003678355221057528,0.007941338745376669,-0.002130333179615751,-0.004608858296444251
17.44,-0.005323505030418565,-0.004361073242776015,0.007255694121268363,-0.0141522601233639,-0.005286664576911071
17.45,-0.006059755648407633,-0.00510678290872435,0.006264321509141968,-0.02613431412555139,-0.006025320957655789
17.46,-0.006856400987214451,-0.005915214790314427,0.004961947954408741,-0.03802846384350861,-0.006824332175124737
17.47,-0.007711953480805411,-0.006785143896217316,0.003345623069853032,-0.04978704871926704,-0.007682208069292262
17.48,-0.008623857453886963,-0.007714313500609027,0.001414747355926116,-0.06136319712631022,-0.008596390339750959
17.49,-0.009588425599189342,-0.008699367362386301,-0.000828913907904516,-0.07271124296232923,-0.009563188923522592
17.5,-0.0106007871348015,-0.009735792420069611,-0.003381231508493177,-0.08378713535809607,-0.01057773002706214
17.51,-0.01165484949016182,-0.01081787393753741,-0.006235728307815158,-0.09454883600476643,-0.01163391770902505
17.52,-0.01274327523992336,-0.01193866492503032,-0.00938361091744716,-0.1049566985085488,-0.01272441073389419
17.53,-0.01385747579094773,-0.01308997146977231,-0.01281381754007171,-0.1149738241759185,-0.01384061620238297
17.54,-0.01498762307878562,-0.01426235538252996,-0.01651308238220756,-0.1245663887227503,-0.01497270121594152
17.55,-0.0161226799173223,-0.01544515530407997,-0.0204660168480571,-0.1337039345887187,-0.01610962355396028
17.56,-0.01725045113085289,-0.01662652712311985,-0.02465520745541128,-0.1423596238202485,-0.0172391820380654
17.57,-0.01835765373111638,-0.0177935042408443,-0.02906133011158518,-0.1505104468547853,-0.01834808693361401
17.58,-0.01943000683482854,-0.01893207788369589,-0.03366328009395347,-0.1581373829917335,-0.01942205039959483
17.59,-0.0204523418134701,-0.02002729732116543,-0.03843831681985954,-0.16522550887383,-0.0204458966508283
17.6,-0.02140873144311916,-0.02106338949616787,-0.04336222225684794,-0.1717640519410042,-0.02140369114659024
17.61,-0.0222826370239608,-0.02202389722739106,-0.04840947158575881,-0.1777463865820463,-0.02227888777383197
17.62,-0.02305707210364819,-0.02289183480185519,-0.05355341446177331,-0.1831699716292979,-0.02305449265725285
17.63,-0.02371478111919636,-0.02364985944738457,-0.05876646493499227,-0.1880362289459503,-0.02371324290848487
17.64,-0.02423843097744609,-0.02428045686435998,-0.06402029784275332,-0.1923503641547514,-0.02423779832828354
17.65,-0.02461081338225322,-0.02476613870948441,-0.06928604931767934,-0.196121132030002,-0.02461094380431383
17.66,-0.02481505514799959,-0.02508964966620192,-0.07453451896161112,-0.1993605506608206,-0.02481579990762106
17.67,-0.02483483409088094,-0.02523418151182549,-0.07973637115131688,-0.2020835700924513,-0.02483603898744352
17.68,-0.02465459767118789,-0.02518359140442089,-0.08486233280904437,-0.2043077026367172,-0.02465610390055051
17.69,-0.02425978126316726,-0.02492262146662388,-0.08988338482132241,-0.206052623281014,-0.02426142639042261
17.7,-0.02363702300684944,-0.02443711664202153,-0.09477094426444688,-0.2073397495074264,-0.02363864205595601
17.71,-0.02277437215645846,-0.02371423774419185,-0.09949703487918587,-0.2081918102942052,-0.02277579882021857
17.72,-0.02166148785854938,-0.02274266661056695,-0.1040344439559904,-0.2086324141003175,-0.02166255582797788
17.73,-0.02028982535873275,-0.02151280031271829,-0.1083568649468865,-0.2086856252721738,-0.02029036976627407
17.74,-0.01865280674933366,-0.02001693146085837,-0.1124390265830951,-0.2083755576380443,-0.01865266571436119
17.75,-0.01674597339982608,-0.01824941177182338,-0.1162568108202612,-0.207725993163446,-0.01674498978644562
17.76,-0.01456711774666061,-0.01620679624428656,-0.1197873632686923,-0.2067600325165118,-0.01456514103063394
17.77,-0.01211639235466588,-0.01388796550065563,-0.1230092005916654,-0.2054997833021992,-0.01211328028743608
17.78,-0.009396393725755946,-0.01129422410943048,-0.1259023194137056,-0.2039660906085811,-0.009392013987764569
17.79,-0.006412219330069721,-0.008429372991915374,-0.128448310435513,-0.202178313385186,-0.006406451179437944
17.8,-0.003171496507168818,-0.005299754339224028,-0.1306304797533931,-0.200154149046271,-0.003164232408590151
17.81,0.000315617771793315,-0.001914267814511594,-0.1324339770879004,-0.1979095075613024,0.0003244705569862005
17.82,0.004036466911604178,0.001715642814553164,-0.1338459281571636,-0.1954584351658785,0.004046984796609254
17.83,0.007975954709694926,0.005576033082712983,-0.1348555662485829,-0.1928130867145038,0.007988196339877629
17.84,0.01211663548644419,0.00965053134817484,-0.1354543565265945,-0.1899837446289845,0.01213064014736043
17.85,0.01643883349504013,0.01392044210339871,-0.1356361059669896,-0.1869788814088266,0.01645461941109438
17.86,0.02092078919392939,0.01836487835291911,-0.1353970520415358,-0.1838052618027139,0.02093835322004967
17.87,0.02553883421899729,0.02296092194337507,-0.1347359242589251,-0.1804680800304026,0.02555815124796729
17.88,0.03026759123860781,0.02768381034975215,-0.1336539741972915,-0.1769711269213071,0.03028861374783348
17.89,0.03508019699759907,0.03250714805739519,-0.1321549715213512,-0.1733169815159793,0.03510285478399888
17.9,0.03994854618378918,0.03740314033595815,-0.1302451654545795,-0.16950722156043,0.03997274630411074
17.91,0.04484355341929143,0.04234284688426793,-0.1279332130787235,-0.1655426473966681,0.0448691803534948
17.92,0.0497354304135059,0.04729645253816456,-0.1252300774896504,-0.1614235139883702,0.04976234646813027
17.93,0.0545939750862575,0.05223355198046042,-0.1221489001232973,-0.157149766181722,0.05462202105273395
17.94,0.05938887016566405,0.05712344517702878,-0.1187048524119978,-0.1527212727466716,0.05941786536082116
17.95,0.06408998494008081,0.06193544008808205,-0.1149149723244839,-0.148138055231929,0.06411972854649894
17.96,0.06866767831936364,0.06663915907202389,-0.110797991290029,-0.1434005081608782,0.0686979521554193
17.97,0.07309310203300662,0.07120484531255789,-0.1063741565213394,-0.1385096075654281,0.0731236723659402
17.98,0.07733849673526394,0.07560366555956427,-0.1016650528808347,-0.1334671052799585,0.07736911628247112
17.99,0.0813774784997824,0.07980800548175315,-0.096693427331072,-0.1282757067868741,0.08140788862112741
18,0.08518531213368503,0.08379175398425592,-0.09148301794629116,-0.1229392307167236,0.08521524521316293
18.01,0.08873916787187472,0.08753057294688904,-0.08605838874063654,-0.1174627483646616,0.08876834988318061
18.02,0.09201835818960638,0.09100214898752979,-0.08044477134300021,-0.1118527018020365,0.0920465114354958
18.03,0.09500455172490981,0.09418642404828687,-0.07466791470925183,-0.1061169993509025,0.09503139770123159
18.04,0.09768196239819603,0.09706580183729963,-0.06875394430645787,-0.1002650873653593,0.09770722385811259
18.05,0.1000375072277161,0.09962532743344332,-0.06272923223797872,-0.09430799744073592,0.1000609125315959
18.06,0.102060936585399,0.1018528376714827,-0.05662027949556592,-0.08825836836145728,0.102082223516439
18.07,0.1037449324755909,0.1037390802677004,-0.05045361101612855,-0.08213044230930255,0.1037638513180127
18.08,0.1050851725015278,0.1052778000168338,-0.04425568366045229,-0.07594003509011393,0.1051014890984042
18.09,0.1060803592447596,0.1064657907857812,-0.03805280674810235,-0.06970448039926269,0.1060938580189867
18.1,0.1067322144766367,0.1073029124434881,-0.03187107441388709,-0.06344254843155117,0.1067427013937849
18.11,0.1070454380543657,0.107792072294588,-0.02573630877254762,-0.05717433944360828,0.1070527435014315
18.12,0.1070276317927322,0.1079391710213633,-0.01967401265446078,-0.05092115318843227,0.1070316133425028
18.13,0.1066891890427222,0.1077530135792231,-0.01370933048941725,-0.04470533545350353,0.1066897340683613
18.14,0.1060431509000903,0.1072451859295888,-0.007867015769791874,-0.03855010323671726,0.1060401792415524
18.15,0.1051050310489492,0.1064298989255495,-0.002171403427216057,-0.03247935037987371,0.105098497511274
18.16,0.1038926116643719,0.105323801084684,0.003353614585584974,-0.02651743574054688,0.103882507694776
18.17,0.1024257115764694,0.1039457623848303,0.008684612203135988,-0.02068895621463118,0.102412066642048
18.18,0.1007259299155663,0.1023166315971877,0.0137986522751371,-0.01501850712041186,0.1007088126213646
18.19,0.09881636836384125,0.1004589700220514,0.01867331122740412,-0.009530432619187512,0.0987958872929392
18.2,0.09672133537750348,0.0983967648109082,0.02328670670446487,-0.004248568977221645,0.0966976396324728
18.21,0.09446603599763384,0.096155125340526,0.02761752933013467,0.0008040164296618246,0.09443931542188183
18.22,0.09207625107925826,0.09375996634585632,0.03164507946957967,0.005605287402834891,0.09204673613748593
18.23,0.089578009489755,0.09123768171625163,0.03534930960148452,0.01013449949829753,0.08954597123321484
18.24,0.08699725780522709,0.08861481301066698,0.03871087264548412,0.01437245588823621,0.08696300793554568
18.25,0.08435953484267482,0.08591771685062022,0.0417111763806044,0.01830175552196261,0.08432342273582305
18.26,0.08168964799508389,0.08317223540332469,0.0443324439748729,0.02190703065044908,0.08165205878299125
18.27,0.07901136082748753,0.08040337417129151,0.04655778064510269,0.02517517085402182,0.07897271334467965
18.28,0.07634709495890418,0.07763499125822604,0.04837124656968406,0.02809553081394078,0.07630783941701458
18.29,0.07371765003602074,0.07488950218336143,0.04975793634412856,0.03066011919395445,0.07367826542369227
18.3,0.07114194554533063,0.07218760416032788,0.05070406543404227,0.03286376614565084,0.0711029367541125
18.31,0.06863678796885317,0.0695480235257902,0.05119706417073688,0.03470426711844665,0.06859868265012142
18.32,0.06621666650022701,0.06698728967279294,0.05122567978966863,0.03618250083816432,0.06618001166395926
18.33,0.06389357937805461,0.06451953842759883,0.05078008679456514,0.03730251951373914,0.06385893857875913
18.34,0.06167689620900339,0.06215634744105786,0.04985200553495894,0.03807160953694272,0.06164484531145797
18.35,0.05957325649342649,0.05990660603370773,0.04843482833350016,0.03850032115339436,0.05954437791008249
18.36,0.05758650255924933,0.05777642189482962,0.04652375183409296,0.03860246580502874,0.05756138131763733
18.37,0.05571765332422959,0.05576906658839231,0.04411591351503896,0.03839508007745207,0.05569687310862892
18.38,0.05396491775939657,0.05388496091162065,0.04121052958302363,0.03789835543554398,0.05394905691679108
18.39,0.05232374824481412,0.05212170034325292,0.0378090308011822,0.03713553320525309,0.05231337576983713
18.4,0.0507869335155209,0.05047412036966992,0.03391519228483109,0.03613276456787529,0.05078260503537602
18.41,0.04934473038090686,0.0489344011552576,0.02953525300791021,0.03491893568544957,0.04934698416752142
18.42,0.04798503289431352,0.04749221062362358,0.02467802078778458,0.03352545848121896,0.0479943859331079
18.43,0.04669357782402865,0.04613488453163678,0.01935495892215255,0.03198602806439188,0.04671052129622955
18.44,0.04545418274714903,0.04484764160703231,0.0135802514566794,0.03033634831647436,0.04547917765661003
18.45,0.04424901337160668,0.04361383132145769,0.007370845198086728,0.02861382774385679,0.04428248767783344
18.46,0.04305887956920845,0.04241521140175153,0.0007464678811569536,0.02685724833667252,0.04310122551174034
18.47,0.04186355522310763,0.04123225175145084,-0.006270376913687425,0.02510641083518256,0.04191512683167353
18.48,0.0406421179324641,0.04004446106823578,-0.01365443669235611,0.02340176045877296,0.0407032287352721
18.49,0.03937330432402666,0.03883073210630045,-0.02137775719666535,0.0217839977554925,0.03944422527245628
18.5,0.03803587646828375,0.03756970124862502,-0.02940974848262617,0.02029367973220231,0.03811683410101202
18.51,0.03660899470190766,0.03624011782471354,-0.03771726936876563,0.018970816778414,0.03670016957453553
18.52,0.03507259241156433,0.03482121843501212,-0.04626473051630109,0.01785447106299831,0.03517411742934984
18.53,0.03340775115205293,0.03329310142582936,-0.05501421703298459,0.01698236204338205,0.03351970616068911
18.54,0.0315970551608071,0.03163709659986147,-0.06392563176441984,0.01639048448807684,0.03171947016599974
18.55,0.02962494275277573,0.02983612525128421,-0.07295686032143611,0.01611274400599638,0.02975779978560095
18.56,0.02747803976717155,0.02787504568347432,-0.08206395846342041,0.01618061455013925,0.02762127348846616
18.57,0.02514546914400667,0.0257409795044089,-0.09120136183251304,0.01662282177692131,0.02529896763241329
18.58,0.02261913373735237,0.02342361419917877,-0.1003221173284923,0.01746505554997113,0.02278273947217091
18.59,0.01989396834056554,0.02091547774765523,-0.1093781347236202,0.01872971431787168,0.02006747939270193
18.6,0.01696815726095166,0.01821218138225222,-0.118320456512524,0.02043568358693243,0.01715132870533098
18.61,0.01384331419510244,0.01531262695861135,-0.12709954352346,0.02259815024894873,0.01403585975612098
18.62,0.0105246237205436,0.01221917583573395,-0.1356655735073354,0.02522845408980273,0.01072621555447106
18.63,0.007020942146067362,0.008937776627555127,-0.1439687497602341,0.02833397737064924,0.007231206628678988
18.64,0.003344833026286896,0.00547804969209259,-0.1519596167793343,0.03191807291539406,0.003563363347883541
18.65,-0.0004874177107712397,0.00185332676235761,-0.1595893799321504,0.0359800306438251,-0.000261057491261818
18.66,-0.004455840244883881,-0.001919355312532844,-0.1668102260640347,0.04051508196246839,-0.00422211243726639
18.67,-0.008536867028832773,-0.005819307166088583,-0.1735756418355442,0.04551444088417211,-0.00829625755183977
18.68,-0.01270346481191924,-0.009822285713519063,-0.1798407263763668,0.0509653802229173,-0.01245648041927178
18.69,-0.01692531138113471,-0.01390063842322387,-0.1855624946285986,0.05685134073786069,-0.01667247685933931
18.7,-0.0211690153091086,-0.01802349175321194,-0.1907001676297206,0.06315207071369067,-0.02091087063698915
18.71,-0.02539837645118045,-0.02215698188271364,-0.1952154460557525,0.06984379318815193,-0.02513547391604026
18.72,-0.02957467911203497,-0.02626452533186507,-0.1990727636703763,0.07689939788577116,-0.02930758568897923
18.73,-0.03365702779520448,-0.03030712655847889,-0.2022395179025893,0.08428865488924542,-0.03338632493783883
18.74,-0.03760272691070884,-0.03424371915752578,-0.204686275533371,0.09197844716430159,-0.03732899484910079
18.75,-0.04136765912901521,-0.03803153687333272,-0.2063869522956307,0.09993301922763043,-0.04109147402431451
18.76,-0.04490669869272221,-0.04162651027196301,-0.2073189659573746,0.1081142394821804,-0.04462863030303099
18.77,-0.04817414308699366,-0.04498368461678537,-0.2074633630659037,0.1164818740089796,-0.0478947525499025
18.78,-0.05112415784981674,-0.04805765424725189,-0.20680491992826,0.1249938698705795,-0.05084399555649444
18.79,-0.05371122953066348,-0.05080300858243547,-0.2053322185907709,0.1336066462238973,-0.0534308330729476
18.8,-0.05589062173762477,-0.05317478475859722,-0.2030376986046382,0.1422753917419967,-0.05561051391584304
18.81,-0.05761882920241432,-0.05512892186452284,-0.1999176852993182,0.1509543669952685,-0.05733951609692989
18.82,-0.05885401606528908,-0.05662271175869921,-0.1959723952108424,0.1595972105401077,-0.05857599398108793
18.83,-0.05955646529339003,-0.05761524153596226,-0.1912059192925694,0.1681572475115543,-0.05928021360957447
18.84,-0.0596890011506265,-0.05806782285490752,-0.1856261846053221,0.1765877995240262,-0.0594149715126186
18.85,-0.05921737695598273,-0.05794440353729369,-0.179244895340614,0.1848424946622084,-0.05894599257999622
18.86,-0.0581106478012661,-0.05721195710409599,-0.1720774542424231,0.1928755763036563,-0.05784230285460346
18.87,-0.05634151442392814,-0.05584084621634788,-0.1641428657110684,0.2006422094649264,-0.05607657345649009
18.88,-0.05388663481689505,-0.053805156338951,-0.1554636220499895,0.208098783310227,-0.05362543222755767
18.89,-0.05072690057457303,-0.05108299633671431,-0.1460655744241989,0.2152032084078499,-0.05046974010326405
18.9,-0.04684767541828549,-0.04765676313688022,-0.1359777901359643,0.2219152072632159,-0.04659482966070178
18.91,-0.04223899324943804,-0.04351336804333106,-0.1252323978118844,0.2281965965938848,-0.04199070375501474
18.92,-0.03689570671003605,-0.03864442275632318,-0.1138644220675996,0.2340115597355624,-0.03665219263143538
18.93,-0.03081762115499794,-0.03304638362966406,-0.1019116091910305,0.2393269074743315,-0.03057906838114022
18.94,-0.02400955921432006,-0.02672065317769878,-0.08941424534489034,0.2441123254871893,-0.02377611608891167
18.95,-0.0164813833882593,-0.01967363832045621,-0.07641496867221764,0.2483406064434834,-0.01625316149287193
18.96,-0.008247980534552371,-0.01191676532087249,-0.06295857640240787,0.2519878646827839,-0.008025055435235018
18.97,0.0006707961373812432,-0.00346645181800137,-0.04909182752329766,0.2550337312542533,0.0008883841774238732
18.98,0.01025022643645694,0.005655963210391635,-0.03486324081336911,0.2574615269977826,0.01046247177022647
18.99,0.02046086240642399,0.01542433031799811,-0.02032288716401248,0.2592584112890184,0.02066779333096047
19,0.03126870551455831,0.02580783967972849,-0.005522174459103413,0.2604155040797091,0.03147038359910859
19.01,0.0426354211445133,0.03677120844567799,0.00948637682467468,0.2609279789587114,0.04283193901546434
19.02,0.05451858944210991,0.04827490309787796,0.02464936842828852,0.2607951251485237,0.05471006395144778
19.03,0.06687196580701514,0.06027539428036455,0.03991276919291176,0.2600203766406339,0.06705854749219309
19.04,0.07964579466229947,0.0727254413434727,0.05522216784832623,0.2586113070547834,0.07982766784206835
19.05,0.0927871402004303,0.08557440364999935,0.07052302998685123,0.256579589268946,0.09296452125562965
19.06,0.1062402365794421,0.09876857553298696,0.08576095476539591,0.2539409193884533,0.1064133722706472
19.07,0.1199468561303957,0.1122515416712756,0.1008819271320332,0.2507149051797271,0.120116021932147
19.08,0.1338466922137674,0.1259645495622669,0.1158325623688568,0.246924919660476,0.134012190645946
19.09,0.1478777533467948,0.1398468957236138,0.1305603410014861,0.2425979210884269,0.1480399122851239
19.1,0.1619767652412337,0.1538363222478684,0.1450138332123314,0.2377642411019596,0.1621359361914356
19.11,0.1760795800196495,0.1678694203629447,0.1591429125787546,0.2324573432200288,0.1762361337631376
19.12,0.1901215842992448,0.1818820377113848,0.1728989592073618,0.2267135542922708,0.1902759063989332
19.13,0.2040380949075971,0.1958096861472476,0.186235052229379,0.2205717717954848,0.2041905916715718
19.14,0.217764768342988,0.209587946957257,0.199106151265815,0.2140731500975495,0.2179158647316056
19.15,0.2312379949734719,0.2231528705407089,0.211469265976583,0.2072607689568954,0.2313881320889681
19.16,0.2443952825097004,0.2364413677295389,0.2232836123022289,0.2001792876019913,0.2445449150842632
19.17,0.2571756266695802,0.2493915900947506,0.2345107536397295,0.1928745877515216,0.2573252205406701
19.18,0.2695198667118766,0.2619432967656808,0.24511472510976,0.1853934089059793,0.2696698962778363
19.19,0.2813710237154553,0.2740382054814653,0.2550621393615503,0.1777829791814751,0.2815219693689147
19.2,0.2926746196874026,0.2856203257951392,0.2643222730142967,0.1700906448849474,0.2928269652282293
19.21,0.3033789801057779,0.2966362725565974,0.272867133744061,0.1623635019653268,0.3035332058276753
19.22,0.3134355046565379,0.3070355580090828,0.2806715090310416,0.1546480324352987,0.3135920855528728
19.23,0.3227989142798844,0.3167708610436627,0.2877129985290588,0.1469897488564912,0.3229583234229282
19.24,0.3314274848675937,0.3257982723672758,0.2939720327938731,0.1394328500229428,0.3315901906092248
19.25,0.3392832492097789,0.3340775145508972,0.2994318816396183,0.1320198910580979,0.3394497123967689
19.26,0.3463321727151791,0.3415721361332126,0.3040786556384937,0.1247914712404755,0.3465028439353383
19.27,0.3525443024576255,0.348249679159133,0.3079013042074997,0.1177859429603205,0.3527196193256069
19.28,0.3578938892809678,0.3540818197298538,0.3108916133267217,0.1110391452421347,0.3580742737765139
19.29,0.3623594828791487,0.3590444813311642,0.3130442052275773,0.1045841651986735,0.3625453387536845
19.3,0.3659240001555051,0.3631179208900787,0.314356541437098,0.09845113056503196,0.3661157102140101
19.31,0.3685747738023704,0.3662867876881431,0.3148289294622711,0.09266703605907395,0.368772690187903
19.32,0.3703035541770564,0.368540155434071,0.3144645322683834,0.08725560570316354,0.3705080021279669
19.33,0.3711065003380616,0.3698715279685367,0.3132693786784306,0.08223719242043015,0.3713177805906189
19.34,0.3709841492845363,0.3702788192364079,0.311252372017344,0.07762871521232562,0.3712025359552432
19.35,0.3699413564544255,0.3697643083099832,0.3084252938317342,0.07344363308973612,0.3701670950137492
19.36,0.3679872130235943,0.3683345703748552,0.3048027993653286,0.06969195375309323,0.3682205183819001
19.37,0.3651349410639713,0.3660003846963993,0.3004024016312036,0.06638027390434553,0.3653759957922399
19.38,0.3614017677185644,0.3627766206757921,0.2952444413115864,0.0635118471381434,0.3616507204272444
19.39,0.356808779641021,0.3586821031888209,0.2893520402301944,0.06108667470226858,0.3570657435401198
19.4,0.3513807604618198,0.3537394584857685,0.282751036694031,0.05910161410990133,0.3516458106895383
19.41,0.3451460178977521,0.3479749420155456,0.2754699015506033,0.0575505006581275,0.3454191809837489
19.42,0.338136165321489,0.3414182496166438,0.2675396343605363,0.05642427733972544,0.3384174307884577
19.43,0.3303859206372521,0.3341023135855525,0.2589936396755156,0.05571112936674277,0.3306752434020137
19.44,0.321932886527305,0.3260630851862241,0.2498675840524813,0.05539662046042482,0.3222301862402253
19.45,0.3128173165718253,0.3173393052023026,0.2401992350955732,0.05546382909253111,0.3131224771019837
19.46,0.3030818720118181,0.3079722641578173,0.230028284418205,0.05589348387904958,0.3033947411050869
19.47,0.2927713707548208,0.298005553843825,0.2193961568585758,0.05666409823584595,0.2930917598896867
19.48,0.2819325302214007,0.287484811788823,0.2083458084843298,0.0577521051392425,0.2822602146842618
19.49,0.2706137056185486,0.2764574603002309,0.1969215158645641,0.05913199335484531,0.2709484248160414
19.5,0.2588646294972727,0.2649724416834082,0.1851686588174751,0.06077644679523808,0.2592060832244998
19.51,0.2467361490551208,0.2530799512136597,0.1731334984607706,0.06265648875497076,0.2470839905030603
19.52,0.2342799350560536,0.240831169395919,0.1608629520175695,0.06474163267955746,0.2346337889508163
19.53,0.2215482333906685,0.2282779949968065,0.1484043655584961,0.06700004089345457,0.2219076980633822
19.54,0.2085936047178172,0.2154727802747773,0.1358052857360856,0.06939869238254759,0.2089582528304607
19.55,0.1954686667067476,0.2024680697667768,0.1231132315820037,0.07190356034044193,0.1958380461382669
19.56,0.1822258415834142,0.1893163439150327,0.1103754675495048,0.07447979978065222,0.1825994764984276
19.57,0.1689171101258604,0.1760697687357925,0.0976387791493426,0.07709194511835887,0.1692945022424051
19.58,0.1555937731670854,0.1627799526447056,0.08494925272500264,0.07970411725862248,0.1559744032333645
19.59,0.1423062215730934,0.1494977114619384,0.07235206114361392,0.08228023940956519,0.1426895510568107
19.6,0.1291037241314983,0.1362728425260084,0.05989125744442814,0.08478426058010913,0.1294891885588023
19.61,0.1160342086485815,0.1231539087502231,0.04760957876042632,0.08718038552890517,0.1164212195078146
19.62,0.1031440458679547,0.1101880333611271,0.03554826303729258,0.08943330980614006,0.1035320090644903
19.63,0.09047787845306382,0.09742070596492447,0.02374688110793649,0.09150845847125655,0.09086619565451526
19.64,0.07807844485252743,0.08489560049692463,0.01224318643596084,0.09337222707133369,0.07846651475476607
19.65,0.06598641528733795,0.07265440552103575,0.001072984271240918,0.0949922235168863,0.06637363502316312
19.66,0.05424024043033193,0.06073666726409671,-0.009729978888438295,0.09633750957925186,0.05462600712928767
19.67,0.04287601307674769,0.04917964569539712,-0.02013410562756013,0.09737884083670018,0.04325972557676372
19.68,0.03192734304577615,0.03801818389620443,-0.03011001878621999,0.09808890399016057,0.03230840375015215
19.69,0.0214252456310816,0.02728459090703489,-0.03963061527841338,0.09844255052446754,0.02180306236899676
19.7,0.01139805553350755,0.01700853819054871,-0.04867110480580078,0.09841702567442223,0.01177203148973127
19.71,0.001871319785718888,0.007216969805083517,-0.05720903584928366,0.09799219153226946,0.002240866161827615
19.72,-0.007132271821210354,-0.002065973651494024,-0.06522431118911648,0.09715074287176884,-0.006767724182460688
19.73,-0.01559293252172339,-0.01081901729546331,-0.07269919490198462,0.09587841383732643,-0.0152339325466645
19.74,-0.02349382167956026,-0.01902380039639939,-0.07961831241090539,0.09416417304057334,-0.02314089735508162
19.75,-0.0308210740279794,-0.0266649110036869,-0.08596864480626276,0.09200040382673852,-0.03047473157543557
19.76,-0.03756381502158673,-0.03372990677248378,-0.09173951837043431,0.08938306555228903,-0.03722453796201675
19.77,-0.04371416228799571,-0.04020932201048266,-0.09692259004729831,0.08631183072173743,-0.04338241041394597
19.78,-0.04926721318265321,-0.0460966609779937,-0.1015118294923278,0.08279019187289327,-0.0489434214573139
19.79,-0.05422101739676706,-0.05138837749016145,-0.1055034982862143,0.07882553132290532,-0.0539055958780924
19.8,-0.05857652767818298,-0.05608384089306573,-0.1088961268499301,0.07442914646768972,-0.05826987055673344
19.81,-0.06233757050750902,-0.06018528851567367,-0.1116904895185417,0.0696162234496237,-0.06204004058679191
19.82,-0.06551076730732719,-0.06369776473612299,-0.1138895780839054,0.06440575283388944,-0.06522269180017354
19.83,-0.06810544866164174,-0.06662904684259163,-0.1154985738907608,0.05882038256174482,-0.06782711987155854
19.84,-0.07013356036490943,-0.06898955791616018,-0.1165248182760587,0.05288620587539794,-0.06986523623495899
19.85,-0.07160955656938536,-0.07079226701705876,-0.1169777808070266,0.04663248499952588,-0.07135146111630281
19.86,-0.07255028041144208,-0.07205257701926671,-0.1168690244455128,0.04009131484862682,-0.0723026040672371
19.87,-0.07297483258965147,-0.07278820051323903,-0.1162121665000769,0.03329723452901123,-0.07273773247612114
19.88,-0.07290442846791118,-0.07301902428285612,-0.1150228340754106,0.02628679749283774,-0.07267802863141065
19.89,-0.0723622423911042,-0.07276696295887325,-0.1133186127204673,0.01909811348478963,-0.07214663601833871
19.9,-0.07137324136353129,-0.07205580255472033,-0.111118987100235,0.01177037661766511,-0.07116849564029898
19.91,-0.06996402778322722,-0.07091103469814519,-0.1084452727142221,0.004343393909023607,-0.06977017326874269
19.92,-0.06816264739992736,-0.06935968248105684,-0.1053205378781092,-0.003142872518630879,-0.06797967863732945
19.93,-0.06599840033335512,-0.06743011895694861,-0.1017695153171562,-0.0106487383921236,-0.06582627770438154
19.94,-0.06350164779807692,-0.06515187941744677,-0.09781850279434656,-0.01813519679147779,-0.0633402992094132
19.95,-0.06070361441064449,-0.06255546867427475,-0.09349525227693356,-0.02556427837241615,-0.06055293684150242
19.96,-0.0576361874754271,-0.05967216465707337,-0.08882884731640694,-0.03289936912900937,-0.05749604841675438
19.97,-0.05433171471070173,-0.05653381970859817,-0.08384956862977161,-0.04010548481723497,-0.05420195352597695
19.98,-0.05082280192360034,-0.05317266101405133,-0.07858874831322482,-0.04714950297729209,-0.05070323115986419
19.99,-0.04714211030015909,-0.04962109163843892,-0.07307861362615048,-0.05400035479426729,-0.04703251884498699
20,-0.04332216051327157,-0.04591149366299846,-0.06735212176249572,-0.0606291798613085,-0.04322231482845984
20.01,-0.0393951441137014,-0.04207603490729039,-0.06144278739410136,-0.06700944733856207,-0.03930478483079969
20.02,-0.03539273055910687,-0.03814648069711202,-0.05538450496979475,-0.07311704713158551,-0.03531157484507574
20.03,-0.03134588753331519,-0.034154012089333,-0.04921136776461243,-0.07893035463774184,-0.03127363139582562
20.04,-0.02728471017374764,-0.0301290518940317,-0.04295748551290907,-0.08443027240468309,-0.02722103058410286
20.05,-0.02323826026759563,-0.02610109974263147,-0.0366568021790869,-0.08960025176649972,-0.02318281713696224
20.06,-0.01923441651041494,-0.02209857733975451,-0.03034291509778675,-0.09442629720439172,-0.01918685455225133
20.07,-0.01529973677731501,-0.01814868490806626,-0.02404889643941799,-0.09889695583590186,-0.01525968728560012
20.08,-0.01145933319911173,-0.01427726969173759,-0.01780711780438704,-0.1030032940726173,-0.01142641576854642
20.09,-0.007736760098671431,-0.01050870722793618,-0.01164907876766741,-0.1067388630951396,-0.007710584878384941
20.1,-0.004153918007322166,-0.006865795930218355,-0.005605240387627997,-0.1100996543673807,-0.004134086304996898
20.11,-0.0007309695490052121,-0.003369665356073193,0.0002951349855525587,-0.1130840459425307,-0.0007170750815896354
20.12,0.002513730766504472,-3.969835743672379e-05,0.006024135898837102,-0.1156927398002326,0.002522099631346808
20.13,0.005563691400777261,0.003106532858613731,0.01155534396734786,-0.1179286899108059,0.005566949592420267
20.14,0.008404324757526914,0.006053316897074001,0.01686396384884575,-0.119797020177407,0.008402888604134351
20.15,0.01102297466273035,0.008786839863468177,0.0219269388899167,-0.1213049309117519,0.01101726011671078
20.16,0.01340893088712656,0.01129520900823283,0.02672305058266605,-0.1224615921253787,0.01339935184906704
20.17,0.01555343136368063,0.01356846388606198,0.03123300043318489,-0.1232780217536003,0.0155403980847198
20.18,0.01744965281116418,0.01559857569445322,0.03543947343676634,-0.1237669470614609,0.01743357039998461
20.19,0.01909268987591284,0.01737943554047661,0.03932718301310995,-0.1239426479781658,0.01907395765964331
20.2,0.02047952672090962,0.01890683244953589,0.04288289792241395,-0.1238207819897998,0.02045853617017723
20.21,0.02160899813953254,0.02017842197466568,0.04609545232086371,-0.1234181914420813,0.02158613091229505
20.22,0.02248174228811418,0.02119368629063689,0.04895574068974012,-0.1227526955377911,0.02245736878280341
20.23,0.02310014670356529,0.02195388666290399,0.05145669984962276,-0.1218428707620937,0.02307462476187783
20.24,0.02346828814877836,0.02246200916678825,0.05359328060215585,-0.1207078247037178,0.02344196188663961
20.25,0.02359186710704302,0.02272270449645419,0.05536241167439387,-0.1193669690497973,0.02356506585760337
20.26,0.02347813767599896,0.02274222264659165,0.05676295853632018,-0.1178397977768044,0.02345117503349126
20.27,0.02313583352706819,0.02252834317368069,0.05779567931781893,-0.1161456762066614,0.0231090064847877
20.28,0.02257509029674373,0.02209030165132209,0.05846317951198421,-0.1143036457267538,0.0225486786804574
20.29,0.0218073646755925,0.0214387128293973,0.05876986650070865,-0.1123322477546913,0.02178163127884436
20.3,0.02084535387133879,0.02058549089631756,0.05872190427613938,-0.1102493691741649,0.02082054238643555
20.31,0.01970290915926121,0.01954376713346623,0.05832716814472677,-0.1080721101779066,0.01967924354056722
20.32,0.01839494833776941,0.01832780514727816,0.0575951987507447,-0.1058166743779614,0.01837263256775334
20.33,0.01693736639393255,0.01695291377021974,0.05653715448011731,-0.1034982802627019,0.01691658437167642
20.34,0.01534694407485932,0.0154353576381237,0.05516576122533845,-0.1011310926064564,0.01532785961719951
20.35,0.01364125425309732,0.01379226537768097,0.05349525861346732,-0.09872817223140906,0.01362401120183554
20.36,0.01183856591547726,0.0120415352749077,0.05154134209540012,-0.09630144251371558,0.01182328834679874
20.37,0.009957745563674195,0.01020173824523418,0.04932110068910178,-0.09386167113995736,0.009944538097795885
20.38,0.008018155615971474,0.008292017891807002,0.04685295053333111,-0.09141846578795704,0.008007104003095233
20.39,0.006039550127708782,0.006331987423488505,0.04415656458963679,-0.08898028257606955,0.006030721734000544
20.4,0.00404196766962758,0.004341623210047163,0.04125279871086029,-0.08655444626505371,0.00403541143127617
20.41,0.002045619294391676,0.002341154779718024,0.03816361384900174,-0.08414718129048776,0.002041366600372463
20.42,7.077375664103313e-05,0.0003509511134838772,0.03491199350432361,-0.08176365274788872,6.883943781638147e-05
20.43,-0.00186236082740187,-0.001608596840494692,0.03152185482352904,-0.07940801644997886,-0.001861977450320074
20.44,-0.003733758864419421,-0.003517197421241458,0.02801795127199858,-0.07708347713200153,-0.003731072880898578
20.45,-0.005523702545380163,-0.00535478316370841,0.02442576471059998,-0.07479235380289972,-0.00551874230890792
20.46,-0.007212910192191833,-0.007101639130586812,0.02077138506194631,-0.07253615113437345,-0.007205716133236173
20.47,-0.008782667263954222,-0.008738534308571633,0.01708137649141361,-0.07031563565478849,-0.008773290667304312
20.48,-0.01021495916126797,-0.01024685557507699,0.01338263001472317,-0.06813091538305188,-0.01020346120898474
20.49,-0.01149260582380709,-0.01160874360036462,0.009702203519654062,-0.06598152141702818,-0.01147905650146536
20.5,-0.01259939736294959,-0.01280722990522964,0.006067151225926604,-0.06386648990552468,-0.01258387373501291
20.51,-0.01352022834276134,-0.01382637414828713,0.002504345509163453,-0.06178444280920936,-0.01350281310241619
20.52,-0.0142412307271605,-0.01465140057346431,-0.0009597053006138445,-0.05973366591901219,-0.01422201079231605
20.53,-0.01474990402767802,-0.01526883241449184,-0.004299039159583795,-0.0577121827670366,-0.01472896918798355
20.54,-0.01503524131793494,-0.01566662293726401,-0.007488418625696491,-0.05571782333693837,-0.01501268293813601
20.55,-0.01508784969930398,-0.01583428170993606,-0.01050350174584319,-0.05374828684177768,-0.01506375948411409
20.56,-0.01490006374133548,-0.01576299462694475,-0.01332100284700138,-0.05180119825376506,-0.01487453256693094
20.57,-0.01446605035837652,-0.01544573617418604,-0.01591884159476992,-0.04987415869543677,-0.01443916720100208
20.58,-0.01378190268711374,-0.01487737240417153,-0.01827627967109058,-0.0479647901844954,-0.01375375459033723
20.59,-0.01284572502569336,-0.01405475309060383,-0.02037404517438468,-0.04607077551910999,-0.01281639547932034
20.6,-0.01165770304506494,-0.01297679155356057,-0.02219444528852643,-0.0441898942646593,-0.01162727047450784
20.61,-0.0102201589828489,-0.01164453069407445,-0.02372146796058161,-0.04232005584326332,-0.01018869594632438
20.62,-0.008537591705047275,-0.01006119385415805,-0.02494087339529993,-0.04045933064019058,-0.008505164219958228
20.63,-0.006616699895117051,-0.008232219227053306,-0.02584027622690482,-0.03860597984910474,-0.006583366891758258
20.64,-0.004466387359514254,-0.006165276681917242,-0.02640921931261431,-0.03675848451483699,-0.00443220025969332
20.65,-0.002097749614146023,-0.003870266034547098,-0.02663924019050101,-0.03491557393599543,-0.002062752031689818
20.66,0.0004759588882702158,-0.001359295987524767,-0.02652393130559499,-0.0330762532964482,0.0005117313288441894
20.67,0.003239377494609384,0.001353356825091467,-0.02605899507609644,-0.03123983013470927,0.003275897048291398
20.68,0.00617511298527768,0.004251309025880667,-0.02524229470049721,-0.02940593905473876,0.006212358480490343
20.69,0.009263829282300623,0.007316152013883026,-0.02407390126419179,-0.02757456394288949,0.009301787502176806
20.7,0.01248436072251152,0.01052755367004482,-0.02255613717438387,-0.02574605688731324,0.01252302658954185
20.71,0.0158138438145267,0.01386337985578034,-0.02069361524847435,-0.023921152994687,0.01585322005545176
20.72,0.01922786697436563,0.01729983506831823,-0.01849327197059641,-0.02210098035629388,0.01926796368565886
20.73,0.02270063765081089,0.02081162137938541,-0.01596439265228911,-0.02028706451944434,0.02274147177758346
20.74,0.02620516561920974,0.02437211455562377,-0.01311862568130995,-0.01848132695729154,0.0262467603611124
20.75,0.02971346101260351,0.02795355604204941,-0.009969982904288521,-0.01668607718639353,0.02975584517089525
20.76,0.03319674546677395,0.03152725928542677,-0.006534823555783831,-0.01490399834356326,0.03323995274730501
20.77,0.03662567508715393,0.03506382868520164,-0.002831819953591497,-0.01313812619056404,0.03666974287149299
20.78,0.03997057283319938,0.03853338928924188,0.001118095776619754,-0.01139182165871189,0.04001554039132693
20.79,0.04320166463569872,0.04190582520435149,0.005291803668011741,-0.009668737170751784,0.04324757437172461
20.8,0.04628932550416432,0.04515102457118308,0.009664085531309707,-0.007972777083522786,0.04633622240616031
20.81,0.04920432694095811,0.04823912886269449,0.01420773082245608,-0.006308052684191767,0.04925225785731346
20.82,0.0519180848179652,0.05114078420551127,0.0188936574255445,-0.004678832249993103,0.05196709775418773
20.83,0.05440290560919295,0.05382739239450524,0.02369104645719339,-0.003089486752235249,0.0544530490605652
20.84,0.05663222871012246,0.05627135927138588,0.02856749085423671,-0.001544431855246664,0.0566835510449466
20.85,0.05858086261681191,0.05844633816672318,0.03348915815721148,-4.80669337917794e-05,0.05863341152396212
20.86,0.06022521280531766,0.0603274661600437,0.03842096831486225,0.001395288090364322,0.06027903481850189
20.87,0.06154350035771099,0.06189159099283703,0.04332678734549961,0.00278145721214007,0.06159863935248172
20.88,0.06251596629009046,0.06311748657267757,0.04816963727435314,0.004106473147678313,0.06257246293642277
20.89,0.06312506020846675,0.0639860551314404,0.052911922053479,0.005366641448926068,0.06318295390944112
20.9,0.06335561766089082,0.06448051424448098,0.05751566839614997,0.00655860284055515,0.0634149464615843
20.91,0.06319501807549305,0.06458656707828309,0.06194277985366337,0.007679392656851525,0.06325581862094798
20.92,0.06263332398753818,0.06429255440793141,0.06615530216352417,0.00872649625097438,0.06269563156437918
20.93,0.06166340042880487,0.06358958712865709,0.07011569789418071,0.009697899279172473,0.06172724909408561
20.94,0.06028101351403028,0.06247165817257883,0.07378712857143455,0.01059213183276519,0.06034643631270753
20.95,0.0584849074539964,0.060935732929283,0.07713374261288153,0.01140830550311595,0.05855193672408671
20.96,0.0562768594403482,0.05898181745802411,0.08012096737051416,0.01214614261939195,0.05634552718379698
20.97,0.05366171409453876,0.05661300397465879,0.08271580333285544,0.01280599709272578,0.05373205032041883
20.98,0.050647389556354,0.05383549330263077,0.08488711811743638,0.01338886652753973,0.050719424243718
20.99,0.04724486412681489,0.05065859419102114,0.08660593740945577,0.01389639551279009,0.04731862954766863
21,0.04346814253704437,0.04709469961363655,0.08784572959676545,0.01433087027155011,0.04354367380300017
21.01,0.03933419829064616,0.04315924036048663,0.08858268059264668,0.01469520511423089,0.03941153391449626
21.02,0.03486289442473762,0.03887061641256323,0.08879595524090333,0.01499292139562353,0.03494207689127438
21.03,0.03007688340416176,0.03425010675508805,0.08846794172818073,0.01522811990634326,0.03015795974287733
21.04,0.02500148701838291,0.02932175843762341,0.08758447553380544,0.01540544782458264,0.0250845093691287
21.05,0.0196645572951777,0.02411225583460203,0.08613503958668456,0.01553006150597047,0.01974958345667277
21.06,0.01409631984626591,0.01865077119823511,0.08411293746123744,0.01560758649241889,0.01418341352920194
21.07,0.008329203055314297,0.01296879772701726,0.08151543665468725,0.01564407617197122,0.008418431420836314
21.08,0.002397643182867846,0.00709996649564909,0.07834387929888836,0.01564597051944672,0.002489080552419698
21.09,-0.003662115848810677,0.001079848703730013,0.07460375812761089,0.015620056291067,-0.003568386511769828
21.1,-0.009812235733262079,-0.005054255202135705,0.07030475617100129,0.0155734299339288,-0.009716122665049898
21.11,-0.01601350882549553,-0.01126353789713436,0.0654607494485715,0.01551346430024292,-0.01591491138437917
21.12,-0.02222559201985537,-0.01750791733878987,0.06008977278206296,0.0154477800225975,-0.02212440069199728
21.13,-0.02840724772809517,-0.0237462769739431,0.05421394961897041,0.01538422210481888,-0.02830334422091185
21.14,-0.03451659019856758,-0.02993671221740957,0.04785938733657158,0.01533084190944689,-0.03440984762473814
21.15,-0.04051133540498392,-0.03603678141332567,0.04105603983914285,0.01529588427641804,-0.04040161855968633
21.16,-0.04634905174106373,-0.04200375949051716,0.03383753939423634,0.01528777899554079,-0.04623621846852899
21.17,-0.05198740958565974,-0.04779489253697633,0.02624099965220783,0.01531513529509176,-0.051871314413518
21.18,-0.05738443952305707,-0.05336765154572121,0.0183067917415024,0.01538673743307634,-0.0572649292368666
21.19,-0.06249877465865971,-0.05867998362446269,0.0100782952966838,0.01551153893396728,-0.06237568837363672
21.2,-0.06728989170751114,-0.06369055901478038,0.001601626292648428,0.01569865256408087,-0.06716306170179231
21.21,-0.07171834626570045,-0.0683590123322449,-0.00707465636509963,0.01595733285264667,-0.07158759888758937
21.22,-0.07574600012457017,-0.07264617651708566,-0.01589986341837757,0.01629694791085845,-0.07561115676984997
21.23,-0.07933623926946237,-0.07651430807437726,-0.02482150477080797,0.01672693753062071,-0.07919711742395114
21.24,-0.08245418131225107,-0.07992730228314426,-0.03378563354173186,0.01725675508385327,-0.08231059565331056
21.25,-0.08506687122334877,-0.08285089716366911,-0.04273720210419735,0.01789579158053012,-0.0849186347723504
21.26,-0.08714346169397093,-0.08525286511105978,-0.05162042741187689,0.01865328132707345,-0.08699038966841349
21.27,-0.08865538314566312,-0.08710319122903348,-0.0603791628026582,0.01953818986836608,-0.08849729625948194
21.28,-0.08957650728843772,-0.08837423752939283,-0.06895727336883856,0.0205590861846906,-0.08941322659824757
21.29,-0.08988328104806571,-0.08904089229814155,-0.07729901189068994,0.02172400233020538,-0.08971462900930138
21.3,-0.0895548510387645,-0.08908070406633961,-0.08534939221251592,0.02304028473340797,-0.08938065278334356
21.31,-0.08857317246643018,-0.08847399976151998,-0.09305455676052055,0.02451444214836429,-0.08839325708867762
21.32,-0.0869231020494149,-0.08720398675165847,-0.1003621346397008,0.02615199569722909,-0.08673730389416423
21.33,-0.0845924748831522,-0.08525683862716205,-0.1072215864529896,0.02795733656357147,-0.08440063482768162
21.34,-0.08157216529936724,-0.08262176469590221,-0.1135845318335771,0.02993359669654122,-0.08137413201863419
21.35,-0.07785613188626055,-0.07929106329028934,-0.1194050559488207,0.03208253740581668,-0.07765176309066618
21.36,-0.07344144098400644,-0.07526015910287231,-0.1246399921520027,0.03440446001873465,-0.07323061058028224
21.37,-0.06832828906316377,-0.07052762487608361,-0.1292491794648222,0.03689814189343221,-0.06811088615765604
21.38,-0.06252000662395821,-0.06509518787153468,-0.1331956951955825,0.03956080009587132,-0.06229593011635792
21.39,-0.0560230371413454,-0.05896772163312025,-0.1364460640624708,0.04238808401187261,-0.05579219667855795
21.4,-0.04884690882049172,-0.052153223635371,-0.1389704452872854,0.0453740971311658,-0.04860922573082199
21.41,-0.04100419346273759,-0.04466277947303809,-0.1407427984082568,0.04851144725592837,-0.04075960166245229
21.42,-0.03251045316244524,-0.03651051429977531,-0.1417410276056247,0.05179132349168586,-0.03225890002337817
21.43,-0.02338417558756694,-0.02771353226298606,-0.1419471036879598,0.05520359760671023,-0.0231256227516643
21.44,-0.013646698617442,-0.01829184470879586,-0.1413471627487517,0.05873694672150154,-0.01338112274198477
21.45,-0.003322124629233702,-0.008268287946491593,-0.1399315807306201,0.06237899382766066,-0.003049518536105245
21.46,0.007562782888467566,0.002331568633819225,-0.137695023467855,0.06611646234044233,0.007842400085089962
21.47,0.01897868349853812,0.01347952330234842,-0.1346364720335093,0.06993534075651314,0.01926527484065327
21.48,0.0308937739570652,0.02514485081672507,-0.1307592233562299,0.07382105350385265,0.03118728927449704
21.49,0.04327391028598272,0.03729441858592719,-0.1260708661626987,0.07775863421320595,0.0435742859524163
21.5,0.05608273114605655,0.04989280945353103,-0.120583232444875,0.08173289788438975,0.05638988985723459
21.51,0.06928178676263459,0.06290245042177289,-0.1143123249172362,0.08572860873984417,0.06959563735525404
21.52,0.0828306728291377,0.07628374668380861,-0.1072782213220265,0.08973064092700045,0.08315111016063009
21.53,0.09668716887279744,0.08999522038436819,-0.09950495689801164,0.09372412962970217,0.09701407378278537
21.54,0.110807380630595,0.1039936535879888,-0.09102038674883817,0.09769461056049367,0.1111406200042916
21.55,0.1251458882553287,0.1182342349982504,-0.08185603013371001,0.1016281462179036,0.1254853130012407
21.56,0.1396559038265059,0.1326707100389242,-0.07204689880223042,0.105511437696342,0.1400013387838245
21.57,0.1542893984325324,0.1472555339763073,-0.06163131141387623,0.1093319212225504,0.1546406576997366
21.58,0.1689972695858926,0.1619400278284059,-0.05065069587700738,0.1130778489533912,0.1693541598059636
21.59,0.1837295022244429,0.1766745368690953,-0.03914938118711003,0.1167383538968035,0.1840918229735663
21.6,0.1984353294663571,0.1914085915918932,-0.02717438010099416,0.1203034991031064,0.1988028736438544
21.61,0.2130633959592089,0.2060910710478378,-0.01477516378338939,0.1237643115118613,0.2134359502012163
21.62,0.2275619238290075,0.2206703685142975,-0.002003429406343626,0.127112801028105,0.2279392689663232
21.63,0.2418788812647362,0.2350945594859949,0.01108713844574527,0.1303419655433572,0.2422607928421032
21.64,0.2559621537926653,0.2493115720051942,0.02444111182698289,0.1334457827184734,0.2563484026625071
21.65,0.269759723675662,0.2632693593639182,0.03800156830619222,0.1364191894174397,0.2701500712994026
21.66,0.283219847920944,0.2769160752157208,0.05171034413500553,0.1392580497355473,0.2836140405754305
21.67,0.2962912141061245,0.2902002511270806,0.06550829124919277,0.1419591126128013,0.2966890010091429
21.68,0.308923139753099,0.3030709765773875,0.07933553768459278,0.1445199600719652,0.3093242743833411
21.69,0.3210657587671816,0.3154780813817875,0.09313175098380244,0.1469389471742024,0.3214699990778789
21.7,0.3326702094801199,0.3273723204624334,0.1068364041139988,0.1492151348430633,0.3330773180446607
21.71,0.3436888251150913,0.3387055608314555,0.1203890433102974,0.1513482167653883,0.3440985692255791
21.72,0.3540753263895098,0.3494309705739697,0.1337295571109756,0.1533384416289151,0.3544874781249725
21.73,0.3637850158717567,0.3595032095324602,0.1467984456772813,0.1551865319939968,0.3641993521476871
21.74,0.3727749735978385,0.3688786212955899,0.1595370893177653,0.1568936011151105,0.3731912762039723
21.75,0.3810042630487515,0.3775154259858675,0.1718880149985272,0.1584610690240107,0.3814223089649066
21.76,0.3884341153670015,0.3853739132228281,0.1837951595528156,0.1598905791609467,0.38885367902928
21.77,0.3950281123373279,0.392416634514401,0.1952041283370863,0.1611839167980251,0.3954489801369695
21.78,0.4007523951694709,0.3986085942022228,0.2060624482282446,0.1623429304469112,0.4011743644378689
21.79,0.4055758548755462,0.403917437961869,0.2163198140973711,0.1633694573911713,0.405998732701869
21.8,0.409470318274699,0.4083136377391571,0.2259283281544796,0.1642652544406629,0.4098939202371944
21.81,0.4124107283347549,0.4117706718912457,0.2348427317032062,0.1650319349779528,0.4128348771745917
21.82,0.4143753174143839,0.4142651991974668,0.2430206287019298,0.1656709133563854,0.4147998416762508
21.83,0.4153457718842738,0.4157772253112985,0.2504226999615892,0.1661833577110302,0.4157705045434507
21.84,0.4153073868830525,0.4162902601445219,0.2570129058286511,0.1665701522456279,0.4157321636288607
21.85,0.4142492217734862,0.4157914646098113,0.2627586740497664,0.1668318700436415,0.4146738664102011
21.86,0.4121642033554095,0.4142717851023063,0.2676310686636467,0.166968757400392,0.4125885390536356
21.87,0.4090492440602694,0.4117260740762044,0.2716049357321291,0.1669807305684923,0.4094731002900946
21.88,0.4049053485368862,0.4081531950712188,0.2746590227586554,0.1668673856384419,0.4053285584465939
21.89,0.3997376921700225,0.4035561105669468,0.2767760704965387,0.166628022037033,0.4001600900188835
21.9,0.3935556795525914,0.3979419510922622,0.2779428778478229,0.1662616798234789,0.3939770982420439
21.91,0.3863729814704591,0.3913220640913285,0.2781503420096828,0.1657671906103916,0.3867932502119842
21.92,0.3782075490809393,0.3837120411485796,0.2773934766300313,0.1651432415525461,0.378626491232998
21.93,0.3690816041131256,0.3751317223009751,0.2756714106190855,0.1643884514511499,0.3694990352140362
21.94,0.3590216059120409,0.3656051763165044,0.2729873697775749,0.1635014576348561,0.3594373301078176
21.95,0.3480582011839615,0.3551606559921101,0.2693486428620319,0.1624810119171629,0.3484719975808549
21.96,0.3362261071854996,0.3438305277203153,0.2647665332872496,0.1613260836054148,0.3366377463171208
21.97,0.3235640126402236,0.331651174790541,0.2592562974084238,0.1600359672569446,0.3239732585908667
21.98,0.3101144419023357,0.3186628741256877,0.2528370702002867,0.1586103926467313,0.3105210499926155
21.99,0.2959235876176243,0.3049096464051951,0.2455317790986753,0.157049634229392,0.296327302453532
22,0.2810411170696657,0.2904390797889063,0.2373670467289419,0.1553546172454536,0.2814416709840587
22.01,0.2655199529132277,0.2753021277284832,0.2283730831602814,0.1535270175365384,0.2659170648194646
22.02,0.2494160292755335,0.2595528816310315,0.2185835681547479,0.1515693520954284,0.2498094039443974
22.03,0.2327880244839058,0.2432483194192014,0.2080355236044601,0.1494850573852932,0.2331773522466072
22.04,0.2156970759650305,0.2264480313095694,0.1967691759778597,0.1472785525194384,0.2160820288233521
22.05,0.1982064739431769,0.2092139244031352,0.1848278081637067,0.1449552845025914,0.1985866992285542
22.06,0.1803813101612318,0.191609907943996,0.1722575996794128,0.1425217529021113,0.1807564487008565
22.07,0.1622881524360992,0.1737015613515491,0.1591074538933571,0.1399855115498336,0.16265783964869
22.08,0.143994690030867,0.1555557873634955,0.1454288108068412,0.1373551451807327,0.1443585558846844
22.09,0.1255693668393018,0.1372404528383602,0.1312754441447914,0.1346402193026408,0.1259270362948028
22.1,0.1070810068765801,0.1188240199539705,0.116703242059737,0.1318512020717166,0.1074321007944702
22.11,0.08859843507570593,0.1003751706989046,0.1017699716181218,0.1289993575306188,0.08894257156149987
22.12,0.07019009649407625,0.08196242768535428,0.08653502826281828,0.1260966102577686,0.07052689264158313
22.13,0.05192367710545998,0.06365377441077902,0.07105917240006598,0.1231553822802467,0.05225275109393729
22.14,0.03386573532505226,0.04551627816045511,0.05540425589988002,0.1201884040163616,0.03418670288092268
22.15,0.01608132906342083,0.02761571877104352,0.03963294146441543,0.1172085020230571,0.01639380670441026
22.16,-0.001366350766712857,0.01001622646518441,0.02380841749573848,0.1142283674009046,-0.00106273104721194
22.17,-0.01841630770503697,-0.007220068082021469,0.007994110424147993,0.1112603098117992,-0.01812189715483054
22.18,-0.03501006355171716,-0.02403336837263009,-0.007746604327484696,0.1083160031304375,-0.03472519525598405
22.19,-0.05109196232600188,-0.04036652846733146,-0.02335069223766617,0.105406229703682,-0.05081694954547383
22.2,-0.06660945154914935,-0.05616534834039966,-0.03875575032740419,0.10254063094501,-0.0663445858597706
22.21,-0.08151333844113244,-0.07137884563184249,-0.05390029849132433,0.09972747245659969,-0.08125888773890055
22.22,-0.09575801887705412,-0.08595950145661396,-0.0687240711851238,0.0969734319723109,-0.09551422531453457
22.23,-0.1093016771840816,-0.09986347819797731,-0.08316830858553009,0.0942834180980075,-0.1090687551568497
22.24,-0.1221064493621651,-0.1130508075075883,-0.09717604560294657,0.09166042707401389,-0.1218845895221947
22.25,-0.1341385725465775,-0.1254855470544892,-0.1106923963242791,0.08910544362241507,-0.1339279337744408
22.26,-0.1453684879263762,-0.1371359049051341,-0.1236648307443329,0.08661739043589284,-0.1451691911013985
22.27,-0.1557709058272195,-0.1479743307725022,-0.1360434401699159,0.0841931291153637,-0.1555830340085305
22.28,-0.1653248438618753,-0.157977573738982,-0.1477811875770201,0.08182751349104334,-0.165148442441208
22.29,-0.1740136318765244,-0.167126706430629,-0.1588341395015185,0.07951349438796829,-0.1738487087583909
22.3,-0.1818248842866628,-0.1754071159943603,-0.1691616766564681,0.07724227312974941,-0.1816714101497575
22.31,-0.1887504407597201,-0.1828084625997481,-0.178726681205832,0.07500349949344254,-0.1886083494501349
22.32,-0.1947862765522382,-0.1893246065484375,-0.1874956992825626,0.07278550848227311,-0.1946554656537507
22.33,-0.1999323838289614,-0.1949535054220765,-0.1954390777980306,0.07057558919270857,-0.1998127157621314
22.34,-0.204192624020591,-0.1996970830285938,-0.2025310748571788,0.06836027822126312,-0.204083929907911
22.35,-0.2075745660012918,-0.2035610722122336,-0.2087499432743401,0.06612566948284643,-0.2074766419785571
22.36,-0.2100892898119938,-0.2065548338696617,-0.2140779869054799,0.06385773199947969,-0.2100018982144956
22.37,-0.2117511741517396,-0.2086911547586423,-0.2185015898547416,0.06154262717713505,-0.2116740464721145
22.38,-0.2125776691952493,-0.2099860268933431,-0.2220112190882512,0.05916701733621221,-0.2125105090202382
22.39,-0.2125890559225994,-0.2104584114880969,-0.2246014015506882,0.05671835781063439,-0.2125315418765803
22.4,-0.2118081950695888,-0.2101299905373001,-0.2262706774544587,0.05418516577923049,-0.2117599837863617
22.41,-0.2102602688604284,-0.2090249092012059,-0.2270215319127539,0.05155726011341144,-0.2102209979974872
22.42,-0.207972518692962,-0.2071695122050494,-0.2268603074366412,0.04882596785986792,-0.2079418099947598
22.43,-0.2049739817937403,-0.2045920774513577,-0.2257970999496287,0.04598429444206986,-0.2049514443195647
22.44,-0.2012952303741299,-0.201322549992926,-0.2238456408575965,0.04302705615829516,-0.2012804635220974
22.45,-0.1969681163523408,-0.1973922794170291,-0.2210231673574755,0.03995097497204014,-0.1969607121717113
22.46,-0.1920255217806976,-0.1928337635512489,-0.2173502826322032,0.03675473683947483,-0.1920250686894051
22.47,-0.1865011211990631,-0.187680401220341,-0.2128508069610823,0.03343901582837316,-0.186507207567344
22.48,-0.1804291568324857,-0.1819662565653655,-0.2075516201912126,0.03000646701452458,-0.1804413743068264
22.49,-0.1738442285600967,-0.1757258371860368,-0.2014824955741932,0.02646169158838085,-0.1738621751417377
22.5,-0.1667811004372309,-0.1689938880899874,-0.1946759247421322,0.02281117778804781,-0.1668043833234521
22.51,-0.1592745252391245,-0.1618052031327208,-0.1871669335922986,0.01906322123773063,-0.1593027634299274
22.52,-0.1513590881630041,-0.1541944553124495,-0.1789928890314906,0.01522782806802508,-0.1513919148309216
22.53,-0.1430690711632893,-0.1461960469475016,-0.1701932968209131,0.01131660388454514,-0.143106135098255
22.54,-0.1344383368810776,-0.1378439804138522,-0.1608095910690168,0.007342631288133006,-0.1344793037998628
22.55,-0.1255002308170015,-0.1291717497623497,-0.1508849161670959,0.003320338278341606,-0.1255447867647151
22.56,-0.1162875077433596,-0.1202122531759514,-0.140463902110755,-0.0007346404759293046,-0.1163353605576797
22.57,-0.1068322762393278,-0.1109977258742967,-0.1295924342069277,-0.004805607819443225,-0.1068831565648536
22.58,-0.09716596182468611,-0.1015596927323937,-0.1183174181750973,-0.008874952322411256,-0.09721962376584603
22.59,-0.08731928752627852,-0.09192893955819181,-0.106686541669073,-0.01292429930219841,-0.08737550896537694
22.6,-0.07732227037407463,-0.08213550167486061,-0.09474803330713261,-0.01693466360137758,-0.0773808529770087
22.61,-0.0672042320723166,-0.07220866818245425,-0.08255042039462041,-0.02088660320235908,-0.06726500100180044
22.62,-0.05699382187385624,-0.06217700003423721,-0.07014228660051725,-0.02476037286896093,-0.05705662522785954
22.63,-0.04671905126580198,-0.0520683598587981,-0.05757203083652795,-0.0285360770948751,-0.04678375749732677
22.64,-0.03640733191516087,-0.04190995129358249,-0.04488762843805366,-0.03219382170696111,-0.0364738297480583
22.65,-0.02608552073032758,-0.03172836547108426,-0.03213639549113162,-0.03571386351200856,-0.02615371984088349
22.66,-0.01577997103302243,-0.02154963221761713,-0.01936475692578488,-0.03907675738239719,-0.01584980033148897
22.67,-0.005516582005398826,-0.01139927348804565,-0.006618019037582301,-0.04226350014367397,-0.005587987740101774
22.68,0.004679153809654313,-0.001302356568745278,0.00605985235570855,-0.0452556705552028,0.004606210087756524
22.69,0.01478210727183915,0.008716455364125741,0.01862644579136541,-0.04803556457056773,0.01470765085023695
22.7,0.02476747585777392,0.01863285764371797,0.03104110628866924,-0.0505863249417231,0.0246915210782136
22.71,0.03461075534173892,0.02842286563691443,0.04326512073939492,-0.05289206411079955,0.03453330786193376
22.72,0.04428772161336175,0.03806278537509145,0.0552618812795051,-0.05493797924027166,0.0442087808201912
22.73,0.05377442202619907,0.0475291950455845,0.0669970222907213,-0.05671045818937459,0.05369398586839869
22.74,0.06304718762946909,0.05679893883591802,0.07843852857175226,-0.05819717527093804,0.06296525206150083
22.75,0.0720826525034539,0.06584913432964062,0.08955681434937374,-0.05938717572843522,0.0719992124804526
22.76,0.08085778794024588,0.07465719433380452,0.1003247744355031,-0.0602709480579392,0.08077283980255012
22.77,0.08934995313964943,0.08320086368069507,0.110717809630553,-0.06084048355278904,0.08926349685202589
22.78,0.09753696084758821,0.0914582711970009,0.1207138285437876,-0.06108932275016393,0.09744900207471463
22.79,0.105397157522861,0.09940799667995892,0.1302932277177735,-0.06101258878223054,0.1053077095255966
22.8,0.1129095172683527,0.1070291523685475,0.139438851651891,-0.06060700795152357,0.1128186026077548
22.81,0.1200537484239541,0.1143014780546156,0.1481359341984476,-0.05987091813395568,0.1199614004621171
22.82,0.1268104108308896,0.1212054486484792,0.1563720228773554,-0.05880426584112791,0.1267166755864315
22.83,0.1331610411499802,0.1277223927008954,0.1641368878672247,-0.05740859293172401,0.1330659809651267
22.84,0.1390882943941662,0.1338346200936284,0.1714224177110068,-0.05568701404315546,0.1389919847254831
22.85,0.1445760805745576,0.139525556850645,0.1782225040556208,-0.05364418582094899,0.1444786101049081
22.86,0.1496097070247432,0.144779884798035,0.1845329179613161,-0.05128626896339289,0.1495111783241588
22.87,0.1541760218855353,0.1495836836189837,0.190351180406906,-0.04862088398689707,0.1540765518159705
22.88,0.1582635552875208,0.1539245727154494,0.1956764295441502,-0.04565706147049525,0.1581632751608608
22.89,0.1618626555345502,0.157791850203771,0.2005092870290338,-0.04240518737411736,0.1617617110342663
22.9,0.1649656175949221,0.1611766263392557,0.2048517254454659,-0.03887694386136131,0.164864168472745
22.91,0.167566801262187,0.164071948685776,0.2087069385370194,-0.03508524590724849,0.1674650208221302
22.92,0.1696627351592128,0.1664729164196985,0.2120792157587319,-0.03104417384427172,0.1695608108363036
22.93,0.1712522066122582,0.1683767812818241,0.2149738225758591,-0.02676890190047104,0.1711503405501551
22.94,0.1723363400772076,0.1697830328631001,0.21739688791412,-0.02227562271154049,0.1722347437512403
22.95,0.172918646065368,0.1706934661259473,0.2193553001057313,-0.01758146774122782,0.172817539118318
22.96,0.1730050531841932,0.171112229318048,0.2208566124922507,-0.01270442351494033,0.1729046623765259
22.97,0.172603918107356,0.1710458507242625,0.221908959519972,-0.007663243553836518,0.172504476133496
22.98,0.1717260122120531,0.1705032430198675,0.2225209837499591,-0.002477355885820487,0.1716277564021613
22.99,0.1703844842519166,0.1694956843304021,0.2227017737934148,0.002833233996924367,0.1702876551780962
23,0.1685947988097115,0.1680367754654728,0.2224608128508715,0.008248044865548532,0.1684996388152413
23.01,0.1663746506568265,0.1661423731703754,0.2218079373123287,0.01374622628946998,0.1662814023268249
23.02,0.1637438535830438,0.1638304996229005,0.2207533047501666,0.01930667007099729,0.1636527601211745
23.03,0.1607242110599488,0.1611212287843679,0.2193073705672633,0.02490812660956077,0.1606355140580276
23.04,0.1573393652161487,0.1580365505855924,0.2174808725099074,0.03052932611695069,0.1572533000729717
23.05,0.1536146202543064,0.1546002142830123,0.2152848221977414,0.03614910443789116,0.1535314149596483
23.06,0.1495767512784584,0.1508375526524971,0.2127305027638954,0.0417465329968259,0.1494966252149884
23.07,0.1452537973732946,0.1467752889937675,0.2098294716580914,0.04730105209088986,0.1451769601370195
23.08,0.1406748413610973,0.1424413291923992,0.2065935676676466,0.05279260638995109,0.1406014916126524
23.09,0.1358697788818409,0.137864541323909,0.2030349212654875,0.05820178110842755,0.1358001032405343
23.1,0.1308690796060793,0.1330745254802237,0.1991659674807889,0.06350993691329476,0.1308032515982575
23.11,0.1257035434657206,0.1281013766483594,0.1949994605577103,0.06869934127161864,0.1256417225816317
23.12,0.1204040533747946,0.1229754435719015,0.1905484896621218,0.0737532936675882,0.120346385814997
23.13,0.1150013342236114,0.1177270865772942,0.1858264947835401,0.07865624198035343,0.1149479501547968
23.14,0.1095257114262388,0.1123864373505499,0.180847281787983,0.08339388734712255,0.1094767232845693
23.15,0.1040068760788474,0.106983163608218,0.1756250353964691,0.08795327505958167,0.1039623783287634
23.16,0.09847366133898769,0.1015462415221727,0.1701743288056686,0.09232286945072288,0.09843373029768532
23.17,0.09295383128705874,0.09610373863335331,0.1645101288081378,0.09649261129265696,0.09291852501865361
23.18,0.08747388472899439,0.09068260982703474,0.1586477956118868,0.1004539568907263,0.08744324301272266
23.19,0.08205887616871753,0.0853085087424087,0.1526030770344343,0.1041998987580462,0.08203292054571704
23.2,0.07673225591802056,0.08000561675368711,0.1463920972514092,0.1077249684173699,0.07671098982131308
23.21,0.0715157309627127,0.07479649139135125,0.1400313407142796,0.1110252224423744,0.07149913999715263
23.22,0.0664291479148237,0.06970193577666073,0.1335376321456516,0.1140982132745255,0.06641720039763871
23.23,0.06149040046188243,0.06474089032883767,0.1269281136425611,0.1169429466135886,0.0614830469742173
23.24,0.0567153587224139,0.05993034768061045,0.1202202198737926,0.1195598272816231,0.05671253273115739
23.25,0.05211782376219778,0.05528529140961985,0.1134316521773118,0.1219505954222788,0.05211944249727085
23.26,0.0477095067204301,0.05081865886335635,0.1065803520902013,0.1241182547525002,0.04771547208702293
23.27,0.04350003203559322,0.04654132802614186,0.09968447451509099,0.1260669943697935,0.04351023156326833
23.28,0.03949696416221484,0.04246212805234784,0.09276236037433888,0.1278021053720008,0.03951127199308774
23.29,0.03570585686439769,0.0385878727756872,0.08583250824885397,0.1293298932991663,0.03572413478259995
23.3,0.03213032388597836,0.03492341620570116,0.07891354416718743,0.1306575871824628,0.03215242239039784
23.31,0.02877212979743018,0.03147172874413906,0.07202418844020841,0.1317932457990083,0.02879788895592805
23.32,0.02563129927667452,0.0282339925992654,0.06518321828446805,0.1327456615925428,0.02566054914235882
23.33,0.02270624045276727,0.0252097146479473,0.05840942501193919,0.1335242626310424,0.0227388032856668
23.34,0.01999388498849986,0.02239685479638237,0.05172156483895463,0.1341390129317492,0.02002957676539008
23.35,0.01748983956489564,0.01979196772267239,0.04513830288215015,0.1346003114864216,0.01752847136931152
23.36,0.01518854692572416,0.01739035575108649,0.03867815056856766,0.1349188903569128,0.01522992631540421
23.37,0.01308345416570071,0.01518623050991996,0.03235939728875803,0.1351057122731758,0.01312738652063972
23.38,0.01116718581365762,0.01317288096350566,0.02620003741083665,0.1351718682411279,0.01121347566730313
23.39,0.009431719258163202,0.01134284538345187,0.0202176935830769,0.1351284757444673,0.009480171613500954
23.4,0.007868560093107036,0.009688084833198773,0.01442953668461233,0.1349865781915373,0.007918981724301444
23.41,0.006468915976738143,0.008200155782115859,0.008852202273424314,0.1347570463076001,0.006521115762228358
23.42,0.005223864177361243,0.006870379538354454,0.003501703483039575,0.1344504821999307,0.005277654068863824
23.43,0.004124510700715613,0.005690006291967475,-0.001606658730860966,0.1340771268294567,0.004179708891128897
23.44,0.003162144692691958,0.004650371689085275,-0.006458385684509849,0.1336467716144064,0.003218576853617761
23.45,0.002328380330345895,0.003743044011848107,-0.01103986805673463,0.1331686748795152,0.002385880749888325
23.46,0.001615286360805226,0.002959960214861224,-0.01533846666474231,0.1326514838612723,0.001673699017302188
23.47,0.001015501894443108,0.002293549263937655,-0.01934258478325951,0.1321031629972078,0.001074681469258376
23.48,0.000522337250641873,0.00173684143400854,-0.02304173160384099,0.1315309292725823,0.0005821500817107528
23.49,0.0001298588881211002,0.00128356244715222,-0.0264265779254933,0.1309411954718995,0.00019018386450248
23.5,-0.0001670422963218106,0.0009282115652653466,-0.02948900583148023,0.1303395222779613,-0.000106312911298978
23.51,-0.0003725981073932451,0.0006661229922207967,-0.03222215384319155,0.1297305802622992,-0.0003115596144974697
23.52,-0.0004901321186676145,0.0004935101838002276,-0.03462045819039711,0.1291181228955858,-0.0004288655233213312
23.53,-0.0005220435282204678,0.0004074929072064304,-0.03667968988652981,0.128504971749386,-0.0004606134620777635
23.54,-0.000469806283479764,0.0004061071317396081,-0.03839698658567992,0.1278930150360823,-0.0004082605685468699
23.55,-0.0003339864336203835,0.0004882980649916768,-0.03977087780281924,0.1272832205228187,-0.000272355730110807
23.56,-0.000114275476715263,0.0006538968710168569,-0.04080130192361792,0.1266756636495566,-5.257301311573093e-05
23.57,0.0001904611741901379,0.0009035818155029296,-0.04148961345830154,0.1260695713872641,0.0002522397887677608
23.58,0.0005821216633277133,0.001238824775279146,-0.04183857925822371,0.1254633820114963,0.0006439985431697659
23.59,0.001063292322384805,0.001661824223566477,-0.04185236301633355,0.1248548205722677,0.001125307323288138
23.6,0.00163716098304978,0.002175425956494004,-0.04153649830309908,0.1242409894504994,0.001699371468368627
23.61,0.002307421915425027,0.00278303295925908,-0.04089785139658014,0.1236184730361051,0.002369900640891709
23.62,0.00307816644855849,0.00348850592074873,-0.0399445758171279,0.1229834552617129,0.003141003457715952
23.63,0.00395377232749931,0.004296055992800085,-0.03868606043439993,0.1223318484801434,0.004017075345384369
23.64,0.004938787449837386,0.005210131453743272,-0.03713287231845275,0.1216594319688103,0.005002681318819036
23.65,0.006037809378461702,0.006235299975551722,-0.03529669460605495,0.1209619981571365,0.006102435407456253
23.66,0.007255363228942315,0.007376128209746757,-0.03319025910281637,0.1202355044815119,0.007320878454129764
23.67,0.008595779635168339,0.008637060399556751,-0.0308272734292776,0.1194762285634779,0.008662355990350257
23.68,0.01006307445275328,0.01002229769595797,-0.02822234312114169,0.1186809241823523,0.01013089784793186
23.69,0.01166083179504149,0.01153567980389486,-0.02539088982382187,0.1178469752910882,0.01173010110272821
23.7,0.01339209246060713,0.01318057051398358,-0.02234906719227092,0.1169725451333234,0.01346301786297416
23.71,0.015259249443232,0.01495974858590932,-0.01911367611680859,0.1160567173955586,0.0153320493142084
23.72,0.01726394486344125,0.0168753053444915,-0.01570208046626165,0.1150996263057465,0.01733884731715396
23.73,0.01940698279799053,0.01892855022990192,-0.01213212385208617,0.1141025726944915,0.01948422472622324
23.74,0.02168824983138378,0.0211199254117575,-0.008422047209201033,0.1130681232822741,0.0217680754569799
23.75,0.02410664581887635,0.02344893043506835,-0.004590406462953334,0.1120001908457498,0.02418930518330514
23.76,0.02666002600371257,0.02591405771651201,-0.0006559893175632769,0.1109040934346283,0.02674577339154988
23.77,0.02934515505686325,0.02851273955502409,0.003362269732554046,0.1097865914320449,0.02943424736218248
23.78,0.0321576734495868,0.03124130716454643,0.007445376769758982,0.108655901941264,0.03225036849173496
23.79,0.03509207641277466,0.03409496208215601,0.01157436837210041,0.1075216906994634,0.03518863121150784
23.8,0.038141707104044,0.03706776015442459,0.01573040379746887,0.1063950424209517,0.03824237460684055
23.81,0.04129876082259919,0.04015260815929234,0.01989485872560104,0.1052884111091533,0.04140378669372646
23.82,0.04455429651357436,0.04334127297756712,0.02404941951523742,0.1042155523960983,0.04466392117012724
23.83,0.04789826923523061,0.04662440308500992,0.02817617671063188,0.1031914403133993,0.04801272632907155
23.84,0.05131957094154758,0.04999156199497617,0.03225771643569975,0.1022321710187658,0.05143908570100009
23.85,0.05480608230444426,0.05343127315210433,0.03627720835195497,0.1013548558682609,0.05493086988482154
23.86,0.05834473507539732,0.05693107567084649,0.04021848901982761,0.100577505850079,0.05847499893173874
23.87,0.06192158426560104,0.06047759023178967,0.04406613975910195,0.09991890884078281,0.06205751456351627
23.88,0.06552188935522235,0.06405659438729938,0.04780555838983441,0.09939850049709309,0.06566366143779429
23.89,0.06913020368712638,0.06765310647685152,0.05142302446633873,0.09903622893602887,0.0692779766171448
23.9,0.07273047490414973,0.07125147730668446,0.05490575771965667,0.0988524127361925,0.07288438635557781
23.91,0.07630614317009918,0.07483548870932744,0.05824196937410808,0.09886759124548206,0.07646630928539733
23.92,0.07984024645560224,0.07838845806839695,0.06142090584975757,0.09910236574093123,0.08000676506791088
23.93,0.08331553781965934,0.08189334787545854,0.06443288421561999,0.09957722970385757,0.08348848756238636
23.94,0.08671460207815287,0.08533287937817391,0.06726931874439734,0.1003123863991669,0.08689404156761732
23.95,0.09001997509162933,0.08868964938194945,0.06992273812409211,0.1013275521157866,0.09020594219810096
23.96,0.09321426474738168,0.09194624927864736,0.07238679331100462,0.1026417438427869,0.09340677597074742
23.97,0.09628027273038972,0.09508538539381961,0.07465625658419933,0.1042730508062506,0.09647932269670145
23.98,0.09920111620060916,0.09808999976638411,0.07672701294657874,0.1062383901428046,0.09940667729488017
23.99,0.101960348818566,0.1009433904997727,0.07859604546305843,0.1085532479943485,0.1021723706676961
24,0.1045420858768302,0.1036293308498608,0.08026141631799311,0.111231408422051,0.1047604888041312
24.01,0.1069311081314865,0.1061321862411357,0.08172224526795835,0.1142846736932318,0.1071557892994107
24.02,0.1091129773148699,0.1084370284273275,0.08297868679773324,0.1177225806194175,0.1093438145035186
24.03,0.1110741486013233,0.1105297460357268,0.08403190675507421,0.1215521186394263,0.1113110005317466
24.04,0.1128020746783101,0.11239715075499,0.08488405867099036,0.1257774561712863,0.1130447813892697
24.05,0.114285304188917,0.1140270784444132,0.08553825948892047,0.1303996823338478,0.1145336874781027
24.06,0.1155135738301849,0.1154084844585315,0.08599856411927653,0.1354165714131895,0.1157674377692869
24.07,0.1164778934054201,0.1165315324948016,0.08626993815088668,0.1408223773925671,0.116737024936041
24.08,0.1171706231415067,0.1173876762845314,0.08635822818203931,0.1466076654757232,0.117434792755946
24.09,0.1175855440449452,0.1179697334587836,0.08627012952410174,0.1527591868351527,0.1178545051030107
24.1,0.1177179234606327,0.1182719509329916,0.0860131513813322,0.1592598018560714,0.1179914058652075
24.11,0.1175645475294776,0.1182900611678425,0.08559557990318856,0.1660884559874505,0.1178422691411001
24.12,0.1171237696684286,0.1180213286818868,0.08502643963565687,0.1732202110287699,0.1174054390923301
24.13,0.1163955416905966,0.1174645862149295,0.08431545381080829,0.180626333351461,0.1166808588586576
24.14,0.1153814312728484,0.1166202599723629,0.08347300362316867,0.1882744392475402,0.1156700879806635
24.15,0.1140846274118031,0.1154903834197785,0.08251008622643752,0.1961286963695735,0.1143763078237409
24.16,0.112509933424459,0.1140785991453892,0.08143827075949689,0.2041500791121783,0.1128043145571427
24.17,0.110663747122789,0.1123901483659469,0.0802696513880401,0.2122966748011256,0.1109604993146994
24.18,0.1085540278781939,0.1104318477221098,0.07901679620390889,0.2205240366999674,0.1088528152504445
24.19,0.1061902538897329,0.1082120530936921,0.0776926908833393,0.2287855791017323,0.1064907313031134
24.2,0.1035833634458606,0.1057406102658196,0.07631067624366006,0.2370330091260073,0.1038851725985168
24.21,0.1007456657619408,0.1030287923940982,0.07488437919454366,0.2452167892729344,0.1010484475476537
24.22,0.09769076686054128,0.1000892243495253,0.07342763697630017,0.2532866242859531,0.09799416184015053
24.23,0.09443347164056164,0.09693579416968645,0.07195441493737798,0.261191965445047,0.09473711968578913
24.24,0.09098967291190498,0.09358355199959578,0.07047871836915487,0.2688825250617948,0.0912932128194624
24.25,0.08737622885215326,0.09004859707002416,0.06901449906195878,0.276308793693952,0.08767929795425788
24.26,0.08361082974653407,0.08634795343107177,0.06757555727837583,0.2834225524612931,0.08391306354078509
24.27,0.07971185504606389,0.08249943533076998,0.06617543978964269,0.2901773728462448,0.08001288686456121
24.28,0.07569822194910956,0.0785215033000447,0.0648273345304281,0.2965290965183447,0.07599768268380325
24.29,0.07158923278450526,0.07443311217249726,0.06354396233526122,0.3024362880402789,0.07188674477324408
24.3,0.06740440345626737,0.07025355242685882,0.06233746615354918,0.3078606537957187,0.06769958189141068
24.31,0.06316328761458002,0.06600228638760092,0.06121929811567556,0.3127674211174264,0.06345574982518432
24.32,0.05888531671514356,0.0616987809506363,0.06020010485046573,0.3171256723714589,0.05917468128211911
24.33,0.05458962952364378,0.05736233861266465,0.05928961154396217,0.3209086296457816,0.05487551549447922
24.34,0.05029490318467578,0.05301192867055438,0.05849650538869394,0.3240938866700742,0.05057692946541142
24.35,0.0460191878740795,0.04866602051750779,0.05782831930014876,0.3266635856258457,0.04629697282447337
24.36,0.04177974701194705,0.0443424209930251,0.05729131705641605,0.3286045375599524,0.04205290826419833
24.37,0.03759290498408828,0.04005811774131696,0.05689038131272744,0.3299082861601295,0.0378610595002038
24.38,0.03347390441566716,0.0358291304963354,0.05662890620630667,0.3305711156621736,0.03373666863315788
24.39,0.02943678129346176,0.03167037214036661,0.05650869644472956,0.3305940046144107,0.02969376469204643
24.4,0.02549423190889201,0.02759552127722475,0.05652987481625904,0.3299825281100767,0.02574504500512886
24.41,0.02165751106841125,0.02361690792140803,0.05669079994542242,0.3287467119010499,0.02190177087964174
24.42,0.01793634865733905,0.01974541373323646,0.05698799584435049,0.3269008425179798,0.01817367887599686
24.43,0.01433887723156368,0.0159903880292851,0.05741609441943618,0.3244632381340634,0.01456890874053196
24.44,0.01087157708674981,0.01235958057111591,0.0579677916554287,0.3214559854136347,0.0110939488168178
24.45,0.007539239371156981,0.008859091887672532,0.05863381780332683,0.3179046479716984,0.007753599493841468
24.46,0.004344947533832751,0.005493341622604619,0.05940292162672911,0.3138379523243394,0.00455095497558583
24.47,0.00129007711920245,0.002265055123244153,0.06026186866829564,0.3092874573202264,0.001487403376251972
24.48,-0.00162568567774052,-0.0008247317914250596,0.06119545359631645,0.3042872129988808,-0.001437355135380847
24.49,-0.004404304779031732,-0.003776650224342815,0.06218652694736609,0.2988734146150404,-0.004225272693863691
24.5,-0.007049354188975531,-0.006592958366739787,0.06321603692254479,0.2930840571990341,-0.006879901411872891
24.51,-0.009565943498400047,-0.009277485306579181,0.06426308722822693,0.2869585954978142,-0.009406325431847717
24.52,-0.01196063375405624,-0.01183555958797589,0.06530501218691787,0.2805376134761857,-0.01181107863692815
24.53,-0.01424134254849714,-0.01427392384704723,0.0663174704151302,0.2738625067784142,-0.01410204949760779
24.54,-0.01641723784017211,-0.0166006370377596,0.06727455824888184,0.2669751806904375,-0.01628837469251898
24.55,-0.01849862226225409,-0.01882496591643834,0.06814894380932535,0.2599177652424485,-0.01838032326766947
24.56,-0.02049680976727462,-0.02095726757207922,0.06891202218610115,0.252732348194859,-0.02038917318592692
24.57,-0.02242399650333736,-0.02300886486840364,0.06953409173260511,0.2454607258023234,-0.02232708216611351
24.58,-0.0242931270785403,-0.02499191670138601,0.06998455097607281,0.238144170493975,-0.02420695471772577
24.59,-0.02611775958356766,-0.02691928497248203,0.07023211520402695,0.2308232139813547,-0.0260423072438431
24.6,-0.02791193486015314,-0.02880440013406305,0.07024505144772958,0.2235374438403294,-0.02784713301229103
24.61,-0.02969003844490002,-0.03066112708161861,0.06999143037558431,0.2163253113318087,-0.02963576868609136
24.62,-0.03146666977599228,-0.03250363304997617,0.06943939353162099,0.2092239481406575,-0.03142276396193544
24.63,-0.03325651621689428,-0.03434625902164756,0.06855743434749217,0.2022689898241211,-0.03322275569373451
24.64,-0.03507423268555729,-0.03620339597853262,0.06731469130593537,0.1954944040605009,-0.0350503476820978
24.65,-0.03693432785521817,-0.03808936712809929,0.06568125139991143,0.1889323222553413,-0.03691999709510174
24.66,-0.03885105766536311,-0.04001831701695446,0.06362846151776369,0.182612873665848,-0.03884590825646678
24.67,-0.04083832664608607,-0.04200410821355705,0.06112924460636471,0.176564021906549,-0.04084193430046706
24.68,-0.04290959760657673,-0.04406022600404802,0.05815841657925502,0.1708114044556651,-0.0429214869542448
24.69,-0.04507780963886993,-0.04619969130631724,0.05469299919538129,0.1653781765440417,-0.04509745447395863
24.7,-0.0473553021763731,-0.04843498177442712,0.05071252376780355,0.160284861526895,-0.04738212753692295
24.71,-0.04975374795655187,-0.05077796084386821,0.04619932067088584,0.1555492104645523,-0.04978713268312873
24.72,-0.05228409315730394,-0.05323981426376168,0.04113879012877619,0.1511860741278124,-0.05232337271122978
24.73,-0.0549565036900634,-0.05583099347952197,0.03551965049600891,0.1472072909594627,-0.05500097327062881
24.74,-0.05778031676671799,-0.05856116507242215,0.02933416097131031,0.143621594639427,-0.05782923475638679
24.75,-0.06076399675183895,-0.06143916533406363,0.02257831626675366,0.1404345448028275,-0.06081658851042371
24.76,-0.06391509424341063,-0.06447295895667859,0.01525201112127128,0.1376484841485669,-0.0639705562630698
24.77,-0.06724020730087603,-0.06766960075654427,0.007359172699064387,0.1352625246662726,-0.06729771171486343
24.78,-0.07074494532688007,-0.07103519931958258,-0.001092141114538869,0.1332725650316489,-0.07080364316023263
24.79,-0.07443388864279694,-0.07457488146641889,-0.01008967964124236,0.1316713404163264,-0.07449291609223729
24.8,-0.07831054925193377,-0.07829275647904982,-0.0196169757736232,0.1304485050785251,-0.07836903479980495
24.81,-0.08237733189413922,-0.08219187911157211,-0.02965336277218056,0.1295907471995579,-0.08243440207436065
24.82,-0.08663549103905467,-0.08627421052111445,-0.04017403265213021,0.1290819345612197,-0.08669027627897302
24.83,-0.09108508466920641,-0.09054057639911373,-0.0511501356682702,0.1289032888675918,-0.09113672519723465
24.84,-0.09572492446829407,-0.09499062175307793,-0.06254891819609132,0.1290335858392225,-0.09577257626759628
24.85,-0.100552522238905,-0.09962276198102482,-0.07433389429040677,0.1294493776734758,-0.1005953630178776
24.86,-0.1055640325987021,-0.1044341300900397,-0.0864650452717633,0.1301252340847052,-0.1056012677397203
24.87,-0.1107541923202938,-0.1094205201332498,-0.09889904222274704,0.1310339979123468,-0.1107850606795092
24.88,-0.1161162572838152,-0.1145763271726291,-0.1115894878085412,0.132147051203983,-0.1161400362656455
24.89,-0.1216419343283459,-0.1198944843160692,-0.1244871754352168,0.1334345877262401,-0.1216579471372637
24.9,-0.1273213158702182,-0.1253663976228775,-0.1375403647209189,0.134865888006055,-0.1273289369813226
24.91,-0.133142813686647,-0.1309818799183056,-0.1506950724725631,0.1364095932337053,-0.1331414734185521
24.92,-0.1390930936691885,-0.1367290847977811,-0.1638953781533399,0.1380339746420095,-0.1390822823989174
24.93,-0.1451570137773539,-0.1425944423272059,-0.1770837425512518,0.1397071952914264,-0.1451362857692859
24.94,-0.1513175670396041,-0.1485625981490029,-0.1902013381744767,0.1413975615194292,-0.1512865438549417
24.95,-0.157555831599056,-0.1546163578781412,-0.2031883897755843,0.1430737616411722,-0.1575142050484417
24.96,-0.1638509299197054,-0.1607366388149348,-0.2159845232596174,0.1447050898080744,-0.1637984645194753
24.97,-0.1701799989376282,-0.1669024311099947,-0.228529121034009,0.1462616532383426,-0.17011653424422
24.98,-0.1765181726714644,-0.1730907705902692,-0.2407616816601453,0.1477145613298665,-0.1764436265990219
24.99,-0.182838586070454,-0.179276725491372,-0.2526221815338313,0.1490360954569768,-0.1827529537678597
25,-0.1891123920488963,-0.1854333993375245,-0.2640514362684401,0.1501998585471102,-0.1890157451736125
25.01,-0.1953087993089804,-0.1915319521624713,-0.2749914594149734,0.1511809038424344,-0.1952012850583238
25.02,-0.201395132585557,-0.1975416421694021,-0.2853858160225504,0.1519558425863372,-0.2012769722054887
25.03,-0.2073369168489395,-0.2034298897831391,-0.2951799682482907,0.1525029307455809,-0.207208403618467
25.04,-0.2130979870523451,-0.20916236585389,-0.3043216097878102,0.1528021352923484,-0.2129594837428839
25.05,-0.218640624737015,-0.2147031055305839,-0.3127609854384947,0.152835181027233,-0.218492560549103
25.06,-0.2239257224905248,-0.2200146490369104,-0.3204511918064065,0.1525855794173129,-0.2237685894752811
25.07,-0.2289129746728749,-0.2250582102585419,-0.3273484551916082,0.1520386414354894,-0.2287473258750512
25.08,-0.2335610992154042,-0.2297938736892082,-0.3334123831359042,0.1511814768911279,-0.2333875462203273
25.09,-0.2378280958396761,-0.2341808198899621,-0.3386061870020494,0.1500029831998296,-0.2376472978838647
25.1,-0.2416715187109507,-0.2381775791926806,-0.3428968741993454,0.1484938269070525,-0.2414841768730754
25.11,-0.2450487809943006,-0.2417423129284471,-0.3462554101312003,0.1466464215080369,-0.2448556324133324
25.12,-0.2479174848658125,-0.2448331209884731,-0.3486568514133953,0.1444549051496222,-0.2477192967917596
25.13,-0.2502357746735658,-0.2474083740362933,-0.3500804531610847,0.1419151216224519,-0.2500333383798251
25.14,-0.2519627106722467,-0.2494270681951092,-0.3505097539354,0.1390246076353908,-0.2517568352626682
25.15,-0.2530586602755217,-0.250849199545102,-0.3499326421036771,0.1357825887107424,-0.252850166424115
25.16,-0.253485703311285,-0.2516361552932442,-0.3483414068431679,0.1321899851763907,-0.2532754169775343
25.17,-0.2532080426518329,-0.2517511180308452,-0.34573277589804,0.1282494287113615,-0.25299679350319
25.18,-0.2521924320121703,-0.2511594790788766,-0.3421079407143862,0.1239652887965028,-0.2519810451618495
25.19,-0.2504086015873607,-0.2498292565434664,-0.3374725680429438,0.1193437073166214,-0.2501978859102644
25.2,-0.2478296702054673,-0.247731513372108,-0.3318367958284846,0.1143926385427437,-0.247620412855904
25.21,-0.2444325543056185,-0.2448407704236267,-0.3252152104284676,0.1091218908740821,-0.2442255155627121
25.22,-0.2401983625043576,-0.241135409351369,-0.3176268020148505,0.1035431661043996,-0.2399942709641159
25.23,-0.2351127703238136,-0.2365980599575881,-0.3090948953644452,0.09767009163885326,-0.2349123184594168
25.24,-0.2291663696558274,-0.2312159666134889,-0.2996470539869432,0.091518241041324,-0.2289702097696638
25.25,-0.2223549876200383,-0.224981328358225,-0.2893149564897582,0.08510513852703783,-0.2221637282122699
25.26,-0.214679969410398,-0.2178916073930647,-0.2781342450697443,0.07845024349516916,-0.214494172221789
25.27,-0.206148415939185,-0.209949800874887,-0.2661443469409011,0.07157491186524345,-0.2059685981973629
25.28,-0.1967733914744313,-0.2011646711851367,-0.2533882702970609,0.06450233177132425,-0.1966000180941874
25.29,-0.1865740681993946,-0.1915509302045317,-0.2399123770510395,0.05725743200641975,-0.1864075475936335
25.3,-0.1755758176584855,-0.1811293735565792,-0.2257661350862269,0.04986676242865873,-0.1754165011798016
25.31,-0.163810249143937,-0.1699269612892312,-0.2110018531080967,0.04235834628609036,-0.1636584310132922
25.32,-0.1513151894106577,-0.1579768420375712,-0.1956744013967056,0.03476150505604014,-0.1511711071176468
25.33,-0.1381346019127528,-0.1453183183436016,-0.1798409218415392,0.02710665692074882,-0.1379984370722604
25.34,-0.1243184444771233,-0.1319967514927541,-0.163560530582408,0.01942509043426477,-0.1241903241263442
25.35,-0.1099224650840234,-0.118063404951759,-0.1468940163581655,0.01174871531836164,-0.1098024634020219
25.36,-0.09500793564279005,-0.1035752262476347,-0.1299035372190591,0.004109792711654903,-0.09489607662807598
25.37,-0.07964132415435021,-0.08859456790168851,-0.1126523175106342,-0.003459352363549439,-0.07953758662778448
25.38,-0.06389391754849405,-0.07318884881293702,-0.09520434595521388,-0.01092663302702579,-0.06379823356201708
25.39,-0.04784137800034757,-0.05743015825915515,-0.07762407437260826,-0.01826051316118116,-0.04775363568991609
25.4,-0.03156325057426926,-0.0413948054378645,-0.05997611549927895,-0.02543032607683227,-0.03148329814215534
25.41,-0.01514242404067186,-0.02516281819185673,-0.0423249381294194,-0.03240659405155089,-0.01507007389416759
25.42,0.00133545124139214,-0.008817395242778137,-0.02473455898147181,-0.03916134306401009,0.001400418231784939
25.43,0.0177825829661535,0.007555683118034118,-0.007268233249857037,-0.04566840675084666,0.01784041312609491
25.44,0.03410968812614482,0.02386868036899498,0.01001185126238713,-0.05190371358759216,0.0341606505922627
25.45,0.0502266695046903,0.04003255912293496,0.02704486981528853,-0.05784555156923077,0.05027105183356739
25.46,0.06604331112338431,0.05595766009668279,0.04377164022619146,-0.06347480522300464,0.0660814145201194
25.47,0.08146998470962635,0.07155439793355817,0.06013488292080138,-0.06877516057259053,0.08150211946690789
25.48,0.09641835890298807,0.08673396688269663,0.07607946151942013,-0.07373327461010482,0.09644484178055518
25.49,0.1108021092641799,0.1014090491855957,0.09155260601090331,-0.07833890683324102,0.1108232592513867
25.5,0.1245376165580015,0.1154945189588233,0.1065041207510686,-0.08258501138845026,0.1245537507784644
25.51,0.1375446478246112,0.128908134391638,0.1208865782790129,-0.08646778926386672,0.1375560777164871
25.52,0.1497470134270055,0.1415712111971301,0.1346554983061551,-0.08998670075691939,0.1497540412221305
25.53,0.1610731934255842,0.1534092704616942,0.1477695100693532,-0.09314443908293746,0.1610761089494339
25.54,0.1714569269810524,0.1643526543261752,0.1601904959105448,-0.09594686649318029,0.1714560047934646
25.55,0.180837758908901,0.1743371032970401,0.1718837143467725,-0.09840291464740969,0.1808332558028238
25.56,0.1891615378038931,0.1833042894209705,0.182817901688363,-0.1005244512587108,0.1891536908670542
25.57,0.196380861188885,0.191202300053817,0.1929653521015834,-0.1023261152206142,0.1963698863269431
25.58,0.2024554639071161,0.1979860675071465,0.2023019766707474,-0.1038251225620095,0.2024415542459182
25.59,0.2073525449364919,0.2036177404539433,0.2108073424198663,-0.105041045674621,0.2073358697100626
25.6,0.2110470303514904,0.2080669936112337,0.2184646924356141,-0.1059955683382193,0.2110277341845913
25.61,0.2135217700592347,0.2113112728825398,0.225260948257819,-0.1067122191443271,0.2134999726364591
25.62,0.2147676667162695,0.2133359738285284,0.2311866956276145,-0.1072160860004213,0.2147434628278386
25.63,0.2147837359340866,0.2141345520313676,0.2362361545444711,-0.1075335144907608,0.2147571958849058
25.64,0.2135770975783515,0.2137085646185838,0.2404071344092122,-0.1076917929807586,0.2135482679427384
25.65,0.2111628986345273,0.2120676429079441,0.2437009748483869,-0.1077188274794433,0.2111318033523194
25.66,0.2075641678057453,0.2092293968183268,0.2461224726541584,-0.1076428094155747,0.2075308106030188
25.67,0.2028116071191094,0.2052192523562792,0.2476797951569906,-0.1074918796302337,0.2027759727564037
25.68,0.1969433193872951,0.2000702241271221,0.248384380290453,-0.1072937920322956,0.1969053747994318
25.69,0.1900044747023305,0.1938226254276493,0.2482508236123524,-0.1070755804908815,0.189964170901392
25.7,0.1820469209505964,0.186523719048827,0.2472967526103053,-0.1068632326376716,0.1820041950949556
25.71,0.1731287417913302,0.1782273124471358,0.2455426887361022,-0.1066813743091721,0.173083519393283
25.72,0.1633137665578104,0.1689933014276164,0.2430118977756552,-0.1065529683637674,0.1632659637989991
25.73,0.1526710369333646,0.1588871669172384,0.2397302293638509,-0.106499031552602,0.1526205630540975
25.74,0.1412742355946208,0.1479794297907525,0.2357259466862717,-0.106538373002789,0.1412209953204332
25.75,0.1292010820990863,0.1363450690407242,0.2310295476531173,-0.1066873576867743,0.1291449782665523
25.76,0.1165327004525846,0.1240629088574717,0.2256735790554142,-0.1069596980083517,0.1164736382671208
25.77,0.1033529709145579,0.1112149804021175,0.2196924453867644,-0.1073662763443147,0.1032908585953744
25.78,0.08974786245420256,0.09788586421670054,0.2131222141093986,-0.1079150010550102,0.08968261260661536
25.79,0.07580475654521238,0.08416201931907535,0.2060004191515638,-0.1086106981325832,0.07573628797189913
25.8,0.06161176862822551,0.07013110507743375,0.1983658643536276,-0.1094550403063697,0.06154000802636905
25.81,0.04725707272348924,0.05588130195009289,0.1902584284549422,-0.1104465150801453,0.04718195624687765
25.82,0.03282823510598342,0.04150063711150087,0.1817188730572215,-0.1115804328383163,0.03274970977019281
25.83,0.01841156279893944,0.02707632086624012,0.1727886548316886,-0.1128489758222246,0.01832958770747362
25.84,0.004091472434543161,0.01269409958075041,0.1635097430660737,-0.1142412884307868,0.00400601980511095
25.85,-0.01005011600170798,-0.001562369360073701,0.1539244434782288,-0.1157436089235576,-0.01013905925155045
25.86,-0.02393435532543364,-0.01561211533470369,0.1440752290611931,-0.1173394421788636,-0.02402678489378662
25.87,-0.03748600529715995,-0.02937742008359528,0.1340045785786051,-0.1190097726665155,-0.03758190242764209
25.88,-0.050633935228933,-0.04278434655977081,0.1237548232015272,-0.1207333162210493,-0.05073326721806637
25.89,-0.0633115809379885,-0.0557632268620406,0.1133680016409666,-0.1224868085433187,-0.06341430143817794
25.9,-0.07545735451606171,-0.06824910551210228,0.1028857239056323,-0.1242453276222853,-0.07556340397013461
25.91,-0.08701500430853477,-0.0801821347966365,0.09234904338181849,-0.1259826464729882,-0.08712431051922809
25.92,-0.0979339226642838,-0.09150791937637981,0.08179833621252691,-0.127671611759204,-0.09804640150097099
25.93,-0.1081693995353348,-0.1021778078590717,0.07127318604634708,-0.1292845430471738,-0.1082849557779927
25.94,-0.1176828205369636,-0.1121491295425959,0.06081227150035196,-0.1307936466620172,-0.1178013488543501
25.95,-0.1264418105276492,-0.1213853750656356,0.05045325364432462,-0.1321714374353857,-0.1265631946745752
25.96,-0.134420317468824,-0.1298563202584037,0.04023266176631696,-0.133391161084339,-0.1345444307184085
25.97,-0.1415986360976644,-0.1375380930537934,0.03018577739809658,-0.1344272095864043,-0.1417253466242818
25.98,-0.1479633847170093,-0.1444131838800839,0.02034651837182228,-0.1352555217463801,-0.148092557110339
25.99,-0.1535074238413457,-0.150470400495923,0.01074732582812477,-0.1358539612110096,-0.1536389204855851
26,-0.1582297221514697,-0.1557047687444193,0.001419057297311954,-0.1362026644923291,-0.1583634045507454
26.01,-0.1621351721209604,-0.1601173811981069,-0.00760911157958355,-0.1362843521130598,-0.1622709021733481
26.02,-0.1652343580596584,-0.1637151961403214,-0.01630977500576825,-0.1360845967790899,-0.1653719992799083
26.03,-0.1675432797463979,-0.1665107897768465,-0.02465737382064082,-0.1355920434943799,-0.1676826984347017
26.04,-0.1690830352300332,-0.1685220649886601,-0.03262826092943544,-0.1347985777286141,-0.1692241015659985
26.05,-0.1698794700694639,-0.1697719203163972,-0.04020075560254871,-0.133699439083527,-0.1700220557518107
26.06,-0.1699627848483459,-0.1702878832058117,-0.04735518716673393,-0.132293279325731,-0.1701067662854543
26.07,-0.169367119215331,-0.1701017118378632,-0.05407392882499079,-0.1305821651027963,-0.1695123815028439
26.08,-0.1681301165992302,-0.1692489701145989,-0.0603414225127345,-0.1285715270735462,-0.1682765540659812
26.09,-0.1662924669718481,-0.1677685805701887,-0.06614419582001968,-0.1262700585035333,-0.166439983558376
26.1,-0.1638974358690887,-0.1657023601229707,-0.07147087205250946,-0.1236895675486991,-0.1640459453564803
26.11,-0.1609903846921392,-0.1630945436767547,-0.07631217442728178,-0.1208447884296042,-0.1611398107956479
26.12,-0.1576182873103533,-0.1599913006167704,-0.0806609251751898,-0.1177531574513591,-0.1577685636492587
26.13,-0.1538292479328623,-0.1564402492266518,-0.08451203995362816,-0.1144345603295894,-0.1539803178854326
26.14,-0.1496720254230302,-0.1524899739789951,-0.08786251751172403,-0.1109110575321324,-0.1498238415583402
26.15,-0.1451955718123653,-0.1481895505248892,-0.09071142408087707,-0.1072065943444913,-0.145348091531463
26.16,-0.140448573706828,-0.1435880830309048,-0.09305987158432005,-0.1033467021312623,-0.1406017635205661
26.17,-0.1354790251036193,-0.1387342582879899,-0.09491098854297192,-0.09935819682315755,-0.135632861687183
26.18,-0.1303338225280901,-0.1336759207482429,-0.09626988253159807,-0.09526888004631212,-0.130488291711906
26.19,-0.1250583852476561,-0.1284596723339382,-0.09714359320109378,-0.09110724756993294,-0.1252134809348985
26.2,-0.1196963057404737,-0.1231305005102167,-0.09754103519942114,-0.08690220892695866,-0.1198520287724568
26.21,-0.1142890332208822,-0.1177314377227258,-0.09747293075427454,-0.08268282120821774,-0.1144453902081582
26.22,-0.1088755925857655,-0.1123032548806862,-0.09695173217207564,-0.07847803918992463,-0.1090325947199053
26.23,-0.1034923406864863,-0.106884191120861,-0.09599153499900059,-0.07431648316931366,-0.1036500025455559
26.24,-0.09817276236206984,-0.1015097216240148,-0.09460798302119472,-0.07022622518873683,-0.09833109971537835
26.25,-0.09294730752652214,-0.09621236477702239,-0.09281816661037506,-0.06623459375088664,-0.093106332795033
26.26,-0.08784325681630591,-0.09102152948722186,-0.09064051612590202,-0.06236799668279147,-0.08800298379464855
26.27,-0.08288464198804035,-0.08596340296684191,-0.08809469216062354,-0.05865176149900286,-0.08304508521319343
26.28,-0.07809220142225852,-0.08106087881944468,-0.08520147437159742,-0.05510999243947162,-0.0782533747096314
26.29,-0.07348337336175971,-0.07633352477995747,-0.08198265047884945,-0.05176544330019606,-0.07364528842865159
26.3,-0.06907232637810752,-0.07179758899039357,-0.07846090675816925,-0.04863940521243432,-0.06923499156540291
26.31,-0.06487002523512508,-0.06746604324421857,-0.07465972100891999,-0.04575160863157718,-0.06503344433593417
26.32,-0.06088432993099983,-0.06334866121472593,-0.07060325855888855,-0.04312013893955402,-0.06104850113351412
26.33,-0.05712012534970725,-0.05945212930552746,-0.06631627139987906,-0.04076136521528595,-0.0572850403003124
26.34,-0.05357948075532809,-0.0557801874273412,-0.06182400007508065,-0.03868988185905409,-0.05374512163376399
26.35,-0.05026183116070065,-0.0523337967145201,-0.05715207752901452,-0.03691846284701217,-0.05042816848094905
26.36,-0.04716417319851781,-0.04911133094653919,-0.05232643386364078,-0.03545802842611034,-0.0473311710559805
26.37,-0.04428129196904268,-0.04610878823595788,-0.04737320089322578,-0.03431762403009558,-0.04444890744723329
26.38,-0.04160599616478219,-0.04332001938862323,-0.0423186155978148,-0.03350441110482827,-0.04177417866519195
26.39,-0.03912936328219847,-0.0407369692381207,-0.03718892202662816,-0.03302366938456081,-0.03929805401887942
26.4,-0.03684099144223877,-0.03834992720761382,-0.03201027181078425,-0.0328788099755854,-0.03701012309970164
26.41,-0.03472925414340872,-0.03614778335896351,-0.02680862404373829,-0.03307139840085727,-0.03489875069566395
26.42,-0.03278155436730053,-0.03411828625075536,-0.02160964565595402,-0.03360118656276323,-0.03295133105497128
26.43,-0.0309845746026381,-0.03224829904072046,-0.01643861333199254,-0.03446615241610168,-0.0311545380642323
26.44,-0.0293245231205645,-0.03052405043068396,-0.01132031738959333,-0.03566254603281055,-0.0294945680997335
26.45,-0.02778736110696658,-0.02893137725959993,-0.006278966985699685,-0.03718494070254663,-0.02795737254743436
26.46,-0.02635901932549546,-0.02745595579847615,-0.001338094936903289,-0.03902628776148565,-0.02652887726376785
26.47,-0.0250256067576556,-0.02608351908624162,0.003479540082249155,-0.04117797397915668,-0.02519518656066921
26.48,-0.02377359689925084,-0.02480005796388551,0.008152055703420535,-0.04362988055434136,-0.02394276963863651
26.49,-0.02258999480077291,-0.02359200381048976,0.01265855258753446,-0.04637044306014937,-0.0227586277555768
26.5,-0.02146248352171909,-0.02244639135407683,0.01697922385246642,-0.04938671201102174,-0.0216304408002469
26.51,-0.02037954906025149,-0.02135100031577808,0.02109546366346293,-0.0526644140691655,-0.02054669233075818
26.52,-0.01933058321543994,-0.02029447504137388,0.02498997082217835,-0.05618801423049502,-0.01949677253432092
26.53,-0.01830596441949537,-0.01926642167233406,0.02864684377264337,-0.05994077959691335,-0.01847105895732559
26.54,-0.01729712049923143,-0.01825748280218409,0.03205166479354749,-0.06390484552489628,-0.01746097523842138
26.55,-0.01629655705707627,-0.01725938994602039,0.03519157259394051,-0.06806128502054798,-0.01645902844490521
26.56,-0.01529787674107121,-0.01626499451496116,0.03805532355797064,-0.07239018222083338,-0.0154588259584188
26.57,-0.01429577960516182,-0.01526827832763256,0.04063334232433857,-0.07687071066355472,-0.01445507317389316
26.58,-0.0132860431315805,-0.01426434500395879,0.0429177623594782,-0.08148121681904347,-0.0134435535606014
26.59,-0.01226548642313693,-0.01324939386933599,0.04490245693171607,-0.08619930905765366,-0.01242109288162224
26.6,-0.01123192056859522,-0.01222067824580486,0.04658306062670908,-0.09100195188641036,-0.01138550957394335
26.61,-0.01018408734564672,-0.01117645021396835,0.047956981374356,-0.09586556493542353,-0.01033555345279152
26.62,-0.009121588540439984,-0.01011589408726932,0.04902340290275187,-0.1007661258381496,-0.009270835018434009
26.63,-0.008044808900285321,-0.00903905094396551,0.04978327756054468,-0.1056792758540858,-0.008191747709901276
26.64,-0.006954836383171946,-0.007946736612241379,0.05023930950766187,-0.1105804268481007,-0.007099385467776331
26.65,-0.005853368746619059,-0.006840455505060627,0.05039592833168199,-0.1154448680819653,-0.005995457937549187
26.66,-0.0047426334580759,-0.00572231265710732,0.05025925318977514,-0.1202478712005294,-0.004882205567400377
26.67,-0.003625306018009015,-0.004594926227995788,0.04983704760689084,-0.1249647918127546,-0.003762316732014215
26.68,-0.002504431119126423,-0.003461342603872986,0.04913866508797454,-0.129571166178378,-0.002638848850111786
26.69,-0.00138334957301919,-0.002324956054695293,0.04817498573351242,-0.1340428017127909,-0.001515155261592238
26.7,-0.0002656325353831889,-0.001189434689437552,0.04695834409120586,-0.1383558603114016,-0.0003948193952724166
26.71,0.0008449757023833839,-5.865420230644069e-05,0.04550244854113161,-0.1424869338622489,0.0007184025047847764
26.72,0.001944605373136543,0.001063359372330042,0.04382229260594378,-0.146413111750393,0.001820629111810801
26.73,0.00302929745260221,0.002172476971423309,0.04193405870353817,-0.1501120406440389,0.002907891526744921
26.74,0.00409503023548479,0.003264503259686191,0.0398550150047251,-0.1535619773713088,0.003976160197007639
26.75,0.005137741354448954,0.004335202519835102,0.0376034061987387,-0.1567418362255119,0.00502136118883928
26.76,0.00615332903632449,0.005380313679777537,0.03519833907763625,-0.1596312325509676,0.006039382069782384
26.77,0.007137647817791734,0.0063955547933785,0.0326596639080669,-0.1622105249344372,0.007026067959357007
26.78,0.008086495586872536,0.007376617596706603,0.03000785255825672,-0.1644608587315601,0.007977208591227081
26.79,0.008995592743193316,0.008319153049913652,0.02726387428740362,-0.1663642139656447,0.008888517493225445
26.8,0.009860554819453816,0.009218749037926133,0.02444906997943846,-0.1679034608190472,0.00975560462691194
26.81,0.01067686010936606,0.01007090163486996,0.02158502540521279,-0.1690624259658806,0.01057394403089296
26.82,0.01143981401305837,0.01087098153305177,0.01869344382391658,-0.1698259728380526,0.01133883817766013
26.83,0.01214451023407254,0.01161419739475711,0.01579601790289953,-0.1701800985426328,0.01204538087855705
26.84,0.01278579622699624,0.01229555800194837,0.0129143005937008,-0.1701120495249557,0.01268842065292553
26.85,0.01335824138799883,0.01290983515350907,0.010069574333121,-0.1696104571696757,0.01326252651365778
26.86,0.01385610410306235,0.01345152928953752,0.007282717847347131,-0.168665493331794,0.01376195811116832
26.87,0.01427330820435684,0.0139148398058957,0.004574070032314859,-0.1672690442916012,0.01418064212133285
26.88,0.01460342747768327,0.01429364195819882,0.001963290944087426,-0.1654148998649112,0.01451215666096828
26.89,0.01483967984003819,0.01458147214331706,-0.0005307791275945828,-0.1630989524538032,0.01474972536884972
26.9,0.01497493263926154,0.01477152319020597,-0.002890260302208902,-0.1603193988343267,0.01488622260379452
26.91,0.01500172030389133,0.01485665109404927,-0.00509836996707197,-0.1570769356499465,0.01491419098748542
26.92,0.01491227527570594,0.01482939439313652,-0.007139551294815971,-0.15337493816779,0.01482587226295379
26.93,0.01469857095156323,0.0146820071214836,-0.008999588391720048,-0.1492196111321684,0.01461325215494191
26.94,0.01435238500971768,0.01440650597727572,-0.01066570340927742,-0.1446201007565467,0.01426811961134034
26.95,0.01386537271060367,0.01399473203289348,-0.01212663218423171,-0.139588558175741,0.01378214048186904
26.96,0.01322915324298122,0.01343842698184872,-0.01337267686531285,-0.1341401470273037,0.01314694535752942
26.97,0.01243541128479865,0.01272932357761064,-0.01439573611977168,-0.1282929910563594,0.01235423095884308
26.98,0.0114760111663903,0.01185924957632767,-0.01518931539766771,-0.1220680613844962,0.01139587412952098
26.99,0.01034312237192999,0.01082024415875482,-0.01574852096841906,-0.1154890068849502,0.01026405717169138
27,0.009029354811957688,0.009604685485672337,-0.01607004186213917,-0.1085819344811136,0.008951402955825916
27.01,0.007527902020582329,0.008205427744231608,-0.016152123542723,-0.1013751487340698,0.007451117959443865
27.02,0.005832689951018932,0.006615945775572674,-0.01599453639059573,-0.09389886156813798,0.005757141139447308
27.03,0.003938527932856598,0.004830485138769713,-0.0155985411910507,-0.08618488335396457,0.003864296328706829
27.04,0.001841266580464165,0.002844215263006933,-0.01496685301500777,-0.07826630595565465,0.001768445673203722
27.05,-0.0004620521877202677,0.0006533831696537984,-0.01410360420647577,-0.07017718700356573,-0.0005333585047646583
27.06,-0.002973048178439527,-0.001744534887030413,-0.01301430663512709,-0.06195224288179407,-0.00304272611589812
27.07,-0.00569186220836955,-0.004350686600974707,-0.01170581291396705,-0.05362655601086203,-0.005759788719706227
27.08,-0.008617025126266475,-0.00716470439516359,-0.01018627593670196,-0.04523530019456445,-0.008683068666396898
27.09,-0.01174533922765369,-0.01018457656135519,-0.008465105884784219,-0.03681348623866076,-0.01180936061996268
27.1,-0.01507177460372958,-0.01340653144100801,-0.006552923792507048,-0.02839572881176317,-0.01513362800412643
27.11,-0.01858938280550406,-0.01682493719857325,-0.004461510807693747,-0.02001603461401313,-0.01864891675194114
27.12,-0.02228923044368482,-0.02043221955787072,-0.002203752401375936,-0.01170761131173237,-0.02234628853445714
27.13,-0.02616035419544062,-0.02421879964840845,0.0002064230640132503,-0.003502696327615462,-0.02621477539749922
27.14,-0.03018973543260584,-0.02817305384666013,0.00275411180097751,0.004567595618379494,-0.03024135745246825
27.15,-0.03436230440162812,-0.03228129720147016,0.005423508236758745,0.01247340740105501,-0.03441096495244772
27.16,-0.03866096786988663,-0.03652779170804332,0.008197984652588308,0.02018625800809104,-0.03870650574399337
27.17,-0.04306666255490841,-0.04089478034579963,0.01106017630872824,0.02767914584929393,-0.04310891872412559
27.18,-0.04755843482238597,-0.04536254742792117,0.01399207124398916,0.03492663797432483,-0.04759725355726974
27.19,-0.05211354652542291,-0.04990950543049971,0.01697510376593303,0.04190494625649505,-0.05214877652475908
27.2,-0.05670760647457769,-0.05451230808337398,0.01999025065768106,0.04859199152968657,-0.05673910199651255
27.21,-0.0613147266509266,-0.05914598911932034,0.0230181293160413,0.05496745658237473,-0.06134234863702148
27.22,-0.06590770223862763,-0.06378412569939174,0.02603909733489718,0.06101282881581277,-0.06593131909183941
27.23,-0.07045821268608998,-0.06839902516583818,0.02903335335650659,0.06671143326244172,-0.07047770155247857
27.24,-0.07493704265698042,-0.0729619334259427,0.03198103924719436,0.07204845653768766,-0.07495229127203284
27.25,-0.07931432234269882,-0.07744326294562986,0.03486234377378133,0.07701096216729181,-0.07932522980610135
27.26,-0.0835597819805885,-0.08181283803594924,0.03765760796169937,0.08158789759847485,-0.08356625948775209
27.27,-0.08764301887017396,-0.08604015485294547,0.04034743221492171,0.08577009307357619,-0.08764499041508111
27.28,-0.09153377399349263,-0.09009465330574401,0.04291278508166574,0.08955025242743236,-0.09153117703824332
27.29,-0.09520221517631441,-0.09394599788205321,0.0453351132783254,0.09292293577454436,-0.09519500128192576
27.3,-0.09861922361842419,-0.09756436425668696,0.04759645228245796,0.09588453398982599,-0.0986073590304648
27.31,-0.1017566805538808,-0.1009207284488304,0.04967953653651147,0.09843323486869621,-0.1017401467372481
27.32,-0.1045877502551407,-0.1039871552379854,0.05156790812050671,0.10056898088874,-0.1045665448975471
27.33,-0.1070871576341367,-0.1067370825368192,0.05324602267074485,0.1022934185936833,-0.1070612951440524
27.34,-0.1092314564826988,-0.1091455984507934,0.05469935132195397,0.1036098397837455,-0.1092009677862216
27.35,-0.1109992841474478,-0.1111897078279732,0.05591447749645501,0.1045231149204778,-0.1109642167161066
27.36,-0.1123716009097157,-0.1128485852159173,0.05687918743370401,0.10503961942699,-0.1123320187428062
27.37,-0.1133319110365513,-0.1141038112937633,0.05758255345177665,0.1051671538655195,-0.113287894592275
27.38,-0.1138664629477786,-0.1149395900337604,0.0580150090803303,0.1049148592760283,-0.1138181090162564
27.39,-0.1139644261798319,-0.1153429440649759,0.05816841541923146,0.104293129229765,-0.1139118476900836
27.4,-0.1136180430884731,-0.1153038859591634,0.05803611834972855,0.1033135203574486,-0.1135613688408728
27.41,-0.1128227533982763,-0.1148155634321835,0.05761299651675045,0.1019886632237392,-0.1127621278313224
27.42,-0.1115772887283556,-0.1138743767492362,0.05689550025182954,0.1003321754166961,-0.1115128732262949
27.43,-0.1098837423897294,-0.1124800669349663,0.05588168175723485,0.09835857859346409,-0.1098157131856987
27.44,-0.1077476047029198,-0.1106357737150573,0.05457121688740485,0.09608322097511812,-0.1076761513539302
27.45,-0.1051777672186608,-0.1083480624500581,0.05296541874688909,0.09352220643117748,-0.1051030917494594
27.46,-0.1021864964960631,-0.1056269196605868,0.0510672431212667,0.09069233086541612,-0.102108812493994
27.47,-0.098789376899432,-0.1024857170824992,0.04888128555090243,0.08761102614317839,-0.09870890855529479
27.48,-0.09500522291704953,-0.09894114452746611,0.04641376974736433,0.08429631132251614,-0.09492220400730883
27.49,-0.09085596182565965,-0.09501311215590125,0.04367252713362046,0.08076675049991833,-0.0907706346321378
27.5,-0.08636648783238951,-0.09072462309145446,0.04066696762225896,0.0770414161824543,-0.08627910199699851
27.51,-0.08156448858870902,-0.0861016176157402,0.03740804232484701,0.07313985676952639,-0.08147530043227325
27.52,-0.07648024537262745,-0.08117279047489012,0.03390819961018443,0.06908206647839088,-0.07638951861094634
27.53,-0.07114641636582343,-0.07596938310213897,0.03018133659236444,0.06488845588045961,-0.07105441768212939
27.54,-0.06559779096313809,-0.07052495281014465,0.02624274844567193,0.06057982112795518,-0.06550478813931976
27.55,-0.05987102724914357,-0.06487512122989858,0.02210907763888414,0.05617730993834735,-0.05977728780505659
27.56,-0.0540043736273538,-0.05905730446807567,0.01779826414434948,0.05170238246247144,-0.05391016348579447
27.57,-0.04803737681232952,-0.05311042761927803,0.0133294960946686,0.04717676528733294,-0.04794295899217466
27.58,-0.04201057898787641,-0.04707462640280069,0.008723158727065528,0.04262239701357812,-0.04191621232926468
27.59,-0.03596520701048798,-0.04099093879393007,0.004000778382057479,0.0380613640984982,-0.03587114493768107
27.6,-0.02994285658004076,-0.03490098958716742,-0.0008150417807439303,0.03351582596679853,-0.02984934590944199
27.61,-0.02398517322380428,-0.02884667086225329,-0.005700696829786189,0.02900792876101399,-0.02389245411182528
27.62,-0.01813353544932146,-0.02286982132362547,-0.01063166692669687,0.02455970752785441,-0.01804184112872648
27.63,-0.01242874520593112,-0.01701190744951159,-0.01558261559935314,0.02019297710910417,-0.01233829787320473
27.64,-0.00691071766866082,-0.01131370931868803,-0.02052749790893543,0.01592921251508234,-0.00682172763801997
27.65,-0.001618183096250783,-0.005815013882008779,-0.02543967641023859,0.01178942008832351,-0.001530848235214211
27.66,0.003411599578093004,-0.0005543183142809882,-0.03029204269155472,0.007794001291696551,0.00349709426711986
27.67,0.008143115216515975,0.004431454076295638,-0.03505714251092296,0.003962611448801667,0.008226597869686825
27.68,0.01254284885496473,0.009107223084384164,-0.03970730299277958,0.0003140161894952254,0.01262416087586976
27.69,0.01657952404500888,0.01344000388980987,-0.04421476092132842,-0.003134051328492427,0.01665852008890573
27.7,0.02022432143533937,0.01739914049583924,-0.04855179179555047,-0.006365029176444881,0.02030086924819802
27.71,0.02345107746931248,0.02095651865291315,-0.05269083992536266,-0.009363658143498044,0.0235250562138975
27.72,0.02623645698270771,0.0240867568283159,-0.05660465036480528,-0.01211610289886156,0.02630775764962046
27.73,0.02856010363684375,0.02676737402678425,-0.06026640380544546,-0.01461006014340716,0.02862863019845979
27.74,0.03040476903480741,0.02897893352585723,-0.06364985561531811,-0.0168348516029056,0.03047043739327215
27.75,0.03175641498692744,0.03070516185521244,-0.06672947996906792,-0.01878150036821485,0.0318191517855238
27.76,0.03260429069626006,0.03193304260867647,-0.06948061949289985,-0.02044278979665076,0.03266403201448986
27.77,0.03294098481602553,0.03265288491858853,-0.07187964012171366,-0.02181330488716315,0.0329976747675077
27.78,0.03276245254801036,0.03285836664173258,-0.07390409006105042,-0.02288945666771525,0.03281604179967812
27.79,0.03206801815519433,0.03254655250800165,-0.07553286101106932,-0.02366949063897061,0.03211846238572802
27.8,0.03086035349373517,0.03171788767355488,-0.07674634928281321,-0.02415348067671008,0.03090761176585993
27.81,0.02914543405686106,0.0303761673017382,-0.07752661421550655,-0.02434330999942025,0.02918946631992869
27.82,0.02693246945659032,0.02852848296551824,-0.07785753141806556,-0.02424264086679739,0.02697323635910664
27.83,0.02423381590094392,0.026185146820904,-0.07772493876220848,-0.02385687460914587,0.02427127756085934
27.84,0.02106486811533451,0.02335959463873127,-0.07711677363723801,-0.02319310342106251,0.02109898219118855
27.85,0.01744393150999828,0.02006826890035496,-0.07602320059062873,-0.02226005511249607,0.01747465135794496
27.86,0.01339207667860765,0.01633048326077402,-0.0744367289805829,-0.02106803172676885,0.01341934962091429
27.87,0.008932977621686256,0.01216826976083124,-0.07235232055232393,-0.01962884264443915,0.008956743349241458
27.88,0.004092735137053273,0.007606210229289923,-0.06976748687512091,-0.01795573253302973,0.004112924265366413
27.89,-0.001100313146946397,0.002671253357287739,-0.06668237636088686,-0.01606330430885733,-0.001083780351692876
27.9,-0.006615794569026249,-0.002607481046178139,-0.06309985019596376,-0.01396743716086646,-0.006603009310817476
27.91,-0.0124215138083143,-0.008198909096007623,-0.05902554605275728,-0.01168519962761383,-0.01241257950046687
27.92,-0.01848367437043036,-0.01407019964654455,-0.05446792801096928,-0.009234757669837612,-0.01847870672994617
27.93,-0.02476710612722866,-0.02018699936514617,-0.0494383208014863,-0.006635277592944244,-0.0247662339351018
27.94,-0.03123549958125885,-0.02651366456372217,-0.04395092635566183,-0.003906823528140535,-0.03123886528341979
27.95,-0.03785164471166801,-0.03301349831118439,-0.03802282072947666,-0.001070249009503921,-0.03785940474027299
27.96,-0.04457767287609585,-0.03964899137887368,-0.03167392976800559,0.001852917943713395,-0.04458999768993177
27.97,-0.05137530039341348,-0.04638206560600788,-0.02492698233748475,0.004840596840723688,-0.05139237424092474
27.98,-0.0582060724714876,-0.05317431831236102,-0.01780744051103067,0.007870284276034589,-0.05822809288410702
27.99,-0.06503160618525512,-0.05998726643006647,-0.0103434066671334,0.01091919115270829,-0.06505878321279807
28,-0.07181383161471364,-0.06678258907482393,-0.002565507963180835,0.01396438723265331,-0.07184638645633645
28.01,-0.07851522990089151,-0.07352236732593126,0.005493240989850712,0.01698295212727591,-0.07855339262120964
28.02,-0.08509906394333246,-0.08016932003216914,0.01379759623509169,0.01995213127228534,-0.08514307307654723
28.03,-0.09152960607215062,-0.08668703450434012,0.02231026230451494,0.022849494898036,-0.09157970746325189
28.04,-0.09777235851662941,-0.09304019099534777,0.03099208875559845,0.02565309756224721,-0.09782880384785775
28.05,-0.1037942659841122,-0.09919477990733255,0.03980228436596311,0.02834163549452118,-0.1038573110831861
28.06,-0.1095639194193243,-0.1051183107043565,0.04869864777262445,0.0308945988385535,-0.1096338223782278
28.07,-0.1150517499833019,-0.1107800115503774,0.05763781298631077,0.0332924158834626,-0.1151287691191011
28.08,-0.1202302123304518,-0.1161510187350281,0.06657550771960946,0.03551658655296003,-0.1203146040217854
28.09,-0.1250739563015269,-0.1212045549937982,0.07546682195753918,0.03754980276135284,-0.1251659727358086
28.1,-0.1295599879131943,-0.1259160958729469,0.08426648380473967,0.0393760537270334,-0.1296598730562688
28.11,-0.1336678142949464,-0.1302635233328798,0.09292913946260151,0.04098071492431926,-0.1337758009401065
28.12,-0.1373795722517679,-0.1342272658254224,0.1014096342441331,0.04235062001069045,-0.1374958825613972
28.13,-0.1406801480850893,-0.1377904241214723,0.1096632917657786,0.04347411574036525,-0.1408049916807216
28.14,-0.1435572796481666,-0.1409388822056728,0.1176461887558907,0.04434110051755807,-0.143690851644956
28.15,-0.1460016423361321,-0.1436614025949363,0.1253154231858816,0.04494304780858527,-0.1461441213775573
28.16,-0.148006918436722,-0.14594970547895,0.1326293736111243,0.04527301608459,-0.1481584647654305
28.17,-0.149569849297689,-0.1477985311241087,0.1395479477137018,0.04532564728101729,-0.1497306028977724
28.18,-0.1506902698206561,-0.1492056850290037,0.1460328181145419,0.04509715592363883,-0.1508603486651848
28.19,-0.1513711249192775,-0.1501720653700356,0.1520476436141054,0.04458531108476782,-0.1515506232845967
28.2,-0.1516184719008388,-0.1507016723319198,0.1575582741549029,0.04378941320898921,-0.1518074543775217
28.21,-0.1514414521828512,-0.1508015989792121,0.1625329379864391,0.04271026760680696,-0.1516399552965477
28.22,-0.1508522508985903,-0.1504820033931507,0.1669424097633606,0.04135015608474413,-0.1510602854681211
28.23,-0.1498660411357479,-0.1497560618728051,0.1707601586372298,0.03971280779329567,-0.1500835915990243
28.24,-0.1485009058326079,-0.1486399030814662,0.1739624758275582,0.03780336996232497,-0.1487279296798526
28.25,-0.1467777404714254,-0.1471525231078587,0.1765285816817077,0.03562837878820391,-0.14701416781147
28.26,-0.1447201366970986,-0.145315681507766,0.1784407128344646,0.03319573036609275,-0.1449658699800145
28.27,-0.1423542470963297,-0.1431537784942765,0.1796841907061682,0.03051465124719421,-0.1426091610124504
28.28,-0.1397086314861643,-0.1406937135541276,0.1802474731547732,0.02759566796158258,-0.1399725730579129
28.29,-0.1368140859514807,-0.1379647258831511,0.1801221915220172,0.02445057469294065,-0.1370868740597586
28.3,-0.1337034597843858,-0.1349982171549548,0.1793031754779105,0.02109239822612685,-0.1339848788090133
28.31,-0.1304114347472732,-0.131827557263246,0.177788467880467,0.01753535930964367,-0.1307012433010173
28.32,-0.126974308850322,-0.1284878738086589,0.1755793312946068,0.01379482967447387,-0.1272722432528935
28.33,-0.1234297625174197,-0.1250158262351702,0.1726802469127816,0.009887284115368267,-0.1237355377790388
28.34,-0.1198166084757127,-0.1214493656579918,0.1690989055527382,0.005830247253364007,-0.1201299193638533
28.35,-0.1161745292120373,-0.117827481564089,0.1648461894139445,0.001642234839379642,-0.1164950514145184
28.36,-0.1125438034260368,-0.1141899367072615,0.1599361426017617,-0.002657310292837001,-0.1128711948199491
28.37,-0.1089650230516998,-0.1105769916611266,0.1543859282499934,-0.007048087281325444,-0.1092989250837102
28.38,-0.1054788025574515,-0.1070291206334031,0.1482157704195878,-0.01150901075330379,-0.1058188417371075
28.39,-0.1021254849004949,-0.1035867202816138,0.1414488797000615,-0.01601828810859351,-0.1024712718716395
28.4,-0.09894484477592837,-0.1002898134008023,0.134111362355985,-0.02055349978295201,-0.09929596975614324
28.41,-0.09597576834328388,-0.09717774947591806,0.1262321136837252,-0.02509168168646014,-0.09633181462054408
28.42,-0.09325596206770623,-0.09428890420273528,0.1178426967779901,-0.02960940906667253,-0.09361650879373162
28.43,-0.09082165482844018,-0.09166038017975181,0.1089772080740937,-0.03408288117132974,-0.0911862784753405
28.44,-0.08870730369302553,-0.08932771105742032,0.09967213086464566,-0.03848800627257176,-0.08907557949748357
28.45,-0.0869453070883037,-0.08732457149881989,0.08996617759038128,-0.04280048685039961,-0.08731681049193107
28.46,-0.08556572782634186,-0.08568249535601707,0.07990012119134449,-0.0469959049996313,-0.08594003591700888
28.47,-0.08459602846081837,-0.08443060449757983,0.06951661528269476,-0.05104980840083884,-0.0849727214164997
28.48,-0.08406082144312035,-0.08359535073258101,0.0588600024886814,-0.05493779745859628,-0.08443948397667816
28.49,-0.08398164173966879,-0.0832002732619771,0.04797611003694147,-0.0586356144368545,-0.08436185931661655
28.5,-0.08437673040041067,-0.08326577404598989,0.03691203179432317,-0.06211923559007737,-0.08475808888933778
28.51,-0.08526083012528811,-0.08380891340460328,0.02571589639052929,-0.06536496738209363,-0.0856429287857442
28.52,-0.0866450302882118,-0.08484322806881595,0.01443662191478112,-0.06834954789026004,-0.08702748271928384
28.53,-0.08853662636867796,-0.08637857377498098,0.003123658753533487,-0.07105025440409785,-0.08891906112607928
28.54,-0.0909390070807635,-0.0884209943445799,-0.008173276763270343,-0.0734450180464184,-0.09132106824265074
28.55,-0.09385157113171071,-0.09097261901587406,-0.01940447437664128,-0.07551254597873747,-0.09423291882194462
28.56,-0.09726967504421337,-0.0940315895906802,-0.03052050360767311,-0.07723245141562346,-0.0976499859190274
28.57,-0.101184613219853,-0.09759201872883816,-0.04147248525472519,-0.07858539128346026,-0.1015635809213206
28.58,-0.105583631163918,-0.1016439804656839,-0.05221235725729156,-0.07955321093973544,-0.1059609667172142
28.59,-0.1104499805232612,-0.1061735337463201,-0.06269313224746409,-0.08011909494260872,-0.1108254045931135
28.6,-0.1157629865149485,-0.1111627794673791,-0.07286914490617397,-0.08026772244936764,-0.1161362351257321
28.61,-0.1214981605427221,-0.1165899511952277,-0.08269628791217942,-0.0799854254464204,-0.1218689929969464
28.62,-0.1276273569936936,-0.1224295393926749,-0.09213223570336437,-0.07926034768886148,-0.1279955553069152
28.63,-0.1341189542825284,-0.1286524486382043,-0.1011366554262062,-0.07808260196597006,-0.1344843226016409
28.64,-0.1409380674536452,-0.1352261869665567,-0.1096714043668282,-0.07644442311727651,-0.1413004314686856
28.65,-0.1480467908369472,-0.142115086102186,-0.1177007129269849,-0.0743403141043249,-0.1484059971941586
28.66,-0.1554044688992489,-0.1492805510028067,-0.125191351955123,-0.07176718239440749,-0.1557603846210315
28.67,-0.1629679930928015,-0.1566813367841262,-0.1321127831017404,-0.06872446392977427,-0.1633205050084845
28.68,-0.1706921227912596,-0.1642738507646723,-0.1384372909621407,-0.06521423203274224,-0.1710411363699782
28.69,-0.1785298341541441,-0.1720124770566929,-0.1441400961784753,-0.06124128872647927,-0.1788752644693945
28.7,-0.1864326602315322,-0.1798499208410604,-0.1491994493998555,-0.05681323612641609,-0.1867744413851926
28.71,-0.194351070210377,-0.1877375692057704,-0.1535967069403917,-0.0519405257732094,-0.1946891583169433
28.72,-0.202234857283929,-0.1956258652038621,-0.1573163899144743,-0.0466364840320076,-0.2025692291110387
28.73,-0.2100335291615938,-0.2034646916012868,-0.1603462292848877,-0.04091731197481885,-0.2103641808271789
28.74,-0.2176967018264817,-0.2112037606415899,-0.1626771993822296,-0.03480205849544715,-0.218023647557277
28.75,-0.2251744926920598,-0.2187930060547745,-0.1643035419378751,-0.02831256578442332,-0.2254977636461137
28.76,-0.2324179092964445,-0.2261829734844537,-0.1652227816229584,-0.02147338671898624,-0.2327375524507788
28.77,-0.2393792297108003,-0.2333252055019951,-0.1654357327902128,-0.01431167420345514,-0.2396953068134884
28.78,-0.2460123726672331,-0.2401726174207841,-0.1649464959289062,-0.006857043027363452,-0.2463249575106864
28.79,-0.2522732547805056,-0.2466798602190938,-0.1637624415503491,0.0008585946131878242,-0.2525824260786756
28.8,-0.2581201073144732,-0.2528036670263464,-0.1618941789504778,0.00880121817270435,-0.2584259586010952
28.81,-0.2635137975534684,-0.2585031798227396,-0.1593555075119256,0.01693491000318215,-0.263816437273221
28.82,-0.2684181169078883,-0.263740253242337,-0.1561633487685628,0.02522208577535967,-0.2687176668290153
28.83,-0.2728000395092193,-0.2684797326498413,-0.1523376581841024,0.03362374046372263,-0.273096633224728
28.84,-0.2766299507968745,-0.2726897039757606,-0.1479013163383222,0.04209970575296695,-0.2769237323127808
28.85,-0.2798818441985183,-0.2763417131389649,-0.1428799998651289,0.05060891429545206,-0.2801729666061084
28.86,-0.2825334843927754,-0.2794109532539566,-0.1373020329957267,0.05910966597326944,-0.2828221086203653
28.87,-0.2845665360448316,-0.2818764182079657,-0.131198220922275,0.06755989125540757,-0.2848528296832204
28.88,-0.2859666605152246,-0.2837210215941333,-0.1246016664374781,0.07591740696232996,-0.2862507935098946
28.89,-0.2867235731255356,-0.2849316803957687,-0.1175475714633021,0.08414016033880062,-0.2870057142561135
28.9,-0.2868310540334928,-0.2854993632265106,-0.1100730251990604,0.09218645837186029,-0.2871113791672877
28.91,-0.2862869455628925,-0.2854191033360269,-0.1022167807306752,0.1000151808364257,-0.2865656363401071
28.92,-0.2850931063187206,-0.2846899769843663,-0.09401902207549612,0.1075859776176093,-0.2853703484940566
28.93,-0.2832553321411726,-0.2833150481644666,-0.08552112380941423,0.1148594533669178,-0.2835313140106557
28.94,-0.2807832459217534,-0.2813012810065164,-0.07676540564421541,0.1217973452827988,-0.2810581568324185
28.95,-0.2776901581789102,-0.2786594215250052,-0.06779488457683891,0.1283627023801708,-0.2779641871179453
28.96,-0.2739929005611986,-0.2754038506654431,-0.05865302744215145,0.1345200764795473,-0.2742662348203118
28.97,-0.2697116346803779,-0.2715524108697088,-0.04938350669724523,0.1402357356596471,-0.2699844585904628
28.98,-0.2648696439208864,-0.2671262086040956,-0.04002996181706464,0.1454779094832617,-0.2651421326034977
28.99,-0.2594930936467235,-0.2621493954810722,-0.03063576766716214,0.1502170715897725,-0.2597654140620364
29,-0.2536107779289188,-0.2566489307530172,-0.02124380989636632,0.1544262593848596,-0.2538830942466208
29.01,-0.2472538642226193,-0.2506543280638752,-0.01189626647953035,0.1580814232766394,-0.2475263360581993
29.02,-0.2404556202797395,-0.2441973894124441,-0.002634394802533691,0.1611617904659541,-0.2407284010326721
29.03,-0.2332511335040862,-0.2373119293094549,0.006501674804182622,0.1636502222105186,-0.2335243688033212
29.04,-0.2256770256880372,-0.2300334921005129,0.01547313627626656,0.1655335400970024,-0.2259508519452854
29.05,-0.2177711659885694,-0.2223990653795234,0.02424269182531796,0.1668027969459053,-0.2180457090591364
29.06,-0.2095723848901663,-0.2144467923341697,0.03277471896643186,0.1674534715095307,-0.2098477588404755
29.07,-0.2011201920105929,-0.2062156857487276,0.04103541796820082,0.167485572308973,-0.2013964977421807
29.08,-0.1924545059717921,-0.1977453462430417,0.04899293871782195,0.1669036435199053,-0.1927318236684242
29.09,-0.1836153730506208,-0.1890756871536488,0.05661748748543105,0.1657166734015226,-0.1838937679483696
29.1,-0.1746427125571006,-0.1802466682679013,0.06388141519966795,0.1639379122701718,-0.1749222376258972
29.11,-0.1655760753406444,-0.1712980404083657,0.07075928948423793,0.1615846117988313,-0.1658567698735445
29.12,-0.1564544117337376,-0.1622691026361068,0.0772279528075881,0.1586777002914642,-0.156736300097904
29.13,-0.1473158545025813,-0.1531984736005643,0.0832665687153108,0.1552414097115741,-0.1475989450535729
29.14,-0.138197517867482,-0.1441238783132902,0.08885665740931714,0.15130287001375,-0.1384818020276929
29.15,-0.1291353133991953,-0.1350819513663928,0.09398212114521809,0.1468916851703548,-0.1294207649005275
29.16,-0.1201637833430422,-0.1261080573578701,0.09862925926983879,0.1420395035967829,-0.1204503576335156
29.17,-0.1113159527982778,-0.1172361290297944,0.1027867723621708,0.1367795937628351,-0.1116035854883801
29.18,-0.1026232036292533,-0.1084985233760231,0.1064457549093039,0.1311464338413602,-0.1029118040428137
29.19,-0.0941151455097515,-0.09992589573757649,0.1095996761877228,0.125175322410652,-0.09440460584330013
29.2,-0.08581952755558037,-0.09154709167985964,0.1122443494288546,0.1189020155550244,-0.08610972432715047
29.21,-0.07776216089607241,-0.08338905623921888,0.114377889822836,0.1123623942201688,-0.07805295445651089
29.22,-0.06996685508466881,-0.07547675993975533,0.1160006623722679,0.1055921643765799,-0.07025808933984429
29.23,-0.06245536963126323,-0.06783314081734343,0.1171152209863187,0.09862659141600527,-0.06274687197318185
29.24,-0.05524737967251089,-0.06047906154826765,0.117726240457204,0.09150026923976096,-0.05553896111634654
29.25,-0.04836045470641374,-0.0534332806668153,0.1178404430497867,0.08424692368117953,-0.04865191022959525
29.26,-0.04181004925631891,-0.04671243677078729,0.1174665213407308,0.07689924922555491,-0.04210115833476041
29.27,-0.03560950684753609,-0.04033104455696007,0.116615058675304,0.06948877743913812,-0.03590003163216798
29.28,-0.02977007214569442,-0.03430150150027556,0.1152984482162703,0.06204577508478887,-0.03005975470026206
29.29,-0.02430089719762395,-0.02863410399066879,0.1135308111284957,0.0545991695780158,-0.02458947012822277
29.3,-0.01920907782734083,-0.02333707176825311,0.1113279140821566,0.04717649921719413,-0.01949626548134659
29.31,-0.01449968743279772,-0.01841657954985076,0.1087070860553626,0.03980388550137354,-0.01478520657284843
29.32,-0.01017581543082746,-0.01387679481474702,0.1056871343997293,0.0325060248246456,-0.01045937611124903
29.33,-0.00623861027200126,-0.009719920812917116,0.102288260236943,0.02530619690346009,-0.006519916906855938
29.34,-0.002687326340028382,-0.005946243972162812,0.09853197333870384,0.01822628744575305,-0.002966078950277617
29.35,0.0004806258087206043,-0.002554185009050358,0.09444100654577953,0.01128682279648469,0.0002047301833108528
29.36,0.003269626262141072,0.0004596468107505025,0.09003922941799597,0.004507014574104184,0.002996892002547213
29.37,0.005685785755579178,0.003100396668272887,0.08535156025179258,-0.002095187380466546,0.005416521088837389
29.38,0.007736891946445487,0.005374904696226923,0.08040387511185687,-0.008503035120591362,0.007471406505130784
29.39,0.009432354803516332,0.007291644095356431,0.07522291243606061,-0.01470091689950792,0.009170950581441906
29.4,0.01078313474130152,0.008860656820530999,0.06983617230456796,-0.02067428661360993,0.01052610490260092
29.41,0.01180167557023885,0.01009348666292564,0.06427181051403308,-0.02640958926649112,0.01154930320703951
29.42,0.01250183401305761,0.01100310943844579,0.05855852872881684,-0.03189418339091565,0.01225439080749025
29.43,0.01289880525611466,0.01160385989599511,0.05272546264984429,-0.03711626153078024,0.0126565500685501
29.44,0.01300904401781468,0.01191135488462752,0.04680207004370895,-0.04206477012941112,0.01277222142474449
29.45,0.01285018059200603,0.0119424122689501,0.04081801973146604,-0.04672933044444172,0.0126190193984016
29.46,0.01244093125357226,0.01171496505869823,0.03480308167360863,-0.05110016235243497,0.01221564308025797
29.47,0.01180099797096949,0.01124797022334439,0.02878701752660051,-0.05516801305872931,0.01158178056825787
29.48,0.01095097566176049,0.01056131169615271,0.02279947067361277,-0.05892409274252536,0.0107380069210099
29.49,0.009912241942168869,0.009675697134911732,0.01686985468541458,-0.06236001901928068,0.009705675270965441
29.5,0.008706836958354081,0.008612548097452821,0.01102723928322979,-0.06546777179540975,0.008506800856676433
29.51,0.007357340205442086,0.007393883407472046,0.005300233038325053,-0.0682396596547008,0.007163937871102255
29.52,0.005886740196410467,0.006042195627049829,-0.000283137762014829,-0.07066829840390609,0.005700049180559497
29.53,0.004318297209287061,0.004580320712877839,-0.005695554383738144,-0.07274660187957105,0.004138369142639708
29.54,0.002675399527312246,0.003031301108889772,-0.01091053497968392,-0.0744677846405134,0.002502259937286422
29.55,0.0009814137801343967,0.001418242713939866,-0.01590256746008134,-0.07582537578914844,0.0008150620180648049
29.56,-0.0007404702138313438,-0.0002358336457414234,-0.02064724489314118,-0.07681324290812358,-0.0009000605141023521
29.57,-0.002467401162376935,-0.001908145418042961,-0.02512140199938162,-0.07742562497226713,-0.002620278620154293
29.58,-0.004177019891824551,-0.00357630519176666,-0.02930325097502273,-0.07765717308461328,-0.004323259936148238
29.59,-0.005847626790096152,-0.005218480041328077,-0.03317251466990412,-0.07750299795950111,-0.005987331940273788
29.6,-0.007458346647219245,-0.006813551996234235,-0.03671055504335619,-0.07695872319723485,-0.007591645169672645
29.61,-0.008989290350110202,-0.008341278133645491,-0.03990049480968544,-0.07602054352426918,-0.009116334851541563
29.62,-0.01042171325667075,-0.009782448665244692,-0.04272733025549658,-0.07468528727563817,-0.01054267920736895
29.63,-0.01173816842999972,-0.01111904128752572,-0.04517803335841952,-0.07295048244725766,-0.01185325261273595
29.64,-0.01292265286874316,-0.01233436999105347,-0.0472416415320856,-0.07081442563284579,-0.01303207175063953
29.65,-0.0139607448586153,-0.01341322648203014,-0.04890933350571181,-0.06827625308575463,-0.01406473288566967
29.66,-0.01483973123398879,-0.01434201236094079,-0.05017448996341556,-0.06533601302573999,-0.01493853841058013
29.67,-0.01554872213403071,-0.01510886023011582,-0.05103273762589616,-0.06199473817048562,-0.01564261087655694
29.68,-0.01607874639185688,-0.01570374196655566,-0.05148197554087097,-0.05825451734207843,-0.01616799281303466
29.69,-0.01642283897116139,-0.01611856249965515,-0.05152238256997133,-0.0541185649088462,-0.01650773077126588
29.7,-0.01657610814426017,-0.01634723757474921,-0.05115640547808542,-0.04959128679471198,-0.01665694218602698
29.71,-0.01653578388579682,-0.0163857541570559,-0.05038872761697905,-0.04467834183181751,-0.01661286383915839
29.72,-0.01630124686408398,-0.01623221232608585,-0.04922621885766276,-0.03938669734450406,-0.01637488092397443
29.73,-0.01587403726557868,-0.01588684771816007,-0.0476778680658213,-0.03372467801840134,-0.01594453594690359
29.74,-0.01525784294324329,-0.01535203379380828,-0.04575469996001336,-0.02770200730275041,-0.01532551695809031
29.75,-0.01445846664808382,-0.0146322634518275,-0.04346967860173767,-0.02132984078810929,-0.01452362487114611
29.76,-0.01348377312598402,-0.01373410980689987,-0.04083760001584491,-0.01462079116701942,-0.01354671990906747
29.77,-0.01234361428146314,-0.01266616630097217,-0.03787497651373639,-0.007588944499029193,-0.01240464749360431
29.78,-0.0110497332044393,-0.01143896668210298,-0.03459991518762401,-0.0002498675497747405,-0.01110914417365078
29.79,-0.009615652781981952,-0.01006488566166119,-0.0310319927801978,0.007379394046766907,-0.009673724459856647
29.8,-0.008056544413823519,-0.008558021205107402,-0.02719212875509575,0.01528032713538857,-0.008113549692575661
29.81,-0.006389080093925099,-0.006934059509750456,-0.02310245796295096,0.02343297235432362,-0.006445280313886137
29.82,-0.004631269496459658,-0.005210123906492337,-0.01878620388251417,0.03181595602139253,-0.004686913137601834
29.83,-0.002802283858811564,-0.00340460920803326,-0.01426755306740679,0.04040653333403643,-0.002857605409997022
29.84,-0.0009222686253730701,-0.001537003317227392,-0.009571531169697334,0.04918064373032571,-0.0009774876252097719
29.85,0.0009878530407023643,0.0003723018731990879,-0.004723880736080766,0.05811297930589271,0.0009325327998388477
29.86,0.002906582612608327,0.002302208121471194,0.0002490591428568334,0.06717706715655758,0.00285097477773899
29.87,0.00481205593470087,0.004231114766338195,0.005320471330394816,0.07634536640991485,0.00475599144234401
29.88,0.006682253922371088,0.006137126642733914,0.01046317734944591,0.08558938052153553,0.006625580352444815
29.89,0.008495211802836066,0.007998263657660487,0.0156497523982847,0.09487978515071593,0.008437793674959393
29.9,0.01022922713702223,0.009792669706855772,0.02085263879281662,0.1041865716109054,0.01017094604467145
29.91,0.01186306326119818,0.01149881865069963,0.02604425794091036,0.1134792055289694,0.0118038178601636
29.92,0.0133761460034174,0.01309571513809193,0.03119712093503513,0.1227267999651242,0.01331585186967377
29.93,0.0147487516530421,0.01456308816814195,0.03628393785281248,0.1318983018604036,0.01468734102372027
29.94,0.01596218431103,0.01588157540937574,0.04127772590348511,0.1409626903078759,0.01589960572083093
29.95,0.01699894082342504,0.01703289645159517,0.04615191664195317,0.1498891848003212,0.01693515874525048
29.96,0.01784286058302091,0.0180000133429794,0.0508804625401591,0.1586474612996762,0.01777785638759621
29.97,0.01847926463423936,0.01876727696084701,0.05543794318849082,0.1672078737068398,0.01841303444727266
29.98,0.0188950746884202,0.01932055797460774,0.05979967125052088,0.175541678085425,0.01882762803499582
29.99,0.0190789152084797,0.01964736138021295,0.06394179802461053,0.1836212568081284,0.01901027432114033
30,0.01902119853141149,0.01973692381276781,0.06784141815128547,0.1914203396465323,0.01895139760653769
30.01,0.01871419191171425,0.0195802930742362,0.07147667275507669,0.1989142187114403,0.01864327632316093
30.02,0.01815206632199226,0.01917038954274919,0.0748268502180458,0.2060799540697861,0.01808009179886155
30.03,0.01733092706601982,0.01850204935530464,0.07787248388592716,0.2128965668163528,0.01725795883963083
30.04,0.01624882646794696,0.01757204947331192,0.08059544626830867,0.2193452163680267,0.01617493839155354
30.05,0.01490575871246294,0.01637911494736544,0.08297903961219488,0.2254093587815674,0.01483103273985265
30.06,0.01330363708781337,0.01492390889063583,0.0850080829812539,0.2310748829820271,0.01322816388190418
30.07,0.01144626022289534,0.01320900584704721,0.08666899605831635,0.2363302219381498,0.01137013587281704
30.08,0.009339257375556156,0.01123884939843722,0.08794987975746332,0.2411664360428459,0.009262582084750393
30.09,0.006990021279707897,0.009019694992805083,0.08884059340253797,0.2455772662588757,0.006912898443385052
30.1,0.004407628530317833,0.00655953909247281,0.08933282777971902,0.2495591549756939,0.004330163806492648
30.11,0.001602748356260681,0.003868035836165018,0.08942017291388937,0.2531112329919292,0.001525048730059708
30.12,-0.001412458913351233,0.0009564024828052631,0.08909817905631334,0.2562352715822599,-0.001490286072841462
30.13,-0.004624452344523762,-0.002162685042257417,0.0883644091673903,0.2589355992151961,-0.004702300235627288
30.14,-0.008018428490712007,-0.005475205144942152,0.08721848114124214,0.2612189831420726,-0.008096191839206401
30.15,-0.01157844654666859,-0.008965910736365823,0.08566209812068848,0.2630944767565876,-0.01165602174340041
30.16,-0.01528755752637005,-0.01261845521891436,0.0836990654604251,0.264573234305656,-0.01536484279664246
30.17,-0.01912793379295982,-0.01641552293996057,0.08133529320309857,0.2656682951942143,-0.01920483260239897
30.18,-0.02308100650675746,-0.02033896280319147,0.0785787833455287,0.2663943407494834,-0.02315742856514491
30.19,-0.0271276018638424,-0.02436992377503561,0.07543960168928349,0.2667674268805162,-0.02720346399572243
30.2,-0.03124807712658742,-0.02848899108323188,0.07192983465176772,0.2668046965787658,-0.03132330412380074
30.21,-0.03542245548834496,-0.03267632197477238,0.06806353196933557,0.2665240766536054,-0.03549698094236359
30.22,-0.0396305587831813,-0.03691177998013251,0.06385663662407337,0.2659439634851976,-0.03970432589432238
30.23,-0.04385213714331834,-0.04117506671834359,0.05932690344361868,0.2650829029089441,-0.04392509950289314
30.24,-0.04806699480355062,-0.04544585037190896,0.05449380759575012,0.2639592696221204,-0.0481391171440827
30.25,-0.05225511263363632,-0.04970389005985976,0.04937844369304478,0.2625909517223484,-0.0523263702599972
30.26,-0.05639676253306536,-0.05392915543989774,0.04400341565911436,0.260995046144665,-0.05646714241456718
30.27,-0.06047261661666257,-0.05810194097532922,0.03839271719296478,0.2591875708516945,-0.06054211969735601
30.28,-0.06446385345126072,-0.06220297440760647,0.03257160282089205,0.2571831996383349,-0.06453249508517933
30.29,-0.06835225616284817,-0.06621351908005157,0.02656645010234437,0.2549950253202606,-0.06842006647395743
30.3,-0.07212030402892074,-0.07011546986104394,0.02040461423305656,0.2526343568558808,-0.07218732819350882
30.31,-0.07575125746695498,-0.07389144251434571,0.01411427666322573,0.2501105555640271,-0.07581755591424399
30.32,-0.07922923641946179,-0.07752485645846025,0.007724289225473191,0.2474309149953491,-0.07929488494593162
30.33,-0.08253929222044197,-0.08100001094466114,0.001264014786936662,0.2446005881449094,-0.08260438201323655
30.34,-0.08566747315657487,-0.08430215476334341,-0.00523683505402639,0.2416225645213897,-0.08573211066942971
30.35,-0.08860088529535315,-0.08741754966066489,-0.01174836492245479,0.2384976981114742,-0.08866519057696104
30.36,-0.09132774313924612,-0.09033352771143677,-0.01824066283374415,0.2352247855426216,-0.09139185094025248
30.37,-0.0938374181867284,-0.09303854294944447,-0.02468396876915868,0.2318006918599507,-0.09390147842086183
30.38,-0.09612048274421588,-0.09552221760101309,-0.03104884344449982,0.228220519457826,-0.09618465989684477
30.39,-0.09816874801650401,-0.09777538329915786,-0.03730633572749709,0.2244778140464719,-0.09823322044588345
30.4,-0.09997529780166954,-0.09979011767180523,-0.04342814695383024,0.2205648002928794,-0.1000402569347549
30.41,-0.1015345181603982,-0.1015597766964509,-0.04938679029423521,0.2164726391137101,-0.1016001675855714
30.42,-0.102842123402143,-0.1030790231950065,-0.05515574331180367,0.2121916985904017,-0.1029086778619397
30.43,-0.1038951786881668,-0.1043438518070492,-0.06070959191440384,0.2077118310895685,-0.1039628629759251
30.44,-0.1046921197455697,-0.105351610729758,-0.06602416406755196,0.2030226502684213,-0.1047611672603397
30.45,-0.1052327706762274,-0.106101020450545,-0.07107665190790069,0.1981138030188173,-0.1053034205816032
30.46,-0.1055183540543243,-0.1065921896264266,-0.07584572129440509,0.1929752328278348,-0.1055908518876668
30.47,-0.1055515032058238,-0.1068266281833847,-0.08031160833820405,0.1875974323087566,-0.1056260998957733
30.48,-0.1053362704884037,-0.1068072576196938,-0.08445620302432255,0.1819716836484453,-0.1054132208281553
30.49,-0.104878131934171,-0.1065384184005868,-0.08826312061813957,0.1760902863645251,-0.1049576930035475
30.5,-0.1041839884445169,-0.1060258742300082,-0.09171776206199705,0.1699467720756367,-0.1042664179913271
30.51,-0.103262163145031,-0.105276812882374,-0.09480736492742248,0.1635361060147735,-0.1033477179370664
30.52,-0.1021223944165938,-0.1042998431777991,-0.09752104661384531,0.156854874838658,-0.1022113285765248
30.53,-0.1007758240369971,-0.103104987592321,-0.09984984131307517,0.1499014599892994,-0.1008683873733454
30.54,-0.09923498060714572,-0.1017036699142777,-0.1017867317741808,0.1426761955232538,-0.09933141614740798
30.55,-0.09751375670050037,-0.1001086972927055,-0.1033266761592899,0.1351815090012197,-0.09761429750918044
30.56,-0.09562737390299808,-0.09833423597637625,-0.1044666294099173,0.127422043770552,-0.09573224438344163
30.57,-0.09359234728858815,-0.09639578001567861,-0.1052055577356736,0.119404760806562,-0.09370176189585877
30.58,-0.09142643913763426,-0.09431011219575425,-0.1055444442889005,0.1111390182220081,-0.09154060091005151
30.59,-0.08914860338828243,-0.09209525648986555,-0.1054862839363014,0.1026366266145773,-0.08926770254214755
30.6,-0.08677892044412623,-0.08977042136730395,-0.1050360653077805,0.0939118785961528,-0.08690313304511138
30.61,-0.08433852182095219,-0.08735593336084413,-0.104200738901519,0.08498155112474842,-0.0844680085459249
30.62,-0.08184950423101155,-0.08487316039421777,-0.102989170782164,0.07586487962277394,-0.08198440923416617
30.63,-0.07933483284172949,-0.08234442448936347,-0.1014120821431637,0.0665835032916422,-0.07947528273879734
30.64,-0.07681823578920502,-0.07979290361457869,-0.09948197558059618,0.05716138149721139,-0.07696433658856783
30.65,-0.07432408386316684,-0.07724252259513437,-0.09721304928872043,0.0476246815764988,-0.07447591982702839
30.66,-0.07187725717836869,-0.07471783318407849,-0.09462110055522632,0.03800163887806934,-0.07203489404215502
30.67,-0.0695030096684349,-0.07224388357844352,-0.0917234199703042,0.0283223902742501,-0.06966649426838889
30.68,-0.06722682042869817,-0.06984607786143449,-0.08853867774124502,0.01861878275595907,-0.0673961804210233
30.69,-0.06507423640829943,-0.06755002604997901,-0.08508680347777703,0.008924159030486878,-0.0652494801243747
30.7,-0.06307070754606385,-0.0653813856254305,-0.08138886080402136,-0.0007268777135864268,-0.06325182399099355
30.71,-0.06124141559347602,-0.06336569561914823,-0.07746691815079698,-0.01029871752702993,-0.06142837459437978
30.72,-0.05961109803841481,-0.06152820451005381,-0.07334391705889931,-0.01975501342529978,-0.05980385054770793
30.73,-0.05820386875200183,-0.05989369336503936,-0.06904353925061368,-0.02905896453815754,-0.05840234725144144
30.74,-0.05704304136950718,-0.05848629580921794,-0.06459007358581037,-0.03817361002015762,-0.0572471559996296
30.75,-0.05615094081416371,-0.05732931654414009,-0.06000828381097545,-0.0470621309757166,-0.05636058323504789
30.76,-0.05554872407466988,-0.05644505023004665,-0.05532327774958024,-0.05568815755702516,-0.05576377181441194
30.77,-0.05525620872649351,-0.05585460260995223,-0.05056037829496474,-0.06401607827820477,-0.05547652618517857
30.78,-0.0552917038422412,-0.05557771578101944,-0.0457449962784508,-0.07201134845541468,-0.05551714338370795
30.79,-0.05567184861255519,-0.05563259951675303,-0.04090250502054238,-0.07964079453833428,-0.05590225174105379
30.8,-0.05641146051008923,-0.05603577051383574,-0.03605811615312376,-0.08687291095886296,-0.05664665912754058
30.81,-0.05752339474447173,-0.05680190138046209,-0.03123675614686772,-0.09367814600859564,-0.0577632124826401
30.82,-0.05901841664375949,-0.05794368109779685,-0.02646294291548074,-0.1000291731910429,-0.05926267026393262
30.83,-0.06090508907060543,-0.05947168857346419,-0.02176066192674964,-0.1059011445011183,-0.0611535893115186
30.84,-0.06318968021453558,-0.06139428076803571,-0.01715324145942587,-0.111271922183278,-0.06344222746470102
30.85,-0.0658760704359851,-0.06371749671523663,-0.01266322702256018,-0.1161222857257782,-0.0661324630903129
30.86,-0.06896569432940744,-0.06644497857827075,-0.008312255488070686,-0.1204361111683668,-0.06922573249009856
30.87,-0.07245749914861745,-0.0695779106920742,-0.004120930126508049,-0.1242005202324539,-0.07272098595229348
30.88,-0.07634792012322408,-0.07311497733891487,-0.0001086983880893566,-0.1274059973147124,-0.07661466300391523
30.89,-0.08063087532856568,-0.07705233979666781,0.003706265178741452,-0.1300464729970692,-0.08090068720907234
30.9,-0.0852977802447112,-0.08138363298938911,0.007307168141024056,-0.1321193733907864,-0.0855704806485777
30.91,-0.09033758193446496,-0.08609998186217199,0.01067869874449096,-0.1336256353176118,-0.09061299801050932
30.92,-0.09573681257184061,-0.09119003739980691,0.01380711128548795,-0.1345696880025313,-0.09601478002308572
30.93,-0.1014796637046941,-0.09664003201373206,0.01668029621895062,-0.1349594025770322,-0.1017600257728993
30.94,-0.1075480800389491,-0.1024338538362487,0.01928783349001079,-0.1348060112394229,-0.1078306832749081
30.95,-0.1139218537821858,-0.1085531392862099,0.0216210280732429,-0.1341239983661758,-0.1142065574976273
30.96,-0.1205787574056058,-0.1149773831078053,0.02367292703607238,-0.1329309662000625,-0.1208654348982552
30.97,-0.1274946848592969,-0.1216840649347053,0.02543831764107485,-0.1312474779503563,-0.1277832233890278
30.98,-0.1346438059453666,-0.1286487912968844,0.02691370623877409,-0.129096881229889,-0.1349341065378836
30.99,-0.1419987336180165,-0.1358454518673098,0.02809727819577806,-0.1265051147330439,-0.1422907107036169
31,-0.1495307028212547,-0.1432463886409603,0.02898883993986429,-0.1235005009439866,-0.1498242837175124
31.01,-0.15720975940088,-0.1508225766487412,0.02958974522407154,-0.1201135274755737,-0.1575048836494978
31.02,-0.1650049575670108,-0.1585438147335173,0.02990280857156441,-0.1163766193982097,-0.1653015761364011
31.03,-0.1728845680336861,-0.1663789248534409,0.02993220925066392,-0.1123239046459202,-0.1731826387020192
31.04,-0.180816285862877,-0.1742959583276177,0.02968338896137457,-0.1079909743037334,-0.1811157704626677
31.05,-0.188767433749001,-0.1822624073999046,0.02916294585801721,-0.1034146393026414,-0.1890683055870482
31.06,-0.1967051863708646,-0.1902454204666015,0.02837852686650444,-0.09863268478913012,-0.1970074288646877
31.07,-0.2045967867398338,-0.1982120192931688,0.02733871970743196,-0.09368362320502166,-0.2049003917327598
31.08,-0.2124097611059217,-0.206129316534757,0.02605294570651828,-0.08860644691682273,-0.2127147271161549
31.09,-0.2201121310176134,-0.2139647318780634,0.02453135434867221,-0.08344038107555329,-0.2204184614501534
31.1,-0.2276726209284577,-0.2216862051402451,0.0227847205460544,-0.07822463727028628,-0.2279803222790004
31.11,-0.2350608597774605,-0.2292624046951613,0.02082434567499925,-0.07299816846161133,-0.2353699398571145
31.12,-0.2422475750240191,-0.2366629296449251,0.01866196353929034,-0.06779942564450231,-0.2425580412229636
31.13,-0.2492047837467198,-0.2438585042101369,0.01630965250069705,-0.06266611669209815,-0.2495166352689516
31.14,-0.2559059575829474,-0.2508211628707638,0.01377975505056989,-0.05763496787072003,-0.2562191873945011
31.15,-0.2623261829167258,-0.2575244248510868,0.01108480604956208,-0.05274148858941591,-0.2626407824040802
31.16,-0.2684423171639724,-0.2639434566102541,0.00823747071002956,-0.04801974005137066,-0.2687582743975591
31.17,-0.2742331243660035,-0.2700552210795012,0.005250493120804278,-0.04350210860620318,-0.2745504224970683
31.18,-0.2796793955426366,-0.2758386124814287,0.002136655715498592,-0.03921908475798297,-0.2799980113625039
31.19,-0.2847640528787036,-0.2812745756762826,-0.001091250419318013,-0.03519904895990239,-0.2850839555666813
31.2,-0.2894722369477609,-0.2863462091037362,-0.004420445075168145,-0.03146806551958292,-0.2897933870305828
31.21,-0.2937913763164111,-0.2910388505245574,-0.007838169568243458,-0.02804968614511566,-0.2941137248582282
31.22,-0.2977112394889593,-0.2953401449125999,-0.01133169034060072,-0.02496476487740357,-0.2980347270587437
31.23,-0.3012239747601482,-0.2992400940025831,-0.01488829782644929,-0.02223128637423155,-0.301548523798836
31.24,-0.3043241091560868,-0.3027310871605224,-0.01849530322221987,-0.01986420972952074,-0.3046496319905572
31.25,-0.3070085488318655,-0.3058079134102699,-0.02214003594158509,-0.01787533021850007,-0.3073349511855354
31.26,-0.3092765600091952,-0.3084677546186439,-0.02580984446476009,-0.01627316154459679,-0.3096037409155568
31.27,-0.3111297278430914,-0.3107101600118602,-0.02949210299415722,-0.01506284131190394,-0.3114575797888712
31.28,-0.3125718975161983,-0.3125370023653369,-0.03317422581747664,-0.01424606254145677,-0.3129003068191192
31.29,-0.313609098206656,-0.3139524163757667,-0.03684369059075876,-0.01382103407204471,-0.3139379456279262
31.3,-0.3142494507335158,-0.3149627198870344,-0.04048807094864409,-0.01378247261942256,-0.3145786123200273
31.31,-0.3145030598334025,-0.3155763187979318,-0.04409507800582391,-0.01412162909567843,-0.3148324079796318
31.32,-0.3143818937449716,-0.315803596627983,-0.04765260951833616,-0.01482635149973849,-0.3147112968763934
31.33,-0.3138996537672673,-0.3156567898560407,-0.0511488048058506,-0.01588118627079554,-0.3142289715967365
31.34,-0.3130716110690194,-0.3151498502730469,-0.05457210306033111,-0.01726751944372207,-0.313400706430204
31.35,-0.3119144587300774,-0.3142982957035281,-0.05791130242266973,-0.01896375826153762,-0.3122432004388435
31.36,-0.3104461476875894,-0.3131190505483441,-0.06115561721281393,-0.02094555309699964,-0.3107744117197281
31.37,-0.3086857136810203,-0.3116302776815769,-0.06429473093897953,-0.02318605863743767,-0.3090133844355468
31.38,-0.3066530986031616,-0.3098512032959507,-0.06731884314967729,-0.02565623232957287,-0.3069800702348105
31.39,-0.3043689679113027,-0.3078019363335044,-0.07021870876388647,-0.02832516710731942,-0.304695145712037
31.4,-0.3018545257626535,-0.3055032841623779,-0.07298566913611054,-0.03116045448158578,-0.3021798275684862
31.41,-0.2991313295301403,-0.3029765661683377,-0.07561167469430741,-0.03412857320050511,-0.2994556871268214
31.42,-0.2962211085391451,-0.3002434269221618,-0.07808929945377346,-0.03719529792877863,-0.2965444658283627
31.43,-0.2931455818803302,-0.297325650561219,-0.08041174801653489,-0.04032612177539741,-0.2934678933007088
31.44,-0.2899262680886374,-0.2942449779845308,-0.08257285581802576,-0.04348668604027078,-0.290247509527357
31.45,-0.2865843229493558,-0.291022928405492,-0.08456708343020025,-0.04664321026322293,-0.2869044925809155
31.46,-0.2831403747779556,-0.2876806267353231,-0.08638950574869714,-0.04976291554568191,-0.2834594932990144
31.47,-0.2796143674459407,-0.2842386381858628,-0.08803579694958585,-0.05281443416890585,-0.2799324781886992
31.48,-0.276025412833977,-0.2807168113843591,-0.08950221222770627,-0.0557681987376244,-0.2763425817424525
31.49,-0.2723916537862662,-0.2771341311879597,-0.09078556749557953,-0.05859680441266757,-0.2727079692390106
31.5,-0.2687301385233193,-0.2735085822733537,-0.09188321835670404,-0.06127533823410503,-0.269045710986198
31.51,-0.2650567073493887,-0.2698570244596765,-0.09279303968867864,-0.06378167005066626,-0.2653716688428622
31.52,-0.2613858975993803,-0.2661950806009963,-0.09351340703264605,-0.06609670013792579,-0.2617003957342372
31.53,-0.2577308498345356,-0.2625370377605335,-0.09404318069338508,-0.06820455919008567,-0.2580450487512109
31.54,-0.2541032300435792,-0.2588957622527974,-0.09438169306246347,-0.07009275700303352,-0.2544173163000507
31.55,-0.2505131791833698,-0.2552826290137297,-0.09452873925422201,-0.07175227683716046,-0.2508273596467118
31.56,-0.2469692695078988,-0.2517074656337274,-0.09448457074569361,-0.07317761317841864,-0.2472837690796754
31.57,-0.2434784756096477,-0.2481785112652272,-0.09424989136643164,-0.07436675143668886,-0.2437935347981061
31.58,-0.2400461601754241,-0.244702390496791,-0.09382585470357074,-0.07532108906689228,-0.2403620325189499
31.59,-0.236676074338984,-0.2412841021698781,-0.09321406177549341,-0.07604529870057997,-0.2369930236874246
31.6,-0.2333703724078875,-0.2379270230038574,-0.09241655768614027,-0.07654713514713374,-0.2336886700710852
31.61,-0.2301296408732834,-0.2346329257893551,-0.09143582589894128,-0.07683718955045754,-0.2304495624178152
31.62,-0.2269529476224478,-0.2314020118095889,-0.09027477875910428,-0.07692859552025194,-0.2272747627633179
31.63,-0.2238378837030472,-0.2282329570537084,-0.08893674295294657,-0.07683669361102641,-0.2241618598835335
31.64,-0.2207806341451538,-0.2251229716943343,-0.08742543876303671,-0.07657866198081109,-0.2211070373019892
31.65,-0.2177760625010986,-0.2220678722132773,-0.08574495233094115,-0.07617312229249895,-0.2181051531810119
31.66,-0.2148178018308003,-0.219062165474501,-0.08389970073904129,-0.07563973079566844,-0.215149831349123
31.67,-0.2118983559798712,-0.2160991439617707,-0.08189439054994557,-0.0749987649439498,-0.2122335626443123
31.68,-0.209009210259358,-0.2131709913203925,-0.07973397134814225,-0.07427071580806749,-0.2093478156843369
31.69,-0.2061409505715288,-0.2102688972685386,-0.07742358657784754,-0.07347589594115289,-0.2064831561106293
31.7,-0.2032833899658246,-0.207383180874082,-0.07496852436561202,-0.07263407130417576,-0.2036293732917736
31.71,-0.200425702739424,-0.2045034211288141,-0.07237417101042282,-0.07176412447672731,-0.2007756134161737
31.72,-0.1975565686453065,-0.2016185936937279,-0.06964596953139268,-0.07088375480225961,-0.1979105178515437
31.73,-0.1946642977240624,-0.1987172126373944,-0.06678938525332195,-0.07000921949219391,-0.1950223656018473
31.74,-0.191736983603134,-0.1957874759441846,-0.06380987998975701,-0.0691551181673592,-0.1920992186506592
31.75,-0.1887626526740655,-0.1928174135301089,-0.06071289595638873,-0.06833422194130928,-0.1891290689444599
31.76,-0.1857294111043816,-0.1897950364716744,-0.0575038500694397,-0.06755734699946159,-0.1860999857407504
31.77,-0.1826255908948748,-0.1867084861284036,-0.05418813874012041,-0.06683327171097286,-0.1830002620250453
31.78,-0.1794398936751155,-0.183546181823995,-0.05077115272518917,-0.06616869560405264,-0.1798185586887664
31.79,-0.1761615309284683,-0.180296965745588,-0.04725830113750962,-0.065568237996184,-0.1765440451575879
31.8,-0.1727803593471282,-0.1769502437257883,-0.04365504343839977,-0.06503447364634035,-0.173166535168197
31.81,-0.1692870130703676,-0.1734961205880102,-0.03996692812055647,-0.06456800243817812,-0.1696766164112169
31.82,-0.1656730275051228,-0.1699255287620137,-0.0361996367420877,-0.06416754977411465,-0.1660657727905379
31.83,-0.1619309357120341,-0.166230348914012,-0.03235903183011274,-0.06383009403952244,-0.1623264980947514
31.84,-0.1580543834095155,-0.1624035213855547,-0.0284512068224434,-0.06355101717995792,-0.1584523999357293
31.85,-0.1540382226613457,-0.1584391472995043,-0.02448253569755376,-0.06332427413382147,-0.1544382928827526
31.86,-0.1498785927983783,-0.1543325782712398,-0.02045971948838965,-0.06314257660003691,-0.1502802798081548
31.87,-0.1455729886730995,-0.1500804937590893,-0.0163898268030826,-0.06299758642253295,-0.1459758205620899
31.88,-0.1411203154846671,-0.145680965199471,-0.01228032597461565,-0.0628801137679697,-0.1415237872091866
31.89,-0.1365209295407241,-0.1411335061975181,-0.008139107428175363,-0.06278031528300831,-0.1369245051880041
31.9,-0.1317766644627827,-0.1364391081811335,-0.003974495935214373,-0.06268788755786958,-0.132179779893967
31.91,-0.126890847970522,-0.1316002610740626,0.0002047467658911617,-0.06259225150131587,-0.1272929083368506
31.92,-0.1218682922938947,-0.126620958699928,0.004389428161110098,-0.06248272364929924,-0.1222686756829278
31.93,-0.1167152655489164,-0.1215066887934055,0.008569939235473278,-0.06234867098230057,-0.1171133366578839
31.94,-0.1114394688468518,-0.1162644076653863,0.01273627645357539,-0.06217964650864355,-0.1118345819573348
31.95,-0.1060499879442241,-0.1109024997445477,0.01687807147644338,-0.06196550366774539,-0.1064414899847471
31.96,-0.1005572306252027,-0.1054307223956097,0.02098462895254849,-0.06169648847925624,-0.1009444644096311
31.97,-0.09497285059700976,-0.099860136592203,0.02504497282114226,-0.0613633092259126,-0.09535515820876794
31.98,-0.08930965873054914,-0.09420302419615878,0.02904790140558228,-0.06095718417200241,-0.08968638501812598
31.99,-0.08358152263474873,-0.0884727927618949,0.03298205115920816,-0.06046986823481815,-0.08395201877948211
32,-0.07780325578569745,-0.08268386894107105,0.03683596833419828,-0.05989365957923815,-0.07816688281163575
32.01,-0.07199050419730159,-0.07685158170574047,0.04059818721042308,-0.0592213869225211,-0.07234662956854981
32.02,-0.06615960477187259,-0.07099203673518767,0.04425731299721236,-0.05844637823697424,-0.06650761246374381
32.03,-0.06032745217889454,-0.06512198342055942,0.04780210721553413,-0.05756241186764993,-0.06066675123944698
32.04,-0.05451136582873805,-0.0592586760306274,0.05122157331174848,-0.05656365197449564,-0.0548413924387493
32.05,-0.0487289471645921,-0.05341973065060796,0.05450504039754356,-0.05544457147772952,-0.04904916659755892
32.06,-0.0429979353467345,-0.04762297955312655,0.05764224325670964,-0.05419986694386436,-0.04330784380954017
32.07,-0.03733606299784424,-0.04188632468524478,0.06062339701185776,-0.05282437073763713,-0.03763518933045779
32.08,-0.0317609136667787,-0.0362275919577682,0.06343926504981606,-0.0513129661027234,-0.03204882087803457
32.09,-0.02628978263351142,-0.03066438800187293,0.06608121897476593,-0.04966051062549903,-0.02656606924954619
32.1,-0.02093954318347464,-0.02521396101366163,0.06854128955915018,-0.0478617728870242,-0.0212038438222969
32.11,-0.01572652297520698,-0.0198930672395618,0.07081220798138821,-0.04591138615328033,-0.01597850442247412
32.12,-0.01066637151134669,-0.01471784456547237,0.07288743714138418,-0.04380382182260872,-0.01090574094696894
32.13,-0.005773955421094551,-0.009703694561443821,0.07476119353217903,-0.04153338416080088,-0.006000462001880202
32.14,-0.001063259852470289,-0.004865174203266487,0.07642846092902811,-0.03909422670895613,-0.001276693682589036
32.15,0.003452701549767782,-0.0002158983447691498,0.07788499784976621,-0.03648038972233364,0.003252510534555941
32.16,0.007761964756566439,0.004231546147949794,0.07912734110912628,-0.03368585713835998,0.007575147987168795
32.17,0.01185368093382257,0.00846567386426722,0.08015280765587623,-0.0307046309067201,0.01168033248590528
32.18,0.01571816905300317,0.01247616136790425,0.08095949623322207,-0.02753082006134566,0.01555834700244663
32.19,0.01934695529108703,0.01625389440875469,0.08154628943035908,-0.02415874168264975,0.01920068314373868
32.2,0.02273279844750913,0.01979100166646575,0.08191285571073814,-0.02058303088829916,0.02260006736426595
32.21,0.02586970253615959,0.0230808750622043,0.08205965030177381,-0.01679875718943957,0.02575047406189857
32.22,0.02875292232655881,0.02611817686965168,0.08198791356010748,-0.01280154493060165,0.0286471258922677
32.23,0.0313789466782524,0.02889883404427895,0.08169966556804747,-0.008587696058751093,0.03128648181910931
32.24,0.03374547468404968,0.03142002036844532,0.08119769614113975,-0.00415431408850353,0.03366621359044697
32.25,0.03585138161959456,0.03368012717640417,0.08048554997441221,0.0005005712247312943,0.03578517149005733
32.26,0.03769667516035682,0.03567872357591972,0.07956750719046035,0.005377878417820614,0.03764334035788652
32.27,0.03928244298407579,0.03741650721988382,0.07844855998343742,0.01047734757916557,0.03924178699950831
32.28,0.04061079298395859,0.03889524680021816,0.07713438632617087,0.01579741174488691,0.04058260021126525
32.29,0.04168478740334217,0.0401177175352867,0.07563132180365995,0.0213350660940671,0.04166882473268307
32.3,0.04250837235743421,0.04108763099924356,0.07394633056893102,0.02708573523960917,0.04250439049953886
32.31,0.04308630468246903,0.04180956069562025,0.07208697623088961,0.03304313988503593,0.04309403860864058
32.32,0.04342407526620834,0.04228886480665373,0.07006139324379063,0.03919916532078344,0.04344324541817168
32.33,0.04352783232781337,0.0425316075541019,0.0678782591399002,0.04554373550511781,0.04355814619512377
32.34,0.04340430633291761,0.04254448058629667,0.06554676777489454,0.05206469762890847,0.0434454596839921
32.35,0.04306073711301812,0.04233472576049602,0.06307660365167017,0.05874772292097591,0.04311241490913248
32.36,0.04250480440912321,0.04191006061987063,0.06047791733573477,0.06557622987062128,0.04256668143795517
32.37,0.04174456295902885,0.04127860777192038,0.05776130194346518,0.07253133594630001,0.04181630422480753
32.38,0.04078838312057944,0.04044882926057902,0.05493777063912297,0.07959184326639401,0.04086964402785154
32.39,0.03964489788014298,0.03942946688951421,0.05201873498101378,0.08673426259189532,0.03973532424548243
32.4,0.03832295892598042,0.03822948930098702,0.0490159837687385,0.09393287857917915,0.03842218485754401
32.41,0.03683159571595584,0.03685804644608975,0.04594166172098857,0.1011598576062412,0.03693924398241138
32.42,0.03517998344924151,0.03532443190178058,0.04280824685340295,0.1083853978292415,0.03529566737706213
32.43,0.03337742265835021,0.03363805330206199,0.03962852491723545,0.1155779195859898,0.03350074601680048
32.44,0.03143332496441924,0.03180841095853681,0.03641555890853909,0.1227042929553629,0.03156388169774826
32.45,0.02935720654905056,0.02984508455293255,0.03318265172528179,0.1297300982795833,0.0294945804120465
32.46,0.02715868890716594,0.02775772759388168,0.02994330069314782,0.1366199147865279,0.02730245305654194
32.47,0.02484750626407585,0.02555606914535091,0.02671114379837658,0.1433376320961011,0.02499722285398431
32.48,0.02243351886959755,0.02324992215790239,0.02349989869029767,0.1498467793102723,0.02258873869494116
32.49,0.01992673144435255,0.02084919757005987,0.02032329640033209,0.1561108665034976,0.02008699345196541
32.5,0.01733731871867374,0.01836392319855457,0.01719501199038109,0.1620937336765677,0.01750214617810181
32.51,0.01467564263277243,0.01580426630605281,0.01412859400771949,0.1677599025462354,0.0148445469824186
32.52,0.01195228044470496,0.01318055862525358,0.01113739392132129,0.1730749268634226,0.01212476327828593
32.53,0.009178052770239966,0.01050332253075448,0.008234495924741791,0.1780057372501745,0.009353606027780126
32.54,0.006364048277659684,0.007783296986105803,0.005432646800131335,0.1825209768034136,0.006542154559625257
32.55,0.003521645480950268,0.005031461854617003,0.002744185018117851,0.1865913239305049,0.003701778519540178
32.56,0.0006625302074631009,0.002259059149589127,0.0001809679130760911,0.1901897990670716,0.0008441555218629548
32.57,-0.002201292645140959,-0.0005223901858108504,-0.002245704352640543,0.1932920520974483,-0.002018716890040739
32.58,-0.005057494380739907,-0.003301075336264225,-0.004525169181619659,0.1958766274714057,-0.004874516299841036
32.59,-0.007893425196246043,-0.006064891805907136,-0.006647486977661654,0.197925204205596,-0.007710598720837902
32.6,-0.01069612460784848,-0.008801445941115149,-0.008603531543056098,0.1994228081903453,-0.01051401125309082
32.61,-0.01345235356352102,-0.01149806885553184,-0.01038508439181135,0.2003579945032929,-0.01327151505584601
32.62,-0.01614862365564958,-0.01414184067658691,-0.01198493097589148,0.2007229977671455,-0.01596961942537312
32.63,-0.01877124205055211,-0.01671962585734699,-0.01339695608430835,0.2005138489800826,-0.0185946275769765
32.64,-0.0213063695163205,-0.01921812010171875,-0.01461623531510631,0.1997304576886808,-0.02113269452041433
32.65,-0.0237400907047756,-0.02162390923789087,-0.01563911959034736,0.1983766588539142,-0.02356989719368169
32.66,-0.02605849660985844,-0.0239235401484581,-0.01646331012952468,0.1964602242652976,-0.02589231678418175
32.67,-0.02824777888175326,-0.02610360362974279,-0.01708792197880771,0.1939928388672585,-0.02808613292270778
32.68,-0.03029433542910031,-0.02815082881113296,-0.01751353492502689,0.1909900428539554,-0.03013772918814028
32.69,-0.03218488508935135,-0.03005218852147656,-0.01774223121515334,0.1874711408419341,-0.0320338091132587
32.7,-0.03390659355636384,-0.03179501474715196,-0.01777761982629578,0.1834590798236192,-0.03376152163889778
32.71,-0.03544721249319221,-0.03336712308899786,-0.01762484707664003,0.1789802979211884,-0.03530859472880321
32.72,-0.03679521485876108,-0.03475694489672909,-0.01729059324776316,0.1740645461871989,-0.03666347563517403
32.73,-0.03793993984828698,-0.03595366554364959,-0.01678305477871306,0.1687446858287205,-0.03781547609895319
32.74,-0.03887174109208553,-0.03694736710580354,-0.01611191162826675,0.1630564632656243,-0.03875492058350599
32.75,-0.03958213580082928,-0.03772917353186073,-0.01528827961112605,0.1570382653775411,-0.03947329547879092
32.76,-0.04006395265729054,-0.03829139623691419,-0.01432464782416709,0.1507308571606834,-0.03996339707916341
32.77,-0.04031147615209666,-0.03862767792809407,-0.01323480158602897,0.1441771038230651,-0.04021947603441101
32.78,-0.04032058499178827,-0.03873313237527715,-0.01203373155017307,0.1374216791166629,-0.0402373759033573
32.79,-0.040088881055985,-0.03860447777852294,-0.01073752981075171,0.1305107614628206,-0.0400146634044537
32.8,-0.03961581090696397,-0.03824016135727243,-0.009363273931154659,0.123491719199527,-0.03955074796018976
32.81,-0.03890277253051313,-0.03764047279635174,-0.0079288999138733,0.1164127860934145,-0.03884698817288607
32.82,-0.03795320404394131,-0.0368076442318791,-0.006453065199315711,0.1093227281421429,-0.03790678294933342
32.83,-0.03677265714357436,-0.0357459345470601,-0.00495500281246497,0.1022705026677535,-0.0367356451107323
32.84,-0.03536885101946072,-0.0344616958738187,-0.003454367752917242,0.09530491078669961,-0.03534125548199407
32.85,-0.03375170492296412,-0.03296342036090805,-0.001971076650089165,0.0884742445477037,-0.03373349564932615
32.86,-0.03193334780778202,-0.03126176547117088,-0.000525141611066815,0.08182593035333224,-0.03192445780540087
32.87,-0.02992810372924524,-0.02936955630795218,0.0008635008815633949,0.07540617071215794,-0.02992843036476084
32.88,-0.02775245198791687,-0.02730176374020832,0.002175165170009763,0.06925958687944495,-0.0277618583251511
32.89,-0.02542496179780945,-0.02507545739381278,0.003390594787006207,0.06342886549769849,-0.02544327766972093
32.9,-0.02296619990782967,-0.02270973289864309,0.004491142891378253,0.05795441289768921,-0.02299322344589333
32.91,-0.02039861132448546,-0.02022561312243093,0.005458953457770588,0.05287402121449736,-0.020434111514749
32.92,-0.0177463750119954,-0.01764592347828392,0.006277141662936914,0.04822255086151095,-0.0177900943344047
32.93,-0.01503523437194692,-0.01499514175841554,0.006929971680813496,0.0440316341438432,-0.01508689151686043
32.94,-0.01229230361452348,-0.01229922331719141,0.00740302990307462,0.04032940484826258,-0.01235159627413618
32.95,-0.009545851510458368,-0.009585402796684517,0.007683391450557853,0.0371402585003735,-0.009612459240300519
32.96,-0.006825064372443793,-0.006881973952325149,0.007759777733506334,0.03448464762876158,-0.0068986515151781
32.97,-0.004159790456588268,-0.004218049488871611,0.007622702752907828,0.03237891583211966,-0.004240009117170818
32.98,-0.001580268575706614,-0.001623303152004651,0.007264605815191671,0.03083517373493494,-0.00166676135086774
32.99,0.0008831550923278381,0.0008723033669600921,0.006679968372983403,0.02986121907538763,0.000790754115544523
33,0.003200326454860219,0.003238805872131545,0.005865412827263605,0.02946050223737673,0.003102386412688563
33.01,0.005341584141181367,0.005446532359699219,0.004819781350899111,0.0296321375607681,0.005238473605180594
33.02,0.007278064436865423,0.007466403672542476,0.003544193123445616,0.03037095978298521,0.007170148358659034
33.03,0.008982006754793187,0.009270236655335995,0.002042078779312728,0.03166762401978407,0.008869643569745955
33.04,0.01042705541502918,0.01083104624188502,0.0003191913175922267,0.03350874681751653,0.010310594311016
33.05,0.01158855405547588,0.01212334284342215,-0.00161640685655956,0.03587708503076537,0.0114683324143563
33.06,0.01244382901850699,0.01312342138989869,-0.003754380736649798,0.03875174861940428,0.01232017003913499
33.07,0.01297245813377632,0.01380963840779792,-0.006082183070676372,0.04210844293280858,0.01284566864612818
33.08,0.01315652045009642,0.01416267360015072,-0.008585137754010819,0.04591973566591923,0.01302688992376516
33.09,0.01298082468718961,0.01416577252846968,-0.01124654553297022,0.05015534343693429,0.01284862538811166
33.1,0.01243312000082518,0.01380496718082574,-0.01404781104364855,0.05478243284964046,0.01229860159977869
33.11,0.01150427023448877,0.01306927144206282,-0.01696858990092465,0.05976593096127181,0.01136765820654412
33.12,0.01018840169132637,0.01195084875692343,-0.01998695417913321,0.06506884027173709,0.01004989632586301
33.13,0.008483019439836988,0.01044514958993592,-0.02307957419932305,0.07065255367075057,0.008342795122254498
33.14,0.006389090050804911,0.008551016632691866,-0.02622191407750141,0.07647716521123438,0.006247294805653114
33.15,0.003911089387748215,0.006270756085817064,-0.02938843802843033,0.08250177310197343,0.003767844672882992
33.16,0.001057014488744464,0.003610173747655154,-0.03255282401841408,0.08868477190876956,0.0009124152294571752
33.17,-0.002161640993956441,0.000578575073587495,-0.03568818109825006,0.09498413159718699,-0.002307526142821426
33.18,-0.005729949922483603,-0.002811271178204511,-0.03876726670627989,0.1013576617157324,-0.005877076071755138
33.19,-0.009629647256853167,-0.006543205652431605,-0.04176270046268671,0.1077632596790379,-0.009777992297241411
33.2,-0.01383925874857879,-0.01059778698643754,-0.04464717147511532,0.1141591427399269,-0.01398882622231523
33.21,-0.01833427174449939,-0.01495243544943814,-0.04739363687810927,0.1205040638119441,-0.01848508972428264
33.22,-0.02308733487325081,-0.01958161040086176,-0.04997551013316037,0.1267575117980719,-0.02323945463332433
33.23,-0.02806848835377774,-0.02445701987687326,-0.05236683841592837,0.1328798974789039,-0.02822198290307498
33.24,-0.03324542263926115,-0.02954786016318622,-0.05454246912730626,0.1388327263019805,-0.03340038514074195
33.25,-0.03858376273690461,-0.03482108285673763,-0.05647820612997489,0.1445787595867237,-0.03874030483739643
33.26,-0.04404737525083544,-0.04024168664466843,-0.05815095670000547,0.1500821657161494,-0.04420562534587291
33.27,-0.04959869497304954,-0.04577303077904193,-0.05953887037691868,0.155308662833186,-0.04975879639714365
33.28,-0.05519907082508583,-0.0513771669835531,-0.06062147088953912,0.1602256544069941,-0.05536117672868979
33.29,-0.06080911540109939,-0.05701518631273261,-0.06137978213755274,0.1648023587985414,-0.06097338922209861
33.3,-0.06638906848394419,-0.06264757731187021,-0.06179644884998892,0.169009933652608,-0.06655568481322921
33.31,-0.07189916858570392,-0.06823459170075763,-0.0618558520750877,0.1728215955945963,-0.0720683113476715
33.32,-0.07730002281957866,-0.07373661372453422,-0.06154421915140706,0.1762127353334775,-0.07747188350706069
33.33,-0.08255297394474065,-0.07911452927916734,-0.06084972734236671,0.1791610278844478,-0.08272774992803716
33.34,-0.08762046074570062,-0.08433009092803323,-0.05976259994800254,0.1816465372413615,-0.08779835367446565
33.35,-0.09246636798861543,-0.08934627497965719,-0.05827519347672022,0.1836518144628422,-0.09264758230411446
33.36,-0.09705636231809615,-0.09412762689361881,-0.05638207437326187,0.1851619877979511,-0.09724110389173657
33.37,-0.1013582110161515,-0.09864059141890824,-0.05408008383588042,0.1861648431770381,-0.1015466855298045
33.38,-0.1053420833350361,-0.1028538240440008,-0.05136838937466282,0.1866508931398675,-0.1055344910238902
33.39,-0.1089808153019848,-0.1067384805472033,-0.04824852191465429,0.1866134320755967,-0.1091773547296593
33.4,-0.1122501598028476,-0.1102684816774213,-0.04472439738598377,0.1860485755174365,-0.1124510287400285
33.41,-0.1151290061977145,-0.1134207502667336,-0.04080232183756766,0.184955281179676,-0.1153344009215675
33.42,-0.117599566894416,-0.1161754183747411,-0.03649097915576949,0.1833353494574546,-0.1178096816156718
33.43,-0.1196475307405541,-0.1185160023882436,-0.03180140049454644,0.1811934012410257,-0.1198625571593419
33.44,-0.1212621817498253,-0.1204295443454028,-0.02674691459778089,0.1785368311359588,-0.1214823087392612
33.45,-0.1224364820535565,-0.1219067181182372,-0.02134307841362987,0.1753757345351655,-0.1226618954677278
33.46,-0.1231671183559953,-0.1229418994675331,-0.01560758785517014,0.1717228074600988,-0.1233980009564062
33.47,-0.1234545129398175,-0.1235331993761283,-0.009560169287014031,0.1675932186733402,-0.1236910430598466
33.48,-0.1233027992715681,-0.1236824604659278,-0.003222453252129553,0.1630044542520188,-0.1235451468615161
33.49,-0.1227197477081263,-0.1233952167064021,0.003382167069147735,0.1579761355825516,-0.1229680813765993
33.5,-0.1217166727993079,-0.1226806170235037,0.01022868937803528,0.1525298125651285,-0.1219711608438489
33.51,-0.1203083013215284,-0.12155131381358,0.01729066404201945,0.1466887346663281,-0.1205691118690768
33.52,-0.1185126069306994,-0.1200233177534203,0.02454036047640634,0.1404776032896957,-0.1187799080611524
33.53,-0.116350614322235,-0.1181158206711838,0.03194893491697276,0.1339223097018431,-0.116624574163202
33.54,-0.1138461752429395,-0.115850988599736,0.03948659711176278,0.1270496634101544,-0.114126962022716
33.55,-0.1110257190152939,-0.1132537274692763,0.04712277427859302,0.1198871163946013,-0.1113135010602005
33.56,-0.1079179805209247,-0.1103514242051161,0.05482627142068164,0.1124624889147439,-0.1082129261825863
33.57,-0.104553712193224,-0.1071736662741595,0.06256542767177692,0.1048037027181346,-0.1048559863407938
33.58,-0.1009653754547907,-0.1037519429659361,0.07030826872547291,0.09693852735603303,-0.1012751371468608
33.59,-0.09718681101053724,-0.1001193318972359,0.07802265560902671,0.08889434496863691,-0.097504221141411
33.6,-0.09325291862340816,-0.09631017439042266,0.08567643013141513,0.08069793835184513,-0.09357813943371579
33.61,-0.08919932436080578,-0.09235974349147513,0.09323755731462224,0.07237530638969703,-0.08953251852168331
33.62,-0.08506204662154977,-0.0883039084622903,0.1006742650445974,0.06395151007003302,-0.08540337613566262
33.63,-0.08087716501440469,-0.08417879960112024,0.1079551810790985,0.05545055133943988,-0.08122678993627153
33.64,-0.07668049585205775,-0.0800204772143272,0.1150494674334879,0.0468952860434777,-0.07703857283199378
33.65,-0.07250727790839423,-0.07586460848192622,0.1219269520293181,0.03830737118335048,-0.07287395856668888
33.66,-0.06839187192549383,-0.07174615582920801,0.1285582573243833,0.02970724574036138,-0.06876730106117057
33.67,-0.0643674839574343,-0.06769908023812254,0.1349149254399911,0.02111414340796447,-0.06475179077813276
33.68,-0.0604658918278068,-0.0637560627065592,0.1409695390682797,0.01254613475479838,-0.06085919111810956
33.69,-0.05671720045880089,-0.05994824679282629,0.1466958372061203,0.004020195640811242,-0.05711959754905277
33.7,-0.05314963367375575,-0.05630500486897616,0.1520688245671278,-0.004447701863040887,-0.05356122182747602
33.71,-0.04978934560746361,-0.05285373035322594,0.1570648734206884,-0.01284248023349854,-0.05021020328936604
33.72,-0.04666026072291758,-0.0496196578030646,0.1616618166368411,-0.02114983340149801,-0.04709044878005142
33.73,-0.04378394356878498,-0.04662571233213098,0.1658390308928993,-0.02935609441599879,-0.04422350235962541
33.74,-0.04117949896257987,-0.04389238937260709,0.1695775093050795,-0.0374480984681258,-0.0416284454711835
33.75,-0.03886350282582341,-0.04143766534814242,0.1728599231437451,-0.04541304572963584,-0.03932182780013299
33.76,-0.03684996400391732,-0.03927693935799659,0.1756706727173796,-0.05323836817612854,-0.03731762859154542
33.77,-0.03515032475132451,-0.03742300550913524,0.1779959279081073,-0.06091160416002617,-0.03562724773662362
33.78,-0.03377346001526226,-0.03588605507712972,0.1798236591555911,-0.06842028398868083,-0.03425952549648381
33.79,-0.03272572941238758,-0.03467370723618679,0.1811436598760362,-0.07575182917244117,-0.03322078930931838
33.8,-0.03201105427848493,-0.03379106668097387,0.1819475613543552,-0.082893467364753,-0.03251492573292586
33.81,-0.03163101223734793,-0.03324080607496382,0.1822288410826723,-0.08983216435446406,-0.03214347521551419
33.82,-0.03158495192827324,-0.03302327090849266,0.1819828253949917,-0.09655457382545451,-0.03210574707015063
33.83,-0.03187012499857751,-0.03313660404052587,0.1812066871396544,-0.1030470050068615,-0.03239895175796881
33.84,-0.03248183225040903,-0.03357688693682692,0.1798994390942291,-0.109295407831782,-0.03301834736722736
33.85,-0.03341358067040404,-0.03433829440834757,0.1780619238705631,-0.115285374830233,-0.033957397013609
33.86,-0.03465725030069217,-0.03541325950145335,0.1756968011346575,-0.1210021587197548,-0.03520793378492182
33.87,-0.03620327068380449,-0.03679264509975144,0.1728085329983429,-0.1264307045278177,-0.03676032981234323
33.88,-0.03804076449846236,-0.03846591876843841,0.1694033683632118,-0.1315556950727099,-0.03860366607168259
33.89,-0.04015772763977236,-0.04042132740804277,0.1654893268066187,-0.1363616087187886,-0.04072589960130335
33.9,-0.04254119317950283,-0.04264606838449564,0.1610761823636508,-0.1408327884715102,-0.04311402496693323
33.91,-0.04517738369255363,-0.0451264539644024,0.1561754473845638,-0.1449535216457528,-0.04575422700502468
33.92,-0.04805185213162458,-0.04784806610386555,0.1508003566030794,-0.1487081294864985,-0.04863202213176726
33.93,-0.05114960884810092,-0.050795898911074,0.1449658516009736,-0.1520810662109975,-0.05173238580983874
33.94,-0.05445523270666129,-0.05395448642067568,0.1386885658541469,-0.155057026956107,-0.05503986411353345
33.95,-0.05795296462761414,-0.05730801367634031,0.1319868103221143,-0.1576210640498409,-0.05853866771875182
33.96,-0.06162678749765227,-0.0608404095104883,0.1248805590104976,-0.159758710893713,-0.06221274706036656
33.97,-0.06546048146716277,-0.06453541983151673,0.1173914331627317,-0.1614561125652435,-0.06604584783781481
33.98,-0.06943763719370913,-0.06837666067213272,0.1095426819230163,-0.1627001620562318,-0.07002154650239545
33.99,-0.07354168762858763,-0.07234765070993399,0.1013591566952473,-0.1634786408790765,-0.07412326581853979
34,-0.07775590485382737,-0.07643182343459481,0.09286727618367585,-0.1637803626206743,-0.07833427104742674
34.01,-0.08206337762984102,-0.08061251959568666,0.08409497931259258,-0.1635953179112448,-0.08263764774693927
34.02,-0.08644697199843282,-0.08487296101275721,0.07507166384546982,-0.1629148192035145,-0.08701626260861506
34.03,-0.09088927676873994,-0.08919620725582317,0.06582810943009754,-0.1617316437172238,-0.09145270915247572
34.04,-0.09537253608020431,-0.09356509710295713,0.05639638480213943,-0.1600401728814507,-0.0959292404671675
34.05,-0.09987857156260918,-0.09796217704502896,0.04680973979189085,-0.1578365265887958,-0.1004276915091474
34.06,-0.1043887049060223,-0.1023696194296927,0.03710248344530703,-0.1551186905497819,-0.1049293937549123
34.07,-0.108883656849037,-0.1067691331115317,0.02730984991722463,-0.1518866349972228,-0.1094150852297334
34.08,-0.1133434471684776,-0.1111418696960286,0.01746785383697075,-0.1481424229391207,-0.1138648191104382
34.09,-0.1177473181920086,-0.115468328626655,0.00761313666659974,-0.1438903061014113,-0.1182578742159699
34.1,-0.1220736506379707,-0.119728264463321,-0.002217194718918292,-0.1391368066496333,-0.1225726707551857
34.11,-0.126299888065363,-0.1239005997391533,-0.01198573629433602,-0.1338907827455391,-0.1267866946955551
34.12,-0.1304024732641705,-0.1279633467667742,-0.02165496126817901,-0.1281634759959619,-0.1308764340490221
34.13,-0.1343567997581622,-0.1318935416990619,-0.03118739994503167,-0.1219685389013401,-0.1348173302430242
34.14,-0.138137181403989,-0.1356671940290016,-0.04054582433910697,-0.1153220405221071,-0.1385837475572838
34.15,-0.141716843069467,-0.1392592545291845,-0.04969343656941133,-0.1082424487609756,-0.1421489633631055
34.16,-0.1450679421905081,-0.1426436043785039,-0.05859405970362452,-0.1007505879114985,-0.145485181605121
34.17,-0.1481615907561218,-0.1457930679070738,-0.0672123293109767,-0.09286957044654109,-0.14856357161992
34.18,-0.1509679258738037,-0.1486794510229288,-0.07551388363919781,-0.08462470240719022,-0.1513543339967586
34.19,-0.1534562103481257,-0.1512736069774622,-0.08346555014737211,-0.0760433621912715,-0.153826794758248
34.2,-0.1555949561841426,-0.1535455306885788,-0.09103552615788235,-0.06715485301456148,-0.1559495286798512
34.21,-0.1573520775664237,-0.155464482375579,-0.09819355161079218,-0.05799022980778307,-0.1576905120826487
34.22,-0.158695073148953,-0.1569991407726889,-0.1049110722193987,-0.04858210179771072,-0.1590173049314227
34.23,-0.1595912369769894,-0.1581177856844713,-0.1111613916240516,-0.03896441248078675,-0.1598972615571393
34.24,-0.1600078968449479,-0.1587885091330233,-0.1169198113463304,-0.02917219911429447,-0.1602977688067023
34.25,-0.1599126791537423,-0.1589794538315226,-0.122163757444363,-0.01924133420906959,-0.1601865099116246
34.26,-0.1592738000611394,-0.1586590772091332,-0.1268728927995992,-0.009208251800448597,-0.1595317518683896
34.27,-0.1580603617450775,-0.157796438716356,-0.1310292139816683,0.000890338501516319,-0.1583026536449195
34.28,-0.1562426858512241,-0.1563615076651954,-0.1346171316895968,0.01101774652114784,-0.1564695920770929
34.29,-0.1537926555445855,-0.1543254884130001,-0.1376235338861116,0.02113760231809181,-0.1540045019042026
34.3,-0.1506840657621735,-0.1516611592895069,-0.1400378309437047,0.0312141594480434,-0.1508812260195985
34.31,-0.1468929794309392,-0.1483432213009614,-0.1418519824127905,0.04121259731481763,-0.1470758716891404
34.32,-0.1423980851375328,-0.1443486523294547,-0.1430605054005702,0.05109931922601829,-0.1425671682214307
34.33,-0.1371810515272455,-0.1396570622862381,-0.1436604649999795,0.06084224275544287,-0.1373368213657676
34.34,-0.1312268735656415,-0.1342510444793696,-0.1436514477049494,0.07041107901489008,-0.1313698595705944
34.35,-0.1245242065320245,-0.1281165183235211,-0.1430355192541495,0.07977759744968826,-0.1246549671609628
34.36,-0.1170656810220264,-0.1212430584560247,-0.1418171688166042,0.08891587280379665,-0.1171847994910302
34.37,-0.1088481908841047,-0.1136242053314895,-0.140003241824008,0.09780251096190445,-0.1089562751983459
34.38,-0.09987316224028522,-0.105257752448727,-0.1376028640239655,0.1064168504783723,-0.09997084083179819
34.39,-0.09014678609011972,-0.0961460055194997,-0.1346273594386946,0.1147411367558377,-0.09023470334372108
34.4,-0.07968021422310466,-0.08629600911794638,-0.1310901648366791,0.1227606660474071,-0.0797590262274982
34.41,-0.06848971493156514,-0.07571973665053366,-0.1270067430440743,0.1304638967300472,-0.06856008544188075
34.42,-0.05659678509124923,-0.0644342398560499,-0.1223944969413935,0.1378425256346199,-0.05665938168843571
34.43,-0.04402821566125099,-0.05246175447858648,-0.1172726853386793,0.1448915276182448,-0.04408370609353235
34.44,-0.03081610819254629,-0.03982975924801085,-0.1116623411572217,0.1516091570233306,-0.03086515688488006
34.45,-0.01699784086732628,-0.02657098584503736,-0.1055861915495008,0.1579969101778555,-0.01704110523752322
34.46,-0.002615981177889837,-0.01272337811471719,-0.09906857884943737,0.1640594486444693,-0.002654109086748291
34.47,0.012281852982138,0.001670000585103693,-0.09213538063917026,0.1698044835104074,0.01224822564312122
34.48,0.02764318343314656,0.01656111236253299,-0.08481392680908539,0.1752426216124541,0.02761343627479806
34.49,0.04341091491644875,0.03189714188930409,-0.07713291134352551,0.1803871751952651,0.04338444628070381
34.5,0.05952362847750207,0.04762074472932637,-0.06912229678912624,0.1852539370892847,0.05949985837688498
34.51,0.07591592287362023,0.06367034533356281,-0.06081321007980811,0.1898609240472803,0.07589429566838957
34.52,0.09251880122722991,0.07998048247574785,-0.05223782964886076,0.1942280913774114,0.09249878806506368
34.53,0.109260099538898,0.0964821992698397,-0.04342926538798042,0.1983770224394293,0.1092412005789113
34.54,0.1260649531083605,0.1131034743139211,-0.03442143459600489,0.2023305969173905,0.126046699549783
34.55,0.1428562963217852,0.1297696899545934,-0.02524893808178436,0.2061126420428002,0.1428382523337947
34.56,0.1595553915491248,0.1464041331682161,-0.01594694070974995,0.2097475711214761,0.1595371555373869
34.57,0.1760823802713284,0.1629285241170684,-0.006551059914904844,0.2132600138317926,0.1760635864957557
34.58,0.1923568521956898,0.1792635670668921,0.002902735638379172,0.21667444283922,0.192337172383964
34.59,0.2082984264466754,0.1953295180526512,0.01237821665217759,0.2200148013502082,0.2082775711166753
34.6,0.2238273385260353,0.2110467634573168,0.02183897396350576,0.223304136352615,0.2238050580416798
34.61,0.2388650269840612,0.2263364035276006,0.03124849173359195,0.2265642425053165,0.238841112364572
34.62,0.253334713759652,0.2411208347923458,0.0405702163936949,0.2298153219814877,0.2533089972580032
34.63,0.2671619722455356,0.2553243253742309,0.04976762548933872,0.2330756660490946,0.2671343277070889
34.64,0.2802752772662572,0.2688735772913681,0.05880430102911399,0.2363613647576068,0.2802456203208786
34.65,0.2926065311310092,0.2816982700302637,0.06764401199295522,0.2396860517023726,0.2925748195940254
34.66,0.3040915624011768,0.2937315799310237,0.07625081023365293,0.2430606913007273,0.3040577954280467
34.67,0.3146705895917354,0.3049106702555818,0.08458914311553256,0.2464934161183831,0.3146348071115475
34.68,0.3242886473320176,0.315177147203698,0.09262398495190699,0.2499894212836673,0.324250929406482
34.69,0.3328959709925207,0.3244774775931143,0.1003209877741604,0.2535509217048431,0.3328564368848758
34.7,0.3404483362295616,0.3327633644212677,0.1076466503775432,0.2571771755585708,0.3404071431989508
34.71,0.3469073507049434,0.3399920770681624,0.1145685031301251,0.2608645744303361,0.346864692538327
34.72,0.3522406958308137,0.3461267334737662,0.1210553048521049,0.2646067968707865,0.352196801121605
34.73,0.356422316996428,0.3511365322197445,0.1270772472591271,0.2683950184867993,0.3563774471769147
34.74,0.3594325611131533,0.354996933054462,0.1326061620338769,0.2722181685948268,0.3593870084775849
34.75,0.3612582611263778,0.3576897850127523,0.1376157255090133,0.276063221431774,0.3612123471062961
34.76,0.3618927703699216,0.3592034018890595,0.1420816561481824,0.2799155092273162,0.3618468417147677
34.77,0.3613359423553843,0.3595325854148793,0.1459819004364969,0.283759045075558,0.3612903681189384
34.78,0.3595940611731558,0.3586785970612958,0.1492968033875587,0.2875768452146997,0.3595492296135055
34.79,0.3566797236375309,0.3566490799268507,0.1520092606041855,0.2913512425772946,0.3566360388985813
34.8,0.3526116753785198,0.3534579326732573,0.1541048496573899,0.2950641858327822,0.3525695539789073
34.81,0.3474146036629879,0.3491251379304116,0.1555719394224492,0.2986975202255013,0.3473744708175438
34.82,0.3411188900985923,0.3436765480030166,0.1564017768652079,0.3022332480909623,0.3410811758973411
34.83,0.3337603266910538,0.3371436310704096,0.1565885515333409,0.3056537679494455,0.3337254621613576
34.84,0.3253797986461565,0.3295631813773073,0.1561294386155173,0.3089420915925656,0.3253482120656597
34.85,0.3160229386693761,0.3209769971666598,0.1550246218521232,0.3120820387306158,0.3159950516831453
34.86,0.3057397572872993,0.3114315303077066,0.1532772978115763,0.315058408712161,0.3057159799447227
34.87,0.2945842505565663,0.3009775117230098,0.1508936631080413,0.3178571287044562,0.2945649771948535
34.88,0.282613992082954,0.2896695568148667,0.1478828860643088,0.3204653776410572,0.2825995972730116
34.89,0.2698897127447979,0.2775657551296139,0.1442570641542812,0.3228716852689284,0.2698805473133213
34.9,0.2564748722161593,0.2647272484754953,0.1400311683258741,0.3250660057905573,0.2564712593838415
34.91,0.2424352262935427,0.2512178016287159,0.1352229750371033,0.3270397658949463,0.2424374579680371
34.92,0.2278383938661203,0.2371033696306566,0.129852986563178,0.3287858873801294,0.2278467271276856
34.93,0.2127534271665019,0.2224516655044554,0.1239443398776166,0.3302987850500481,0.2127680809832557
34.94,0.1972503889691449,0.2073317320071612,0.1175227041992944,0.331574341074953,0.1972715409090799
34.95,0.1813999389638404,0.1918135207878316,0.1106161671470861,0.3326098574921991,0.181427722571798
34.96,0.1652729329428705,0.1759674820463241,0.1032551093639437,0.3334039889542928,0.1653074356467663
34.97,0.1489400376374281,0.1598641674870305,0.09547206746651193,0.3339566581736506,0.1489812987338732
34.98,0.13247136263457,0.1435738490424565,0.08730158524636411,0.334268956750532,0.1325193716671443
34.99,0.1159361115216134,0.1271661555094857,0.07878005319616932,0.3343430341954769,0.1159908070773161
35,0.0994022537833653,0.1107097289025343,0.06994553665599168,0.3341819779748887,0.09946352272866887
35.01,0.08293621864223281,0.09427190198779262,0.06083759315704101,0.3337896873309145,0.08300389581632373
35.02,0.06660261170469746,0.07791839812656176,0.05149707984700252,0.3331707434735875,0.0666764800830737
35.03,0.05046395504833446,0.06171305422773066,0.04196595215656479,0.3323302785359054,0.05054374630047687
35.04,0.03458045229411061,0.04571756729381921,0.03228705504579166,0.331273845442749,0.03466584636187242
35.05,0.01900977256458601,0.02999126474614155,0.02250390820247938,0.3300072905915704,0.0191004009592054
35.06,0.003806861933423648,0.01459089843637118,0.01266048645314821,0.3285366309918524,0.003902310564462552
35.07,-0.01097622237739657,-0.0004295380011560823,0.002800996469521366,0.3268679372718549,-0.01087641078686041
35.08,-0.02529045655083209,-0.01501896902571886,-0.007030349234208422,0.3250072237407341,-0.02518677960639371
35.09,-0.0390899734605674,-0.02912937505511831,-0.01678955985425545,0.3229603464930485,-0.03898296581579958
35.1,-0.05233216567236853,-0.04271590923515722,-0.02643309379991482,0.3207329103585561,-0.05222239534982881
35.11,-0.064977769241113,-0.05573699415029298,-0.03591808404538327,0.3183301853285714,-0.06486583358441345
35.12,-0.07699092944836361,-0.06815439959927111,-0.04520255904802839,0.3157570329248051,-0.07687745073965013
35.13,-0.08833924922755455,-0.07993330261541526,-0.05424565732834213,0.3130178428116988,-0.08822487044146488
35.14,-0.0989938209938314,-0.09104233093845493,-0.06300783460100584,0.3101164797832218,-0.09887920263037603
35.15,-0.1089292501782786,-0.1014535911451556,-0.0714510631096249,0.3070562410767718,-0.1088150619834952
35.16,-0.1181236575480516,-0.1111426826214956,-0.07953902315135064,0.3038398237795896,-0.1180105729694445
35.17,-0.1265586714713169,-0.1200886985114669,-0.08723728660276414,0.3004693018994895,-0.1264473625884578
35.18,-0.1342194093826896,-0.1282742147089956,-0.09451349178412,0.296946112478106,-0.134110541765225
35.19,-0.1410944487203285,-0.135685267873247,-0.10133750850367,0.2932710499405254,-0.1409886762636263
35.2,-0.1471757880939533,-0.1423113233469303,-0.1076815917794503,0.289444267712355,-0.1470737478845283
35.21,-0.1524587993300699,-0.148145233746014,-0.1135205225719285,0.2854652860075773,-0.1523611065940952
35.22,-0.1569421709258116,-0.1531831888708954,-0.1188317338192925,0.2813330046118934,-0.1568494141145339
35.23,-0.1606278426458329,-0.1574246574672752,-0.1235954200799966,0.2770457194697256,-0.1605405793956522
35.24,-0.1635209332156003,-0.160872321243091,-0.127794629133984,0.2726011419386733,-0.163439686277436
35.25,-0.1656296628348039,-0.1635320014301115,-0.1314153340305029,0.2679964197096981,-0.1655549135543183
35.26,-0.1669652627660292,-0.1654125780693421,-0.1344464844103404,0.2632281586058109,-0.1668974475636771
35.27,-0.1675418800436766,-0.1665259021024469,-0.1368800365771771,0.2582924447622088,-0.1674813873466687
35.28,-0.1673764748499873,-0.1668867002705356,-0.1387109627431615,0.2531848670456994,-0.1673236423706573
35.29,-0.1664887103654248,-0.1665124727599062,-0.1399372409600715,0.2479005399736067,-0.1664438227606544
35.3,-0.1649008350198252,-0.1654233834937713,-0.1405598281790138,0.2424341278187172,-0.1648641219630761
35.31,-0.1626375570655957,-0.1636421429515771,-0.1405826193746069,0.2367798710089871,-0.1626091917592405
35.32,-0.1597259114071576,-0.1611938834022723,-0.1400123955805588,0.2309316163168395,-0.1597060095580632
35.33,-0.1561951185485171,-0.1581060264624499,-0.1388587630635066,0.224882852650331,-0.1561837379270118
35.34,-0.1520764364304565,-0.1544081429300873,-0.137134084913762,0.218626754475843,-0.15207357636623
35.35,-0.1474030036604418,-0.1501318048957188,-0.1348534053173354,0.2121562349925077,-0.1474086053919634
35.36,-0.1422096751075484,-0.1453104301937583,-0.1320343659306297,0.2054640111226007,-0.1422236230697163
35.37,-0.1365328507357945,-0.1399791193268926,-0.1286971132640432,0.1985426821692507,-0.1365549742237321
35.38,-0.1304102974402254,-0.1341744850772643,-0.1248641958483269,0.1913848236238726,-0.1304403726448256
35.39,-0.1238809643142071,-0.1279344751095245,-0.1205604501633655,0.1839830970932425,-0.1239187167213756
35.4,-0.1169847918855179,-0.1212981879717339,-0.1158128747351126,0.176330376684547,-0.1170298990260071
35.41,-0.1097625159697268,-0.114305683008733,-0.1106504923053737,0.1684198914705243,-0.109814610500964
35.42,-0.102255466931968,-0.1069977848162959,-0.105104200420958,0.1602453828986254,-0.102314139996058
35.43,-0.09450536641145538,-0.09941588298036075,-0.09920661109528833,0.1518012752545203,-0.09457017002222212
35.44,-0.08655411772993016,-0.09160172796103289,-0.09299188034998157,0.1430828565876465,-0.08662456968897664
35.45,-0.07844359695770084,-0.08359722409308501,-0.08649552847525815,0.1340864668964865,-0.07851918589354667
35.46,-0.07021544424902991,-0.07544422078059831,-0.07975425180606011,0.1248096898859288,-0.07029563392111171
35.47,-0.06191085506166878,-0.06718430306090267,-0.07280572674183461,0.115251544269097,-0.06199508869799503
35.48,-0.05357037336751067,-0.05885858279949374,-0.06568840667495757,0.1054126703983612,-0.05365807801091949
35.49,-0.04523368822911168,-0.05050749185163073,-0.05844131245479217,0.09529550796991959,-0.04532427906442815
35.5,-0.03693943516198023,-0.04217057858605333,-0.05110381701514433,0.08490446063852819,-0.03703231979384658
35.51,-0.02872500373236233,-0.03388630921082875,-0.0437154248460867,0.07424604358285347,-0.02881958638162663
35.52,-0.02062635312130035,-0.02569187537060436,-0.03631554711247004,0.06332901035465371,-0.02072203843960657
35.53,-0.01267783803359117,-0.01762300949814244,-0.02894327342330016,0.05216445570525835,-0.01277403331783467
35.54,-0.004912039377668841,-0.009713809401176166,-0.0216371415393104,0.04076589149285481,-0.005008160981232357
35.55,0.002640386453874913,-0.001996573547134395,-0.01443490665208169,0.02914929322087945,0.002544909141654506
35.56,0.00995084645073451,0.005498351527767287,-0.007373312236679197,0.0173331152324509,0.009856567989123377
35.57,0.01699293594550667,0.01274271031393354,-0.0004878648144934217,0.005338273082181155,0.01690039210119093
35.58,0.02374254779229835,0.01971046263254439,0.006187384796128792,-0.006811907879843981,0.02365225307661123
35.59,0.03017796469182462,0.02637789194847839,0.01262005106235153,-0.01909177815171836,0.03009041018060798
35.6,0.03627993372107671,0.03272369660747604,0.01877961152956692,-0.031473483859081,0.03619558516071752
35.61,0.04203172227240996,0.03872906304740309,0.02463759040296809,-0.04392712004694066,0.04195101847438032
35.62,0.04741915426846823,0.04437772018556746,0.03016772580932126,-0.05642091633636354,0.04734250629439574
35.63,0.05243062706693991,0.0496559743525436,0.03534611901537188,-0.06892145328683319,0.05235841783609163
35.64,0.05705711146456095,0.05455272432644326,0.04015136430444699,-0.08139390730955443,0.05698969274145504
35.65,0.06129212631565283,0.05905945621835484,0.0445646586511248,-0.09380232149777351,0.06122981845860698
35.66,0.06513169563970207,0.06317021816782342,0.04856989075349649,-0.1061098992738924,0.06507478776778036
35.67,0.06857428648407597,0.06688157502476955,0.05215370933884877,-0.1182793172932093,0.06852303682490662
35.68,0.07162072792138242,0.07019254341845393,0.05530557090283489,-0.1302730535819203,0.07157536431817502
35.69,0.07427411200164091,0.07310450784233846,0.058017767145215,-0.142053726414249,0.07423483255850488
35.7,0.0765396777032424,0.07562111861258131,0.06028543234222056,-0.1535844389455023,0.07650665154844238
35.71,0.07842467914506271,0.0777481727839458,0.06210653081091477,-0.1648291241169081,0.07839804729202138
35.72,0.07993823931566964,0.0794934793265919,0.06348182456720086,-0.1757528838489295,0.07991811581703773
35.73,0.08109119204862414,0.08086671007653873,0.06441482133405751,-0.1863223160723309,0.08107766457725696
35.74,0.08189591265260644,0.08187923816825982,0.06491170324794349,-0.1965058227597642,0.08188904308146794
35.75,0.08236613893344165,0.08254396583589441,0.06498123690531526,-0.2062738918825897,0.08236596475557517
35.76,0.08251678651939735,0.08287514362659598,0.06463466571474885,-0.2155993462110457,0.08252332217942826
35.77,0.08236375983207894,0.08288818320218627,0.06388558580192549,-0.224457552190311,0.08237699794861997
35.78,0.08192376101904597,0.082599466010226,0.06274980691796223,-0.2328265828432081,0.08194367349017556
35.79,0.08121409922049039,0.08202615017991111,0.06124519993389732,-0.2406873298305383,0.08124063820727662
35.8,0.08025250255441772,0.08118597803965333,0.05939153260109381,-0.248023561458135,0.08028560134003354
35.81,0.07905693518673225,0.08009708665933057,0.05721029535334066,-0.2548219255124367,0.07909650890516562
35.82,0.07764542263389913,0.07877782379034137,0.0547245190308957,-0.2610718982243962,0.07769136801652754
35.83,0.07603588469167827,0.07724657150930214,0.05195858649580504,-0.2667656832320595,0.07608808079049095
35.84,0.0742459805139272,0.07552157976709706,0.04893804013487901,-0.2718980669158667,0.0743042899056518
35.85,0.0722929684649746,0.07362081190390124,0.04568938716721899,-0.2764662386797702,0.07235723771641189
35.86,0.07019358066400774,0.07156180401455414,0.04223990447177378,-0.2804695864239328,0.07026364061654161
35.87,0.06796391421514543,0.06936153983883442,0.03861744435748504,-0.2839094784297301,0.06803958011452504
35.88,0.06561934032135745,0.06703634261062297,0.03485024238503387,-0.2867890430602237,0.06570041182035641
35.89,0.0631744321950674,0.06460178503223091,0.0309667280987555,-0.2891129570637603,0.06326069325775652
35.9,0.06064291237346536,0.06207261824919219,0.02699533940019505,-0.290887251935606,0.06073413111042703
35.91,0.05803761989803347,0.05946272039162448,0.02296434130178748,-0.2921191458932988,0.05813354819149541
35.92,0.05537049878066533,0.05678506492566182,0.01890164990139065,-0.2928169067503137,0.0554708700964221
35.93,0.05265259981836286,0.05405170872818388,0.0148346625509127,-0.2929897485398871,0.05275713116759717
35.94,0.04989410641692452,0.05127379946551741,0.01079009529636765,-0.2926477623461865,0.05000249906891913
35.95,0.04710437757198643,0.04846160152787427,0.006793828712097716,-0.2918018796127371,0.04721631694719847
35.96,0.04429200624701177,0.04562453945170175,0.002870763239172458,-0.2904638643456418,0.0444071618497982
35.97,0.0414648923514468,0.04277125745782573,-0.0009553149141793282,-0.2886463291927225,0.04158291778051459
35.98,0.03863032844209212,0.03990969344973216,-0.004661856323661229,-0.2863627693959152,0.03875086151358687
35.99,0.03579509603949225,0.03704716555914717,-0.008227658443953623,-0.2836276080807433,0.0359177590541026
36,0.03296557025504562,0.03419046910016516,-0.01163296242470202,-0.2804562462300982,0.0330899704364771
36.01,0.03014783089915995,0.03134598160304719,-0.01485953591946809,-0.2768651109338678,0.03027356039516199
36.02,0.02734777745698587,0.02851977344827794,-0.01789074127465207,-0.2728716960413169,0.02747441232665077
36.03,0.02457123813769157,0.02571772151382196,-0.02071158863470912,-0.2684945900934124,0.02469834289171435
36.04,0.02182408540010645,0.02294562318600452,-0.02330877370377638,-0.2637534873026903,0.02195121458348137
36.05,0.0191123441069741,0.02020930806876942,-0.02567070018333767,-0.258669178310483,0.01923904361141193
36.06,0.01644229192992108,0.01751474475803971,-0.02778748727142805,-0.2532635184285278,0.01656810052336022
36.07,0.0138205500251433,0.01486814012737869,-0.02965096304370674,-0.2475593720204693,0.01394500110719099
36.08,0.01125416169198713,0.01227602869739114,-0.03125464498354719,-0.2415805325692405,0.01137678527776909
36.09,0.008750656933884084,0.00974534983261427,-0.0325937092953707,-0.2353516187918434,0.008870981862467486
36.1,0.006318101087544967,0.007283510723453013,-0.03366495082531096,-0.2288979478969881,0.006435657444833431
36.11,0.003965127075509678,0.004898433363623,-0.0344667353698126,-0.2222453877332745,0.004079447708033479
36.12,0.001700947091421486,0.002598584021106465,-0.03499894589991753,-0.2154201901491246,0.00181157003208926
36.13,-0.000464657909584619,0.0003929840167633536,-0.03526292387312346,-0.2084488083837018,-0.0003581835634342001
36.14,-0.002521362381844309,-0.001708799036750364,-0.03526140648701326,-0.2013577017319536,-0.002419473682626738
36.15,-0.004458343839851248,-0.003696680029868671,-0.034998460551251,-0.1941731310757504,-0.004361461203542527
36.16,-0.006264350779706449,-0.005560105316393005,-0.0344794136275447,-0.1869209491435496,-0.006172875119954069
36.17,-0.007927790191133993,-0.007288121603652553,-0.03371078313524434,-0.1796263895488939,-0.007842100001957897
36.18,-0.009436833712397962,-0.008869464168103303,-0.03270020414060082,-0.1723138587596168,-0.009357282132352929
36.19,-0.01077954112379174,-0.01029266342519225,-0.03145635648043477,-0.16500673516261,-0.010706453018274
36.2,-0.01194399953783736,-0.01154616852455786,-0.02998889173397401,-0.1577271793137868,-0.01187766863930867
36.21,-0.0129184754062169,-0.01261848630187345,-0.02830836042600482,-0.1504959593023472,-0.01285916248028024
36.22,-0.01369158086734441,-0.01349833360641051,-0.02642613979548075,-0.1433322949173763,-0.01363951011441344
36.23,-0.0142524472083785,-0.01417480074572453,-0.02435436251303613,-0.1362537239892627,-0.01420780285564832
36.24,-0.01459090327700461,-0.01463752355016651,-0.02210584681932859,-0.1292759938941639,-0.01455382779166747
36.25,-0.0146976588587611,-0.01487686136280419,-0.01969402858595426,-0.1224129807618544,-0.01466825134530847
36.26,-0.0145644885813132,-0.01488407810663706,-0.01713289569944204,-0.1156766384193059,-0.01454280339418851
36.27,-0.01418441330544357,-0.01465152347247017,-0.01443692493725329,-0.1090769785369344,-0.01417045890858976
36.28,-0.01355187594297744,-0.01417281120920122,-0.01162102121507413,-0.1026220828241328,-0.01354561404691257
36.29,-0.01266290867167053,-0.01344299148454031,-0.008700458840154857,-0.09631814744979028,-0.01266425367671214
36.3,-0.01151528860270223,-0.01245871431912976,-0.005690824287683249,-0.09016955914992208,-0.01152410736682491
36.31,-0.01010867937034014,-0.01121838118008156,-0.002607960052732783,-0.08417900174193127,-0.01012479102095609
36.32,-0.008444755189411884,-0.009722281949804901,0.0005320907140242692,-0.07834759101400479,-0.00846793149312608
36.33,-0.006527305144933061,-0.007972714660601676,0.003713138876515809,-0.07267503522554442,-0.006557271737783199
36.34,-0.004362316394477867,-0.005974085601505141,0.006918903210439253,-0.06715981777184199,-0.004398754298289287
36.35,-0.001958033804159909,-0.003732987657621811,0.01013306336643927,-0.06179939796516332,-0.002000581223128184
36.36,0.0006750055883186308,-0.001258255029233935,0.0133393117505517,-0.05659042539240972,0.0006267511855556074
36.37,0.003523964534917211,0.001439007206635201,0.01652140424531673,-0.0515289629459712,0.003470444046365428
36.38,0.006573724854077802,0.004345419890552704,0.01966320977425562,-0.04661071339829692,0.006515414891877347
36.39,0.009806934540665224,0.007445353772124019,0.02274875875708826,-0.04183124430170976,0.009744344503493763
36.4,0.01320408261279011,0.01072098116917997,0.02576229050369949,-0.037186206035836,0.01313775172960063
36.41,0.01674360102302588,0.01415235538604476,0.028688299576901,-0.03267153798496336,0.01667409604548414
36.42,0.02040199734177317,0.01771751759867762,0.03151158116273817,-0.0282836580954795,0.0203299072336246
36.43,0.02415400944374372,0.02139263053194396,0.03421727556167764,-0.02401963142925417,0.02407994119212287
36.44,0.02797278584654784,0.02515213788004544,0.03679091206280666,-0.01987731378459628,0.0278973605223839
36.45,0.0318300894410742,0.02896894806591727,0.03921845264864493,-0.01585546699572493,0.03175393820962319
36.46,0.03569652229671721,0.03281464061043204,0.04148633612011732,-0.01195384313888115,0.03562028239591486
36.47,0.03954176925118513,0.03665969309344908,0.04358152322967801,-0.008173235561547365,0.03946607995930784
36.48,0.04333485773978025,0.04047372643087166,0.04549154318900495,-0.00451549540144236,0.04326035635761044
36.49,0.0470444310989341,0.04422576595325145,0.04720454147111536,-0.000983513060993757,0.04697174897488032
36.5,0.05063903187273536,0.04788451554685208,0.04870932825195162,0.002418835066537894,0.05056879102474965
36.51,0.05408739320121526,0.05141864191647483,0.04999542631302395,0.005686773482443064,0.05402020291967569
36.52,0.05735873657747805,0.05479706586701683,0.05105311694390935,0.008814746115494376,0.05729518790981486
36.53,0.06042306630526656,0.05798925738872918,0.05187348244606904,0.01179656374959348,0.06036372873099133
36.54,0.06325146354495789,0.06096553127075799,0.05244844421263667,0.01462557686610738,0.06319688197749401
36.55,0.06581637492116454,0.06369733995397875,0.05277079589134925,0.01729486977640682,0.06576706693250484
36.56,0.06809189236616174,0.06615756036232867,0.05283423164646761,0.01979747137585525,0.06804834564562146
36.57,0.07005402108220665,0.06832077151768812,0.05263336989218415,0.02212657742037538,0.07001669114194753
36.58,0.0716809326382144,0.07016351984487046,0.0521637730396553,0.02427577892133359,0.07165024077872789
36.59,0.07295320038291662,0.07166456920823572,0.05142196382198294,0.02623929108195178,0.0729295319314604
36.6,0.07385401437914497,0.0728051328892988,0.05040543870415676,0.0280121771650409,0.07383771738899059
36.61,0.07436937451973617,0.07356908491397929,0.04911267880057102,0.02959056179244313,0.07436075806382658
36.62,0.07448825786871723,0.07394314836767069,0.04754315862674469,0.03097182843463481,0.0744875908762011
36.63,0.07420275890854122,0.07391705859238434,0.04569735288229027,0.03215479625561191,0.07421026994533941
36.64,0.07350820223143317,0.07348369943891619,0.04357674125741162,0.03313987203122704,0.07352407951507717
36.65,0.07240322571163513,0.07263921104300891,0.04118381094343077,0.03392917355073299,0.07242761734997399
36.66,0.0708898332127534,0.0713830679036942,0.0385220561256282,0.03452662172676912,0.0709228476585067
36.67,0.06897341621507626,0.06971812636097713,0.03559597334310693,0.03493799955503185,0.06901512292805895
36.68,0.06666274408038998,0.06765064089590683,0.03241105140548756,0.03517097704902694,0.06671317438830993
36.69,0.06396992303108506,0.06519024900609749,0.02897375478865233,0.03523510228690702,0.06402907115167
36.7,0.06091032543322925,0.06234992474053308,0.02529150023669063,0.03514175969921202,0.0609781484076376
36.71,0.0575024856735178,0.05914590130496178,0.02137262758346747,0.0349040976481802,0.05757890536896659
36.72,0.05376796835928239,0.05559756346920519,0.01722636717470072,0.03453692815204501,0.05385287397761879
36.73,0.04973120973127981,0.05172731081650467,0.01286280712734078,0.03405660224814006,0.0498244596744617
36.74,0.04541933207129793,0.0475603931691474,0.008292863524500593,0.03348086493379332,0.04552075581537485
36.75,0.04086193360726325,0.04312471980196703,0.00352825545053348,0.03282869385484444,0.040971333574778
36.76,0.03609085599196242,0.0384506443130701,-0.001418515036216372,0.03212012592541058,0.03620800941325619
36.77,0.0311399316422667,0.03357072725736243,-0.006534179608237656,0.03137607587325136,0.03126459239619073
36.78,0.02604471340884077,0.02851947885960693,-0.01180471969742358,0.03061815034273246,0.02617661383325148
36.79,0.02084218955152482,0.02333308430733605,-0.01721538463728128,0.029868460694842,0.020981041862491
36.8,0.01557048838285059,0.01804911427721057,-0.02275071414096408,0.02914943707328022,0.01571598372610705
36.81,0.01026856525389378,0.01270622347096761,-0.028394566423875,0.02848364571348994,0.01042037857676448
36.82,0.004975891125639387,0.00734384002894406,-0.03413015236694533,0.0278936109126624,0.005133683712972681
36.83,-0.0002678637818661192,0.002001848751546631,-0.03994007541918931,0.0274016426011085,-0.0001044428307632184
36.84,-0.00542314797176142,-0.003279728909051316,-0.04580637652989394,0.0270296700948946,-0.005254460418543883
36.85,-0.01045084450476023,-0.008461055126020967,-0.05171058326258438,0.02679908238624246,-0.01027726178884286
36.86,-0.0153125818702342,-0.01350279332262477,-0.05763376231209688,0.02673057524378419,-0.01513448405566986
36.87,-0.01997103717572622,-0.01836642030462277,-0.06355657485003186,0.02684400543323084,-0.01978881201671839
36.88,-0.02439022906195051,-0.02301453017991173,-0.06945933439362018,0.02715825249900522,-0.02420427117523061
36.89,-0.02853579673445653,-0.02741112749254032,-0.07532206716934486,0.0276910887272559,-0.02834650803326166
36.9,-0.03237526395019448,-0.03152190716238334,-0.081124575177834,0.02845905809480986,-0.0321830553882797
36.91,-0.03587829449848817,-0.03531451899699095,-0.08684650232775637,0.02947736515480981,-0.03568358056012516
36.92,-0.03901691678131947,-0.03875881473014298,-0.09246740407592663,0.03075977488474935,-0.03882011468795638
36.93,-0.04176573199398672,-0.04182707574710137,-0.09796682098564791,0.03231852450648431,-0.04156726146409523
36.94,-0.04410210085079993,-0.04449421988117958,-0.103324356503512,0.03416424817513591,-0.04390238391012985
36.95,-0.04600630723204132,-0.0467379859065451,-0.1085197590715903,0.03630591523298865,-0.0458057680467272
36.96,-0.04746169785216635,-0.04853909460244954,-0.1135330084555695,0.03875078245441815,-0.04726076255894185
36.97,-0.04845479730004203,-0.049881385518037,-0.1183444059000511,0.04150436039485739,-0.04825389380970868
36.98,-0.04897539804991054,-0.05075192881972668,-0.1229346674419214,0.04457039363016518,-0.0487749558022364
36.99,-0.04901662304423461,-0.05114111185146564,-0.1272850194455092,0.04795085436242452,-0.04881707493377396
37,-0.04857496738148737,-0.0510427002790812,-0.1313772951959132,0.05164594860161509,-0.04837674961557059
37.01,-0.04765031798085197,-0.05045387392127532,-0.135194031226574,0.05565413393337215,-0.04745386505369315
37.02,-0.0462459393177581,-0.0493752375888929,-0.1387185619880601,0.05997214776927984,-0.04605168369003865
37.03,-0.04436844025975457,-0.0478108074584519,-0.141935111503054,0.06459504495936552,-0.04417681199028972
37.04,-0.04202771819461981,-0.04576797369266145,-0.1448288808003838,0.0695162437303567,-0.04183914443328152
37.05,-0.03923688137278865,-0.04325744018738725,-0.1473861301638529,0.07472757909294026,-0.03905178570323325
37.06,-0.03601215058592227,-0.04029314246928339,-0.149594255537861,0.08021936312225036,-0.03583095221112831
37.07,-0.03237274140572851,-0.03689214489043258,-0.1514418587554882,0.08598045183420094,-0.03219585417384818
37.08,-0.02834072826614319,-0.03307451836542391,-0.1529188115453942,0.09199831872416764,-0.02816855955905606
37.09,-0.02394088896414243,-0.02886319997329478,-0.1540163134864762,0.09825913536530184,-0.02377384126114718
37.1,-0.01920054187082681,-0.02428383580199367,-0.1547269441863027,0.1047478597413408,-0.01903900890909138
37.11,-0.01414936386116968,-0.01936460844741172,-0.1550447099575458,0.1114483331740577,-0.01399372672256882
37.12,-0.008819192928634116,-0.01413605059346279,-0.1549650851790265,0.1183433867672091,-0.008669818829764253
37.13,-0.003243822472912854,-0.00863084609541459,-0.1544850483980643,0.125414958206134,-0.00310106344093708
37.14,0.002541214213126071,-0.002883619967695816,-0.1536031131123335,0.1326442195187159,0.002677022761294778
37.15,0.008498867944355282,0.003069281357699793,-0.152319353112098,0.1400117160282391,0.008627408698295924
37.16,0.0145908048712314,0.009190018182276438,-0.1506354223012847,0.1474975162353516,0.01471178017428576
37.17,0.02077764373102894,0.01543949283559071,-0.1485545690562088,0.1550813717902813,0.02089077715127485
37.18,0.02701919814751629,0.0217775909059299,-0.1460816454030504,0.1627428861009889,0.02712423587348417
37.19,0.03327472409464077,0.02816342725965781,-0.1432231115532517,0.1704616895139665,0.03337143475343912
37.2,0.0395031641798413,0.03455559575994627,-0.1399870365667156,0.1782176184459519,0.03959134298703582
37.21,0.04566340030747438,0.04091242164890729,-0.1363830960506623,0.1859908953744525,0.04574287091329321
37.22,0.05171450590890628,0.04719221560243181,-0.1324225677931005,0.1937623062409283,0.05178512117411765
37.23,0.05761599709230013,0.0533535285016945,-0.1281183260436263,0.2015133716003091,0.05767763975797568
37.24,0.06332808279939464,0.05935540598717715,-0.123484834791956,0.2092265077709562,0.06338066602745468
37.25,0.06881191307084958,0.06515764186986339,-0.1185381398885494,0.2168851742976177,0.06885538083319165
37.26,0.07402982450960717,0.07072102946951819,-0.1132958592605787,0.224474004226336,0.07406415180487602
37.27,0.07894558200515854,0.07600760993301553,-0.1077771698753236,0.23197891398968,0.07897077488433479
37.28,0.08352461581091727,0.08098091655694334,-0.1020027895720472,0.2393871900952479,0.08354071112629746
37.29,0.08773425258422313,0.0856062140990822,-0.09599495149669995,0.2466875502817143,0.08774131774097882
37.3,0.09154393930051172,0.08985073201332205,-0.08977736868827318,0.2538701773367498,0.09154207229055744
37.31,0.09492546067510738,0.09368389048309206,-0.08337518640799896,0.2609267243438095,0.09491478888160454
37.32,0.09785314636893021,0.09707751806081005,-0.07681492006030916,0.267850290726133,0.0978338251201738
37.33,0.1003040675452322,0.1000060596478152,-0.07012437697216473,0.2746353690746032,0.100276278519024
37.34,0.1022582214841237,0.1024467734736213,-0.06333256079007554,0.2812777633721109,0.1022221709710497
37.35,0.1036987027965532,0.1043799156593265,-0.05646955773410817,0.2877744798524778,0.1036546198329905
37.36,0.1046118597191447,0.1057889108816025,-0.04956640435833587,0.2941235923497584,0.1045599941034919
37.37,0.1049874339249075,0.1066605075957815,-0.04265493680541388,0.3003240845961005,0.1049280541332945
37.38,0.1048186816103499,0.1069849162331741,-0.03576762185900406,0.3063756725047845,0.1047520732768859
37.39,0.1041024753781124,0.1067559287635244,-0.02893737046684841,0.3122786100190699,0.104028939888423
37.4,0.1028393874427232,0.10597101801204,-0.02219733488653952,0.3180334826043622,0.1027592380832739
37.41,0.1010337463468535,0.1046314151452012,-0.01558069119968175,0.323640992895868,0.1009473057336991
37.42,0.09869367057619895,0.1027421637937961,-0.009120409589542966,0.3291017433690517,0.09860126824501064
37.43,0.0958310766422637,0.1003121493672982,-0.00284901537971155,0.3344160211569417,0.09573304676947164
37.44,0.09246166038322574,0.09735410223305258,0.003201655720850072,0.3395835902772077,0.09235833965987844
37.45,0.08860485046544533,0.09388457358722835,0.009000704501793189,0.3446034965340942,0.08849657614397366
37.46,0.08428373328131585,0.08992388303284105,0.01451841362949258,0.3494738902092802,0.08417084141376741
37.47,0.07952494868470653,0.08549603710203413,0.01972648813194711,0.3541918713392546,0.07940777256934867
37.48,0.07435855437892239,0.08062861821411449,0.02459828800473784,0.358753361888769,0.07423742513233245
37.49,0.06881786530430931,0.07535264384441948,0.0291090504307866,0.3631530084722622,0.06869311014675905
37.5,0.06293926304010923,0.06970239598888694,0.0332360995814589,0.3673841184597803,0.06281120221099673
37.51,0.05676197300410508,0.06371522134079832,0.03695904236026487,0.3714386313536027,0.05663091912803803
37.52,0.05032781643165912,0.0574313029455355,0.04025994869913413,0.3753071262710121,0.05019407421845212
37.53,0.04368093643615815,0.05089340446072838,0.04312351509289009,0.3789788652624683,0.04354480270369243
37.54,0.03686749992665449,0.0441465885178956,0.04553720999168126,0.3824418710871665,0.03672926393138953
37.55,0.02993537751567152,0.03723791104918733,0.04749139956060344,0.3856830370192257,0.02979532157158171
37.56,0.02293380389358718,0.03021609380111084,0.04897945228830403,0.3886882653282702,0.02279220425681205
37.57,0.01591302133667746,0.02313117759698791,0.04999782107323641,0.3914426303238167,0.01577014946258537
37.58,0.008923907088160841,0.01603415922614121,0.05054610172312157,0.3939305613190273,0.008780033721158653
37.59,0.002017598646657794,0.008976615126383369,0.05062706713630816,0.3961360405849134,0.00187299252453732
37.6,-0.004754894550700886,0.002010315283827113,0.0502466766052736,0.3980428113400518,-0.004899966504038178
37.61,-0.01134308266448518,-0.004813169006300633,0.04941405956889899,0.3996345910400753,-0.011488353412202
37.62,-0.0176973844732097,-0.01144285969950432,0.04814147277722058,0.4008952856619647,-0.01784258480695333
37.63,-0.02376951146503741,-0.01782876494044944,0.04644422942157334,0.4018092012693903,-0.02391436786596202
37.64,-0.02951284301637203,-0.0239222663687842,0.04434059860688816,0.4023612498353641,-0.02965707548717345
37.65,-0.03488278871012682,-0.02967649676870981,0.04185167384406913,0.402537147021654,-0.03502610862868727
37.66,-0.03983713394109438,-0.03504670408347799,0.03900121012976321,0.4023236003090943,-0.03997924198459202
37.67,-0.04433636560202627,-0.03999059791957338,0.03581543060028752,0.4017084864868951,-0.0444769492933314
37.68,-0.04834397509530399,-0.04446867482730255,0.0323228054746747,0.4006810180044336,-0.04848270478099315
37.69,-0.05182672644261691,-0.04844451886364826,0.02855380769438443,0.399231898043318,-0.05196325750014902
37.7,-0.05475490370116822,-0.05188507421629274,0.02454065093388608,0.3973534643735832,-0.0548888756311951
37.71,-0.05710252317791994,-0.05476088698959192,0.0203170161828628,0.395039822121841,-0.05723355816327824
37.72,-0.05884751003072897,-0.05704631361712964,0.0159177727822114,0.3922869655167757,-0.05897521175960702
37.73,-0.05997183823924352,-0.05871969376503372,0.01137869880327191,0.3890928885111021,-0.06009579103135992
37.74,-0.06046163262059974,-0.0597634860180597,0.00673620437973288,0.3854576839350098,-0.06058140088847219
37.75,-0.06030723202694002,-0.06016436508993694,0.002027060461141705,0.381383630541445,-0.06042236009686897
37.76,-0.05950321333349261,-0.05991327976313243,-0.002711865267665481,0.3768752669855,-0.05961322564309923
37.77,-0.05804837706911995,-0.05900547123390915,-0.007443863833333064,0.371939451464837,-0.05815277798089802
37.78,-0.05594569338116104,-0.05744045200932529,-0.01213263031374778,0.3665854054606205,-0.05604396770276276
37.79,-0.05320220739714014,-0.05522194596722729,-0.01674249754446561,0.3608247397830944,-0.05329382463585153
37.8,-0.04982891506401048,-0.0523577906428917,-0.02123865673873671,0.3546714609659553,-0.04991333079865101
37.81,-0.04584060164347721,-0.0488598032410168,-0.02558736382515336,0.3481419559913417,-0.04591725906681665
37.82,-0.04125564796219234,-0.04474361228419621,-0.02975613070499938,0.3412549533831533,-0.04132397977734881
37.83,-0.03609580718507541,-0.04002845719234466,-0.03371390108169925,0.3340314588979341,-0.03615523784553354
37.84,-0.03038595499987212,-0.03473695843587932,-0.03743121093097479,0.3264946643819991,-0.03043590327422863
37.85,-0.02415381636266197,-0.02889486121278978,-0.0408803340013949,0.3186698288555536,-0.02419369819722683
37.86,-0.01742967216998256,-0.02253075586137365,-0.04403541292296009,0.3105841315235333,-0.01745890381506232
37.87,-0.01024604951174008,-0.0156757784337645,-0.04687257653607718,0.3022664971809352,-0.01026405075132214
37.88,-0.002637397707449117,-0.00836329501880223,-0.0493700439338618,0.2937473953465333,-0.002643596479385613
37.89,0.005360242816852246,-0.0006285735169143658,-0.05150821546394008,0.2850586153794434,0.005366406455995787
37.9,0.01370957682550959,0.007491553364801951,-0.05326975061760586,0.2762330207540649,0.01372864767026571
37.91,0.02237239334386858,0.01595903011044064,-0.05463963241662523,0.2673042865291103,0.02240489788942057
37.92,0.03130990274169076,0.02473492162536911,-0.05560521765767618,0.2583066247808861,0.03135634594556297
37.93,0.04048306824884673,0.03377975400682015,-0.05615627223542513,0.2492745033153999,0.04054393024576813
37.94,0.04985292846634225,0.043053849272221,-0.05628499075182414,0.2402423632697389,0.04992866128173501
37.95,0.05938090761097874,0.05251765060860902,-0.05598599972043738,0.231244341213857,0.0594719319218639
37.96,0.06902911048349797,0.06213203488635693,-0.0552563438656592,0.2223140010428205,0.06913581243295402
37.97,0.07876060171691708,0.07185860939059846,-0.05409545527272452,0.2134840803095579,0.07888332741216975
37.98,0.08853965869977148,0.0816599899606239,-0.05250510545372883,0.2047862547296376,0.08867871206787981
37.99,0.09833200336748056,0.09150005798817251,-0.0504893407652473,0.1962509234742289,0.09848764556701789
38,0.1081050116419896,0.1013441940066837,-0.04805440206751488,0.1879070166723239,0.1082774594633223
38.01,0.1178278951333922,0.111159485902867,-0.04520863006800258,0.1797818254045441,0.118017319532091
38.02,0.1274718548622641,0.1209149100961987,-0.04196235841327217,0.1719008535167005,0.1276783796596586
38.03,0.1370102059812012,0.1305814843584263,-0.03832779716650736,0.1642876899043089,0.1372339067668861
38.04,0.1464184728122196,0.1401323912801263,-0.03431890962609463,0.1569638995557118,0.1466593760825858
38.05,0.1556744538574663,0.1495430717321002,-0.02995128526479768,0.1499489315681497,0.1559325364223147
38.06,0.1647582574585009,0.1587912880126566,-0.02524201077434812,0.1432600425013332,0.1650334454676015
38.07,0.1736523121249422,0.167857156715064,-0.0202095399355694,0.1369122337252082,0.1739444753781389
38.08,0.1823413311860496,0.1767231516902715,-0.01487356176316612,0.1309182017857052,0.182650289401625
38.09,0.1908122646144012,0.1853740778155107,-0.009254865692680248,0.1252883012193052,0.1911377904708356
38.1,0.1990542225528056,0.1937970166069978,-0.003375202866681137,0.1200305196899841,0.1993960430919392
38.11,0.207058371977923,0.2019812450314278,0.002742856257276549,0.1151504658090999,0.2074161701296007
38.12,0.2148178101344916,0.2099181291732348,0.009076066242474534,0.1106513705250403,0.2151912263801609
38.13,0.222327416901173,0.2176009946999554,0.01560064999984273,0.1065341034939886,0.2227160510912387
38.14,0.229583688495359,0.2250249763329234,0.02229243763783828,0.1027972062799212,0.2299871018314478
38.15,0.236584555145953,0.2321868487730415,0.02912699760893322,0.09943694446086065,0.23700227233463
38.16,0.2433291881560841,0.2390848417477706,0.03607975772278049,0.09644738061403596,0.2437606971359182
38.17,0.2498177976014226,0.2457184420338418,0.04312611465973415,0.09382046962456625,0.2502625459792042
38.18,0.2560514024241544,0.2520881854668404,0.05024153168136125,0.09154617679272997,0.2565088111041729
38.19,0.2620316234742146,0.2581954420720806,0.05740162508660762,0.0896126178811239,0.2625010906133831
38.2,0.267760467399943,0.2640421975373007,0.06458224046901967,0.08800621871286674,0.2682413711734362
38.21,0.2732401120385602,0.2696308342954893,0.07175951995863589,0.08671189043236349,0.273731813317009
38.22,0.2784726976289149,0.2749639154926466,0.07890996146002294,0.08571321530556514,0.2789745425828224
38.23,0.2834601270136111,0.2800439750799363,0.08601047058358668,0.08499263715564465,0.2839714496573721
38.24,0.2882038778807108,0.2848733171912653,0.09303840568435795,0.08453165030464116,0.2887240025648562
38.25,0.2927048299341491,0.2894538278465158,0.0999716162912303,0.08431098122408132,0.2932330737906217
38.26,0.2969631155270853,0.2937868018574488,0.1067884752581009,0.08431075790149911,0.2974987850192848
38.27,0.3009779801478056,0.2978727876076787,0.1134679051382165,0.0845106630627499,0.3015203719232913
38.28,0.3047476559052285,0.3017114521283942,0.1199893994730119,0.0848900686900893,0.3052960711535778
38.29,0.3082692849534234,0.3053014685971965,0.1263330398120085,0.08542815059509823,0.3088230313644074
38.3,0.3115388564595666,0.3086404280525532,0.132479509315061,0.08610398302912886,0.3120972497534573
38.31,0.3145511699407946,0.3117247767509733,0.1384101037667389,0.08689661436829099,0.3151135352207362
38.32,0.3172998258919086,0.3145497802101533,0.1441067408128299,0.08778512575898401,0.317865498851185
38.33,0.3197772439992395,0.3171095145856287,0.1495519682448565,0.08874867524570851,0.3203455720119834
38.34,0.3219747088135859,0.3193968856223535,0.1547289721973453,0.08976653033531024,0.3225450519332864
38.35,0.3238824423867629,0.321403675006274,0.1596215861405482,0.09081809219981674,0.3244541742168926
38.36,0.3254897122101075,0.3231206135188917,0.1642143015131193,0.09188291480480076,0.3260622112984557
38.37,0.3267849379632425,0.3245374799785428,0.1684922807506616,0.09294072219248323,0.3273575954823527
38.38,0.3277558360206762,0.3256432245449471,0.1724413733762373,0.09397142696722277,0.3283280647811163
38.39,0.3283895951373055,0.3264261145773464,0.1760481357865378,0.09495515274302702,0.3289608294302678
38.4,0.3286730612402211,0.3268739008782319,0.1792998554056808,0.09587226293548701,0.3292427566207183
38.41,0.3285929376478235,0.3269740018302909,0.1821845799106189,0.09670339783189763,0.3291605707004678
38.42,0.3281359977280807,0.3267137026495015,0.1846911520977245,0.09742952137300981,0.3287010658501827
38.43,0.3272893068082313,0.3260803667367995,0.1868092504996836,0.09803197854858969,0.3278513280377792
38.44,0.3260404499995035,0.3250616559188969,0.1885294350574778,0.09849256376809423,0.3265989629086997
38.45,0.3243777633395907,0.3236457562287349,0.1898431962328351,0.09879360003707083,0.3249323261736645
38.46,0.3222905720693323,0.3218216057900115,0.1907430053389715,0.09891802826615143,0.3228407530157957
38.47,0.3197693934231287,0.319579121339295,0.1912223639624213,0.09884950557557726,0.3203147830544348
38.48,0.3168061622867547,0.3169094199433113,0.1912758512153653,0.09857251104324272,0.3173463774731936
38.49,0.3133944419738685,0.3138050325475769,0.1908991688357542,0.09807245698589762,0.3139291250429718
38.5,0.3095296159198743,0.3102601061236387,0.190089185235333,0.09733580356859217,0.3100584339444264
38.51,0.3052090622867808,0.306270591363764,0.1888439799837185,0.09635017431450288,0.3057317065149012
38.52,0.3004323088757105,0.3018344131003839,0.1871628897812587,0.09510446994296151,0.300948494307874
38.53,0.295201166043459,0.296951620898342,0.1850465559726708,0.09358897790184234,0.2957106311535466
38.54,0.2895198356508614,0.2916245175753081,0.1824969725406654,0.09179547498103141,0.2900223422414652
38.55,0.2833949966193559,0.2858577637428809,0.1795175327029357,0.08971732049064274,0.2838903276039892
38.56,0.2768358658570827,0.2796584568214579,0.1761130719290159,0.08734953765116726,0.2773238187565912
38.57,0.2698542077784177,0.2730361833590527,0.1722899053826057,0.0846888810604064,0.2703346076405888
38.58,0.2624643472468642,0.2660030438717391,0.1680558583079942,0.08173388836097706,0.262937047409576
38.59,0.2546831438997827,0.2585736498148816,0.1634202884862895,0.07848491452017436,0.2551480249955237
38.6,0.2465299366999994,0.2507650926842161,0.1583941003920624,0.07494414744091071,0.2469869057783574
38.61,0.2380264613060325,0.2425968856276712,0.1529897509725789,0.07111560394022987,0.2384754510573412
38.62,0.2291967413200358,0.2340908783172605,0.1472212470311953,0.06700510545541999,0.2296377093784091
38.63,0.2200669548030348,0.2252711461795608,0.1411041340740833,0.06262023316371645,0.2204998831036968
38.64,0.210665277749723,0.2161638554081954,0.1346554762612758,0.05797026252882564,0.2110901719130787
38.65,0.2010217100890246,0.2067971054779403,0.1278938268823891,0.05306607761506721,0.2014385951993261
38.66,0.1911678773420839,0.197200751143469,0.1208391886382372,0.04792006583729147,0.1915767955547579
38.67,0.1811368061353041,0.1874062061335046,0.1135129630129582,0.04254599414050969,0.181537825746304
38.68,0.1709627079291575,0.1774462309407565,0.1059378881881,0.03695886792544745,0.1713559217355371
38.69,0.1606807410821112,0.1673547072585308,0.09813796524400625,0.03117477435195659,0.1610662644198469
38.7,0.1503267640185157,0.1571664017251883,0.09013837272767761,0.02521071195847613,0.1507047328503784
38.71,0.1399370826851919,0.1469167217081574,0.08196536994824988,0.01908440882864193,0.1403076517218687
38.72,0.1295481950925357,0.1366414658907543,0.07364618956566982,0.01281413181193952,0.1299115359304316
38.73,0.119196535698974,0.1263765724186521,0.06520892024364439,0.006418489559487095,0.1195528349592129
38.74,0.1089182223254226,0.1161578673204166,0.05668238047880148,-8.376763675910226e-05,0.109267679780771
38.75,0.09874881298280964,0.1060208158403358,0.04809598525925968,-0.006673948019556342,0.09909163486173533
38.76,0.08872305769548534,0.09600027921417836,0.03947960783284865,-0.01333361522338328,0.08905945772267354
38.77,0.07887466542064328,0.08613027928270317,0.03086343930371238,-0.02004477837995466,0.07920486834721657
38.78,0.06923609195583041,0.076443773176743,0.02227784875611194,-0.02679007200212424,0.06956033055299105
38.79,0.05983833503364925,0.06697244012471698,0.01375324605015588,-0.03355292221217782,0.06015684723617859
38.8,0.05071074499105926,0.05774648223205037,0.005319948518357709,-0.04031769599910406,0.05102377118519097
38.81,0.04188085247938064,0.04879444086540385,-0.002991948180749993,-0.04706983039716017,0.04218863293064495
38.82,0.03337421444391197,0.04014303004689324,-0.01115269556549181,-0.05379593877775374,0.03367698686201154
38.83,0.02521427935964763,0.03181698802829319,-0.01913301516054366,-0.06048389183659192,0.02551227659949673
38.84,0.01742227270461431,0.02383894797643649,-0.02690421979130553,-0.06712287133206019,0.01771572036596142
38.85,0.01001710741797661,0.0162293284622963,-0.03443833444519595,-0.07370339517832614,0.01030621686132621
38.86,0.003015299755895823,0.009006244209927405,-0.04170821763448174,-0.08021731310412639,0.003300271903424246
38.87,-0.003569080032461916,0.002185437330087359,-0.0486876839329255,-0.08665777273954745,-0.003288054132436158
38.88,-0.009724436783636367,-0.004219770961534974,-0.05535162800967419,-0.09301915667115684,-0.009447178265760692
38.89,-0.01544166247527867,-0.01019850835796987,-0.06167615005352822,-0.09929699169258321,-0.01516800665732487
38.9,-0.02071412866613194,-0.01574235962909448,-0.06763868198934642,-0.1054878321549499,-0.0204439267509976
38.91,-0.02553766010701801,-0.02084535556074635,-0.0732181133792395,-0.111589119970544,-0.02527078059668786
38.92,-0.02991049047825149,-0.02550394346105389,-0.07839491543310934,-0.1175990244243383,-0.02964682030887633
38.93,-0.03383320136063393,-0.02971694019457333,-0.08315126118676397,-0.1235162654809491,-0.03357264676713195
38.94,-0.03730864486354119,-0.03348546885222514,-0.08747113968742815,-0.1293399247179768,-0.03705113279921235
38.95,-0.04034184985421805,-0.03681288029508561,-0.09134046197733026,-0.1350692483489357,-0.04008733220302158
38.96,-0.04293992863842207,-0.03970466092179581,-0.09474715677987455,-0.1407034470001943,-0.04268837606049936
38.97,-0.0451119567483147,-0.04216832810260751,-0.09768125404163214,-0.146241496959907,-0.04486335787384621
38.98,-0.04686884750230733,-0.04421331479732177,-0.1001349548283972,-0.1516819475128437,-0.04662320911226625
38.99,-0.04822321989734514,-0.04585084492961211,-0.1021026864763855,-0.1570227387117573,-0.04798056679549068
39,-0.04918926015775365,-0.04709380112603023,-0.1035811423305252,-0.162261033523681,-0.0489496347586863
39.01,-0.04978257858553928,-0.04795658644459955,-0.1045693058400118,-0.1673930677500028,-0.04954604024226134
39.02,-0.05002006333638879,-0.04845498171524026,-0.1050684592127825,-0.1724140204861452,-0.04978668742966469
39.03,-0.04991973270618467,-0.04860600009267896,-0.1050821772401309,-0.1773179072027692,-0.04968960951709656
39.04,-0.04950058588526299,-0.0484277403824751,-0.104616307269889,-0.1820974968434473,-0.04927382084163179
39.05,-0.04878245648689754,-0.04793924064298061,-0.1036789366024997,-0.1867442536908477,-0.04855917051927994
39.06,-0.04778587653594423,-0.04716033349133097,-0.1022803487749287,-0.1912483041954873,-0.04756619895297348
39.07,-0.04653193160859458,-0.04611150445062179,-0.1004329702490817,-0.1955984285172848,-0.04631599846338097
39.08,-0.04504212652118871,-0.04481375456949416,-0.09815130891013657,-0.1997820762141897,-0.04483007917413739
39.09,-0.04333825761455091,-0.04328846842525885,-0.09545188550044975,-0.2037854053214988,-0.04313024114900565
39.1,-0.04144229211678111,-0.04155728848889267,-0.09235315868679295,-0.207593343982099,-0.04123845363343859
39.11,-0.03937625528417835,-0.03964199668629753,-0.08887544393288754,-0.2111896737820468,-0.0391767420987732
39.12,-0.03716212585844792,-0.03756440383722182,-0.08504082580134653,-0.2145571339814486,-0.03696708362620088
39.13,-0.03482174021218033,-0.03534624749365173,-0.08087306283092566,-0.2176775458697326,-0.03463131100183608
39.14,-0.03237670319319035,-0.0330090985360087,-0.07639748381629019,-0.2205319564826135,-0.03219102572633936
39.15,-0.02984831291472595,-0.0305742767206908,-0.07164087422873083,-0.2231008008670454,-0.02966751997522887
39.16,-0.0272574943961721,-0.02806277520838207,-0.0666313516932186,-0.2253640819501714,-0.0270817073819199
39.17,-0.02462473488975772,-0.02549519394059635,-0.06139822987322785,-0.2273015668468192,-0.02445406235771908
39.18,-0.02197003127352548,-0.02289168157331889,-0.05597187076077276,-0.2288929981244565,-0.02180456751406412
39.19,-0.0193128449736264,-0.02027188552308928,-0.05038352614007113,-0.2301183181396413,-0.01915266861518877
39.2,-0.0166720637019517,-0.01765490953594306,-0.04466516977965507,-0.2309579040796532,-0.01651723636671742
39.21,-0.0140659692092381,-0.01505927805813001,-0.03884932259158891,-0.2313928108101044,-0.01391653424006001
39.22,-0.01151221016719815,-0.0125029065750426,-0.03296887347064714,-0.2314050180776919,-0.01136819144592321
39.23,-0.009027779181680903,-0.01000307699572539,-0.02705689871658157,-0.2309776780911942,-0.00888918010501083
39.24,-0.006628990946057772,-0.007576417096643806,-0.02114648282526643,-0.2300953590578811,-0.006495795621351497
39.25,-0.004331469023702587,-0.005238883000298455,-0.0152705430440559,-0.2287442799463948,-0.004203639245097701
39.26,-0.002150128520756467,-0.00300574365091566,-0.009461659506191655,-0.2269125316372431,-0.002027601817332414
39.27,-9.915812231901919e-05,-0.0008915662604125907,-0.003751912096294441,-0.2245902797502409,1.815227982471246e-05
39.28,0.001807996815929435,0.001089798267353781,0.001827275443712306,-0.2217699448207661,0.001920201889755835
39.29,0.003558652750150507,0.002925230867251494,0.007245284205340485,-0.218446356118061,0.003665887408076607
39.3,0.005140908747221909,0.004602361649721276,0.01247244204501535,-0.2146168762124985,0.005243331412848384
39.31,0.006543670221946738,0.006109589791093328,0.01748015945316661,-0.2102814943364497,0.006641462221279926
39.32,0.007756676096304623,0.007436106600848646,0.02224106016184546,-0.2054428875669712,0.007850040858153828
39.33,0.008770529891423854,0.008571922248380492,0.02672910726811323,-0.2001064498136284,0.008859691768821509
39.34,0.009576735632232693,0.009507896476685151,0.03091972553081707,-0.1942802894595695,0.00966193744593119
39.35,0.01016773336258716,0.01023577346444976,0.03478992031835476,-0.1879751972343233,0.01024923696758379
39.36,0.01053694336158897,0.01074822082448706,0.03831839347402688,-0.1812045864660465,0.01061502826929372
39.37,0.01067881251932102,0.01103887254853742,0.04148565613808863,-0.1739844082585756,0.01075377379688747
39.38,0.01058886298879286,0.01110237553057153,0.04427413831903615,-0.1663330443655667,0.01066100901616696
39.39,0.0102637430025452,0.01093443912591185,0.0466682947285959,-0.1582711806004313,0.01033339309199149
39.4,0.00970127901252449,0.01053188703668717,0.04865470607760686,-0.1498216635425,0.009768760897930606
39.41,0.008900528175487256,0.009892710658888804,0.05022217468424306,-0.1410093430975807,0.00896617538160438
39.42,0.007861830088526166,0.009016122886683409,0.05136181290815023,-0.1318609031689579,0.007925979193297739
39.43,0.006586856890535876,0.007902611249197555,0.05206712264824809,-0.1224046823215549,0.006649844389404469
39.44,0.00507866014323904,0.006553989156668438,0.05233406398389068,-0.1126704859105448,0.005140818950026549
39.45,0.003341710930525337,0.004973443959302437,0.05216111103731425,-0.1026893907343222,0.003403368803534368
39.46,0.001381937490148582,0.00316558047504234,0.0515492933011964,-0.09249354290330958,0.001443414031335188
39.47,-0.0007932456186724875,0.001136458623137604,0.05050222099194107,-0.08211594933614097,-0.0007316420656559575
39.48,-0.003174916938003017,-0.001106376190814939,0.04902609341675845,-0.07159026314827166,-0.003112892321289917
39.49,-0.005752637196782704,-0.003553871255531971,0.04712968982097643,-0.06095056322378156,-0.005689914698064902
39.5,-0.008514449189600204,-0.006195454552609114,0.04482434263742607,-0.05023112848531575,-0.008450772049546029
39.51,-0.01144688946385789,-0.009019033732888593,0.04212389341542316,-0.03946620780628152,-0.01138202366527219
39.52,-0.0145350126923039,-0.0120110071117423,0.03904463190623186,-0.02868978712488385,-0.01446874947438742
39.53,-0.01776242881585854,-0.01515628758072535,0.0356052188113537,-0.01793535607424818,-0.01769458762599496
39.54,-0.02111135521615654,-0.01843834016703133,0.0318265926030219,-0.007235677263020324,-0.02104178598846179
39.55,-0.024562684225067,-0.02183923378782193,0.02773186069585004,0.003377437867982835,-0.02449126791968859
39.56,-0.02809606223257135,-0.02533970754856885,0.02334617519754251,0.01387334202845758,-0.02802271245913646
39.57,-0.03168998452388594,-0.02891925172758203,0.01869659358625669,0.02422274888739639,-0.03161464888364618
39.58,-0.03532190425077561,-0.03255620337655357,0.01381192498152584,0.03439790857424213,-0.03524456535653686
39.59,-0.03896835502635648,-0.03622785625216907,0.008722563140523221,0.04437275697142029,-0.03888903118666898
39.6,-0.04260508644879947,-0.03991058457890423,0.003460307797650664,0.05412303448795303,-0.04252383200482812
39.61,-0.04620721165643323,-0.04357997993098917,-0.001941823677031884,0.06362637091615109,-0.04612411696229085
39.62,-0.04974936581760001,-0.04721100031582415,-0.007449792211100204,0.07286233413611609,-0.04966455686414756
39.63,-0.05320587299319891,-0.0507781303455741,-0.01302873862671017,0.08181244175060404,-0.05311951197090287
39.64,-0.05655092471530217,-0.05425555120236292,-0.01864318934395742,0.09046013610085291,-0.05646320803888616
39.65,-0.0597587633609706,-0.05761731893816668,-0.02425726507558984,0.09879072443121562,-0.05966991902543528
39.66,-0.06280386891599359,-0.06083754950502596,-0.02983489175457482,0.1067912871513352,-0.06271415476089459
39.67,-0.06566115014717618,-0.06389060878585295,-0.03534001308912427,0.1144505581263395,-0.06557085178780142
39.68,-0.06830613704982426,-0.06675130579191912,-0.04073680405075686,0.1217587816709294,-0.06821556548970431
39.69,-0.07071517263654714,-0.06939508711210995,-0.04598988431901185,0.1287075514195375,-0.07062466157863445
39.7,-0.07286560210502024,-0.07179823064360702,-0.05106453034633973,0.1352896364998859,-0.07277550498192353
39.71,-0.07473595741935204,-0.0739380366054061,-0.05592688440640703,0.1414988004741309,-0.07464664416612443
39.72,-0.07630613523984266,-0.07579301383577641,-0.06054415886191539,0.1473296183626984,-0.07621798895767229
39.73,-0.07755756516635912,-0.07734305940082931,-0.06488483398237865,0.1527772967672962,-0.07747097996638486
39.74,-0.07847337247027925,-0.07856962959216529,-0.06891884791657088,0.1578375016978897,-0.07838874778766669
39.75,-0.07903852420457379,-0.07945590046495965,-0.07261777774438632,0.1625061982173954,-0.07895626025136226
39.76,-0.0792399622218108,-0.0799869161628346,-0.07595501070217875,0.1667795054767111,-0.07916045609784939
39.77,-0.0790667218571693,-0.08014972339104903,-0.07890590450833901,0.1706535701457222,-0.07899036359359074
39.78,-0.078510034178826,-0.07993349053402971,-0.08144793514881049,0.1741244606721671,-0.07843720274681881
39.79,-0.07756341062849592,-0.07932961006497607,-0.08356082968547229,0.177188084234105,-0.07749446994736825
39.8,-0.07622270905101577,-0.07833178306231142,-0.08522668104965969,0.1798401277038929,-0.07615800403042355
39.81,-0.07448618029830384,-0.07693608482734832,-0.08643004190354092,0.1820760234191178,-0.07442603295007433
39.82,-0.07235449454626393,-0.07514101078737268,-0.08715799579639161,0.1838909400637967,-0.07229920044243565
39.83,-0.06983074692628634,-0.07294750206580208,-0.08740020578731095,0.1852797985043921,-0.06978057225752571
39.84,-0.06692044510406146,-0.07035895030368355,-0.08714894269740642,0.1862373120015076,-0.06687562174177381
39.85,-0.06363147252434703,-0.06738118152262429,-0.08639909632073933,0.1867580498307241,-0.06359219475672245
39.86,-0.05997403242402211,-0.06402241902590283,-0.0851481728449785,0.1868365229955304,-0.05994045412202298
39.87,-0.0559605719584077,-0.06029322554025984,-0.08339628071217409,0.1864672904024397,-0.05593280397041239
39.88,-0.05160568679747324,-0.05620642500378642,-0.08114610594770388,0.1856450835936838,-0.05158379459692874
39.89,-0.0469260069636521,-0.05177700460360185,-0.07840287726987466,0.1843649478971358,-0.04691000857280353
39.9,-0.04194006486350654,-0.04702199785884137,-0.07517432126710177,0.1826223976568878,-0.04192992907454418
39.91,-0.03666814663692318,-0.04196034972817864,-0.07147060835917896,0.1804135830515,-0.03666379154953858
39.92,-0.03113212807944311,-0.03661276489489657,-0.06730429075360989,0.1777354658900181,-0.03113341999985864
39.93,-0.02535529670484504,-0.03100154054504983,-0.062690233881039,0.1745860016972491,-0.02536204931488545
39.94,-0.0193621613362512,-0.02515038510426076,-0.05764554275514316,0.1709643253570597,-0.0193741352199997
39.95,-0.0131782508475843,-0.01908422453544456,-0.05218948441016857,0.1668709375721581,-0.01319515353227785
39.96,-0.006829904215022329,-0.01282899792259196,-0.04634340714002372,0.1623078894161465,-0.006851390524054979
39.97,-0.0003440535730720601,-0.006411444174569181,-0.04013065680453748,0.1572789622933362,-0.0003697262910433707
39.98,0.006251997749896984,0.0001411182226830898,-0.0335764900543577,0.1517898406782442,0.006222586897303206
39.99,0.01293080017037935,0.006801016397218529,-0.02670798399446356,0.1458482750748811,0.01289814922175825
40,0.01966498366598227,0.01354045115174352,-0.0195539415726701,0.1394642327123012,0.01962963881826885
40.01,0.02642748233868409,0.02033172576932479,-0.0121447918472341,0.1326500335755145,0.02639003603686313
40.02,0.03319175515340243,0.02714747340307744,-0.004512484255907112,0.1254204694604663,0.03315284431087928
40.03,0.03993200242374605,0.03396088086664789,0.003309623924116656,0.1177929038411292,0.03989230549361644
40.04,0.04662337390619987,0.04074590663623462,0.01128688757302504,0.1097873504507528,0.04658360753853252
40.05,0.05324216623554146,0.04747749088870235,0.01938350157973678,0.1014265286141585,0.05320308243684885
40.06,0.05976600927384437,0.05413175543909343,0.02756263662912956,0.09273589353003048,0.05972839238366806
40.07,0.06617403872651652,0.06068619150795956,0.03578658266182921,0.08374363989735722,0.06613870222094675
40.08,0.07244705316868549,0.06711983334357952,0.04401689942447173,0.07448067751232651,0.07241483630362822
40.09,0.07856765374394302,0.07341341584079447,0.05221457329251045,0.06498057773244237,0.07853941805404319
40.1,0.08452036493782931,0.0795495144307663,0.06034017942812431,0.0552794900114385,0.08449699060998084
40.11,0.09029173498071967,0.08551266566193216,0.06835404831497649,0.04541602804645806,0.09027411713330624
40.12,0.0958704147299955,0.09128946705337837,0.0762164357147227,0.03543112543982763,0.09585945952870756
40.13,0.101247214550246,0.09686865498212555,0.08388769501847737,0.02536786115140827,0.1012438345253355
40.14,0.1064151359879713,0.1022411595680831,0.09132845076269275,0.01527125539336444,0.1064202462971068
40.15,0.1113693800908134,0.1074001357449947,0.09849977178742386,0.005188036987857525,0.1113838950387299
40.16,0.1161073316213771,0.1123409699505786,0.1053633422859683,-0.004833616436664467,0.1161321611725392
40.17,0.1206285188394217,0.1170612621311917,0.1118816290210451,-0.01474436369478421,0.120664565133664
40.18,0.1249345490817047,0.1215607830331568,0.1180180433991195,-0.02449400869407392,0.124982702965406
40.19,0.1290290206621886,0.1258414070412828,0.1237370979041905,-0.03403183011282951,0.1290901582497271
40.2,0.1329174119138319,0.1299070211228397,0.1290045574523149,-0.04330692939310765,0.1329923911959287
40.21,0.1366069487942505,0.1337634107389686,0.1337875872935445,-0.05226859397243711,0.1366966060100929
40.22,0.1401064537980679,0.1374181238910819,0.1380548998862138,-0.06086667228296755,0.1402115979642402
40.23,0.1434261705363533,0.1408803147719733,0.1417769034766292,-0.0690519566292922,0.1435475818729374
40.24,0.1465775760469168,0.1441605687837528,0.1449258548258904,-0.07677656964446278,0.1467160039614819
40.25,0.1495731786527206,0.147270710960761,0.1474760176750039,-0.08399434967012903,0.1497293393688023
40.26,0.1524263035506531,0.1502236000897146,0.1494038273117247,-0.09066123018431171,0.1526008777651682
40.27,0.1551508691993735,0.1530329110478481,0.1506880602646613,-0.09673560838847023,0.1553444997747181
40.28,0.1577611573716249,0.1557129080802382,0.1513100069662539,-0.1021786983272315,0.1579744470710553
40.29,0.1602715798794291,0.1582782119081096,0.1512536443786111,-0.1069548644680347,0.1605050891567861
40.3,0.1626964450839134,0.1607435636981419,0.150505805129921,-0.1110319324660741,0.1629506899406887
40.31,0.1650497293122955,0.1631235890247112,0.1490563396287636,-0.1143814747635061,0.1653251772861778
40.32,0.1673448542988534,0.1654325650176873,0.1468982678200473,-0.1169790695525078,0.1676419187191712
40.33,0.1695944619812536,0.167684193903338,0.1440279176205208,-0.1188045322954703,0.1699135064505366
40.34,0.171810217126925,0.1698913861119453,0.1404450475387492,-0.1198421193164479,0.172151554786779
40.35,0.1740026205606694,0.1720660560411741,0.1361529514769338,-0.120080702917945,0.1743665128725191
40.36,0.1761808400432201,0.1742189334294517,0.1311585441779997,-0.119513917098685,0.1765674955301407
40.37,0.1783525617676053,0.1763593931098548,0.1254724261829745,-0.1181402723916143,0.1787621347373668
40.38,0.1805238647421129,0.17849530568467,0.1191089274776305,-0.1159632377813687,0.1809564540150947
40.39,0.1826991200205005,0.1806329113868046,0.1120861292260065,-0.1129912872557429,0.183154767688863
40.4,0.1848809163958865,0.1827767190803271,0.1044258631177281,-0.1092379084035479,0.1853596066422301
40.41,0.1870700198640697,0.1849294320026962,0.09615368791086371,-0.1047215706327407,0.1875716718039915
40.42,0.1892653500884977,0.1870919014707861,0.08729884275253968,-0.09946565102772753,0.1897898162095775
40.43,0.191463980846273,0.1892631093673006,0.0778941768287551,-0.09349831653170826,0.1920110560561175
40.44,0.1936611894878552,0.191440179799951,0.06797605485848646,-0.08685236194760804,0.1942306107377693
40.45,0.1958505255993961,0.1936184198899177,0.05758423793390871,-0.07956500411918943,0.1964419714099152
40.46,0.1980239071991733,0.195791389206257,0.04676173924549493,-0.07167763351543527,0.1986369971950751
40.47,0.2001717432138541,0.197950996926937,0.03555465433808047,-0.06323552524879522,0.2008060377176815
40.48,0.2022830805124745,0.2000876253827607,0.02401196572601916,-0.05428751228350404,0.2029380802461607
40.49,0.2043457733931452,0.2021902782348211,0.01218532194434685,-0.04488562422262005,0.2050209193366358
40.5,0.2063466732845275,0.2042467511558518,0.0001287914244457733,-0.03508469560194105,0.2070413465194306
40.51,0.2082718473217957,0.2062438225366517,-0.01210140801638787,-0.02494194807323996,0.2089853572542348
40.52,0.2101067779050621,0.2081674614263364,-0.02444720272091627,-0.01451655123894569,0.2108383721071727
40.53,0.2118365951533444,0.2100030496447729,-0.0368489776124109,-0.003869167216142722,0.2125854688789102
40.54,0.2134463251430226,0.2117356147825227,-0.0492459082308967,0.006938515732204498,0.2142116222406295
40.55,0.2149211333375402,0.2133500706324034,-0.0615763058372904,0.01784425495289055,0.2157019473178284
40.56,0.216246568285454,0.2148314614814933,-0.07377796983223861,0.02878572484446407,0.2170419436022075
40.57,0.2174088019710651,0.2161652066350927,-0.08578854104125028,0.03970098219123508,0.2182177355707352
40.58,0.2183948632605451,0.2173373415463739,-0.097545849692248,0.05052891957415484,0.2192163064481787
40.59,0.2191928610022768,0.2183347519866113,-0.1089882534433694,0.06120970111188567,0.2200257216638185
40.6,0.2197921952744703,0.2191453978097884,-0.1200549634768137,0.07168517496039384,0.2206353387226572
40.61,0.2201837627935528,0.2197585230394265,-0.1306863597693452,0.08189925729727654,0.2210360004330503
40.62,0.2203600974870478,0.2201648492312295,-0.1408242990998312,0.09179828294941761,0.221220208701941
40.63,0.2203155356506029,0.2203567493381297,-0.1504124201958922,0.1013313183943859,0.2211822764212218
40.64,0.220046349155277,0.2203283996199119,-0.1593964493672752,0.1104504335733968,0.220918455317877
40.65,0.2195508472462651,0.2200759074913013,-0.1677245075816821,0.1191109297830172,0.2204270380203934
40.66,0.2188294511854301,0.2195974135845286,-0.1753474172537276,0.1272715218412814,0.2197084329974489
40.67,0.2178847408251412,0.2188931667074579,-0.1822190049785705,0.1348944737203299,0.21876521144454
40.68,0.2167214726298857,0.2179655707990172,-0.1882963954872857,0.1419456878646928,0.2176021256227116
40.69,0.2153465690915922,0.2168192034123855,-0.1935402921508941,0.1483947494309396,0.2162260985829589
40.7,0.213769084539242,0.2154608056847331,-0.1979152400401082,0.1542149276483759,0.2146461856327672
40.71,0.2120001443303314,0.2138992441731239,-0.2013898684370122,0.159383137371698,0.2128735083102924
40.72,0.2100528208170525,0.2121454453416367,-0.2039371104657147,0.1638798646392761,0.2109211620196647
40.73,0.2079420365433133,0.210212303868385,-0.2055343979651432,0.167689060636652,0.2088040988417723
40.74,0.2056844262926704,0.2081145662967966,-0.2061638298095816,0.1707980088746602,0.2065389873623549
40.75,0.2032981759946595,0.2058686918777154,-0.2058123117004901,0.173197170616999,0.2041440516487837
40.76,0.2008028431745458,0.2034926927331347,-0.2044716653260534,0.1748800136361848,0.201638891753919
40.77,0.198219161537571,0.2010059557137969,-0.2021387051772737,0.1758428292539915,0.1990442883269998
40.78,0.1955688324311985,0.1984290485189428,-0.1988152825477014,0.1760845423563993,0.1963819940652097
40.79,0.1928743060320315,0.1957835127947835,-0.1945082981199807,0.1756065186950537,0.193674514844263
40.8,0.1901585627954455,0.193091647028602,-0.1892296862064566,0.1744123733319042,0.1909448834218301
40.81,0.1874448762889567,0.1903762821086787,-0.1829963741759116,0.1725077835865114,0.1882164286147836
40.82,0.1847565631534274,0.1876605524276592,-0.1758302195415317,0.1699003093385187,0.1855125428117329
40.83,0.1821167701518359,0.1849676653701616,-0.1677579252561708,0.1665992230474045,0.1828564505990428
40.84,0.1795482471245319,0.182320671945062,-0.1588109320553751,0.1626153513967052,0.1802709811549646
40.85,0.1770731258668981,0.1797422412001167,-0.1490252859455955,0.1579609300608995,0.1777783469067909
40.86,0.1747127075983741,0.177254440893761,-0.1384414791985805,0.1526494727330993,0.1753999307551683
40.87,0.172487261114733,0.1748785267002942,-0.1271042640734593,0.1466956552365537,0.1731560839529523
40.88,0.170415833476578,0.1726347419976051,-0.1150624394939779,0.1401152152646524,0.1710659364892239
40.89,0.168516074872178,0.1705421300401598,-0.1023686117909962,0.1329248680414297,0.169147221577764
40.9,0.16680408805773,0.1686183600634283,-0.08907893129275013,0.125142237956071,0.1674161155897622
40.91,0.1652942685251756,0.1668795686076716,-0.07525280700336556,0.1167858059902949,0.1658870945080739
40.92,0.1639991781639879,0.1653402170944174,-0.06095260185458057,0.1078748725189448,0.1645728077209023
40.93,0.1629294471732486,0.1640129664416201,-0.0462433110322823,0.0984295348171712,0.1634839697212153
40.94,0.1620936841829335,0.1629085692651516,-0.03119222566832452,0.08847067835177302,0.1626292700392463
40.95,0.1614984047140327,0.1620357799864612,-0.01586858380281209,0.07801998067243548,0.1620153015131527
40.96,0.1611479778815132,0.1614012829510336,-0.0003432100863131615,0.06709992645736396,0.1616465068005409
40.97,0.1610445910627246,0.1610096384631354,0.01531185463155604,0.05573383201597848,0.1615251428539083
40.98,0.1611882320971422,0.1608632464639553,0.03102373275231579,0.04394587731987748,0.1616512629277982
40.99,0.1615766890243786,0.160962327426483,0.04671909711001382,0.03176114343380154,0.1620227155556537
41,0.1622055720641936,0.1613049199147906,0.06232456409285314,0.01920565306222466,0.1626351598304112
41.01,0.163068328135253,0.1618868941577943,0.07776709030977869,0.006306411824778757,0.1634820962439962
41.02,0.1641562936114622,0.1627019809164829,0.09297436982725338,-0.006908552166940474,0.1645549122861817
41.03,0.1654587576436375,0.163741814875989,0.1078752285500811,-0.02041015283242242,0.1658429419705526
41.04,0.1669630346201025,0.1649959917659842,0.122400012028282,-0.0341682170513985,0.1673335384425111
41.05,0.16865454886504,0.1664521384020388,0.1364809628080883,-0.04815146414373517,0.1690121588280116
41.06,0.1705169307502683,0.1680959948439861,0.1500525833588326,-0.0623274958217726,0.1708624604993925
41.07,0.1725321234228863,0.1699115078832385,0.1630519805899001,-0.07666279826142297,0.1728664079621985
41.08,0.1746804993848762,0.1718809350971883,0.1754191880976895,-0.09112275762161637,0.1750043896010937
41.09,0.1769409874464376,0.1739849587425449,0.1870974626938235,-0.1056716899966735,0.177255343560137
41.1,0.1792912096383795,0.1762028087974697,0.198033552592593,-0.1202728864265471,0.1795968920692892
41.11,0.1817076115423632,0.1785123945000072,0.2081779358898096,-0.1348886732297624,0.1820054835619743
41.12,0.1841656186472135,0.1808904437637789,0.217485029482507,-0.149480487576491,0.1844565419548709
41.13,0.186639792962463,0.1833126498770796,0.2259133700516067,-0.1640089678971842,0.1869246224783307
41.14,0.1891039943814682,0.1857538249061458,0.2334257698149568,-0.1784340584370989,0.1893835734521084
41.15,0.191531547395487,0.1881880592255197,0.239989450203353,-0.1927151270292645,0.1918067033949391
41.16,0.1938954125257377,0.1905888865873748,0.2455761563409723,-0.2068110949778675,0.1941669528370353
41.17,0.1961683618076902,0.1929294541170127,0.2501622543337756,-0.2206805778294803,0.1964370701717963
41.18,0.1983231576161952,0.1951826965838176,0.2537288121189423,-0.2342820357692063,0.1985897908372864
41.19,0.2003327361857493,0.1973215142461895,0.2562616632744155,-0.2475739324193242,0.2005980190601435
41.2,0.2021703901973368,0.1993189535070741,0.2577514519782846,-0.2605149009431078,0.2024350113266534
41.21,0.2038099452805733,0.2011483895446651,0.2581936564634402,-0.2730639165655055,0.2040745606693151
41.22,0.2052259499124028,0.202783710003402,0.2575885880260486,-0.2851804749067917,0.2054911807753
41.23,0.206393858130346,0.2041994987455741,0.2559413630299749,-0.2968247758660069,0.2066602888385729
41.24,0.2072902096016344,0.2053712185767752,0.2532618463441062,-0.3079579131552593,0.2075583859932927
41.25,0.2078928060607649,0.2062753917726677,0.2495645659738705,-0.3185420699250922,0.2081632340858726
41.26,0.2081808827966492,0.206889777153205,0.2448685998846017,-0.3285407211720363,0.2084540274703603
41.27,0.2081352738091088,0.2071935423772834,0.2391974368155122,-0.3379188437088042,0.2084115584496931
41.28,0.2077385692072803,0.207167430068213,0.2325788131580023,-0.346643134332054,0.2080183749377186
41.29,0.2069752671262998,0.2067939163309326,0.2250445279066173,-0.354682236383456,0.20725892888619
41.3,0.2058319060362808,0.2060573601878442,0.216630237591464,-0.3620069741410095,0.2061197140103302
41.31,0.2042971869388269,0.2049441424448462,0.2073752331918843,-0.3685905934223278,0.2045893913582036
41.32,0.2023620901300778,0.2034427925068956,0.1973222013475696,-0.3744090055133223,0.202658901304724
41.33,0.200019972086177,0.2015441016978294,0.1865169725975839,-0.3794410301959583,0.2003215606121096
41.34,0.1972666461639026,0.1992412217045902,0.1750082597027586,-0.3836686324209342,0.1975731432854136
41.35,0.1941004459551087,0.1965297468607107,0.1628473891967393,-0.3870771462492901,0.1944119440643964
41.36,0.1905222702710996,0.1934077791049087,0.150088029112862,-0.3896554792375699,0.190838823530878
41.37,0.1865356088954552,0.1898759745943929,0.1367859153912074,-0.3913962905662906,0.1868572339722915
41.38,0.1821465486505042,0.1859375711173162,0.1229985788900296,-0.3922961369260201,0.1824732253256168
41.39,0.1773637641240502,0.1815983956331788,0.1087850743360236,-0.3923555814030273,0.1776954307284786
41.4,0.1721984715480238,0.1768668514714772,0.09420571205311462,-0.3915792621968367,0.1725350314228683
41.41,0.1666643754404805,0.1717538849341856,0.07932179296217545,-0.3899759197628244,0.1670057009880793
41.42,0.1607775957062965,0.1662729312726098,0.06419534713584335,-0.3875583827060408,0.1611235291189045
41.43,0.1545565713789974,0.160439840241422,0.04888887606745362,-0.3843435142868619,0.1549069254088326
41.44,0.1480219450664908,0.154272781670747,0.03346509869853637,-0.3803521226115674,0.1483765038411354
41.45,0.1411964290407637,0.1477921317391266,0.01798670109372119,-0.375608838404613,0.1415549489288976
41.46,0.1341046541407255,0.1410203408711111,0.002516089454174031,-0.3701419646805003,0.1344668646736805
41.47,0.1267730028724063,0.1339817844169291,-0.01288485402378042,-0.3639833026816582,0.1271386077269886
41.48,0.119229429331617,0.1267025974899197,-0.02815501301876755,-0.3571679581857843,0.1195981063350832
41.49,0.1115032700870505,0.1192104955351679,-0.04323427715100214,-0.3497341317918653,0.1118746668219234
41.5,0.1036250261907402,0.1115345823760249,-0.05806378038780424,-0.3417228961568055,0.1039987695137952
41.51,0.09562615754289563,0.1037051476319295,-0.07258613742505077,-0.3331779624619737,0.09600185612970052
41.52,0.08753886564105054,0.09575345551929548,-0.08674567709729808,-0.3241454377205106,0.08791611075146444
41.53,0.07939587021215841,0.08771152713523223,-0.1004886713328309,-0.3146735739580779,0.07977423654527682
41.54,0.07123018377697365,0.07961191838006665,-0.1137635577888783,-0.3048125098600907,0.07160923043102019
41.55,0.06307488633723667,0.07148749569773982,-0.126521154133565,-0.2946140052061832,0.06345415788716635
41.56,0.05496290233495179,0.06337121180338329,-0.1387148619801339,-0.2841311683166406,0.05534193003771259
41.57,0.04692678196055319,0.0552958835252943,-0.1503008586717364,-0.2734181768062535,0.04730508509486375
41.58,0.03899849115318563,0.04729397381579947,-0.1612382753832372,-0.262529992153906,0.03937557612879533
41.59,0.03120920817681816,0.03939737988421066,-0.1714893602738957,-0.2515220689146263,0.0315845670064922
41.6,0.02358911746426266,0.031637229277934,-0.1810196256382531,-0.2404500597811297,0.02396223818828302
41.61,0.01616723544925494,0.0240436855874982,-0.1897979781422382,-0.2293695180968222,0.01653760389694087
41.62,0.008971240902980272,0.01664576528144551,-0.1977968313131712,-0.2183355997858156,0.009338341983991305
41.63,0.002027318450692905,0.009471166991123492,-0.204992199519635,-0.2074027669557649,0.002390637615183544
41.64,-0.00463998317999093,0.002546114367432906,-0.2113637727876552,-0.1966244956118045,-0.004280958313363725
41.65,-0.0110078774768461,-0.00410478657400315,-0.2168949720034659,-0.186052989969889,-0.01065365533107998
41.66,-0.01705545053803381,-0.01045867491219277,-0.2215729843716631,-0.1757389057618057,-0.01670653363694452
41.67,-0.02276375526448961,-0.01649454658585614,-0.2253887794056477,-0.165731084681033,-0.02242063815611606
41.68,-0.0281158856170608,-0.02219335016914037,-0.2283371061538177,-0.1560763017402663,-0.02777905633324168
41.69,-0.03309704287776158,-0.02753806655773533,-0.2304164727128478,-0.1468190268223976,-0.03276697977374299
41.7,-0.03769458677678204,-0.03251377264800193,-0.2316291092641475,-0.1380012011444084,-0.03737175001609744
41.71,-0.04189805891803652,-0.03710768925966507,-0.2319809158603802,-0.1296620287668491,-0.04158288887164929
41.72,-0.04569919830928203,-0.041309213703212,-0.2314813960270424,-0.1218377827292852,-0.04539211390205755
41.73,-0.0490919427350169,-0.04510993752450271,-0.2301435770240619,-0.1145616249404602,-0.0487933397162742
41.74,-0.05207241669207188,-0.04850365007004098,-0.2279839174308476,-0.107863438669826,-0.05178266585844138
41.75,-0.05463890672291977,-0.05148632860594432,-0.2250222026213978,-0.101769672439613,-0.05435835212484885
41.76,-0.05679182502715702,-0.05405611579158409,-0.2212814286605453,-0.09630319435594892,-0.05652078219267742
41.77,-0.05853366218665991,-0.05621328535544334,-0.2167876751120165,-0.09148315647205191,-0.05827241646628911
41.78,-0.05986892631245233,-0.05796019684659992,-0.2115699671464304,-0.08732486963844166,-0.05961773505022233
41.79,-0.06080408467787451,-0.05930124034149348,-0.2056601271675265,-0.08383969041029393,-0.06056317174316761
41.8,-0.06134748796275407,-0.06024277197422084,-0.1990926159925565,-0.08103492284412833,-0.06111703991681172
41.81,-0.06150928540005503,-0.06079304113145484,-0.1919043635175532,-0.07891373926948303,-0.06128945109981043
41.82,-0.06130133673901842,-0.06096211011294084,-0.1841345888492161,-0.07747512517631516,-0.06109222703322437
41.83,-0.06073711835611734,-0.060761767008015,-0.1758246101220783,-0.07671385401856257,-0.06053880590250077
41.84,-0.05983162415447735,-0.06020543248081006,-0.1670176446059355,-0.07662049782980962,-0.0596441433853318
41.85,-0.05860126182618014,-0.0593080610944694,-0.1577586001544641,-0.07718147897501376,-0.05842460908763836
41.86,-0.05706374498689577,-0.05808603774081156,-0.1480938594454954,-0.07837916711358683,-0.0568978788740645
41.87,-0.0552379813496886,-0.0565570696791235,-0.1380710587339086,-0.08019202361961064,-0.05508282353749411
41.88,-0.05314395612829818,-0.05474007462887787,-0.127738862947499,-0.08259479348439291,-0.05299939419652111
41.89,-0.05080261972493882,-0.05265506530880343,-0.1171467389237569,-0.0855587423668237,-0.05066850476237139
41.9,-0.04823576427130116,-0.05032303077148026,-0.1063447284624359,-0.08905193422635604,-0.04811191177930507
41.91,-0.04546589997247338,-0.04776581485059628,-0.09538322271152477,-0.09303954311130447,-0.04535209191604395
41.92,-0.04251613040693018,-0.04500599201831601,-0.08431273925274457,-0.09748419135376912,-0.04241211737114425
41.93,-0.03941002600022117,-0.04206674094337093,-0.07318370312140798,-0.1023463057282501,-0.03931552945274647
41.94,-0.03617149594630331,-0.03897171604503674,-0.06204623287489031,-0.1075844830621256,-0.03608621060265482
41.95,-0.03282465887179025,-0.03574491735294177,-0.05094993268708342,-0.1131558572676339,-0.03274825515583196
41.96,-0.02939371257003009,-0.03241055900591761,-0.03994369125728359,-0.1190164606722355,-0.02932583915798087
41.97,-0.02590280292292777,-0.02899293675453163,-0.02907548804655785,-0.1251215737097965,-0.02584308960491299
41.98,-0.02237589284967071,-0.02551629487102375,-0.01839220697363786,-0.1314260583525976,-0.02232395351613298
41.99,-0.01883663325964878,-0.02200469291709928,-0.007939457232375213,-0.1378846719863017,-0.01879206730969057
42,-0.01530823174744664,-0.01848187287275349,0.002238599595410007,-0.1444523596585411,-0.01527062700395315
42.01,-0.01181332419237164,-0.01497112718635402,0.01209941733285336,-0.1510845237009609,-0.01178225983219683
42.02,-0.008373848581356112,-0.01149516836461789,0.02160222920432492,-0.1577372705995337,-0.008348897915754605
42.03,-0.005010921606157254,-0.008076000778302062,0.03070820901450128,-0.1643676356593365,-0.004991654698492554
42.04,-0.001744718790744053,-0.004734795412719039,0.03938062973460565,-0.1709337864872915,-0.001730704897620283
42.05,0.001405641050434142,-0.001491768339639876,0.04758501867416176,-0.1773952066218919,0.001414831229052615
42.06,0.004422206186929504,0.00163393627338948,0.05528930737415028,-0.1837128608014498,0.004426998462915499
42.07,0.007288296257242058,0.004624357769573817,0.06246397365035666,-0.1898493434133776,0.007289111189340447
42.08,0.009988599642462638,0.007462824357607145,0.06908217306594333,-0.1957690116365354,0.009985851071668828
42.09,0.01250926341710802,0.01013405133684142,0.07511985753095307,-0.2014381047035035,0.01250335695830068
42.1,0.01483797432802359,0.01262423131660839,0.08055587952229271,-0.2068248505909138,0.01482930616051192
42.11,0.01696403029613838,0.01492111556860048,0.08537208130052543,-0.2118995613092598,0.01695298626706532
42.12,0.01887840167863728,0.01701408568104745,0.08955336921296198,-0.2166347178177135,0.01886535670496786
42.13,0.0205737815591332,0.01889421472921737,0.09308777357768278,-0.2210050454380351,0.02055909931392363
42.14,0.0220446244076369,0.02055431723802009,0.09596649473215213,-0.2249875804840078,0.02202865727444853
42.15,0.02328717253849899,0.02198898728842147,0.09818393568232192,-0.228561728655832,0.02327026181580216
42.16,0.02429946989233851,0.0231946242088098,0.09973772151399024,-0.2317093155686676,0.02428194622865498
42.17,0.02508136247521352,0.02416944539380572,0.1006287054292343,-0.2344146295886098,0.02506354681747158
42.18,0.02563448640097522,0.02491348590496056,0.1008609610224692,-0.2366644569374117,0.02561669054752302
42.19,0.02596224200054005,0.02542858462854614,0.1004417602623993,-0.2384481088024556,0.02594476926947253
42.2,0.02606975415185623,0.02571835689370328,0.0993815366239077,-0.2397574399576331,0.02605290053866782
42.21,0.02596381974101476,0.02578815358751535,0.09769383292377509,-0.2405868581736509,0.02594787518480418
42.22,0.02565284220886238,0.02564500694052696,0.09539523364198232,-0.2409333234855218,0.02563809192824901
42.23,0.02514675361933279,0.02529756329466426,0.09250528182427475,-0.2407963362043373,0.0251334794798877
42.24,0.0244569248240065,0.02475600330382555,0.08904638101724205,-0.2401779124239238,0.02444540670000062
42.25,0.02359606443143004,0.02403195015356296,0.08504368303597626,-0.2390825456939056,0.02358658152595705
42.26,0.0225781074087478,0.0231383665194152,0.08052496266407266,-0.2375171535204483,0.02257093950666489
42.27,0.0214180942718798,0.02208944111254246,0.07552048060621386,-0.2354910074237252,0.02141352290168208
42.28,0.02013204229093722,0.02090046578561355,0.07006283613956948,-0.2330156454333485,0.02013035141292585
42.29,0.0187368088478465,0.01958770428836998,0.06418681093723161,-0.2301047661431089,0.01873828571536629
42.3,0.017249949114598,0.01816825386530924,0.05792920546568764,-0.2267741037744155,0.01725488503847927
42.31,0.01568956922426427,0.01665990097194814,0.05132866918953838,-0.2230412841097343,0.01569826012135639
42.32,0.01407417621374895,0.01508097244885559,0.0444255255521977,-0.2189256616442908,0.01408692292004182
42.33,0.01242252615165122,0.01345018353767008,0.03726159235147763,-0.2144481388515092,0.01243963448525054
42.34,0.0107534718871573,0.01178648415535966,0.02987999772377536,-0.2096309690441048,0.01077525245132793
42.35,0.009085811861185747,0.01010890486482852,0.02232499154478629,-0.2044975449106854,0.009112579582813307
42.36,0.007438141544440445,0.008436403989313057,0.01464175172034365,-0.1990721753843176,0.007470214813252662
42.37,0.005828709226228168,0.006787717311259156,0.006876184647150063,-0.1933798540182846,0.005866408181787686
42.38,0.004275275139711822,0.005181211770477923,-0.0009252808884624431,-0.1874460224688587,0.004318921027130163
42.39,0.002794978745992547,0.003634744530717549,-0.008715906934918083,-0.1812963329830117,0.002844892736073912
42.4,0.001404213591425169,0.002165528719379362,-0.0164488669708292,-0.1749564139355055,0.001460715265608203
42.41,0.0001185109406275921,0.0007900070639567103,-0.02407747372759245,-0.1684516424410982,0.000181916564761464
42.42,-0.001047566695002096,-0.0004762654469767647,-0.03155541369245418,-0.1618069278821875,-0.0009769460842686262
42.43,-0.002080521236882348,-0.001618728858720553,-0.03883698738604535,-0.1550465098515608,-0.002002381905159056
42.44,-0.002968003160256971,-0.002623914600874799,-0.04587735422560008,-0.1481937735364396,-0.00288205087616078
42.45,-0.003698883428838188,-0.003479530121089258,-0.0526327805892759,-0.141271084994584,-0.003604835757337221
42.46,-0.004263311927983003,-0.004174531166387052,-0.05906088958046252,-0.1342996481312763,-0.004160901412380902
42.47,-0.004652763425611621,-0.0046991812199077,-0.06512091093286909,-0.1272993845149117,-0.004541741094122698
42.48,-0.004860074014277345,-0.005045097750739802,-0.07077392946924388,-0.1202888365039994,-0.004740209519923377
42.49,-0.004879459130732412,-0.00520528508955842,-0.07598313049804883,-0.1132850935320845,-0.004750542722223305
42.5,-0.004706520284971938,-0.00517415390153364,-0.08071404047513026,-0.1063037408365057,-0.004568364818699933
42.51,-0.004338239140933843,-0.004947527388339368,-0.08493476115142984,-0.09935882944447438,-0.004190682003376189
42.52,-0.003772959306475259,-0.004522634510732426,-0.08861619526629727,-0.09246286586222441,-0.003615864212955233
42.53,-0.003010356432892721,-0.003898090679571475,-0.09173226163890158,-0.0856268196619584,-0.00284361506914399
42.54,-0.002051397361708493,-0.003073866513585877,-0.09426009728443052,-0.07886014703366351,-0.001874930835913058
42.55,-0.0008982891834984017,-0.002051245404358693,-0.09618024397795921,-0.07217082836695654,-0.0007120492584762328
42.56,0.0004455834026559966,-0.0008327707604564583,-0.09747681655606349,-0.06556541804922511,0.00064161073369573
42.57,0.001975723190621766,0.0005778160786481523,-0.09813765023233634,-0.05904910490321646,0.00218151737608141
42.58,0.003686592467241005,0.002175646164234823,-0.09815442434428456,-0.05262578202706342,0.003902101301172356
42.59,0.005571696780771293,0.003954800313417106,-0.09752276025677442,-0.04629812522416565,0.005796836415659978
42.6,0.007623669950757862,0.005908392285921771,-0.09624229159891573,-0.04006767969427061,0.007858325135280286
42.61,0.009834362109381722,0.008028656460483563,-0.09431670555035676,-0.03393495516867462,0.01007838665976424
42.62,0.01219492945123771,0.01030703867838823,-0.09175375444422634,-0.02789953017175173,0.01244814696071272
42.63,0.01469592437887307,0.01273428891184231,-0.08856523744691192,-0.02196016653107513,0.01495812916661876
42.64,0.0173273847643969,0.01530055442560202,-0.08476695246937083,-0.01611493558530386,0.01759834306182695
42.65,0.0200789212786844,0.01799547213148678,-0.0803786187603398,-0.01036135769466234,0.02035837246991878
42.66,0.02293980595671068,0.02080825888681781,-0.0754237708621468,-0.004696556584884604,0.02322745936623621
42.67,0.02589904271680483,0.02372779855901591,-0.06992962482063425,0.0008825703011378083,0.02619458365838323
42.68,0.02894544303629284,0.02674272476926687,-0.06392691776923221,0.006379164948540406,0.02924853768615565
42.69,0.03206769709613437,0.02984149833764199,-0.05744972226787176,0.01179620593505087,0.03237799462209684
42.7,0.0352544353631042,0.03301247857954703,-0.05053523705899909,0.01713629147939033,0.03557157009873652
42.71,0.03849428289589314,0.03624398774720528,-0.04322355617325724,0.0224014118473827,0.03881787654640934
42.72,0.04177590602817496,0.03952436806803705,-0.03555741853293076,0.02759271636314031,0.04210556989375425
42.73,0.04508805125760167,0.04284203100149631,-0.02758194031918298,0.03271028205939874,0.04542338845889982
42.74,0.04841957635022075,0.04618549851387366,-0.01934433236332439,0.03775289260886294,0.04876018403976667
42.75,0.05175947479840856,0.04954343635339759,-0.0108936047002956,0.04271783739072721,0.05210494539372251
42.76,0.05509689659718941,0.05290467949208516,-0.002280260235995646,0.04760074114640911,0.05544681447673544
42.77,0.05842114489843712,0.05625825008275148,0.0064440206830359,0.05239543448325734,0.05877509598656216
42.78,0.06172168567340489,0.05959336845624252,0.01522670305534601,0.05709387438155328,0.06207926092015043
42.79,0.06498814806456302,0.06289945785185697,0.02401472549959127,0.06168612183975386,0.06534894500881799
42.8,0.0682103188807021,0.06616614372997071,0.03275483188089889,0.06616038097135313,0.06857394303252262
42.81,0.0713781340850573,0.0693832486567067,0.0413939038304651,0.07050310048568637,0.07174420013383731
42.82,0.07448166849374545,0.07254078387280333,0.04987929147310854,0.07469913488662316,0.07484980134984176
42.83,0.07751112497556172,0.07562893875953336,0.05815913966704633,0.07873195930072319,0.07788096065378569
42.84,0.08045682449144136,0.07863806949102453,0.06618270731891274,0.08258392897900335,0.08082801084568181
42.85,0.08330920063379256,0.08155868821243373,0.07390067781894172,0.08623657250141703,0.08368139565020799
42.86,0.08605879662912533,0.08438145410593267,0.08126545921096906,0.08967090671516631,0.08643166537012903
42.87,0.08869625396456676,0.08709716770025178,0.0882314731901937,0.09286776146531983,0.08906947740297699
42.88,0.09121232740404628,0.08969676974382979,0.09475543225397776,0.09580810309221832,0.09158560285781259
42.89,0.09359789960504133,0.0921713458957068,0.1007966042522911,0.09847334723258278,0.09397094040752574
42.9,0.09584400329836798,0.09451213839157363,0.1063170632477179,0.1008456533804756,0.09621653838148303
42.91,0.09794185252001447,0.0967105657148627,0.1112819251445763,0.1029081956621376,0.09831362594454146
42.92,0.09988288355797056,0.09875825114554954,0.1156595661499919,0.1046454061354716,0.1002536540236661
42.93,0.1016588060689266,0.1006470608744667,0.1194218219089487,0.1060431885033857,0.102028346435085
42.94,0.1032616645913501,0.1023691521617902,0.1225441651538863,0.1070891013762779,0.1036297614362776
42.95,0.1046839143997414,0.1039170317885614,0.1250058599021414,0.107772511141823,0.1050503636816121
42.96,0.1059184991883386,0.1052836248038331,0.1267900905595705,0.1080847151443856,0.1062831063022739
42.97,0.1069589361300632,0.1064623533112442,0.1278840646776871,0.108019036295553,0.1073215225647168
42.98,0.1077994235270383,0.1074472247716168,0.1282790885048651,0.1075708904794958,0.1081598262919126
42.99,0.108434948816645,0.1082329290270554,0.127970614823852,0.1067378282212971,0.1087930199635218
43,0.1088614028264976,0.1088149429818688,0.1269582628486623,0.1055195520871852,0.1092170091496106
43.01,0.1090756987486437,0.1091896416122078,0.1252458101619197,0.1039179112167172,0.1094287216835987
43.02,0.1090758940132356,0.1093544137256245,0.1228411568435829,0.1019368742832438,0.1094262297485052
43.03,0.1088613130333897,0.1093077806597052,0.1197562621438265,0.09958248207373421,0.1092088728421
43.04,0.1084326686949063,0.1090495159012226,0.1160070543594689,0.09686278079977023,0.108777379405954
43.05,0.1077921852912381,0.1085807634285872,0.1116133150033284,0.09378773721722145,0.1081339847555565
43.06,0.1069437001673734,0.1079041524350233,0.1065985388252909,0.09036913665148194,0.1072825428379439
43.07,0.1058927674359146,0.1070239059813162,0.1009897715762872,0.08662046509839305,0.1062286292735335
43.08,0.1046467539059486,0.1059459410584079,0.09481742742351396,0.0825567766912858,0.1049796331132264
43.09,0.1032149168176752,0.104677957514382,0.0881150875767,0.07819454798096276,0.1035448347629357
43.1,0.1016084652878258,0.1032295133201234,0.08091928112451241,0.07355152065434506,0.1019354675972707
43.11,0.09984060311288788,0.1016120837153099,0.07326924861525846,0.06864653450458136,0.100164760902785
43.12,0.09792655074456147,0.09983910189275835,0.06520668885011788,0.06349935264613588,0.09824796195928115
43.13,0.09588354446728944,0.09792597904499312,0.05677548982429759,0.05813048112865027,0.09620233528388267
43.14,0.09373081164669864,0.09589010181157059,0.04802144565116506,0.05256098523037023,0.09404713732493364
43.15,0.09148952388818297,0.09375080542705172,0.03899196236076552,0.04681230479429338,0.09180356519847804
43.16,0.08918270734171503,0.09152932117473489,0.02973575634737069,0.0409060709988221,0.0894946784049574
43.17,0.08683514183893187,0.0892486970958789,0.02030254967563327,0.03486392692392343,0.08714529284306238
43.18,0.08447322915080704,0.08693369128333517,0.01074276629064375,0.02870735418099279,0.0847818468457604
43.19,0.08212483136027973,0.08461063749611847,0.00110723243664762,0.02245750772178939,0.08243223939366473
43.2,0.07981908206203391,0.08230728326113929,-0.008553116506144376,0.01613506073454635,0.08012564110639558
43.21,0.07758617144284026,0.08005260107257972,-0.01818752163077564,0.009760061283011434,0.07789227906523344
43.22,0.07545710674673216,0.07787657375080198,-0.02774567809098466,0.003351802058908837,0.07576319697283096
43.23,0.07346345007148176,0.07580995547300429,-0.0371780042661185,-0.003071295686101427,0.07376999259907652
43.24,0.07163703734861675,0.07388401042890991,-0.04643590167080414,-0.009491783271985188,0.07194453488885344
43.25,0.07000968054656136,0.07213023147833797,-0.05547200417605913,-0.01589327032874055,0.07031866350871996
43.26,0.06861284265798735,0.07058004158566589,-0.0642404147019347,-0.02226049496436328,0.06892387397806404
43.27,0.06747731887248093,0.0692644811712595,-0.07269692753646106,-0.02857937843460689,0.06779099185855736
43.28,0.06663290481645379,0.0682138848450996,-0.08079923482063889,-0.0348370646001625,0.06694983975725388
43.29,0.06610806079494383,0.06745755126671349,-0.08850711634490066,-0.04102194463162934,0.06642890112749528
43.3,0.0659295769950121,0.06702341010249435,-0.09578261241824237,-0.04712366755958475,0.06625498502325122
43.31,0.06612224390786406,0.06693769022176577,-0.1025901800406113,-0.05313313737009284,0.06645289607274923
43.32,0.0667085322722394,0.06722459338216652,-0.1088968328698827,-0.05904249742154694,0.06704511398351221
43.33,0.06770828682204934,0.06790597770016615,-0.1146722655447051,-0.06484510301522317,0.06805148687204515
43.34,0.0691384412440471,0.06900105518160815,-0.1198889628591503,-0.07053548299837265,0.06948894262697802
43.35,0.07101275038695241,0.07052610750003369,-0.1245222941359,-0.0761092913241852,0.07137122236577542
43.36,0.0733415413049687,0.07249422405873707,-0.1285505929410048,-0.08156324954503158,0.0737086398340539
43.37,0.0761315094659302,0.07491506615868893,-0.1319552220480563,-0.08689508127928303,0.07650787032698336
43.38,0.079385540777106,0.07779466082288655,-0.1347206233373355,-0.09210343976935575,0.07977177238810873
43.39,0.08310256904065913,0.08113522750188096,-0.1368343521846465,-0.09718782973705442,0.08349924516790097
43.4,0.08727747146850803,0.08493504050898271,-0.1382870959394202,-0.1021485248354963,0.08768512390836686
43.41,0.09190100426227528,0.08918832961141809,-0.1390726763506496,-0.1069864820852265,0.09232011556794983
43.42,0.09695977978401442,0.09388522074228312,-0.1391880362281337,-0.111703254753959,0.09739077611977054
43.43,0.102436286357721,0.09901171830796712,-0.1386332111104562,-0.1163009051834987,0.1028795305538122
43.44,0.1083089577670555,0.1045497300588156,-0.137411287119559,-0.1207819190739468,0.1087647360970341
43.45,0.1145522693596097,0.110477134977418,-0.1355283464285329,-0.1251491226983843,0.1150207886428015
43.46,0.1211368835801426,0.1167678941242417,-0.1329934018382105,-0.1294056044388976,0.1216182718591247
43.47,0.1280298466287723,0.1233922038672872,-0.1298183218886755,-0.1335546419090145,0.1285241479316844
43.48,0.1351948187057253,0.1303166904138311,-0.1260177477804436,-0.1375996357641497,0.1357019883985553
43.49,0.1425923422497792,0.1375046440639646,-0.121609003190983,-0.1415440511076477,0.1431122430553632
43.5,0.1501801456976318,0.1449162911258447,-0.1166119978644372,-0.1453913671838211,0.1507125444574761
43.51,0.1579134798726355,0.1525091009785033,-0.1110491256274213,-0.1491450358185983,0.1584580451246743
43.52,0.1657454837274766,0.1602381253468099,-0.1049451572367807,-0.152808448829314,0.1663017841677087
43.53,0.1736275764554603,0.1680563664688003,-0.09832712819781264,-0.1563849143826355,0.1741950797085478
43.54,0.1815098796905525,0.1759151704915468,-0.09122422141718889,-0.1598776420368453,0.1820879431599924
43.55,0.1893416287405238,0.1837646421306565,-0.08366764430074741,-0.1632897359640988,0.1899295111675365
43.56,0.1970716224212006,0.1915540763720127,-0.07569049970986252,-0.1666241956121428,0.1976684907990525
43.57,0.2046486806616392,0.199232402784086,-0.06732765008939295,-0.1698839228365522,0.2052536133968799
43.58,0.2120221013960145,0.2067486378465728,-0.05861557410264057,-0.1730717343188957,0.2126340923830872
43.59,0.2191421166180856,0.2140523405864082,-0.04959221525907481,-0.1761903778908774,0.2197600802327858
43.6,0.2259603427957846,0.2210940667464391,-0.04029682228034326,-0.1792425512195713,0.2265831198022273
43.61,0.2324302208651024,0.2278258166948429,-0.03076978128767449,-0.18223092118632,0.2330565852182503
43.62,0.2385074410912588,0.2342014723141395,-0.02105244028387854,-0.1851581422240304,0.2391361076032233
43.63,0.2441503504638451,0.2401772181866854,-0.01118692683693467,-0.1880268718748849,0.2447799810245374
43.64,0.2493203398286761,0.2457119425167019,-0.001215960353398882,-0.1908397818989906,0.2499495442196291
43.65,0.2539821737426527,0.2507676133962592,0.008817339147491832,-0.1935995634042681,0.254609533855613
43.66,0.2581043234280371,0.2553096262333312,0.01886964332164803,-0.1963089246724324,0.2587284053363189
43.67,0.2616592534548333,0.2593071184141159,0.02889760596022517,-0.1989705806135427,0.262278617467616
43.68,0.2646236666236433,0.2627332475709457,0.03885804845840368,-0.2015872330776538,0.2652368776333312
43.69,0.2669787064652743,0.2655654301711419,0.04870813713344868,-0.2041615415725773,0.2675843445168712
43.7,0.2687101148252702,0.2677855375308004,0.05840554957542909,-0.2066960842694813,0.2693067858260424
43.71,0.2698083424606892,0.2693800467872444,0.06790862789406726,-0.2091933095144921,0.2703946889379562
43.72,0.2702686110687583,0.2703401448305252,0.07717651767589112,-0.2116554783980761,0.2708433228739178
43.73,0.2700909297654399,0.2706617836924985,0.08616929257193984,-0.2140845992592473,0.2706527505376133
43.74,0.2692800560749395,0.2703456864169743,0.09484806556468378,-0.2164823553122536,0.269827790698637
43.75,0.2678453930113769,0.2693973029812727,0.1031750889922438,-0.2188500268712259,0.2683779297731542
43.76,0.2658008648778858,0.267826716403644,0.1111138462505399,-0.2211884099038941,0.266317184037552
43.77,0.2631647323284272,0.2656484997473106,0.118629138699917,-0.2234977328577186,0.2636639135036646
43.78,0.2599593603816286,0.2628815253149259,0.1256871716510086,-0.2257775738601539,0.2604405892778113
43.79,0.2562109423927496,0.2595487279103332,0.1322556433869888,-0.2280267804894636,0.2566735168130428
43.8,0.2519491829686149,0.2556768246212758,0.1383038409861934,-0.2302433943362917,0.2523925180364527
43.81,0.2472069433574431,0.2512959941390775,0.1438027462251029,-0.2324245825249567,0.2476305758826649
43.82,0.2420198533605946,0.2464395191718496,0.1487251540521415,-0.2345665782368398,0.2424234452820583
43.83,0.2364258988186707,0.2411433960179671,0.1530458050279311,-0.2366646320799628,0.2368092351291359
43.84,0.2304649730213396,0.235445915837968,0.1567415317574815,-0.2387129758864025,0.2308279661843473
43.85,0.2241784140793708,0.2293872225865647,0.1597914177720758,-0.2407048002036775,0.2245211102336763
43.86,0.2176085394100585,0.2230088529331686,0.1621769656967645,-0.2426322463914019,0.2179311161363277
43.87,0.2107981654623503,0.2163532638002337,0.1638822700848031,-0.2444864138560806,0.2111009286259956
43.88,0.2037901262061839,0.2094633533757926,0.1648941892862417,-0.246257382571868,0.2040735058890933
43.89,0.1966267964892147,0.2023819816033684,0.165202510380333,-0.2479342506604453,0.1968913420194645
43.9,0.1893496263473815,0.1951514962147585,0.1648001016142731,-0.2495051864555551,0.1895960004405064
43.91,0.1819986922580056,0.1878132703463155,0.1636830477930936,-0.2509574941727923,0.1822276642898779
43.92,0.1746122712558205,0.1804072576675748,0.1618507653213243,-0.2522776920566604,0.1748247095789942
43.93,0.167226445918391,0.1729715707530393,0.1593060947580835,-0.253451601696451,0.1674233066704007
43.94,0.1598747333329989,0.1655420881472781,0.1560553696037095,-0.2544644470986376,0.1600570552633599
43.95,0.1525877618705592,0.1581520952136286,0.1521084605546458,-0.2553009620811144,0.1527566576461079
43.96,0.145392989648509,0.1508319634231203,0.1474787947251284,-0.2559455046136604,0.1455496344677657
43.97,0.138314466758721,0.1436088722375737,0.1421833494470256,-0.2563821768640172,0.1384600867110293
43.98,0.1313726466837969,0.1365065771752703,0.1362426203109863,-0.2565949499080749,0.1315085069169526
43.99,0.1245842492707156,0.1295452270255412,0.1296805631663681,-0.2565677923081016,0.1247116420346822
44,0.1179621769132128,0.1227412325079654,0.1225245099034221,-0.2562848020315694,0.1180824095525967
44.01,0.1115154848500216,0.1161071879621194,0.1148050580291095,-0.2557303414480618,0.1116298678237492
44.02,0.105249405984742,0.1096518469158062,0.1065559343127561,-0.2548891753746874,0.1053592407396949
44.03,0.09916543010879492,0.1033801516254517,0.09781383307392238,-0.253746612313877,0.09927199614447346
44.04,0.09326143087562402,0.09729331592406187,0.08861822995016644,-0.2522886491175269,0.09336597662657858
44.05,0.08753184873703262,0.09138895996223145,0.07901117218846454,-0.2505021192997696,0.08763558059313109
44.06,0.08196791936851708,0.0856612946981693,0.06903704669334088,-0.248374845096668,0.08207199082824596
44.07,0.07655794551209848,0.08010135329527118,0.05874232733825641,-0.2458957931328561,0.0766634470777478
44.08,0.07128760873367215,0.07469726593134873,0.04817530349908195,-0.2430552332104826,0.07139555859470192
44.09,0.06614031648247728,0.06943457392274605,0.03738579241680551,-0.2398448993022246,0.06625165203372341
44.1,0.06109757936347261,0.06429657852828796,0.02642483875493484,-0.2362581513339117,0.06121314960470936
44.11,0.05613941313293398,0.05926471933035493,0.01534440543083015,-0.2322901358171205,0.05625997199495325
44.12,0.05124476028380876,0.0543189766995017,0.004197060315199508,-0.2279379428765271,0.05137096024829457
44.13,0.04639192430067042,0.04943829253968379,-0.006964336389636894,-0.223200756751165,0.04652431055464251
44.14,0.04155900652330131,0.04460100328680949,-0.01808693938973271,-0.2180799964719496,0.04169801575595877
44.15,0.03672434941556129,0.03978527899576645,-0.0291182158529687,-0.2125794431638178,0.03687030731659691
44.16,0.03186697186182812,0.03496956230164255,-0.04000622959495015,-0.2067053503155446,0.03202009153672825
44.17,0.02696699243227743,0.03013300107901618,-0.05069990899290533,-0.2004665334193184,0.02712737390605852
44.18,0.02200603491762679,0.02525586874794072,-0.06114929658245216,-0.1938744356092231,0.02217366569837498
44.19,0.01696761052103401,0.0203199663836211,-0.07130577916907149,-0.1869431663144428,0.01714236719182372
44.2,0.01183747145656419,0.01530900107539213,-0.08112229811880001,-0.1796895104693604,0.01201912225998286
44.21,0.006603931135017103,0.01020893534410017,-0.09055354022456208,-0.1721329064589807,0.006792139509085415
44.22,0.001258148480568636,0.005008302859613845,-0.09955611012844323,-0.1642953916875955,0.001452475629889205
44.23,-0.00420563300540787,-0.0003015138049156652,-0.1080886856826241,-0.1562015154003656,-0.004005722818865798
44.24,-0.009789892350885411,-0.005726047095753306,-0.1161121578350943,-0.1478782191206335,-0.009585022382919528
44.25,-0.01549367863714223,-0.01126755319549444,-0.1235897566294322,-0.1393546857520714,-0.01528455299502435
44.26,-0.02131251103619982,-0.01692486801694126,-0.1304871647263303,-0.1306621590027757,-0.02109990745925161
44.27,-0.02723832921420492,-0.02269331229324395,-0.1367726195234327,-0.121833735294981,-0.02702309134728514
44.28,-0.03325949458764006,-0.02856464690123156,-0.1424170045273402,-0.1129041307166732,-0.03304252382564804
44.29,-0.03936084225882088,-0.03452707886365447,-0.1473939301954212,-0.1039094258476029,-0.03914308924177357
44.3,-0.04552378277497912,-0.0405653177865789,-0.1516798041020957,-0.09488679146020151,-0.04530623861518868
44.31,-0.05172645214986814,-0.04666068181010707,-0.1552538900684413,-0.08587419817179825,-0.0515101395176682
44.32,-0.05794390515208138,-0.05279125149367742,-0.1580983558655543,-0.07691011313195278,-0.05772987219125592
44.33,-0.06414836074986111,-0.05893206942987733,-0.1601983092559418,-0.06803318679550641,-0.06393766915481941
44.34,-0.07030948116185617,-0.0650553827906562,-0.1615418224288154,-0.05928193278954386,-0.07010319499540046
44.35,-0.07639468520405995,-0.07113092546508026,-0.1621199452493972,-0.05069440386256963,-0.0761938625377514
44.36,-0.08236949633801696,-0.07712623595448076,-0.1619267081153604,-0.04230786693715111,-0.08217518114028499
44.37,-0.08819791815764072,-0.08300700675581152,-0.160959115545081,-0.03415848039776392,-0.08801113248358872
44.38,-0.09384283236833511,-0.08873746059163667,-0.1592171318741328,-0.02628097694856613,-0.09366456890364372
44.39,-0.09926641406930742,-0.09428074853997181,-0.1567036605709714,-0.01870835567145024,-0.09909762907886821
44.4,-0.1044305589814924,-0.09959936488114951,-0.153424518654351,-0.01147158728335773,-0.104272165711264
44.41,-0.1092973169364285,-0.1046555733154724,-0.1493884074557952,-0.004599336991423231,-0.1091501797479878
44.42,-0.1138293251155274,-0.1094118391160014,-0.1446068804953512,0.001882290289487776,-0.1136942556715689
44.43,-0.1179902433917874,-0.1138312617676535,-0.1390943085612166,0.007949977341578318,-0.1178679924431622
44.44,-0.1217451720855678,-0.1178780027059366,-0.1328678413207943,0.01358338961019284,-0.1216364248125216
44.45,-0.1250610569959797,-0.1215177029045141,-0.1259473641323692,0.01876533291148164,-0.1249664299070663
44.46,-0.127907075900479,-0.1247178852659858,-0.1183554483777349,0.02348186964995919,-0.1278271142770434
44.47,-0.1302550010154275,-0.1274483370400981,-0.1101172937258103,0.02772239026862344,-0.130190176899061
44.48,-0.1320795333009831,-0.1296814678230724,-0.1012606612457503,0.03147963794555886,-0.1320302440205524
44.49,-0.1333586049231446,-0.1313926390747497,-0.0918157970379519,0.03474968609760676,-0.133325172156274
44.5,-0.1340736466562763,-0.1325604615209258,-0.08181534677943625,0.03753186992874313,-0.1340563160178064
44.51,-0.1342098175374902,-0.1331670572784011,-0.07129426205053013,0.03982867491718933,-0.1342087586600686
44.52,-0.1337561951361984,-0.1331982840423662,-0.06028969940423812,0.04164558661797235,-0.1337715016574524
44.53,-0.1327059232265896,-0.1326439192013917,-0.04884091288392023,0.04299090733554156,-0.1327376136674921
44.54,-0.1310563163887569,-0.1314978022870478,-0.0369891402203128,0.04387554600496174,-0.131104336293901
44.55,-0.1288089223380305,-0.1297579347160031,-0.02477748241342009,0.04431278797328586,-0.1288731467148208
44.56,-0.1259695410913713,-0.1274265363343786,-0.01225077597160618,0.04431805131047728,-0.1260497770878641
44.57,-0.1225482014730639,-0.1245100588190238,0.0005445431777957865,0.04390863586071142,-0.1226441912735079
44.58,-0.1185590960068364,-0.1210191565197686,0.01356058515229541,0.04310347055740615,-0.1186705199247726
44.59,-0.1140204757186578,-0.1169686158325948,0.02674816187983609,0.04192286366796144,-0.1141469554673231
44.6,-0.108954506814918,-0.1123772446689281,0.04005695382826457,0.04038825970293197,-0.1090956089340109
44.61,-0.1033870929310015,-0.1072677240245901,0.05343568797998566,0.03852200580094772,-0.1035423310159391
44.62,-0.09734766265984474,-0.101666424047915,0.06683232686778473,0.03634712954719954,-0.09751650004403911
44.63,-0.0908689233385087,-0.09560318735592288,0.08019426798314122,0.03388712944053052,-0.09105077991714905
44.64,-0.08398659489575259,-0.08911108264659023,0.09346855239109386,0.03116577861339054,-0.08418085124214986
44.65,-0.07673911786099726,-0.08222613190181183,0.1066020810132355,0.0282069419360631,-0.07694511914711283
44.66,-0.06916734156971828,-0.07498701466842994,0.1195418368318929,0.02503440629619752,-0.06938440136892582
44.67,-0.06131419632639309,-0.0674347530431948,0.1322351112375316,0.02167172362422515,-0.06154160030270961
44.68,-0.0532243532452706,-0.05961238107204503,0.1446297328506227,0.01814206611847879,-0.05346136273281954
44.69,-0.04494387547043827,-0.05156460230570797,0.1566742973315594,0.01446809309290564,-0.04518973094606288
44.7,-0.03651986441556904,-0.0433374392338729,0.1683183968845132,0.01067182890751522,-0.0367737888601396
44.71,-0.02800010798926749,-0.03497787825134213,0.1795128483294754,0.006774551530392969,-0.02826130668737947
44.72,-0.01943272180412554,-0.02653351369467438,0.1902099187599076,0.002796691404645724,-0.01970038750016034
44.73,-0.01086579942745772,-0.01805219433105199,0.2003635479417638,-0.001242259560151782,-0.01113911887430868
44.74,-0.002347075888319649,-0.00958167548696498,0.2099295667648313,-0.005323828897460969,-0.002625232565613478
44.75,0.006076401723032945,-0.001169279778540144,0.2188659112386082,-0.009430634267651561,0.005794225072228043
44.76,0.01435859050247702,0.007138430846579502,0.2271328317221766,-0.0135464436510494,0.01407320948687091
44.77,0.02245475266215052,0.01529596931787369,0.2346930972630734,-0.01765622466896616,0.02216697898355968
44.78,0.03032173926934398,0.0232592217492566,0.2415121950575316,-0.02174618256627009,0.03003237856799545
44.79,0.03791825521305163,0.03098572798780097,0.2475585250993814,-0.02580378634082042,0.03762810499825509
44.8,0.04520510381768533,0.03843494284357285,0.2528035900374702,-0.0298177824991267,0.04491495175871113
44.81,0.05214540661500195,0.04556847673482783,0.2572221801127596,-0.03377819595692194,0.05185603295208308
44.82,0.05870481490029076,0.05235031476950769,0.2607925528153323,-0.037676317689607,0.0584169853769661
44.83,0.06485168616733357,0.05874701355869788,0.2634966066091847,-0.04150467887007114,0.06456614831345608
44.84,0.07055723894159567,0.06472787531635288,0.2653200477172198,-0.04525701140801175,0.07027472077526115
44.85,0.07579568745460759,0.07026509903892086,0.2662525485039633,-0.04892819502104045,0.07551689619992574
44.86,0.0805443539366863,0.07533390877556234,0.2662878953879168,-0.05251419121754841,0.08026997473766062
44.87,0.08478375884483394,0.07991265919224633,0.2654241234468233,-0.05601196484654192,0.08451445346182795
44.88,0.08849768947908798,0.08398291879937891,0.2636636340308789,-0.05941939416124764,0.08823409495983958
44.89,0.0916732475497859,0.08752953135189778,0.2610132909595243,-0.06273517064065537,0.09141597487212061
44.9,0.0943008755218159,0.09054065604242101,0.2574844904827909,-0.0659586901050529,0.09405050902905038
44.91,0.09637436198893548,0.09300778719263125,0.253093200319925,-0.0690899369363272,0.09613146089332525
44.92,0.09789083857140674,0.09492575420678229,0.247859963790884,-0.07212936345962551,0.09765593004940554
44.93,0.09885074500819854,0.09629270258580447,0.2418098662165094,-0.07507776674876998,0.09862432249538988
44.94,0.09925778111117517,0.09711005681375173,0.2349724621548352,-0.07793616527358704,0.09904030348868875
44.95,0.09911884294585396,0.09738246592348465,0.2273816634088126,-0.08070567790447714,0.09891073367863928
44.96,0.09844394299008731,0.09711773252927469,0.2190755888763153,-0.08338740782192577,0.09824558923041871
44.97,0.09724611493514207,0.09632672608456039,0.2100963781014455,-0.08598233384229415,0.09705786660907878
44.98,0.09554130375635585,0.09502328108736041,0.2004899708132156,-0.08849121156525597,0.09536347265441936
44.99,0.09334824164450115,0.09322408091775342,0.1903058548721001,-0.09091448657464524,0.09318110054040163
45,0.09068830932097628,0.09094852795485087,0.179596785003631,-0.09325222168809721,0.09053209218094538
45.01,0.0875853858566988,0.08821860058821551,0.1684184746076667,-0.09550403995933571,0.08744028762055572
45.02,0.0840656892325229,0.08505869771382218,0.1568292628953679,-0.09766908480002978,0.08393186193672642
45.03,0.08015759748747257,0.08149547129041901,0.1448897596806862,-0.09974599821730484,0.08003515018378526
45.04,0.07589146202915711,0.07755764753130673,0.1326624703446914,-0.10173291777101,0.07578046092730628
45.05,0.07129941026372499,0.0732758373213509,0.120211403763451,-0.1036274924547118,0.07119987895557639
45.06,0.06641513801820763,0.06868233648098943,0.1076016662865664,-0.1054269173090517,0.06632705781077086
45.07,0.06127369247403189,0.06381091654919646,0.09489904512074077,-0.1071279861974428,0.06119700285752916
45.08,0.05591124642432743,0.05869660682563999,0.08216958467859592,-0.1087271618218932,0.05584584569970946
45.09,0.05036486477814176,0.05337546849812369,0.0694791595908994,-0.1102206617379209,0.05031061086566124
45.1,0.04467226392321156,0.04788436178348193,0.05689304816386975,-0.1116045588448668,0.04462897580643832
45.11,0.03887156705954609,0.0422607071259728,0.04447551010993289,-0.1128748945793399,0.03883902538657796
45.12,0.03300105420370383,0.03654224162467323,0.03228937239887575,-0.1140278028179201,0.0329790021902987
45.13,0.02709890862265869,0.03076677199641625,0.0203956270578024,-0.1150596422891556,0.02708705411276113
45.14,0.02120296319528851,0.02497192552022809,0.008853044669823951,-0.1159671350908631,0.02120098085199057
45.15,0.0153504474234118,0.01919490054828066,-0.002282192842200659,-0.1167475086946785,0.01535798105751862
45.16,0.00957773698128828,0.01347221830304196,-0.01295683682307802,-0.11739863858996,0.009594402021335102
45.17,0.003920107807545464,0.00783947780569394,-0.02312089091473657,-0.1179191884784357,0.003945493910839759
45.18,-0.001588503162862009,0.002331115892481417,-0.03272790195846409,-0.1183087446984712,-0.001554829363064558
45.19,-0.006915728437165689,-0.003019825631814799,-0.0417352206666291,-0.1185679413665224,-0.006874220481334847
45.2,-0.01203098860424105,-0.008181923586753903,-0.05010423039299983,-0.1186985726157542,-0.01198211805513127
45.21,-0.01690569986554657,-0.01312558560452848,-0.05780054271950463,-0.1187036883316305,-0.01684995276063062
45.22,-0.02151346500203097,-0.01782324877037683,-0.06479415890828072,-0.1185876699654842,-0.02145133809341437
45.23,-0.02583024621748772,-0.02224956262672728,-0.07105959654534477,-0.1183562833643305,-0.02576224363322366
45.24,-0.02983451886767799,-0.02638155454897406,-0.07657598094744733,-0.1180167060778662,-0.02976114881649017
45.25,-0.03350740382681813,-0.03019877561678597,-0.08132710115045527,-0.1175775272581366,-0.03342917536016088
45.26,-0.03683277681770772,-0.03368342522015721,-0.08530143058228462,-0.1170487190032764,-0.03675019666504187
45.27,-0.03979735325376849,-0.03682045276467133,-0.08849211287398928,-0.1164415787594604,-0.03971092274847843
45.28,-0.04239074739771902,-0.03959763502035918,-0.09089691368480113,-0.1157686431364544,-0.04230095951204738
45.29,-0.04460550469594818,-0.04200562792397677,-0.09251813988398006,-0.1150435741782935,-0.04451284143634648
45.3,-0.0464371059311369,-0.04403799197398361,-0.09336252787929211,-0.1142810197450386,-0.04634203710748397
45.31,-0.04788394855061416,-0.04569119070295874,-0.09344110321680427,-0.1134964502019644,-0.04778692731327244
45.32,-0.04894729574389436,-0.0469645620486383,-0.09276901372052065,-0.112705974085345,-0.04884875579552439
45.33,-0.04963119959011298,-0.0478602627773263,-0.09136533839427752,-0.1119261358276294,-0.04953155310185325
45.34,-0.04994239857846623,-0.04838318645373418,-0.08925287420224104,-0.1111736989847325,-0.04984203433936163
45.35,-0.04989019018683432,-0.04854085579992284,-0.08645790289331656,-0.1104654187143198,-0.04978947198659978
45.36,-0.04948628001840597,-0.0483432906350737,-0.08300994038823506,-0.1098178075008736,-0.04938554526239941
45.37,-0.04874460932002977,-0.04780285292661618,-0.07894147184192657,-0.1092468983019735,-0.04864416787380799
45.38,-0.04768116300497108,-0.04693407080288881,-0.07428767605894671,-0.1087680093910922,-0.04758129626416241
45.39,-0.04631375999633573,-0.04575344367075962,-0.06908614318009376,-0.1083955151876681,-0.04621472075021876
45.4,-0.04466182928697671,-0.04427923084265595,-0.06337658934149892,-0.1081426272916903,-0.04456384216918102
45.41,-0.04274617786775393,-0.04253122630162726,-0.05720057141190182,-0.1080211897784981,-0.04264943684774247
45.42,-0.04058874461876485,-0.04053052241658794,-0.05060120413694602,-0.1080414925651162,-0.04049341285230756
45.43,-0.03821235054171942,-0.03829926555997176,-0.04362288125711766,-0.1082121063410606,-0.03811856057967927
45.44,-0.03564044664469906,-0.03586040667469242,-0.03631100155126987,-0.1085397421743593,-0.03554830079895444
45.45,-0.03289686240945459,-0.03323744988559174,-0.02871170036032933,-0.1090291384689845,-0.0328064332573984
45.46,-0.03000555790656991,-0.03045420225177708,-0.02087158699467401,-0.1096829774733972,-0.02991688891607625
45.47,-0.02699038252887632,-0.02753452771029197,-0.01283748852387123,-0.1105018330312977,-0.02690348878630133
45.48,-0.02387484317312227,-0.02450210816859788,-0.004656200756054496,-0.111484150733111,-0.02378971219764198
45.49,-0.02068188364757375,-0.02138021456269357,0.003625752339506239,-0.1126262610775765,-0.02059847714564134
45.5,-0.01743368032882886,-0.01819149051042812,0.01196234904755156,-0.1139224256934327,-0.0173519351463074
45.51,-0.01415145521349475,-0.01495775095811869,0.02030828809966112,-0.1153649161078416,-0.0140712827694644
45.52,-0.01085530432532865,-0.01169979795013609,0.02861919250434697,-0.1169441239872521,-0.01077659173932199
45.53,-0.007564047939589089,-0.00843725535584311,0.03685179714000048,-0.118648701224756,-0.007486659183739752
45.54,-0.004295102237157671,-0.005188424076017606,0.0449641188494484,-0.1204657277132641,-0.004218879289400679
45.55,-0.001064373290540175,-0.001970158927670551,0.05291560863215022,-0.1223809041345224,-0.0009891372845163282
45.56,0.002113826039957607,0.001202231925929054,0.06066728643677993,-0.1243787666192075,0.002188273670252261
45.57,0.005226836061753556,0.004315064472048324,0.06818185977554619,-0.1264429197030007,0.005300712442325439
45.58,0.008263687166778017,0.007356333084747813,0.07542382771764178,-0.1285562836277685,0.008337226833003808
45.59,0.01121511522846294,0.010315741648393,0.08235957172230884,-0.1307013517261073,0.01128856784489518
45.6,0.01407355202762585,0.01318471203877797,0.08895743440505799,-0.1328604533915325,0.01414718203334492
45.61,0.01683309665457295,0.01595637073683115,0.09518778703701347,-0.1350160179850859,0.01690718294939708
45.62,0.01948946823550681,0.01862551463255702,0.1010230867098295,-0.1371508349704491,0.01956430294224065
45.63,0.02203993961840915,0.02118855733449976,0.1064379247630732,-0.1392483056109732,0.02211582682133639
45.64,0.02448325463313716,0.02364345752961361,0.1114090689643721,-0.1412926817090058,0.0245605090803046
45.65,0.0268195307968166,0.0259896311372233,0.1159155024577176,-0.1432692871236245,0.02689847655371058
45.66,0.02905014947031264,0.02822784916690119,0.1199384621445294,-0.1451647181685726,0.0291311185131396
45.67,0.03117763557176997,0.03036012332176063,0.1234614778963041,-0.1469670194654615,0.03126096630953112
45.68,0.0332055291608351,0.03238958148515392,0.1264704122940707,-0.1486658324021998,0.03329156473454437
45.69,0.03513825214348743,0.03432033528963768,0.1289534991224089,-0.1502525140123483,0.03522733730516309
45.7,0.03698096678990125,0.03615734199261311,0.1309013780817393,-0.1517202248313467,0.03707344767378284
45.71,0.03873943647389388,0.03790626287428844,0.1323071231996296,-0.1530639850775306,0.03883565933198091
45.72,0.04041988642752509,0.03957332033323768,0.1331662629972141,-0.1542806993206419,0.04052019571187537
45.73,0.04202886635878363,0.04116515578633295,0.13347679127774,-0.1553691506035825,0.04213360269642646
45.74,0.04357311737007518,0.04268869038802919,0.1332391681791188,-0.1563299657362573,0.04368261543182983
45.75,0.04505944492546123,0.04415099047127768,0.1324563117043469,-0.1571655541451558,0.04517403119358282
45.76,0.046494599452686,0.04555913947787982,0.1311335802396573,-0.157880023203662,0.04661458989603201
45.77,0.04788516598664214,0.04692011798645424,0.129278746585272,-0.1584790733583675,0.04801086365582541
45.78,0.04923746465324174,0.04824069325918795,0.1269019638057423,-0.1589698765895399,0.04936915662591734
45.79,0.05055746304404055,0.04952731951788814,0.1240157228568763,-0.1593609417955998,0.05069541611149792
45.8,0.05185069490360182,0.05078604993565616,0.120634801617375,-0.1596619705821671,0.05199515576566754
45.81,0.05312219829687104,0.05202246110318243,0.1167762048224691,-0.1598837066873788,0.05327339144368748
45.82,0.05437646482638937,0.05324159050535537,0.1124590945919457,-0.1600377819169454,0.05453459007342726
45.83,0.05561740163614693,0.05444788732544448,0.1077047117499079,-0.1601365610296809,0.05578263167898434
45.84,0.05684830645885684,0.05564517667865948,0.1025362887417759,-0.1601929875421995,0.05702078447728059
45.85,0.05807185541313712,0.05683663716299259,0.09697895534124729,-0.1602204319430993,0.05825169275659664
45.86,0.05929010305573978,0.05802479140475242,0.09105963824878904,-0.1602325433505236,0.05947737704396694
45.87,0.06050449400411221,0.05921150907240141,0.08480695510062941,-0.1602431052353593,0.06069924587788705
45.88,0.06171588696962173,0.06039802163968344,0.07825110259179874,-0.1602658954835859,0.06191811832602467
45.89,0.06292458615961036,0.06158494800085718,0.07142373774779537,-0.1603145507986992,0.06313425622707369
45.9,0.06413037678515236,0.06277232987990061,0.06435785114096382,-0.1604024352586634,0.06434740499332514
45.91,0.0653325766902083,0.06395967583377538,0.05708763110023246,-0.1605425127475407,0.06555684168809395
45.92,0.06653009017933417,0.0651460125287282,0.04964831856398066,-0.1607472229820482,0.06676142899128334
45.93,0.06772146613057661,0.06632994186970709,0.04207605294303546,-0.1610283609449193,0.06795967358855481
45.94,0.06890495898546735,0.06750970248735688,0.03440770998570519,-0.1613969597107043,0.06914978746602712
45.95,0.07007859107208747,0.06868323403575682,0.02668073304423085,-0.1618631768890869,0.07032975056391377
45.96,0.07124021471522736,0.06984824272796175,0.01893295929516947,-0.1624361851914341,0.07149737323966826
45.97,0.07238757261591779,0.07100226653594788,0.01120244239300028,-0.163124067917887,0.07265035701414729
45.98,0.0735183585801778,0.07214273850702796,0.00352727280214693,-0.163933720430142,0.07378635212316292
45.99,0.07463026462421866,0.07326704670027123,-0.004054603260302325,-0.1648707588852705,0.07490301047072656
46,0.07572102583873379,0.07437258932316132,-0.01150556564615224,-0.1659394376289455,0.07599803267877825
46.01,0.07678846382724315,0.07545682375022217,-0.018788502463152,-0.1671425766624352,0.07706920804983819
46.02,0.07783051823359373,0.07651730823008002,-0.02586699231807249,-0.1684815004994685,0.07811444640214388
46.03,0.0788452692656226,0.07755173523405134,-0.03270548623254638,-0.1699559895240891,0.07913180089973798
46.04,0.0798309505227407,0.07855795556579631,-0.03926948862351654,-0.1715642446700202,0.08011948117990764
46.05,0.08078595163024069,0.07953399253558097,-0.04552573641548813,-0.1733028658983812,0.08107585627506314
46.06,0.0817088103896921,0.08047804570153866,-0.05144237501065169,-0.1751668445928569,0.08199944703237316
46.07,0.08259819464688777,0.08138848389094144,-0.05698912957970026,-0.1771495696597921,0.08288890794913856
46.08,0.08345287763099224,0.08226382743344751,-0.06213747002779468,-0.1792428468513395,0.08374299856145112
46.09,0.08427168955028835,0.08310271976168465,-0.06686076806789326,-0.181436930649465,0.08456054474477753
46.1,0.08505347229833565,0.08390388875859867,-0.07113444507019956,-0.1837205679716136,0.08534039050357073
46.11,0.08579702489385874,0.08466609845152973,-0.07493610967582615,-0.1860810529845616,0.08608134103997378
46.12,0.08650103880129233,0.08538809186616525,-0.07824568447039593,-0.1885042924254851,0.08678209809427428
46.13,0.0871640267343054,0.08606852605551424,-0.08104552123132414,-0.1909748809989668,0.0874411887396363
46.14,0.08778424630150095,0.0867059005063523,-0.08332050435222493,-0.1934761866048942,0.08805688898648656
46.15,0.08835962000613252,0.08729848029478954,-0.08505814201480316,-0.195990445308539,0.08862714370491465
46.16,0.08888765324135156,0.08784421551091864,-0.08624864456299752,-0.1984988660445524,0.089149484503876
46.17,0.08936535284567856,0.08834065859767526,-0.08688498939866696,-0.2009817450130978,0.0896209473108574
46.18,0.08978914862975423,0.08878488134954071,-0.08696297163695954,-0.2034185895560669,0.09003799147339642
46.19,0.09015480742322764,0.08917339339164621,-0.08648123980728672,-0.2057882509932926,0.0903964222523409
46.2,0.09045736639119006,0.08950206400889527,-0.08544131611892836,-0.2080690654757931,0.09069131859505064
46.21,0.09069106925308333,0.08976604921686865,-0.08384760123802354,-0.2102390014220571,0.09091696806407618
46.22,0.09084931050795642,0.08995972596044954,-0.08170736407803392,-0.2122758116075021,0.09106681075303352
46.23,0.09092459042048508,0.09007663528960885,-0.07903071763777714,-0.2141571875470221,0.09113339394670239
46.24,0.09090848242008183,0.09010943629196566,-0.07583058223502426,-0.2158609135111971,0.09110833917769062
46.25,0.09079161443118919,0.09004987245634311,-0.07212263742709912,-0.2173650173967058,0.09098232319850164
46.26,0.09056366549156415,0.08988875200097712,-0.06792526346540173,-0.2186479157546917,0.09074507422738398
46.27,0.09021337994893036,0.08961594352744406,-0.0632594724458822,-0.2196885505632317,0.09038538464085444
46.28,0.08972859745553823,0.08922038816352212,-0.05814882864133986,-0.2204665157825519,0.08989114107793583
46.29,0.08909629739335584,0.08869012914131891,-0.0526193570617311,-0.2209621723059885,0.08924937269367728
46.3,0.08830267022805881,0.08801235952661446,-0.04669943919634229,-0.2211567505580384,0.08844631805532455
46.31,0.08733320378353378,0.0871734885733052,-0.04041969512351795,-0.2210324406337985,0.08746751091714206
46.32,0.08617278815231964,0.08615922692437838,-0.0338128516212281,-0.220572470468571,0.08629788484237305
46.33,0.08480583913301737,0.08495469061854899,-0.02691359643919639,-0.219761173030014,0.08492189636692826
46.34,0.08321643961135869,0.08354452359172881,-0.0197584193704281,-0.218584043909083,0.08332366612250841
46.35,0.08138849802474185,0.08191303808814598,-0.01238544107858519,-0.2170277909346057,0.08148713706054489
46.36,0.07930592277734508,0.08004437212103965,-0.004834230733563871,-0.2150803775474135,0.07939624864598599
46.37,0.07695281203562455,0.07792266285129662,0.002854386606837733,-0.2127310616523159,0.07703512562509479
46.38,0.0743136539381833,0.07553223448824398,0.0106385321495423,-0.2099704315381855,0.07438827971719986
46.39,0.0713735391810993,0.07285779906326995,0.01847548448613939,-0.2067904402438221,0.07144082233990201
46.4,0.06811838439314354,0.06988466818756833,0.02632189904720661,-0.2031844394800724,0.06817868625373691
46.41,0.06453516036471772,0.0665989736830026,0.03413403492520001,-0.1991472139279231,0.06458885380824297
46.42,0.06061212435097377,0.06298789477281458,0.04186798759155635,-0.1946750164452038,0.06065958928976972
46.43,0.0563390537951951,0.05903988933921134,0.04947992553511082,-0.1897656044500521,0.05638067271432035
46.44,0.05170747868573304,0.05474492660012875,0.05692632854423185,-0.1844182775136977,0.05174363227871726
46.45,0.04671090965869852,0.05009471842972457,0.06416422533970823,-0.1786339159808403,0.04674197258236445
46.46,0.04134505889783738,0.04508294644802258,0.07115142851423362,-0.1724150202233179,0.041371395661705
46.47,0.03560805092863555,0.03970548193632401,0.0778467651269702,-0.1657657498974312,0.03563001184177456
46.48,0.02950061933564749,0.03396059559779152,0.08421030168125476,-0.1586919622984307,0.02951853740542609
46.49,0.02302628877872166,0.02784915417861455,0.09020356244910865,-0.151201248585369,0.02304047611187443
46.5,0.01619153743734498,0.02137480099558253,0.09578974013629538,-0.1433029663088312,0.01620228166322735
46.51,0.009005937273128751,0.0145441174820744,0.1009338977268441,-0.1350082663612401,0.009013498320982971
46.52,0.001482269772616202,0.007366762967373652,0.1056031600893443,-0.1263301122485656,0.001486877014462096
46.53,-0.006363385310141784,-0.0001444099559074763,0.1097668936741833,-0.1172832895168875,-0.006361535540416741
46.54,-0.01451159047932938,-0.007973266944496349,0.1133968724702976,-0.1078844033003765,-0.0145123369811837
46.55,-0.0229395223117893,-0.01610033255249094,0.1164674283773212,-0.09815186229771161,-0.02294274071945224
46.56,-0.03162097632996391,-0.0245027620223176,0.1189555843109086,-0.0881058480007243,-0.03162658038286353
46.57,-0.040526406662757,-0.03315434594596794,0.1208411687088897,-0.07776826862917829,-0.04053434870628714
46.58,-0.04962300043337578,-0.0420255492133455,0.1221069106501321,-0.0671626978886718,-0.04963327195822154
46.59,-0.05887478861591254,-0.0510835853261345,0.1227385155242923,-0.05631429928640519,-0.05888742061974894
46.6,-0.06824279379369851,-0.06029252679253738,0.1227247220447782,-0.04524973725041537,-0.06825785664197448
46.61,-0.07768521437801786,-0.06961345193323931,0.1220573422638472,-0.03399707666639229,-0.07770281719726163
46.62,-0.08715764479738922,-0.07900462802617569,0.1207312869519311,-0.0225856726634403,-0.08717793441436927
46.63,-0.09661333071034013,-0.08842173030056999,0.1187445790366821,-0.01104605255897284,-0.09663649015265241
46.64,-0.1060034578548005,-0.0978180958632775,0.1160983575863199,0.0005902081604970411,-0.1060297044309915
46.65,-0.1152774727089955,-0.107145011206804,0.1127968740140275,0.01229061406008125,-0.1153070556887901
46.66,-0.1243834329204205,-0.1163520315124237,0.1088474809363694,0.0240218805816666,-0.1244166306251397
46.67,-0.1332683848249517,-0.1253873295287828,0.1042606128376813,0.03575006606881614,-0.1333055009439349
46.68,-0.1418787630010239,-0.1341980713825585,0.09904975688868639,0.04744070378952248,-0.1419201239339125
46.69,-0.1501608119685643,-0.1427308162705689,0.09323141230294046,0.05905893295810211,-0.1502067634388046
46.7,-0.1580610241432693,-0.1509319366011945,0.08682503744803433,0.07056962795669786,-0.1581119274305839
46.71,-0.1655265902063243,-0.1587480548050624,0.07985298509762773,0.08193752515117453,-0.1655828180934114
46.72,-0.1725058575876159,-0.1661264927277738,0.07234042709202437,0.09312734688625296,-0.1725677900629786
46.73,-0.1789487924888189,-0.1730157292555244,0.06431526981987629,0.1041039224306375,-0.1790168122500431
46.74,-0.1848074407089005,-0.1793658616112525,0.05580806125797744,0.1148323058228753,-0.1848819285126092
46.75,-0.1900363824253851,-0.1851290655963244,0.04685188908253279,0.1252778907381341,-0.1901177123317085
46.76,-0.1945931768910381,-0.1902600499436599,0.03748226808326721,0.1354065226470405,-0.1946817105939668
46.77,-0.1984387899602625,-0.1947164998944653,0.02773701427493969,0.1451846086595856,-0.1985348715920227
46.78,-0.2015379994819042,-0.198459505115213,0.01765610302241338,0.1545792255282415,-0.2016419524223776
46.79,-0.2038597787193158,-0.2014539671355305,0.007281509180221746,0.1635582263147396,-0.203971901089614
46.8,-0.2053776486206017,-0.2036689816118772,-0.003342971570202358,0.1720903461989641,-0.2054982088151941
46.81,-0.2060699959667608,-0.2050781909063889,-0.01417191969812326,0.1801453078284173,-0.2061992282964867
46.82,-0.2059203534641396,-0.2056601027131516,-0.02515850551287568,0.1876939264838837,-0.2060584539648603
46.83,-0.2049176381863453,-0.205398370763649,-0.03625471718780349,0.1947082151901565,-0.205064760646722
46.84,-0.2030563451746129,-0.2042820339956552,-0.04741160031161934,0.2011614897525069,-0.2032125974345802
46.85,-0.2003366934771137,-0.2023057109712691,-0.05857950599179756,0.2070284735699537,-0.2005021340209713
46.86,-0.1967647246535048,-0.1994697467753994,-0.06970834452980817,0.2122854019776983,-0.1969393572314511
46.87,-0.1923523434238748,-0.195780310110076,-0.08074784177591404,0.2169101258044508,-0.1925361160073374
46.88,-0.1871173090731252,-0.1912494388164361,-0.09164779542057278,0.2208822137871784,-0.1873101136281977
46.89,-0.1810831757450893,-0.1858950325982393,-0.102358328688823,0.2241830534511981,-0.1812848465215439
46.9,-0.1742791773403163,-0.1797407922805914,-0.1128301391827299,0.2267959500216674,-0.1744894895757787
46.91,-0.1667400593666745,-0.1728161055072432,-0.1230147409662568,0.2287062228710398,-0.1669587284452594
46.92,-0.158505858807203,-0.1651558793514247,-0.1328646983892942,0.2299012989195347,-0.1587325399065571
46.93,-0.1496216336312334,-0.1568003208828198,-0.1423338505638203,0.230370802292245,-0.1498559218856342
46.94,-0.1401371441200644,-0.1477946672920843,-0.1513775257830695,0.2301066394033573,-0.1403785753205884
46.95,-0.1301064890563506,-0.1381888677209183,-0.1599527454611016,0.2291030784953237,-0.1303545405471035
46.96,-0.1195877024196412,-0.1280372194740906,-0.1680184173263591,0.2273568225209756,-0.1198417913885985
46.97,-0.1086423003164605,-0.1173979617923794,-0.1755355176138138,0.2248670741314724,-0.108901790594204
46.98,-0.09733480441597928,-0.1063328308334789,-0.1824672618788652,0.221635591432226,-0.09759901069095428
46.99,-0.08573223373911554,-0.09490657993407148,-0.1887792638402587,0.2176667330989239,-0.08600042469684588
47,-0.07390356954492848,-0.08318646960703369,-0.1944396814046741,0.2129674914091694,-0.07417497147542595
47.01,-0.06191919992690747,-0.07124173206068418,-0.1994193488002217,0.2075475117421698,-0.06219300079643375
47.02,-0.04985034942392563,-0.0591430153106236,-0.2036918936226703,0.20141909712806,-0.05012570339861655
47.03,-0.03776849912687121,-0.04696181218676243,-0.20723383764571,0.194597196489045,-0.03804453152723852
47.04,-0.02574480288162725,-0.03476987971631962,-0.2100246805110393,0.1870993753078628,-0.02602061553882978
47.05,-0.01384950631934708,-0.02263865448510743,-0.2120469658934612,0.1789457675896157,-0.0141241822279336
47.06,-0.002151373839997714,-0.01063866964279919,-0.2132863303593494,0.1701590081589709,-0.002423980534603409
47.07,0.009282881314156721,0.001161020777846355,-0.2137315357681628,0.160764144567179,0.009013279763269377
47.08,0.02038913457030493,0.01269340461268881,-0.2133744865488544,0.1507885281840756,0.02012347088127753
47.09,0.03110636850658794,0.02389405588670379,-0.2122102334015618,0.1402616844287641,0.03084556606180644
47.1,0.04137716312573534,0.03470165537112913,-0.2102369649110393,0.1292151625520336,0.04112212971321472
47.11,0.05114815237225135,0.04505848227043563,-0.2074559882918486,0.1176823659166547,0.05089977383826921
47.12,0.06037044240098843,0.05491087221116736,-0.2038717001493895,0.1056983643086078,0.06012957626606874
47.13,0.0689999874858455,0.06420963703483529,-0.1994915478552626,0.09329969042005937,0.06876745658116051
47.14,0.07699791988302818,0.0729104422757122,-0.1943259819589491,0.08052412322984537,0.07677450606820846
47.15,0.084330828864169,0.08097413862834307,-0.1883883999815595,0.06741046152065022,0.08411726845624989
47.16,0.09097099072023257,0.08836704417500296,-0.1816950819113803,0.05399829116699317,0.0907679687493313
47.17,0.09689654732677891,0.09506117464585218,-0.1742651176934191,0.0403277500675101,0.09670468796479559
47.18,0.1020916203205587,0.1010344195192916,-0.1661203269517717,0.02643929465713202,0.1019114821616974
47.19,0.1065463729758965,0.1062706623315968,-0.1572851711131439,0.0123734718172066,0.1063784447237283
47.2,0.1102570149720805,0.1107598441478699,-0.1477866580403041,-0.001829300279416968,0.1101017114576822
47.21,0.1132257500933536,0.1144979697440236,-0.1376542392579042,-0.01612893926447545,0.1130834086731545
47.22,0.1154606676341094,0.1174870566557359,-0.1269196998609567,-0.03048589099212301,0.1153315450152703
47.23,0.1169755788837067,0.1197350278579254,-0.1156170412158264,-0.04486130521131615,0.1168598484224486
47.24,0.1177898006533051,0.121255549440294,-0.1037823565650144,-0.05921719298519784,0.1176875501687785
47.25,0.1179278873914181,0.1220678152335848,-0.09145369961338135,-0.0735165648845138,0.1178391185179228
47.26,0.1174193191368082,0.1221962809101968,-0.0786709461188827,-0.08772354946892624,0.1173439450556443
47.27,0.1162981431550408,0.1216703506247264,-0.0654756484824861,-0.1018034919971309,0.1162359872742192
47.28,0.1146025747613935,0.1205240197678459,-0.05191088339716105,-0.1157230336709411,0.1145533714470998
47.29,0.1123745644697795,0.1187954778741047,-0.03802109283419136,-0.1294501720238018,0.1123379602504143
47.3,0.1096593346951516,0.1165266761445007,-0.02385191903428874,-0.1429543033186416,0.1096348899530474
47.31,0.1065048911433176,0.1137628644117644,-0.009450034680976438,-0.1562062480330167,0.1064920823043479
47.32,0.102961514267904,0.1105521026852092,0.005137030057397018,-0.1691782606901243,0.1029597364933502
47.33,0.09908123635371759,0.1069447526575871,0.01986106158754714,-0.1818440254489973,0.09908980673220313
47.34,0.09491730991758857,0.1029929547352905,0.03467333599564998,-0.1941786389998196,0.09493547112693046
47.35,0.09052367356239611,0.09875009626271802,0.04952478949730232,-0.2061585824214858,0.09055059753852107
47.36,0.08595441930321594,0.09427027664996918,0.06436618522929993,-0.2177616837463867,0.08598921210673016
47.37,0.08126326871892503,0.08960777508054985,0.07914827624561471,-0.2289670730385382,0.08130497600766412
47.38,0.07650306323599543,0.08481652637267079,0.09382196538459148,-0.2397551318220156,0.07655067584637731
47.39,0.07172527309772454,0.07994961039675197,0.1083384631991557,-0.2501074386940532,0.07177773284953792
47.4,0.06697953001592756,0.07505876021557911,0.1226494452583663,-0.2600067129200358,0.06703573572476124
47.41,0.06231318802031866,0.07019389381658658,0.1367072098397874,-0.2694367577370799,0.06237200169688673
47.42,0.05777091661223734,0.06540267395271243,0.1504648364601376,-0.2783824049925862,0.05783116982313335
47.43,0.05339432987515536,0.06073010020431308,0.16387634502336,-0.2868294626200874,0.05345483023502595
47.44,0.04922165489075435,0.05621813692500605,0.1768968547836864,-0.294764666314596,0.04928119246240137
47.45,0.04528744215350468,0.05190538024374924,0.1894827419522695,-0.3021756366220622,0.04534479547151476
47.46,0.04162231724170282,0.047826766769822,0.2015917946638734,-0.3090508425108592,0.04167626150327108
47.47,0.03825278144452068,0.04401332609403863,0.2131833641348848,-0.3153795723547346,0.03830209523751671
47.48,0.0352010575901643,0.04049197860971682,0.2242185111062086,-0.3211519131313086,0.03524452924355731
47.49,0.03248498231294508,0.03728537960407374,0.2346601469815113,-0.3263587385303787,0.03252141611424697
47.5,0.03011794486338544,0.03441181000779525,0.2444731693657385,-0.3309917065704738,0.03014616712940765
47.51,0.02810887177788228,0.03188511364600233,0.2536245919361585,-0.3350432672357852,0.02812773676174884
47.52,0.02646225621816281,0.02971468031123498,0.262083668728646,-0.338506680560326,0.02647065183263481
47.53,0.02517823031760321,0.0279054734807046,0.2698220130103087,-0.3413760454910489,0.02517508365239463
47.54,0.02425267833622449,0.02645810102938384,0.2768137109614061,-0.3436463397438276,0.02423696104668649
47.55,0.02367738770316858,0.02536892685422898,0.2830354304227468,-0.3453134707123018,0.02364812178161124
47.56,0.02344023703711665,0.02463022093062184,0.2884665249707177,-0.3463743372876937,0.02339649956019774
47.57,0.02352541637446084,0.02423034497658327,0.2930891335107988,-0.3468269021893025,0.02346634347457321
47.58,0.02391367600203936,0.02415397060800206,0.2968882753434935,-0.346670274087525,0.02383846656375621
47.59,0.02458260086680547,0.02438232663177675,0.2998519401674308,-0.3459047984289177,0.02449051994768175
47.6,0.02550690691609442,0.02489347194385316,0.3019711717322766,-0.3445321554604752,0.02539728888372861
47.61,0.02665875564823772,0.02566259037536855,0.3032401429772043,-0.3425554635224968,0.0265310070217093
47.62,0.02800808313435572,0.02666230376068762,0.303656219782131,-0.3399793852701369,0.02786168511511133
47.63,0.02952293980253462,0.02786299948386811,0.3032200102582798,-0.3368102341330068,0.02935745047752603
47.64,0.03116983533159962,0.02923316879198634,0.3019353970073102,-0.3330560780708012,0.030984893549999
47.65,0.03291409073142954,0.03073975224094272,0.2998095508761309,-0.3287268375647545,0.03270941806349281
47.66,0.03472019245112231,0.03234848875823237,0.2968529260213417,-0.323834374819012,0.03449559143571646
47.67,0.03655213784498295,0.0340242649626043,0.2930792370667246,-0.3183925713313729,0.03630749222831975
47.68,0.0383737769980806,0.0357314615679607,0.2885054194559966,-0.3124173913059913,0.03810905170325579
47.69,0.04014914594464002,0.03743429391273012,0.2831515737763488,-0.3059269287811298,0.03986438675058585
47.7,0.04184278879685232,0.03909714389078095,0.2770408941613484,-0.298941436784342,0.04153812170831417
47.71,0.0434200665642718,0.04068488080998178,0.2701995802913871,-0.2914833372602248,0.04309569685292014
47.72,0.04484745070506426,0.04216316896411298,0.2626567323099659,-0.2835772109083443,0.04450366160144487
47.73,0.04609279956002124,0.04349875996752162,0.2544442282462762,-0.2752497664035886,0.04572995072792896
47.74,0.04712561107730166,0.04465976816466916,0.245596584130548,-0.2665297887457054,0.04674414215385403
47.75,0.04791727111792252,0.04561592768408174,0.2361507976592803,-0.2574480667091908,0.04751769512043946
47.76,0.04844127101106797,0.04633882995414851,0.2261461768222663,-0.2480372995560562,0.04802416778677099
47.77,0.04867340073614985,0.04680214073369821,0.2156241552792386,-0.2383319833518365,0.04823941351901284
47.78,0.04859192361983921,0.04698179593051083,0.204628096480104,-0.2283682774072656,0.04814175534056059
47.79,0.0481777288655314,0.0468561756842063,0.1932030885541502,-0.2181838515670117,0.04771213819929587
47.8,0.04741446173576291,0.04640625637483858,0.1813957318239274,-0.207817715288268,0.04693425887546598
47.81,0.04628863135514143,0.04561574038456351,0.1692539204471714,-0.1973100296939239,0.04579467350193345
47.82,0.04478969622974331,0.0444711635868339,0.1568266192772469,-0.1867019040392135,0.0442828827979469
47.83,0.04291012659036762,0.0429619806660938,0.1441636367578928,-0.1760351782846857,0.04239139522911961
47.84,0.04064543968063904,0.04108062848185706,0.1313153946937463,-0.165352193708438,0.04011576840117581
47.85,0.03799423712605032,0.03882256778543003,0.118332696075453,-0.1546955537042025,0.03745462907498304
47.86,0.03495819701631571,0.03618630367674747,0.1052664926327298,-0.1441078770896195,0.03440967225732416
47.87,0.03154205012104158,0.03317338525467362,0.09216765422336037,-0.1336315463850907,0.03098563987778657
47.88,0.0277535387464293,0.02978838496864766,0.07908674238541324,-0.1233084536157709,0.02719027960949066
47.89,0.0236033563239199,0.02603885822500512,0.06607379034125205,-0.1131797462383211,0.02303428443218625
47.9,0.01910506835996946,0.02193528384020055,0.05317809147775349,-0.1032855758021262,0.01853121357292209
47.91,0.01427501541055006,0.01749098596780341,0.04044799788804077,-0.09366485192490903,0.01369739549388888
47.92,0.009132198778193218,0.01272203815898554,0.02793072999034607,-0.08435500409744412,0.008551813631341387
47.93,0.003698146745758517,0.007647150248862256,0.01567219758910471,-0.07539175373342516,0.00311597562516458
47.94,-0.002003234489592319,0.002287538795673116,0.003716832084691979,-0.06680889874945839,-0.002586233182733655
47.95,-0.007945805239059361,-0.003333218162886231,-0.007892571038270124,-0.05863811279726672,-0.008528711160532554
47.96,-0.01410137929380695,-0.009189341230246173,-0.01911500072129685,-0.05090876107614417,-0.01468331584103838
47.97,-0.02043991387569394,-0.01525302379605176,-0.02991137129850296,-0.0436477344300199,-0.0210200524981331
47.98,-0.02692971070580834,-0.02149461930137953,-0.04024465731688065,-0.03687930318276633,-0.02750727486668075
47.99,-0.03353762819295703,-0.02788284066173863,-0.05008002334386225,-0.03062499189225854,-0.03411189696454386
48,-0.04022930363575494,-0.03438497082179426,-0.0593849495004049,-0.02490347591435138,-0.04079961490778305
48.01,-0.0469693842601232,-0.04096708334634158,-0.06812935302434675,-0.01973050037021939,-0.0475351375389047
48.02,-0.05372176583908377,-0.04759427187787735,-0.07628570577540217,-0.01511882181329605,-0.05428242461406002
48.03,-0.06044984254611019,-0.05423088721346547,-0.08382914727730673,-0.01107817260410815,-0.06100493121989203
48.04,-0.06711675187335245,-0.06084078067391618,-0.09073759263828712,-0.007615247730832775,-0.06766585701564903
48.05,-0.07368561803555514,-0.06738755235879351,-0.09699183445231474,-0.004733713566466846,-0.07422839882298071
48.06,-0.08011981707084728,-0.07383480280368382,-0.1025756375291504,-0.002434237834256225,-0.08065600501614073
48.07,-0.08638323206498372,-0.08014638648383499,-0.1074758250514021,-0.0007145398625401089,-0.08691263010122918
48.08,-0.09244050675272483,-0.08628666554284725,-0.1116823545859644,0.0004305399523873987,-0.09296298781606988
48.09,-0.09825729590791728,-0.09222076206853241,-0.1151883823739429,0.00100895269406942,-0.09877280103460512
48.1,-0.1038005107684155,-0.09791480719157825,-0.1179903145356264,0.00103133681816947,-0.1043090467227137
48.11,-0.1090385577169828,-0.1033361852473426,-0.1200878442225891,0.0005108988190775654,-0.1095401941679411
48.12,-0.1139415684919147,-0.108453771217779,-0.1214839742143018,-0.0005367198204878632,-0.1144364346954337
48.13,-0.118481626466408,-0.1132381596597601,-0.1221850248386004,-0.002093587825748089,-0.1189699010873803
48.14,-0.1226329625669941,-0.117661883329517,-0.1222006272655496,-0.004139639854876531,-0.1231148749451685
48.15,-0.1263721494484538,-0.1216996197315736,-0.1215437021356004,-0.006652841106848661,-0.1268479802727455
48.16,-0.1296782858350384,-0.1253283838567811,-0.1202304231900153,-0.009609359155246078,-0.1301483616173468
48.17,-0.1325331578503758,-0.1285277054291868,-0.1182801652030796,-0.01298374135797009,-0.1329978451801025
48.18,-0.1349213817772117,-0.1312797890573603,-0.1157154352158155,-0.01674909621694098,-0.1353810814043332
48.19,-0.1368305268695838,-0.1335696557830361,-0.112561785943833,-0.02087727710157161,-0.1372856676633047
48.2,-0.1382512169720749,-0.13538526463881,-0.1088477103137886,-0.02533906680324349,-0.1387022498016729
48.21,-0.1391772098506863,-0.1367176129660158,-0.1046045163508547,-0.03010436145267859,-0.1396246014347646
48.22,-0.1396054539146336,-0.1375608144018824,-0.09986618203795811,-0.03514235240591029,-0.1400496800764813
48.23,-0.1395361259662693,-0.1379121536187535,-0.09466919023450426,-0.04042170478551166,-0.1399776593484955
48.24,-0.138972624750396,-0.1377721170840653,-0.08905234422303054,-0.04591073145052726,-0.139411936719002
48.25,-0.1379215594795879,-0.1371443993055821,-0.08305656490049029,-0.05157756126042035,-0.1383591164267147
48.26,-0.1363927104183491,-0.1360358842309549,-0.07672467100830677,-0.05739030059493377,-0.1368289674629781
48.27,-0.134398961720175,-0.1344566016852762,-0.07010114407315593,-0.06331718719319634,-0.1348343567094855
48.28,-0.1319562097075743,-0.1324196589558834,-0.06323187989551265,-0.06932673548191837,-0.1323911575585824
48.29,-0.1290832471570843,-0.1299411478697688,-0.05616392848313784,-0.07538787267428826,-0.1295181345748256
48.3,-0.125801624382491,-0.1270400279500544,-0.04894522430781995,-0.08147006503817511,-0.1262368049877536
48.31,-0.1221354881371683,-0.1237379864761181,-0.0416243087012324,-0.08754343385420821,-0.122571278033431
48.32,-0.1181114012487786,-0.1200592764993585,-0.0342500461325102,-0.09357886071026655,-0.1185480733838393
48.33,-0.1137581441187747,-0.1160305340791914,-0.02687133604971925,-0.09954808190778708,-0.1141959201152428
48.34,-0.1091064819123543,-0.1116805762023697,-0.01953682193446243,-0.1054237718853249,-0.1095455378667589
48.35,-0.10418893745273,-0.1070401810351677,-0.0122945992222569,-0.1111796156940376,-0.1046294020255173
48.36,-0.09903954303271924,-0.1021418523353463,-0.005191923784913954,-0.1167903706860735,-0.09948149494256259
48.37,-0.09369357923284033,-0.09701957001928396,0.001725077249370988,-0.122231917698152,-0.09413704533153788
48.38,-0.08818730419670893,-0.09170852903700943,0.008411690462267862,-0.1274813021271033,-0.08863225812802855
48.39,-0.08255767574754568,-0.08624486884639992,0.01482489492484812,-0.1325167654003749,-0.08300403718942684
48.4,-0.07684206880594349,-0.08066539588913846,0.02092363274879333,-0.137317767441858,-0.07728970329158913
48.41,-0.07107799061892096,-0.07500730154951629,0.02666906934393765,-0.1418650008217585,-0.07152670992827037
48.42,-0.06530279964176319,-0.0693078781220538,0.03202484133756056,-0.1461403973597101,-0.06575235944139607
48.43,-0.05955342226474666,-0.06360423532789383,0.03695729015660554,-0.1501271280244834,-0.06000352200423625
48.44,-0.0538660667829054,-0.05793301990529609,0.04143567931418735,-0.1538095970442642,-0.05431635994533762
48.45,-0.04827596361451796,-0.05233014075813452,0.04543239344867583,-0.1571734312115264,-0.04872605983902878
48.46,-0.04281710726422425,-0.04683050207846207,0.04892311713808328,-0.1602054654384433,-0.04326657469913564
48.47,-0.0375220103700926,-0.04146774676553466,0.05188699150664788,-0.1628937256935792,-0.03797037849733498
48.48,-0.03242147218489262,-0.03627401234495647,0.05430674676955288,-0.1652274105250838,-0.03286823508790077
48.49,-0.0275443634141357,-0.03127970144904052,0.05616880927310813,-0.1671968724424343,-0.02798898345826173
48.5,-0.02291742915074953,-0.0265132687550565,0.05746338237294396,-0.1687936004751099,-0.02335934104194565
48.51,-0.01856511144770509,-0.02200102609395926,0.05818450157061489,-0.1700102052365423,-0.0190037266298152
48.52,-0.01450939797551684,-0.01776696724094406,0.05833006538687702,-0.1708404077788668,-0.01494410419947179
48.53,-0.01076967928000561,-0.0138326136835315,0.05790184404920062,-0.1712790334154072,-0.01119984875448266
48.54,-0.007362635009899695,-0.01021688243569618,0.05690546790002271,-0.1713220115065291,-0.007787635027739104
48.55,-0.004302152137831815,-0.00693597673082591,0.05535039653273643,-0.170966381951398,-0.004721349659980278
48.56,-0.001599260814185809,-0.004003300185248859,0.05324986842415075,-0.1702103088117167,-0.002012027218634915
48.57,0.000737905778934931,-0.00142939478088383,0.05062082974763205,-0.1690531011283665,0.0003321898229896592
48.58,0.002704127692417601,0.0007780972262147468,0.04748384043998188,-0.1674952405968098,0.002306067267365763
48.59,0.004297090946562147,0.002614447601947123,0.04386295550912644,-0.1655384153637574,0.003907271890506603
48.6,0.005517357316544003,0.004077832995360242,0.03978557988978287,-0.16318555881792,0.005136341234955766
48.61,0.006368311664253079,0.005169302944760368,0.03528229573591335,-0.1604408918936387,0.005996631288211596
48.62,0.00685608367078313,0.005892725815749511,0.03038666178709981,-0.1573099671077841,0.006494243032135194
48.63,0.006989465344350606,0.006254713650211796,0.02513498530260572,-0.1537997123246122,0.006637929026726275
48.64,0.006779794854576858,0.006264527081133398,0.0195660679600157,-0.149918472103153,0.006438981349556339
48.65,0.006240824085493408,0.005933961626798101,0.01372092798225122,-0.1456760444342113,0.005911102348894748
48.66,0.005388573573049612,0.005277216818698527,0.007642501499781018,-0.1410837107199883,0.005070259782774811
48.67,0.004241173453441436,0.004310749738129727,0.001375326709251334,-0.1361542569824873,0.00393452800721672
48.68,0.002818692152452959,0.003053114632350584,-0.005034785266339215,-0.1309019844947528,0.002523916944116023
48.69,0.001142954590371113,0.001524790348288674,-0.01154108875673565,-0.1253427082939984,0.0008601906030841211
48.7,-0.0007626483015951706,-0.0002520026406215292,-0.01809624709112612,-0.1194937423371066,-0.001033323047917589
48.71,-0.002873357672012133,-0.002253493825795816,-0.024652677316923,-0.1133738703753996,-0.003131929069983275
48.72,-0.005163251305094902,-0.004454561090557807,-0.03116289222496499,-0.1070033019373929,-0.005409767628179185
48.73,-0.007605441533361536,-0.006828934212034288,-0.03757983599679948,-0.1004036130996036,-0.007840019425656986
48.74,-0.01017228781861054,-0.009349401715275041,-0.04385721005138282,-0.09359767198627178,-0.01039511282827865
48.75,-0.01283560533939063,-0.01198801941234384,-0.04994978605076045,-0.08660954916492469,-0.013046931086164
48.76,-0.01556687119667663,-0.01471631903160725,-0.05581370354598153,-0.07946441329808168,-0.01576701814665388
48.77,-0.01833742782065574,-0.01750551542942663,-0.06140675037936522,-0.07218841257929803,-0.0185267816517955
48.78,-0.02111868227515528,-0.02032671097461031,-0.06668862463517777,-0.0648085426349575,-0.02129769181989399
48.79,-0.02388230026721584,-0.02315109580199148,-0.07162117755351211,-0.05735250172420836,-0.02405147502245797
48.8,-0.02660039378298484,-0.02595014274251395,-0.07616863730307,-0.04984853423043123,-0.02676030098224452
48.81,-0.02924570225203173,-0.02869579585084253,-0.08029781378056772,-0.04232526361835703,-0.02939696263269753
48.82,-0.03179176446438584,-0.03136065156537554,-0.08397828463155382,-0.03481151623737977,-0.03193504779152273
48.83,-0.03421307824843497,-0.03391813164743646,-0.0871825624802185,-0.02733613758438824,-0.03434910190938989
48.84,-0.03648525719146774,-0.03634264715394803,-0.08988624299369902,-0.01992780289377538,-0.03661478125697759
48.85,-0.03858517415856062,-0.03860975279911538,-0.09206813303643269,-0.01261482418769627,-0.03870899600832861
48.86,-0.04049109406691143,-0.04069629115406592,-0.0937103579592285,-0.005424956181065144,-0.0406100427646589
48.87,-0.04218279570477566,-0.04258052621818376,-0.09479844712109614,0.001614796325409118,-0.04229772613965543
48.88,-0.0436416822786533,-0.04424226597157677,-0.0953213970452948,0.008478366734717691,-0.04375346909454647
48.89,-0.04485088042994944,-0.04566297358490434,-0.0952717120433485,0.0151408076625883,-0.04496041176903476
48.9,-0.04579532751111173,-0.04682586702054586,-0.09464542255090858,0.02157846164958632,-0.04590349860291798
48.91,-0.04646184799271686,-0.04771600680832666,-0.09344208170973256,0.0277691185999478,-0.04656955358378789
48.92,-0.04683921548029978,-0.04832037182007032,-0.09166474089047216,0.0336921571125966,-0.04694734348979335
48.93,-0.04691820269868763,-0.04862792290116513,-0.08931990493579556,0.03932866711505162,-0.04702762902447322
48.94,-0.04669162203866388,-0.04862965424510074,-0.08641746798015576,0.04466155155458601,-0.04680320376486741
48.95,-0.04615435214603353,-0.04831863242033108,-0.08297063081273198,0.04967560533146231,-0.04626892086618395
48.96,-0.04530335219694932,-0.04769002297944414,-0.07899580089670222,0.05435757015880027,-0.04542170748832758
48.97,-0.04413766385010644,-0.04674110460097736,-0.07451247631539315,0.05869616458040755,-0.04426056693326158
48.98,-0.04265840088952134,-0.04547127073648866,-0.06954311504738248,0.06268208894651495,-0.04278656850948276
48.99,-0.04086872660462348,-0.04388201876248871,-0.06411299104598256,0.06630800571163475,-0.04100282517237408
49,-0.03877381904502386,-0.04197692667078601,-0.05825003859364553,0.069568495953587,-0.03891445902832058
49.01,-0.03638082612132045,-0.03976161737343104,-0.05198468631535696,0.07245999349625731,-0.03652855483739503
49.02,-0.03369880339456285,-0.03724371075046207,-0.04534968207995116,0.07498069843366162,-0.03385410170487468
49.03,-0.0307386440544524,-0.03443276363002024,-0.03837990982059758,0.0771304721880387,-0.03090192321623986
49.04,-0.027512998645854,-0.03134019796011656,-0.03111219909920909,0.0789107164850758,-0.027684596343587
49.05,-0.02403618268355789,-0.02797921750871357,-0.02358512805817814,0.08032423879604911,-0.02421635953310808
49.06,-0.02032407392501762,-0.02436471351245084,-0.01583882027443939,0.08137510688647887,-0.02051301047242921
49.07,-0.01639399989506577,-0.02051315978393642,-0.007914735970001863,0.08206849513489911,-0.01659179413198303
49.08,-0.01226461635706166,-0.01644249788193408,0.0001445419621352584,0.08241052525773429,-0.0124712817742671
49.09,-0.0079557775279055,-0.0121720130473939,0.008295526605631653,0.08240810401278076,-0.008171241726979417
49.1,-0.003488399373507611,-0.007722201709835119,0.0164940497589452,0.08206876036996696,-0.003712502817962759
49.11,0.001115681245491576,-0.0031146314710222,0.02469548811416522,0.08140048454807586,0.0008831885306166964
49.12,0.005833862350585611,0.001628205425998286,0.03285499217712751,0.0804115712308891,0.005593316457384923
49.13,0.01064292674799506,0.006483044037690677,0.04092771719306365,0.07911046920293108,0.01039474788860806
49.14,0.01551919656688655,0.01142600287689882,0.04886905530644192,0.07750563958578582,0.0152638875840484
49.15,0.02043869035993883,0.01643274301355718,0.05663486813934215,0.07560542480787719,0.02017683468710496
49.16,0.02537728034909139,0.02147862878273499,0.06418171892056346,0.07341793039581568,0.02510953941842398
49.17,0.0303108484249198,0.02653888871522392,0.07146710324457545,0.07095092162185535,0.03003795852368535
49.18,0.03521543949819725,0.03158877527636988,0.07844967748745546,0.06821173696469612,0.03493820807738185
49.19,0.04006741081332693,0.03660372198898243,0.08508948384423365,0.06520722022371411,0.03978671225613611
49.2,0.0448435745451678,0.04155949652729884,0.09134817085333408,0.06194367295442732,0.04456034672840686
49.21,0.04952133392497152,0.04643234840131438,0.09718920811101134,0.05842682865295962,0.04923657536254039
49.22,0.05407882050871175,0.05119914990461033,0.1025780936347665,0.05466184980169031,0.05379357903167503
49.23,0.05849500902711161,0.05583752907355466,0.1074825520152193,0.05065334849476966,0.05821037539147395
49.24,0.0627498270000926,0.06032599350123791,0.1118727211364993,0.04640543089507887,0.06246692862351688
49.25,0.06682425393578208,0.06464404396441942,0.1157213249142001,0.04192176524379643,0.06654424827182359
49.26,0.07070040888023457,0.0687722769548591,0.1190038292953333,0.03720567256562729,0.0704244764502282
49.27,0.07436162575316209,0.07269247535575424,0.1216985787976984,0.03226023860628435,0.07409096286140759
49.28,0.07779251607789706,0.07638768666728013,0.1237869112306909,0.02708844492555118,0.07752832724172087
49.29,0.08097901889382188,0.07984228835943608,0.1252532489709369,0.02169331647104866,0.08072250902619332
49.3,0.08390843577209196,0.08304204011258648,0.126085166206275,0.01607808239550912,0.08366080421179789
49.31,0.08656945755538778,0.08597412289247619,0.1262734327508051,0.01024634637331012,0.08633188958137461
49.32,0.08895218020658625,0.08862716499356144,0.1258120361401587,0.00420226223703779,0.0887258346313447
49.33,0.09104810029049243,0.09099125536858821,0.1246981844980437,-0.002049289592432169,0.09083410172083317
49.34,0.09285010397596875,0.09305794473985129,0.1229322929479897,-0.00850252965426701,0.0926495351243487
49.35,0.0943524457969617,0.0948202351555375,0.1205179560819354,-0.01515061587591449,0.09416633982203498
49.36,0.09555071807351825,0.0962725588097384,0.1174619082963255,-0.02198549378220949,0.09538005099769886
49.37,0.09644181207502345,0.09741074708479153,0.1137739728928919,-0.02899776524162823,0.0962874953329077
49.38,0.09702387210661555,0.09823199089675594,0.1094669999856124,-0.03617658020358416,0.09688674528339841
49.39,0.09729624376448123,0.09873479352688219,0.1045567926750455,-0.04350955541004081,0.09717706759992917
49.4,0.09725941655854382,0.09891891720199875,0.09906202074274523,-0.05098272342050303,0.09715886740820623
49.41,0.09691496750059393,0.09878532474301543,0.09300412124106605,-0.05858051447500229,0.09683362919064892
49.42,0.09626549879384695,0.0983361176324945,0.0864071856742184,-0.06628577275007408,0.09620385601602088
49.43,0.09531457465270599,0.0975744718586663,0.07929783383182276,-0.07407980746706327,0.09527300834108893
49.44,0.09406666050500041,0.09650457287480957,0.07170507463504483,-0.08194247813428057,0.09404544366179701
49.45,0.09252706419796983,0.09513155096983517,0.06366015454468077,-0.08985231200198263,0.09252635822081529
49.46,0.09070188031931023,0.09346141827901722,0.05519639417613986,-0.09778665064892367,0.09072173188432792
49.47,0.08859793863091804,0.09150100857454613,0.04634901381943479,-0.1057218215721624,0.08863827718572315
49.48,0.08622275747964363,0.08925792086465134,0.03715494863689955,-0.1136333297856968,0.08628339339851343
49.49,0.08358450301173781,0.08674046769988064,0.02765265446799769,-0.1214960638055336,0.08366512634802509
49.5,0.08069195601337173,0.08395762893697523,0.01788190544926427,-0.1292845100493858,0.08079213450334821
49.51,0.077554481215409,0.08091901154836822,0.007883585059731801,-0.1369729696280987,0.07767366171066115
49.52,0.07418200603318713,0.07763481589066107,-0.002300527321141665,-0.1445357717500408,0.07431951673911841
49.53,0.07058500668954984,0.07411580866190159,-0.01262797179688169,-0.1519474784747806,0.07074005961463148
49.54,0.06677450045411507,0.07037330258681662,-0.02305582239401011,-0.1591830762957511,0.066946194518129
49.55,0.0627620440075459,0.06641914267267512,-0.03354089752985395,-0.1662181509471475,0.06294936882732866
49.56,0.05855973732310542,0.06226569867864545,-0.04403996354913831,-0.1730290428543755,0.05876157768792023
49.57,0.05418023227490109,0.05792586324243298,-0.05450992862381615,-0.1795929817142584,0.05439537331556099
49.58,0.04963674501118162,0.05341305491607384,-0.0649080246984598,-0.1858881997389098,0.04986387805775544
49.59,0.04494307186214823,0.04874122518479984,-0.07519197565207336,-0.1918940240716464,0.04518080008835351
49.6,0.04011360760995458,0.04392486838372811,-0.08532015043360525,-0.1975909497417334,0.04036045047054204
49.61,0.03516335438979599,0.0389790332900033,-0.0952517006275162,-0.2029606952373445,0.03541776021037146
49.62,0.03010794088887494,0.03391933505438216,-0.1049466827200287,-0.2079862433264021,0.03036829583491962
49.63,0.02496363522445546,0.02876196604810188,-0.1143661662248701,-0.2126518701382631,0.02522827197008776
49.64,0.01974735266077158,0.02352370414030069,-0.123472329695488,-0.216943165740996,0.02001455936478386
49.65,0.01447665725826125,0.01822191689050934,-0.132228547368837,-0.2208470495212634,0.01474468681296048
49.66,0.009169755954204292,0.01287456014191646,-0.1405994696262267,-0.2243517836125737,0.009436835463460358
49.67,0.003845483646884002,0.007500169535769596,-0.1485511005367092,-0.2274469874396567,0.004109824080655633
49.68,-0.001476722037418664,0.002117843535950015,-0.1560508754591637,-0.2301236561674636,-0.001216916073708163
49.69,-0.006776855687069809,-0.003252783344596666,-0.1630677410868658,-0.2323741854755546,-0.006523377926367147
49.7,-0.01203439468196684,-0.008591578288188018,-0.1695722395415444,-0.2341924046320764,-0.01178902786228403
49.71,-0.01722836703097749,-0.01387795989345642,-0.1755365972955563,-0.2355736193227442,-0.01699286839240893
49.72,-0.02233742250486384,-0.01909096068355898,-0.1809348189314606,-0.2365146651041427,-0.0221135148051832
49.73,-0.02733992312906849,-0.02420930299093688,-0.1857427851045687,-0.2370139717016853,-0.02712928613625493
49.74,-0.0322140481826225,-0.02921148856466127,-0.1899383535736582,-0.2370716376662444,-0.03201831052158743
49.75,-0.03693791331606341,-0.03407590198443433,-0.1935014617904812,-0.2366895141489727,-0.03675864471628237
49.76,-0.04148970327528529,-0.03878092768908625,-0.1964142292592014,-0.2358712957652415,-0.04132840727054243
49.77,-0.04584781742614983,-0.04330508014155376,-0.1986610576720853,-0.2346226157171767,-0.04570592456092343
49.78,-0.0499910269861963,-0.0476271463627479,-0.2002287267018618,-0.2329511415605591,-0.04986988858504188
49.79,-0.05389864156490121,-0.05172633977906749,-0.2011064833098412,-0.2308666672763243,-0.05379952514730379
49.8,-0.05755068838670133,-0.05558246404960843,-0.2012861225383021,-0.2283811966912287,-0.05747477079757202
49.81,-0.06092809453614402,-0.05917608527514739,-0.200762057994574,-0.2255090128476141,-0.06087645663979735
49.82,-0.06401287273697882,-0.06248871074793055,-0.1995313805623584,-0.2222667277155154,-0.06398649690850317
49.83,-0.06678831175186736,-0.06550297218439327,-0.1975939042370659,-0.2186733067369579,-0.06678808002249126
49.84,-0.06923916680998486,-0.0682028111964304,-0.1949521983500835,-0.2147500631443067,-0.06926585967131138
49.85,-0.07135184750165199,-0.07057366460472725,-0.1916116058471737,-0.2105206178265025,-0.07140614337423279
49.86,-0.07311460050573815,-0.07260264708286124,-0.1875802477513969,-0.2060108217101977,-0.07319707587639845
49.87,-0.07451768448464936,-0.07427872854583484,-0.182869014437652,-0.2012486391054515,-0.07462881471432398
49.88,-0.07555353460055046,-0.07559290366348581,-0.1774915447627493,-0.1962639921112611,-0.07569369529365144
49.89,-0.07621691643928297,-0.07653835088880878,-0.1714641943244894,-0.1910885678188553,-0.07638638287638327
49.9,-0.07650505805095845,-0.07711057844439928,-0.1648059941443553,-0.1857555915142763,-0.07670400897171037
49.91,-0.07641776692418618,-0.07730755480623053,-0.1575386009207267,-0.1802995702188456,-0.07664628976222276
49.92,-0.0759575287486548,-0.07712982136131619,-0.1496862396919459,-0.1747560116340622,-0.0762156243737877
49.93,-0.07512958324399951,-0.07658058509156757,-0.141275639241489,-0.1691611238779339,-0.07541717100894074
49.94,-0.07394197614987547,-0.07566578934655843,-0.1323359598771001,-0.1635515013933293,-0.07425889920725881
49.95,-0.07240558591251677,-0.07439416100886559,-0.1228987124619189,-0.1579638022054966,-0.07275161676719621
49.96,-0.07053412389829722,-0.07277723262257629,-0.1129976670033217,-0.1524344214415323,-0.07090897015801922
49.97,-0.06834410727810783,-0.07082933834479993,-0.1026687489119677,-0.1469991658013367,-0.06874741756288777
49.98,-0.06585480523970505,-0.06856758288669229,-0.09194992129292923,-0.1416929335311291,-0.06628617402015036
49.99,-0.06308816099062844,-0.06601178293142163,-0.08088105225527331,-0.1365494043791904,-0.06354712846419097
50,-0.06006866695275576,-0.06318438084615857,-0.06950376709011136,-0.131600743946573,-0.06055473280545509
